# WaveFront *.obj file (generated by Autodesk ATF)

mtllib Adapter.mtl

g Solid1

v 0.000000 3.500000 -10.796875
v 24.000000 3.500000 -10.796875
v 24.000000 3.500000 -6.617493
v 23.901614 3.500000 -6.711913
v 23.795978 3.500000 -6.803682
v 23.568270 3.500000 -6.975523
v 23.327503 3.500000 -7.125523
v 23.205543 3.500000 -7.189991
v 23.084285 3.500000 -7.246197
v 22.959389 3.500000 -7.295662
v 22.827964 3.500000 -7.339792
v 22.552503 3.500000 -7.410490
v 22.271862 3.500000 -7.455187
v 22.133961 3.500000 -7.466814
v 22.000000 3.500000 -7.470776
v 0.000000 3.500000 -7.470776
v 24.143431 3.496412 -10.798069
v 24.288400 3.485641 -10.801612
v 24.434230 3.467680 -10.807444
v 24.580249 3.442519 -10.815504
v 24.725779 3.410151 -10.825733
v 24.870147 3.370565 -10.838071
v 25.012676 3.323755 -10.852457
v 25.152693 3.269711 -10.868831
v 25.289574 3.208521 -10.887035
v 25.422853 3.140613 -10.906785
v 25.552092 3.066492 -10.927824
v 25.676852 2.986660 -10.949895
v 25.911185 2.811878 -10.996114
v 26.122347 2.620293 -11.043395
v 26.313832 2.408793 -11.091363
v 26.488314 2.174410 -11.139614
v 26.567947 2.049715 -11.163248
v 26.641852 1.920591 -11.186234
v 26.709535 1.787471 -11.208335
v 26.770504 1.650785 -11.229310
v 26.824349 1.510996 -11.248903
v 26.870992 1.368721 -11.266966
v 26.910440 1.224623 -11.283425
v 26.942700 1.079366 -11.298202
v 26.967779 0.933612 -11.311223
v 26.985684 0.788024 -11.322410
v 26.996422 0.643266 -11.331689
v 27.000000 0.500000 -11.338981
v 27.000000 0.500000 -6.500000
v 26.988584 0.761467 -6.500000
v 26.954423 1.020945 -6.500000
v 26.897777 1.276457 -6.500000
v 26.819078 1.526060 -6.500000
v 26.718923 1.767855 -6.500000
v 26.598076 2.000000 -6.500000
v 26.598076 2.000000 -4.582576
v 26.452840 2.227086 -4.476537
v 26.291473 2.436062 -4.366334
v 26.117542 2.625090 -4.255455
v 25.928903 2.797328 -4.143978
v 25.720724 2.956765 -4.031456
v 25.495090 3.100404 -3.922230
v 25.254122 3.225222 -3.820666
v 25.128550 3.279636 -3.774121
v 25.000000 3.328427 -3.731162
v 25.000000 3.328427 -4.060058
v 24.993285 3.330806 -4.314594
v 24.972045 3.338156 -4.569071
v 24.936402 3.349958 -4.813520
v 24.889811 3.364537 -5.035082
v 24.835056 3.380801 -5.234402
v 24.774912 3.397663 -5.412201
v 24.712154 3.414037 -5.569195
v 24.649557 3.428835 -5.706108
v 24.515935 3.455358 -5.954064
v 24.362565 3.478109 -6.188494
v 24.190302 3.494015 -6.409578
v 24.585271 3.442356 -7.535072
v 24.294051 3.485554 -7.535072
v 24.870610 3.370895 -7.535072
v 25.148050 3.271639 -7.535072
v 25.414190 3.145764 -7.535072
v 25.666711 2.994409 -7.535072
v 25.903180 2.819031 -7.535072
v 26.121816 2.620824 -7.535072
v 26.319031 2.403180 -7.535072
v 26.494409 2.166711 -7.535072
v 26.645764 1.914190 -7.535072
v 26.870953 1.370420 -7.535072
v 26.942356 1.085271 -7.535072
v 26.985554 0.794051 -7.535072
v 26.771639 1.648050 -7.535072
v 27.000000 0.166715 -11.348776
v 27.000000 -0.166715 -11.348776
v 27.000000 -0.500000 -11.338981
v 27.000000 -0.500000 -6.500000
v 24.000000 -3.500000 -10.796875
v 0.000000 -3.500000 -10.796875
v 0.000000 -3.500000 -7.470776
v 22.000000 -3.500000 -7.470776
v 22.133961 -3.500000 -7.466814
v 22.271862 -3.500000 -7.455187
v 22.552503 -3.500000 -7.410490
v 22.827964 -3.500000 -7.339792
v 22.959389 -3.500000 -7.295662
v 23.084285 -3.500000 -7.246197
v 23.205543 -3.500000 -7.189991
v 23.327503 -3.500000 -7.125523
v 23.568270 -3.500000 -6.975523
v 23.795978 -3.500000 -6.803682
v 23.901614 -3.500000 -6.711913
v 24.000000 -3.500000 -6.617493
v 26.996422 -0.643266 -11.331689
v 26.985684 -0.788024 -11.322410
v 26.967779 -0.933612 -11.311223
v 26.942700 -1.079366 -11.298202
v 26.910440 -1.224623 -11.283425
v 26.870992 -1.368721 -11.266966
v 26.824349 -1.510996 -11.248903
v 26.770504 -1.650785 -11.229310
v 26.709535 -1.787471 -11.208335
v 26.641852 -1.920591 -11.186234
v 26.567947 -2.049715 -11.163248
v 26.488314 -2.174410 -11.139614
v 26.313832 -2.408793 -11.091363
v 26.122347 -2.620293 -11.043395
v 25.911185 -2.811878 -10.996114
v 25.676852 -2.986660 -10.949895
v 25.552092 -3.066492 -10.927824
v 25.422853 -3.140613 -10.906785
v 25.289574 -3.208521 -10.887035
v 25.152693 -3.269711 -10.868831
v 25.012676 -3.323755 -10.852457
v 24.870147 -3.370565 -10.838071
v 24.725779 -3.410151 -10.825733
v 24.580249 -3.442519 -10.815504
v 24.434230 -3.467680 -10.807444
v 24.288400 -3.485641 -10.801612
v 24.143431 -3.496412 -10.798069
v 24.189947 -3.493959 -6.410010
v 24.363683 -3.477836 -6.186960
v 24.519654 -3.454626 -5.947827
v 24.656308 -3.427328 -5.692095
v 24.717224 -3.412979 -5.557144
v 24.776989 -3.397342 -5.406649
v 24.834693 -3.380996 -5.236256
v 24.887700 -3.365073 -5.044900
v 24.933372 -3.350707 -4.831518
v 24.969074 -3.339033 -4.595047
v 24.992169 -3.331183 -4.334423
v 25.000000 -3.328427 -4.060058
v 25.000000 -3.328427 -3.731162
v 25.128550 -3.279636 -3.774121
v 25.254122 -3.225222 -3.820666
v 25.495090 -3.100404 -3.922230
v 25.720724 -2.956765 -4.031456
v 25.928903 -2.797328 -4.143978
v 26.117542 -2.625090 -4.255455
v 26.291473 -2.436062 -4.366334
v 26.452840 -2.227086 -4.476537
v 26.598076 -2.000000 -4.582576
v 26.598076 -2.000000 -6.500000
v 26.718923 -1.767855 -6.500000
v 26.819078 -1.526060 -6.500000
v 26.897777 -1.276457 -6.500000
v 26.954423 -1.020945 -6.500000
v 26.988584 -0.761467 -6.500000
v 26.942356 -1.085271 -7.535072
v 26.985554 -0.794051 -7.535072
v 26.870953 -1.370420 -7.535072
v 26.494409 -2.166711 -7.535072
v 26.645764 -1.914190 -7.535072
v 26.319031 -2.403180 -7.535072
v 26.121816 -2.620824 -7.535072
v 25.903180 -2.819031 -7.535072
v 25.666711 -2.994409 -7.535072
v 25.414190 -3.145764 -7.535072
v 25.148050 -3.271639 -7.535072
v 24.870610 -3.370895 -7.535072
v 24.585271 -3.442356 -7.535072
v 24.294051 -3.485554 -7.535072
v 26.771639 -1.648050 -7.535072
v 45.000000 11.350000 0.000000
v 45.000000 11.335664 -0.570273
v 45.000000 11.292694 -1.139105
v 45.000000 11.221197 -1.705060
v 45.000000 11.121355 -2.266708
v 45.000000 10.993419 -2.822630
v 45.000000 10.837713 -3.371422
v 45.000000 10.654629 -3.911697
v 45.000000 10.444631 -4.442091
v 45.000000 10.208250 -4.961264
v 45.000000 9.946081 -5.467904
v 45.000000 9.658787 -5.960732
v 45.000000 9.347095 -6.438503
v 45.000000 9.011791 -6.900009
v 45.000000 8.653722 -7.344085
v 45.000000 8.273794 -7.769610
v 45.000000 7.872965 -8.175507
v 45.000000 7.452248 -8.560753
v 45.000000 7.012707 -8.924374
v 45.000000 6.555450 -9.265450
v 45.000000 6.081634 -9.583122
v 45.000000 5.592455 -9.876586
v 45.000000 5.089150 -10.145100
v 45.000000 4.572988 -10.387987
v 45.000000 4.045275 -10.604633
v 45.000000 3.507343 -10.794491
v 45.000000 2.960551 -10.957082
v 45.000000 2.406281 -11.091993
v 45.000000 1.845932 -11.198885
v 45.000000 1.280920 -11.277488
v 45.000000 0.712672 -11.327603
v 45.000000 0.142625 -11.349104
v 45.000000 -0.427784 -11.341936
v 45.000000 -0.997111 -11.306116
v 45.000000 -1.563920 -11.241737
v 45.000000 -2.126778 -11.148960
v 45.000000 -2.684264 -11.028020
v 45.000000 -3.234969 -10.879222
v 45.000000 -3.777502 -10.702943
v 45.000000 -4.310493 -10.499626
v 45.000000 -4.832595 -10.269787
v 45.000000 -5.342490 -10.014005
v 45.000000 -5.838889 -9.732928
v 45.000000 -6.320538 -9.427263
v 45.000000 -6.786222 -9.097785
v 45.000000 -7.234762 -8.745325
v 45.000000 -7.665027 -8.370774
v 45.000000 -8.075930 -7.975077
v 45.000000 -8.466432 -7.559235
v 45.000000 -8.835547 -7.124297
v 45.000000 -9.182343 -6.671363
v 45.000000 -9.505943 -6.201576
v 45.000000 -9.805531 -5.716123
v 45.000000 -10.080349 -5.216231
v 45.000000 -10.329703 -4.703163
v 45.000000 -10.552963 -4.178214
v 45.000000 -10.749566 -3.642710
v 45.000000 -10.919014 -3.098004
v 45.000000 -11.060880 -2.545473
v 45.000000 -11.174805 -1.986512
v 45.000000 -11.260502 -1.422532
v 45.000000 -11.317754 -0.854959
v 45.000000 -11.346416 -0.285227
v 45.000000 -11.346416 0.285227
v 45.000000 -11.317754 0.854959
v 45.000000 -11.260502 1.422532
v 45.000000 -11.174805 1.986512
v 45.000000 -11.060880 2.545473
v 45.000000 -10.919014 3.098004
v 45.000000 -10.749566 3.642710
v 45.000000 -10.552963 4.178214
v 45.000000 -10.329703 4.703163
v 45.000000 -10.080349 5.216231
v 45.000000 -9.805531 5.716123
v 45.000000 -9.505943 6.201576
v 45.000000 -9.182343 6.671363
v 45.000000 -8.835547 7.124297
v 45.000000 -8.466432 7.559235
v 45.000000 -8.075930 7.975077
v 45.000000 -7.665027 8.370774
v 45.000000 -7.234762 8.745325
v 45.000000 -6.786222 9.097785
v 45.000000 -6.320538 9.427263
v 45.000000 -5.838889 9.732928
v 45.000000 -5.342490 10.014005
v 45.000000 -4.832595 10.269787
v 45.000000 -4.310493 10.499626
v 45.000000 -3.777502 10.702943
v 45.000000 -3.234969 10.879222
v 45.000000 -2.684264 11.028020
v 45.000000 -2.126778 11.148960
v 45.000000 -1.563920 11.241737
v 45.000000 -0.997111 11.306116
v 45.000000 -0.427784 11.341936
v 45.000000 0.142625 11.349104
v 45.000000 0.712672 11.327603
v 45.000000 1.280920 11.277488
v 45.000000 1.845932 11.198885
v 45.000000 2.406281 11.091993
v 45.000000 2.960551 10.957082
v 45.000000 3.507343 10.794491
v 45.000000 4.045275 10.604633
v 45.000000 4.572988 10.387987
v 45.000000 5.089150 10.145100
v 45.000000 5.592455 9.876586
v 45.000000 6.081634 9.583122
v 45.000000 6.555450 9.265450
v 45.000000 7.012707 8.924374
v 45.000000 7.452248 8.560753
v 45.000000 7.872965 8.175507
v 45.000000 8.273794 7.769610
v 45.000000 8.653722 7.344085
v 45.000000 9.011791 6.900009
v 45.000000 9.347095 6.438503
v 45.000000 9.658787 5.960732
v 45.000000 9.946081 5.467904
v 45.000000 10.208250 4.961264
v 45.000000 10.444631 4.442091
v 45.000000 10.654629 3.911697
v 45.000000 10.837713 3.371422
v 45.000000 10.993419 2.822630
v 45.000000 11.121355 2.266708
v 45.000000 11.221197 1.705060
v 45.000000 11.292694 1.139105
v 45.000000 11.335664 0.570273
v 0.000000 4.038124 -10.607358
v 0.000000 4.566046 -10.391041
v 0.000000 5.082430 -10.148468
v 0.000000 5.585973 -9.880254
v 0.000000 6.075401 -9.587075
v 0.000000 6.549479 -9.269672
v 0.000000 7.007009 -8.928848
v 0.000000 7.446834 -8.565464
v 0.000000 7.867843 -8.180437
v 0.000000 8.268972 -7.774741
v 0.000000 8.649209 -7.349401
v 0.000000 9.007591 -6.905491
v 0.000000 9.343214 -6.444132
v 0.000000 9.655230 -5.966492
v 0.000000 9.942850 -5.473776
v 0.000000 10.205348 -4.967230
v 0.000000 10.442060 -4.448133
v 0.000000 10.652388 -3.917797
v 0.000000 10.835801 -3.377562
v 0.000000 10.991835 -2.828793
v 0.000000 11.120096 -2.272876
v 0.000000 11.220260 -1.711216
v 0.000000 11.292074 -1.145233
v 0.000000 11.335357 -0.576356
v 0.000000 11.349998 -0.006023
v 0.000000 11.335962 0.564325
v 0.000000 11.293283 1.133247
v 0.000000 11.222070 1.699306
v 0.000000 11.122502 2.261072
v 0.000000 10.994831 2.817124
v 0.000000 10.839379 3.366059
v 0.000000 10.656540 3.906488
v 0.000000 10.446775 4.437047
v 0.000000 10.210614 4.956395
v 0.000000 9.948655 5.463220
v 0.000000 9.661558 5.956241
v 0.000000 9.350049 6.434212
v 0.000000 9.014916 6.895926
v 0.000000 8.657004 7.340216
v 0.000000 8.277220 7.765960
v 0.000000 7.876521 8.172082
v 0.000000 7.455921 8.557555
v 0.000000 7.016482 8.921406
v 0.000000 6.559314 9.262715
v 0.000000 6.085573 9.580621
v 0.000000 5.596456 9.874319
v 0.000000 5.093199 10.143068
v 0.000000 4.577072 10.386189
v 0.000000 4.049381 10.603066
v 0.000000 3.511458 10.793154
v 0.000000 2.964662 10.955970
v 0.000000 2.410376 11.091104
v 0.000000 1.850000 11.198214
v 0.176855 1.841243 11.199690
v 0.356104 1.814894 11.204015
v 0.534435 1.770833 11.211039
v 0.708532 1.708942 11.220607
v 0.875273 1.629534 11.232399
v 1.032264 1.534634 11.245742
v 1.177291 1.426693 11.259956
v 1.308136 1.308160 11.274361
v 1.426672 1.177316 11.288745
v 1.534618 1.032289 11.302904
v 1.629522 0.875294 11.316166
v 1.708935 0.708548 11.327862
v 1.770830 0.534445 11.337333
v 1.814893 0.356109 11.344275
v 1.841243 0.176856 11.348545
v 1.850000 -0.000000 11.350000
v 1.841243 -0.176856 11.348545
v 1.814893 -0.356109 11.344275
v 1.770830 -0.534445 11.337333
v 1.708935 -0.708548 11.327862
v 1.629522 -0.875294 11.316166
v 1.534618 -1.032289 11.302904
v 1.426672 -1.177316 11.288745
v 1.308136 -1.308160 11.274361
v 1.177291 -1.426693 11.259956
v 1.032264 -1.534634 11.245742
v 0.875273 -1.629534 11.232399
v 0.708532 -1.708942 11.220607
v 0.534435 -1.770833 11.211039
v 0.356104 -1.814894 11.204015
v 0.176855 -1.841243 11.199690
v 0.000000 -1.850000 11.198214
v 0.000000 -2.410376 11.091104
v 0.000000 -2.964662 10.955970
v 0.000000 -3.511458 10.793154
v 0.000000 -4.049381 10.603066
v 0.000000 -4.577072 10.386189
v 0.000000 -5.093199 10.143068
v 0.000000 -5.596456 9.874319
v 0.000000 -6.085573 9.580621
v 0.000000 -6.559314 9.262715
v 0.000000 -7.016482 8.921406
v 0.000000 -7.455921 8.557555
v 0.000000 -7.876521 8.172082
v 0.000000 -8.277220 7.765960
v 0.000000 -8.657004 7.340216
v 0.000000 -9.014916 6.895926
v 0.000000 -9.350049 6.434212
v 0.000000 -9.661558 5.956241
v 0.000000 -9.948655 5.463220
v 0.000000 -10.210614 4.956395
v 0.000000 -10.446775 4.437047
v 0.000000 -10.656540 3.906488
v 0.000000 -10.839379 3.366059
v 0.000000 -10.994831 2.817124
v 0.000000 -11.122502 2.261072
v 0.000000 -11.222070 1.699306
v 0.000000 -11.293283 1.133247
v 0.000000 -11.335962 0.564325
v 0.000000 -11.349998 -0.006023
v 0.000000 -11.335357 -0.576356
v 0.000000 -11.292074 -1.145233
v 0.000000 -11.220260 -1.711216
v 0.000000 -11.120096 -2.272876
v 0.000000 -10.991835 -2.828793
v 0.000000 -10.835801 -3.377562
v 0.000000 -10.652388 -3.917797
v 0.000000 -10.442060 -4.448133
v 0.000000 -10.205348 -4.967230
v 0.000000 -9.942850 -5.473776
v 0.000000 -9.655230 -5.966492
v 0.000000 -9.343214 -6.444132
v 0.000000 -9.007591 -6.905491
v 0.000000 -8.649209 -7.349401
v 0.000000 -8.268972 -7.774741
v 0.000000 -7.867843 -8.180437
v 0.000000 -7.446834 -8.565464
v 0.000000 -7.007009 -8.928848
v 0.000000 -6.549479 -9.269672
v 0.000000 -6.075401 -9.587075
v 0.000000 -5.585973 -9.880254
v 0.000000 -5.082430 -10.148468
v 0.000000 -4.566046 -10.391041
v 0.000000 -4.038124 -10.607358
v 33.750000 -11.350000 -0.000000
v 22.500000 -11.350000 -0.000000
v 11.250000 -11.350000 0.000000
v 33.750000 11.346416 -0.285227
v 22.500000 11.346416 -0.285227
v 11.250000 11.346416 -0.285227
v 11.250000 11.346416 0.285227
v 22.500000 11.346416 0.285227
v 33.750000 11.346416 0.285227
v 33.750000 11.317754 -0.854959
v 22.500000 11.317754 -0.854959
v 11.250000 11.317754 -0.854959
v 33.750000 11.260502 -1.422532
v 22.500000 11.260502 -1.422532
v 11.250000 11.260502 -1.422532
v 33.750000 11.174805 -1.986512
v 22.500000 11.174805 -1.986512
v 11.250000 11.174805 -1.986512
v 33.750000 11.060880 -2.545473
v 22.500000 11.060880 -2.545473
v 11.250000 11.060880 -2.545473
v 33.750000 10.919014 -3.098004
v 22.500000 10.919014 -3.098004
v 11.250000 10.919014 -3.098004
v 33.750000 10.749566 -3.642710
v 22.500000 10.749566 -3.642710
v 11.250000 10.749566 -3.642710
v 33.750000 10.552963 -4.178214
v 22.500000 10.552963 -4.178214
v 11.250000 10.552963 -4.178214
v 33.750000 10.329703 -4.703163
v 22.500000 10.329703 -4.703163
v 11.250000 10.329703 -4.703163
v 33.750000 10.080349 -5.216231
v 22.500000 10.080349 -5.216231
v 11.250000 10.080349 -5.216231
v 33.750000 9.805531 -5.716123
v 22.500000 9.805531 -5.716123
v 11.250000 9.805531 -5.716123
v 33.750000 9.505943 -6.201576
v 22.500000 9.505943 -6.201576
v 11.250000 9.505943 -6.201576
v 33.750000 9.182343 -6.671363
v 22.500000 9.182343 -6.671363
v 11.250000 9.182343 -6.671363
v 33.750000 8.835547 -7.124297
v 22.500000 8.835547 -7.124297
v 11.250000 8.835547 -7.124297
v 33.750000 8.466432 -7.559235
v 22.500000 8.466432 -7.559235
v 11.250000 8.466432 -7.559235
v 33.750000 8.075930 -7.975077
v 22.500000 8.075930 -7.975077
v 11.250000 8.075930 -7.975077
v 33.750000 7.665027 -8.370774
v 22.500000 7.665027 -8.370774
v 11.250000 7.665027 -8.370774
v 33.750000 7.234762 -8.745325
v 22.500000 7.234762 -8.745325
v 11.250000 7.234762 -8.745325
v 33.750000 6.786222 -9.097785
v 22.500000 6.786222 -9.097785
v 11.250000 6.786222 -9.097785
v 33.750000 6.320538 -9.427263
v 22.500000 6.320538 -9.427263
v 11.250000 6.320538 -9.427263
v 33.750000 5.838889 -9.732928
v 22.500000 5.838889 -9.732928
v 11.250000 5.838889 -9.732928
v 33.750000 5.342490 -10.014005
v 22.500000 5.342490 -10.014005
v 11.250000 5.342490 -10.014005
v 33.750000 4.832595 -10.269787
v 22.500000 4.832595 -10.269787
v 11.250000 4.832595 -10.269787
v 33.750000 4.310493 -10.499626
v 22.500000 4.310493 -10.499626
v 11.250000 4.310493 -10.499626
v 33.750000 3.777502 -10.702943
v 22.500000 3.777502 -10.702943
v 11.250000 3.777502 -10.702943
v 33.750000 3.234969 -10.879222
v 33.750000 2.684264 -11.028020
v 33.750000 2.126778 -11.148960
v 33.750000 1.563920 -11.241737
v 33.750000 0.997111 -11.306116
v 33.750000 0.427784 -11.341936
v 33.750000 -0.142625 -11.349104
v 33.750000 -0.712672 -11.327603
v 33.750000 -1.280920 -11.277488
v 33.750000 -1.845932 -11.198885
v 33.750000 -2.407804 -11.091663
v 33.750000 -2.960551 -10.957082
v 33.750000 -3.507343 -10.794491
v 22.500000 -3.507343 -10.794491
v 11.250000 -3.507343 -10.794491
v 33.750000 -4.045275 -10.604633
v 22.500000 -4.045275 -10.604633
v 11.250000 -4.045275 -10.604633
v 33.750000 -4.572988 -10.387987
v 22.500000 -4.572988 -10.387987
v 11.250000 -4.572988 -10.387987
v 33.750000 -5.089150 -10.145100
v 22.500000 -5.089150 -10.145100
v 11.250000 -5.089150 -10.145100
v 33.750000 -5.592455 -9.876586
v 22.500000 -5.592455 -9.876586
v 11.250000 -5.592455 -9.876586
v 33.750000 -6.081634 -9.583122
v 22.500000 -6.081634 -9.583122
v 11.250000 -6.081634 -9.583122
v 33.750000 -6.555450 -9.265450
v 22.500000 -6.555450 -9.265450
v 11.250000 -6.555450 -9.265450
v 33.750000 -7.012707 -8.924374
v 22.500000 -7.012707 -8.924374
v 11.250000 -7.012707 -8.924374
v 33.750000 -7.452248 -8.560753
v 22.500000 -7.452248 -8.560753
v 11.250000 -7.452248 -8.560753
v 33.750000 -7.872965 -8.175507
v 22.500000 -7.872965 -8.175507
v 11.250000 -7.872965 -8.175507
v 33.750000 -8.273794 -7.769610
v 22.500000 -8.273794 -7.769610
v 11.250000 -8.273794 -7.769610
v 33.750000 -8.653722 -7.344085
v 22.500000 -8.653722 -7.344085
v 11.250000 -8.653722 -7.344085
v 33.750000 -9.011791 -6.900009
v 22.500000 -9.011791 -6.900009
v 11.250000 -9.011791 -6.900009
v 33.750000 -9.347095 -6.438503
v 22.500000 -9.347095 -6.438503
v 11.250000 -9.347095 -6.438503
v 33.750000 -9.658787 -5.960732
v 22.500000 -9.658787 -5.960732
v 11.250000 -9.658787 -5.960732
v 33.750000 -9.946081 -5.467904
v 22.500000 -9.946081 -5.467904
v 11.250000 -9.946081 -5.467904
v 33.750000 -10.208250 -4.961264
v 22.500000 -10.208250 -4.961264
v 11.250000 -10.208250 -4.961264
v 33.750000 -10.444631 -4.442091
v 22.500000 -10.444631 -4.442091
v 11.250000 -10.444631 -4.442091
v 33.750000 -10.654629 -3.911697
v 22.500000 -10.654629 -3.911697
v 11.250000 -10.654629 -3.911697
v 33.750000 -10.837713 -3.371422
v 22.500000 -10.837713 -3.371422
v 11.250000 -10.837713 -3.371422
v 33.750000 -10.993419 -2.822630
v 22.500000 -10.993419 -2.822630
v 11.250000 -10.993419 -2.822630
v 33.750000 -11.121355 -2.266708
v 22.500000 -11.121355 -2.266708
v 11.250000 -11.121355 -2.266708
v 33.750000 -11.221197 -1.705060
v 22.500000 -11.221197 -1.705060
v 11.250000 -11.221197 -1.705060
v 33.750000 -11.292694 -1.139105
v 22.500000 -11.292694 -1.139105
v 11.250000 -11.292694 -1.139105
v 33.750000 -11.335664 -0.570273
v 22.500000 -11.335664 -0.570273
v 11.250000 -11.335664 -0.570273
v 33.750000 -11.335664 0.570273
v 22.500000 -11.335664 0.570273
v 11.250000 -11.335664 0.570273
v 33.750000 -11.292694 1.139105
v 22.500000 -11.292694 1.139105
v 11.250000 -11.292694 1.139105
v 33.750000 -11.221197 1.705060
v 22.500000 -11.221197 1.705060
v 11.250000 -11.221197 1.705060
v 33.750000 -11.121355 2.266708
v 22.500000 -11.121355 2.266708
v 11.250000 -11.121355 2.266708
v 33.750000 -10.993772 2.821254
v 22.500000 -10.994125 2.819877
v 11.250000 -10.994478 2.818501
v 33.750000 -10.838130 3.370081
v 22.500000 -10.838546 3.368741
v 11.250000 -10.838963 3.367400
v 33.750000 -10.655107 3.910395
v 22.500000 -10.655585 3.909093
v 11.250000 -10.656063 3.907791
v 33.750000 -10.445168 4.440830
v 22.500000 -10.445704 4.439569
v 11.250000 -10.446239 4.438308
v 33.750000 -10.208841 4.960047
v 22.500000 -10.209432 4.958830
v 11.250000 -10.210023 4.957613
v 33.750000 -9.946724 5.466733
v 22.500000 -9.947368 5.465562
v 11.250000 -9.948011 5.464391
v 33.750000 -9.659480 5.959609
v 22.500000 -9.660173 5.958487
v 11.250000 -9.660865 5.957364
v 33.750000 -9.347834 6.437430
v 22.500000 -9.348572 6.436358
v 11.250000 -9.349311 6.435285
v 33.750000 -9.012572 6.898988
v 22.500000 -9.013354 6.897968
v 11.250000 -9.014135 6.896947
v 33.750000 -8.654543 7.343118
v 22.500000 -8.655364 7.342151
v 11.250000 -8.656184 7.341184
v 33.750000 -8.274650 7.768697
v 22.500000 -8.275507 7.767785
v 11.250000 -8.276363 7.766873
v 33.750000 -7.873854 8.174651
v 22.500000 -7.874743 8.173795
v 11.250000 -7.875632 8.172938
v 33.750000 -7.453167 8.559954
v 22.500000 -7.454085 8.559154
v 11.250000 -7.455003 8.558355
v 33.750000 -7.013650 8.923632
v 22.500000 -7.014594 8.922890
v 11.250000 -7.015538 8.922148
v 33.750000 -6.556416 9.264767
v 22.500000 -6.557382 9.264083
v 11.250000 -6.558348 9.263399
v 33.750000 -6.082619 9.582497
v 22.500000 -6.083604 9.581872
v 11.250000 -6.084589 9.581246
v 33.750000 -5.593456 9.876019
v 22.500000 -5.594456 9.875453
v 11.250000 -5.595456 9.874886
v 33.750000 -5.090162 10.144592
v 22.500000 -5.091174 10.144084
v 11.250000 -5.092186 10.143576
v 33.750000 -4.574009 10.387538
v 22.500000 -4.575030 10.387088
v 11.250000 -4.576051 10.386638
v 33.750000 -4.046301 10.604242
v 22.500000 -4.047328 10.603850
v 11.250000 -4.048354 10.603458
v 33.750000 -3.508372 10.794157
v 22.500000 -3.509400 10.793823
v 11.250000 -3.510429 10.793488
v 33.750000 -2.961579 10.956804
v 22.500000 -2.962607 10.956526
v 11.250000 -2.963635 10.956248
v 33.750000 -2.407305 11.091771
v 22.500000 -2.408329 11.091549
v 11.250000 -2.409352 11.091326
v 33.750000 -1.844754 11.199080
v 22.500000 -1.843576 11.199274
v 11.250000 -1.842398 11.199467
v 33.750000 -1.280920 11.277488
v 22.500000 -1.280920 11.277488
v 11.250000 -1.280920 11.277488
v 33.750000 -0.711601 11.327671
v 22.500000 -0.710529 11.327738
v 11.250000 -0.709457 11.327805
v 33.750000 -0.142625 11.349104
v 22.500000 -0.142625 11.349104
v 11.250000 -0.142625 11.349104
v 33.750000 0.427784 11.341936
v 22.500000 0.427784 11.341936
v 11.250000 0.427784 11.341936
v 33.750000 0.997111 11.306116
v 22.500000 0.997111 11.306116
v 11.250000 0.997111 11.306116
v 33.750000 1.563920 11.241737
v 22.500000 1.563920 11.241737
v 11.250000 1.563920 11.241737
v 33.750000 2.126778 11.148960
v 22.500000 2.126778 11.148960
v 11.250000 2.126778 11.148960
v 33.750000 2.684264 11.028020
v 22.500000 2.684264 11.028020
v 11.250000 2.684264 11.028020
v 33.750000 3.234969 10.879222
v 22.500000 3.234969 10.879222
v 11.250000 3.234969 10.879222
v 33.750000 3.777502 10.702943
v 22.500000 3.777502 10.702943
v 11.250000 3.777502 10.702943
v 33.750000 4.310493 10.499626
v 22.500000 4.310493 10.499626
v 11.250000 4.310493 10.499626
v 33.750000 4.832595 10.269787
v 22.500000 4.832595 10.269787
v 11.250000 4.832595 10.269787
v 33.750000 5.342490 10.014005
v 22.500000 5.342490 10.014005
v 11.250000 5.342490 10.014005
v 33.750000 5.838889 9.732928
v 22.500000 5.838889 9.732928
v 11.250000 5.838889 9.732928
v 33.750000 6.320538 9.427263
v 22.500000 6.320538 9.427263
v 11.250000 6.320538 9.427263
v 33.750000 6.786222 9.097785
v 22.500000 6.786222 9.097785
v 11.250000 6.786222 9.097785
v 33.750000 7.234762 8.745325
v 22.500000 7.234762 8.745325
v 11.250000 7.234762 8.745325
v 33.750000 7.665027 8.370774
v 22.500000 7.665027 8.370774
v 11.250000 7.665027 8.370774
v 33.750000 8.075930 7.975077
v 22.500000 8.075930 7.975077
v 11.250000 8.075930 7.975077
v 33.750000 8.466432 7.559235
v 22.500000 8.466432 7.559235
v 11.250000 8.466432 7.559235
v 33.750000 8.835547 7.124297
v 22.500000 8.835547 7.124297
v 11.250000 8.835547 7.124297
v 33.750000 9.182343 6.671363
v 22.500000 9.182343 6.671363
v 11.250000 9.182343 6.671363
v 33.750000 9.505943 6.201576
v 22.500000 9.505943 6.201576
v 11.250000 9.505943 6.201576
v 33.750000 9.805531 5.716123
v 22.500000 9.805531 5.716123
v 11.250000 9.805531 5.716123
v 33.750000 10.080349 5.216231
v 22.500000 10.080349 5.216231
v 11.250000 10.080349 5.216231
v 33.750000 10.329703 4.703163
v 22.500000 10.329703 4.703163
v 11.250000 10.329703 4.703163
v 33.750000 10.552963 4.178214
v 22.500000 10.552963 4.178214
v 11.250000 10.552963 4.178214
v 33.750000 10.749566 3.642710
v 22.500000 10.749566 3.642710
v 11.250000 10.749566 3.642710
v 33.750000 10.919014 3.098004
v 22.500000 10.919014 3.098004
v 11.250000 10.919014 3.098004
v 33.750000 11.060880 2.545473
v 22.500000 11.060880 2.545473
v 11.250000 11.060880 2.545473
v 33.750000 11.174805 1.986512
v 22.500000 11.174805 1.986512
v 11.250000 11.174805 1.986512
v 33.750000 11.260502 1.422532
v 22.500000 11.260502 1.422532
v 11.250000 11.260502 1.422532
v 33.750000 11.317754 0.854959
v 22.500000 11.317754 0.854959
v 11.250000 11.317754 0.854959
v 0.000000 3.934310 -7.251462
v 0.000000 4.354936 -7.006928
v 0.000000 4.760415 -6.738023
v 0.000000 5.149337 -6.445683
v 0.000000 5.520350 -6.130924
v 0.000000 5.872163 -5.794842
v 0.000000 6.203553 -5.438606
v 0.000000 6.513366 -5.063453
v 0.000000 6.800526 -4.670690
v 0.000000 7.064033 -4.261683
v 0.000000 7.302971 -3.837852
v 0.000000 7.516509 -3.400674
v 0.000000 7.703905 -2.951668
v 0.000000 7.864506 -2.492396
v 0.000000 7.997755 -2.024456
v 0.000000 8.103186 -1.549474
v 0.000000 8.180435 -1.069103
v 0.000000 8.229232 -0.585014
v 0.000000 8.249407 -0.098890
v 0.000000 8.240891 0.387577
v 0.000000 8.203713 0.872697
v 0.000000 8.138001 1.354782
v 0.000000 8.043986 1.832154
v 0.000000 7.921993 2.303155
v 0.000000 7.772448 2.766144
v 0.000000 7.595869 3.219514
v 0.000000 7.392872 3.661685
v 0.000000 7.164163 4.091121
v 0.000000 6.910536 4.506328
v 0.000000 6.632874 4.905862
v 0.000000 6.332143 5.288333
v 0.000000 6.009388 5.652411
v 0.000000 5.665733 5.996830
v 0.000000 5.302372 6.320392
v 0.000000 4.920569 6.621971
v 0.000000 4.521652 6.900519
v 0.000000 4.107009 7.155067
v 0.000000 3.678081 7.384729
v 0.000000 3.236361 7.588706
v 0.000000 2.783385 7.766290
v 0.000000 2.320728 7.916863
v 0.000000 1.850000 8.039900
v 0.000000 -3.934310 -7.251462
v 0.000000 -4.354936 -7.006928
v 0.000000 -4.760415 -6.738023
v 0.000000 -5.149337 -6.445683
v 0.000000 -5.520350 -6.130924
v 0.000000 -5.872163 -5.794842
v 0.000000 -6.203553 -5.438606
v 0.000000 -6.513366 -5.063453
v 0.000000 -6.800526 -4.670690
v 0.000000 -7.064033 -4.261683
v 0.000000 -7.302971 -3.837852
v 0.000000 -7.516509 -3.400674
v 0.000000 -7.703905 -2.951668
v 0.000000 -7.864506 -2.492396
v 0.000000 -7.997755 -2.024456
v 0.000000 -8.103186 -1.549474
v 0.000000 -8.180435 -1.069103
v 0.000000 -8.229232 -0.585014
v 0.000000 -8.249407 -0.098890
v 0.000000 -8.240891 0.387577
v 0.000000 -8.203713 0.872697
v 0.000000 -8.138001 1.354782
v 0.000000 -8.043986 1.832154
v 0.000000 -7.921993 2.303155
v 0.000000 -7.772448 2.766144
v 0.000000 -7.595869 3.219514
v 0.000000 -7.392872 3.661685
v 0.000000 -7.164163 4.091121
v 0.000000 -6.910536 4.506328
v 0.000000 -6.632874 4.905862
v 0.000000 -6.332143 5.288333
v 0.000000 -6.009388 5.652411
v 0.000000 -5.665733 5.996830
v 0.000000 -5.302372 6.320392
v 0.000000 -4.920569 6.621971
v 0.000000 -4.521652 6.900519
v 0.000000 -4.107009 7.155067
v 0.000000 -3.678081 7.384729
v 0.000000 -3.236361 7.588706
v 0.000000 -2.783385 7.766290
v 0.000000 -2.320728 7.916863
v 0.000000 -1.850000 8.039900
v 0.177115 -1.841218 8.041962
v 0.356534 -1.814809 8.047999
v 0.534944 -1.770678 8.057788
v 0.709034 -1.708734 8.071105
v 0.875692 -1.629311 8.087490
v 1.032552 -1.534447 8.106001
v 1.177420 -1.426590 8.125693
v 1.308104 -1.308191 8.145621
v 1.426512 -1.177514 8.165494
v 1.534385 -1.032641 8.185041
v 1.629269 -0.875770 8.203340
v 1.708709 -0.709093 8.219470
v 1.770667 -0.534982 8.232531
v 1.814804 -0.356553 8.242104
v 1.841217 -0.177120 8.247993
v 1.850000 -0.000000 8.250000
v 1.841217 0.177120 8.247993
v 1.814804 0.356553 8.242104
v 1.770667 0.534982 8.232531
v 1.708709 0.709093 8.219470
v 1.629269 0.875770 8.203340
v 1.534385 1.032641 8.185041
v 1.426512 1.177514 8.165494
v 1.308104 1.308191 8.145621
v 1.177420 1.426590 8.125693
v 1.032552 1.534447 8.106001
v 0.875692 1.629311 8.087490
v 0.709034 1.708734 8.071105
v 0.534944 1.770678 8.057788
v 0.356534 1.814809 8.047999
v 0.177115 1.841218 8.041962
v 22.000000 3.932770 -7.252298
v 22.000000 4.351959 -7.008777
v 22.000000 4.756122 -6.741054
v 22.000000 5.143861 -6.450054
v 22.000000 5.513838 -6.136782
v 22.000000 5.864776 -5.802319
v 22.000000 6.195462 -5.447821
v 22.000000 6.504755 -5.074511
v 22.000000 6.791587 -4.683678
v 22.000000 7.054968 -4.276673
v 22.000000 7.293987 -3.854900
v 22.000000 7.507820 -3.419816
v 22.000000 7.695728 -2.972924
v 22.000000 7.857062 -2.515765
v 22.000000 7.991266 -2.049920
v 22.000000 8.097875 -1.576996
v 22.000000 8.176522 -1.098627
v 22.000000 8.226936 -0.616464
v 22.000000 8.248941 -0.132172
v 22.000000 8.242463 0.352576
v 22.000000 8.207523 0.836106
v 22.000000 8.144242 1.316750
v 22.000000 8.052838 1.792846
v 22.000000 7.933628 2.262752
v 22.000000 7.787023 2.724844
v 22.000000 7.613529 3.177528
v 22.000000 7.413744 3.619239
v 22.000000 7.188361 4.048453
v 22.000000 6.938155 4.463688
v 22.000000 6.663991 4.863509
v 22.000000 6.366817 5.246536
v 22.000000 6.047658 5.611447
v 22.000000 5.707616 5.956981
v 22.000000 5.347865 6.281946
v 22.000000 4.969648 6.585218
v 22.000000 4.574270 6.865752
v 22.000000 4.163097 7.122578
v 22.000000 3.737549 7.354810
v 22.000000 3.299096 7.561645
v 22.000000 2.849250 7.742369
v 22.000000 2.389565 7.896359
v 22.000000 1.921630 8.023082
v 22.000000 1.447059 8.122101
v 22.000000 0.967491 8.193074
v 22.000000 0.484582 8.235756
v 22.000000 0.000000 8.250000
v 22.000000 -0.484582 8.235756
v 22.000000 -0.967491 8.193074
v 22.000000 -1.447059 8.122101
v 22.000000 -1.921630 8.023082
v 22.000000 -2.389565 7.896359
v 22.000000 -2.849250 7.742369
v 22.000000 -3.299096 7.561645
v 22.000000 -3.737549 7.354810
v 22.000000 -4.163097 7.122578
v 22.000000 -4.574270 6.865752
v 22.000000 -4.969648 6.585218
v 22.000000 -5.347865 6.281946
v 22.000000 -5.707616 5.956981
v 22.000000 -6.047658 5.611447
v 22.000000 -6.366817 5.246536
v 22.000000 -6.663991 4.863509
v 22.000000 -6.938155 4.463688
v 22.000000 -7.188361 4.048453
v 22.000000 -7.413744 3.619239
v 22.000000 -7.613529 3.177528
v 22.000000 -7.787023 2.724844
v 22.000000 -7.933628 2.262752
v 22.000000 -8.052838 1.792846
v 22.000000 -8.144242 1.316750
v 22.000000 -8.207523 0.836106
v 22.000000 -8.242463 0.352576
v 22.000000 -8.248941 -0.132172
v 22.000000 -8.226936 -0.616464
v 22.000000 -8.176522 -1.098627
v 22.000000 -8.097875 -1.576996
v 22.000000 -7.991266 -2.049920
v 22.000000 -7.857062 -2.515765
v 22.000000 -7.695728 -2.972924
v 22.000000 -7.507820 -3.419816
v 22.000000 -7.293987 -3.854900
v 22.000000 -7.054968 -4.276673
v 22.000000 -6.791587 -4.683678
v 22.000000 -6.504755 -5.074511
v 22.000000 -6.195462 -5.447821
v 22.000000 -5.864776 -5.802319
v 22.000000 -5.513838 -6.136782
v 22.000000 -5.143861 -6.450054
v 22.000000 -4.756122 -6.741054
v 22.000000 -4.351959 -7.008777
v 22.000000 -3.932770 -7.252298
v 7.333333 -3.933796 -7.251741
v 14.666667 -3.933283 -7.252019
v 7.333333 -4.353944 -7.007544
v 14.666667 -4.352952 -7.008160
v 7.333333 -4.756122 -6.741054
v 14.666667 -4.756122 -6.741054
v 7.333333 -5.143861 -6.450054
v 14.666667 -5.143861 -6.450054
v 7.333333 -5.513838 -6.136782
v 14.666667 -5.513838 -6.136782
v 7.333333 -5.864776 -5.802319
v 14.666667 -5.864776 -5.802319
v 7.333333 -6.195462 -5.447821
v 14.666667 -6.195462 -5.447821
v 7.333333 -6.504755 -5.074511
v 14.666667 -6.504755 -5.074511
v 7.333333 -6.791587 -4.683678
v 14.666667 -6.791587 -4.683678
v 7.333333 -7.054968 -4.276673
v 14.666667 -7.054968 -4.276673
v 7.333333 -7.293987 -3.854900
v 14.666667 -7.293987 -3.854900
v 7.333333 -7.507820 -3.419816
v 14.666667 -7.507820 -3.419816
v 7.333333 -7.695728 -2.972924
v 14.666667 -7.695728 -2.972924
v 7.333333 -7.857062 -2.515765
v 14.666667 -7.857062 -2.515765
v 7.333333 -7.991266 -2.049920
v 14.666667 -7.991266 -2.049920
v 7.333333 -8.097875 -1.576996
v 14.666667 -8.097875 -1.576996
v 7.333333 -8.176522 -1.098627
v 14.666667 -8.176522 -1.098627
v 7.333333 -8.226936 -0.616464
v 14.666667 -8.226936 -0.616464
v 7.333333 -8.248941 -0.132172
v 14.666667 -8.248941 -0.132172
v 7.333333 -8.242463 0.352576
v 14.666667 -8.242463 0.352576
v 7.333333 -8.207523 0.836106
v 14.666667 -8.207523 0.836106
v 7.333333 -8.144242 1.316750
v 14.666667 -8.144242 1.316750
v 7.333333 -8.052838 1.792846
v 14.666667 -8.052838 1.792846
v 7.333333 -7.933628 2.262752
v 14.666667 -7.933628 2.262752
v 7.333333 -7.787023 2.724844
v 14.666667 -7.787023 2.724844
v 7.333333 -7.613529 3.177528
v 14.666667 -7.613529 3.177528
v 7.333333 -7.413744 3.619239
v 14.666667 -7.413744 3.619239
v 7.333333 -7.188361 4.048453
v 14.666667 -7.188361 4.048453
v 7.333333 -6.938155 4.463688
v 14.666667 -6.938155 4.463688
v 7.333333 -6.663991 4.863509
v 14.666667 -6.663991 4.863509
v 7.333333 -6.366817 5.246536
v 14.666667 -6.366817 5.246536
v 7.333333 -6.047658 5.611447
v 14.666667 -6.047658 5.611447
v 7.333333 -5.707616 5.956981
v 14.666667 -5.707616 5.956981
v 7.333333 -5.347865 6.281946
v 14.666667 -5.347865 6.281946
v 7.333333 -4.969648 6.585218
v 14.666667 -4.969648 6.585218
v 7.333333 -4.574270 6.865752
v 14.666667 -4.574270 6.865752
v 7.333333 -4.163097 7.122578
v 14.666667 -4.163097 7.122578
v 7.333333 -3.737549 7.354810
v 14.666667 -3.737549 7.354810
v 7.333333 -3.299096 7.561645
v 14.666667 -3.299096 7.561645
v 7.333333 -2.849250 7.742369
v 14.666667 -2.849250 7.742369
v 7.333333 -2.389565 7.896359
v 14.666667 -2.389565 7.896359
v 7.333333 -1.921630 8.023082
v 14.666667 -1.921630 8.023082
v 7.333333 -1.447059 8.122101
v 14.666667 -1.447059 8.122101
v 7.333333 -0.967491 8.193074
v 14.666667 -0.967491 8.193074
v 7.333333 -0.484582 8.235756
v 14.666667 -0.484582 8.235756
v 7.333333 -0.000000 8.250000
v 14.666667 -0.000000 8.250000
v 7.333333 0.484582 8.235756
v 14.666667 0.484582 8.235756
v 7.333333 0.967491 8.193074
v 14.666667 0.967491 8.193074
v 7.333333 1.447059 8.122101
v 14.666667 1.447059 8.122101
v 7.333333 1.921630 8.023082
v 14.666667 1.921630 8.023082
v 7.333333 2.389565 7.896359
v 14.666667 2.389565 7.896359
v 7.333333 2.849250 7.742369
v 14.666667 2.849250 7.742369
v 7.333333 3.299096 7.561645
v 14.666667 3.299096 7.561645
v 7.333333 3.737549 7.354810
v 14.666667 3.737549 7.354810
v 7.333333 4.163097 7.122578
v 14.666667 4.163097 7.122578
v 7.333333 4.574270 6.865752
v 14.666667 4.574270 6.865752
v 7.333333 4.969648 6.585218
v 14.666667 4.969648 6.585218
v 7.333333 5.347865 6.281946
v 14.666667 5.347865 6.281946
v 7.333333 5.707616 5.956981
v 14.666667 5.707616 5.956981
v 7.333333 6.047658 5.611447
v 14.666667 6.047658 5.611447
v 7.333333 6.366817 5.246536
v 14.666667 6.366817 5.246536
v 7.333333 6.663991 4.863509
v 14.666667 6.663991 4.863509
v 7.333333 6.938155 4.463688
v 14.666667 6.938155 4.463688
v 7.333333 7.188361 4.048453
v 14.666667 7.188361 4.048453
v 7.333333 7.413744 3.619239
v 14.666667 7.413744 3.619239
v 7.333333 7.613529 3.177528
v 14.666667 7.613529 3.177528
v 7.333333 7.787023 2.724844
v 14.666667 7.787023 2.724844
v 7.333333 7.933628 2.262752
v 14.666667 7.933628 2.262752
v 7.333333 8.052838 1.792846
v 14.666667 8.052838 1.792846
v 7.333333 8.144242 1.316750
v 14.666667 8.144242 1.316750
v 7.333333 8.207523 0.836106
v 14.666667 8.207523 0.836106
v 7.333333 8.242463 0.352576
v 14.666667 8.242463 0.352576
v 7.333333 8.248941 -0.132172
v 14.666667 8.248941 -0.132172
v 7.333333 8.226936 -0.616464
v 14.666667 8.226936 -0.616464
v 7.333333 8.176522 -1.098627
v 14.666667 8.176522 -1.098627
v 7.333333 8.097875 -1.576996
v 14.666667 8.097875 -1.576996
v 7.333333 7.991266 -2.049920
v 14.666667 7.991266 -2.049920
v 7.333333 7.857062 -2.515765
v 14.666667 7.857062 -2.515765
v 7.333333 7.695728 -2.972924
v 14.666667 7.695728 -2.972924
v 7.333333 7.507820 -3.419816
v 14.666667 7.507820 -3.419816
v 7.333333 7.293987 -3.854900
v 14.666667 7.293987 -3.854900
v 7.333333 7.054968 -4.276673
v 14.666667 7.054968 -4.276673
v 7.333333 6.791587 -4.683678
v 14.666667 6.791587 -4.683678
v 7.333333 6.504755 -5.074511
v 14.666667 6.504755 -5.074511
v 7.333333 6.195462 -5.447821
v 14.666667 6.195462 -5.447821
v 7.333333 5.864776 -5.802319
v 14.666667 5.864776 -5.802319
v 7.333333 5.513838 -6.136782
v 14.666667 5.513838 -6.136782
v 7.333333 5.143861 -6.450054
v 14.666667 5.143861 -6.450054
v 7.333333 4.756122 -6.741054
v 14.666667 4.756122 -6.741054
v 7.333333 3.933796 -7.251741
v 14.666667 3.933283 -7.252019
v 14.666667 4.352952 -7.008160
v 7.333333 4.353944 -7.007544
v 25.000000 3.595644 -3.474384
v 25.000000 3.843107 -3.198520
v 25.000000 4.069458 -2.905083
v 25.000000 4.273453 -2.595688
v 25.000000 4.453972 -2.272033
v 25.000000 4.610022 -1.935896
v 25.000000 4.740747 -1.589124
v 25.000000 4.845428 -1.233622
v 25.000000 4.923491 -0.871344
v 25.000000 4.974505 -0.504278
v 25.000000 4.998192 -0.134442
v 25.000000 4.994421 0.236132
v 25.000000 4.963213 0.605409
v 25.000000 4.904738 0.971361
v 25.000000 4.819319 1.331976
v 25.000000 4.707425 1.685274
v 25.000000 4.569670 2.029313
v 25.000000 4.406812 2.362205
v 25.000000 4.219744 2.682119
v 25.000000 4.009494 2.987299
v 25.000000 3.777218 3.276068
v 25.000000 3.524192 3.546839
v 25.000000 3.251805 3.798126
v 25.000000 2.961554 4.028548
v 25.000000 2.655034 4.236838
v 25.000000 2.333928 4.421853
v 25.000000 2.000000 4.582576
v 25.000000 2.000000 4.854122
v 25.000000 2.352075 4.693639
v 25.000000 2.691373 4.507661
v 25.000000 3.016053 4.297199
v 25.000000 3.324351 4.063396
v 25.000000 3.614592 3.807522
v 25.000000 3.885199 3.530967
v 25.000000 4.134703 3.235232
v 25.000000 4.361749 2.921925
v 25.000000 4.565103 2.592746
v 25.000000 4.743661 2.249485
v 25.000000 4.896452 1.894005
v 25.000000 5.022648 1.528237
v 25.000000 5.121562 1.154168
v 25.000000 5.192657 0.773831
v 25.000000 5.235547 0.389290
v 25.000000 5.249999 0.002634
v 25.000000 5.235935 -0.384035
v 25.000000 5.193431 -0.768619
v 25.000000 5.122717 -1.149028
v 25.000000 5.024179 -1.523196
v 25.000000 4.898351 -1.889090
v 25.000000 4.745916 -2.244723
v 25.000000 4.567703 -2.588164
v 25.000000 4.364679 -2.917546
v 25.000000 4.137948 -3.231081
v 25.000000 3.888741 -3.527066
v 25.000000 3.618411 -3.803893
v 65.000000 2.000000 -4.582576
v 65.000000 2.336830 -4.420319
v 65.000000 2.660595 -4.233348
v 65.000000 2.969483 -4.022707
v 65.000000 3.261768 -3.789574
v 65.000000 3.535816 -3.535252
v 65.000000 3.790094 -3.261163
v 65.000000 4.023181 -2.968841
v 65.000000 4.233773 -2.659919
v 65.000000 4.420692 -2.336125
v 65.000000 4.582895 -1.999269
v 65.000000 4.719473 -1.651234
v 65.000000 4.829664 -1.293967
v 65.000000 4.912850 -0.929465
v 65.000000 4.968567 -0.559766
v 65.000000 4.996504 -0.186937
v 65.000000 4.996504 0.186937
v 65.000000 4.968567 0.559766
v 65.000000 4.912850 0.929465
v 65.000000 4.829664 1.293967
v 65.000000 4.719473 1.651234
v 65.000000 4.582895 1.999269
v 65.000000 4.420692 2.336125
v 65.000000 4.233773 2.659919
v 65.000000 4.023181 2.968841
v 65.000000 3.790094 3.261163
v 65.000000 3.535816 3.535252
v 65.000000 3.261768 3.789574
v 65.000000 2.969483 4.022707
v 65.000000 2.660595 4.233348
v 65.000000 2.336830 4.420319
v 65.000000 2.000000 4.582576
v 57.000000 3.535816 -3.535252
v 49.000000 3.535816 -3.535252
v 41.000000 3.535816 -3.535252
v 33.000000 3.535816 -3.535252
v 33.000000 3.261768 -3.789574
v 41.000000 3.261768 -3.789574
v 49.000000 3.261768 -3.789574
v 57.000000 3.261768 -3.789574
v 33.000000 2.969483 -4.022707
v 41.000000 2.969483 -4.022707
v 49.000000 2.969483 -4.022707
v 57.000000 2.969483 -4.022707
v 33.000000 2.660595 -4.233348
v 41.000000 2.660595 -4.233348
v 49.000000 2.660595 -4.233348
v 57.000000 2.660595 -4.233348
v 33.000000 2.336830 -4.420319
v 41.000000 2.336830 -4.420319
v 49.000000 2.336830 -4.420319
v 57.000000 2.336830 -4.420319
v 57.000000 3.790094 -3.261163
v 49.000000 3.790094 -3.261163
v 41.000000 3.790094 -3.261163
v 33.000000 3.790094 -3.261163
v 57.000000 4.023181 -2.968841
v 49.000000 4.023181 -2.968841
v 41.000000 4.023181 -2.968841
v 33.000000 4.023181 -2.968841
v 57.000000 4.233773 -2.659919
v 49.000000 4.233773 -2.659919
v 41.000000 4.233773 -2.659919
v 33.000000 4.233773 -2.659919
v 57.000000 4.420692 -2.336125
v 49.000000 4.420692 -2.336125
v 41.000000 4.420692 -2.336125
v 33.000000 4.420692 -2.336125
v 57.000000 4.582895 -1.999269
v 49.000000 4.582895 -1.999269
v 41.000000 4.582895 -1.999269
v 33.000000 4.582895 -1.999269
v 57.000000 4.719473 -1.651234
v 49.000000 4.719473 -1.651234
v 41.000000 4.719473 -1.651234
v 33.000000 4.719473 -1.651234
v 57.000000 4.829664 -1.293967
v 49.000000 4.829664 -1.293967
v 41.000000 4.829664 -1.293967
v 33.000000 4.829664 -1.293967
v 57.000000 4.912850 -0.929465
v 49.000000 4.912850 -0.929465
v 41.000000 4.912850 -0.929465
v 33.000000 4.912850 -0.929465
v 57.000000 4.968567 -0.559766
v 49.000000 4.968567 -0.559766
v 41.000000 4.968567 -0.559766
v 33.000000 4.968567 -0.559766
v 57.000000 4.996504 -0.186937
v 49.000000 4.996504 -0.186937
v 41.000000 4.996504 -0.186937
v 33.000000 4.996504 -0.186937
v 57.000000 4.996504 0.186937
v 49.000000 4.996504 0.186937
v 41.000000 4.996504 0.186937
v 33.000000 4.996504 0.186937
v 57.000000 4.968567 0.559766
v 49.000000 4.968567 0.559766
v 41.000000 4.968567 0.559766
v 33.000000 4.968567 0.559766
v 57.000000 4.912850 0.929465
v 49.000000 4.912850 0.929465
v 41.000000 4.912850 0.929465
v 33.000000 4.912850 0.929465
v 57.000000 4.829664 1.293967
v 49.000000 4.829664 1.293967
v 41.000000 4.829664 1.293967
v 33.000000 4.829664 1.293967
v 57.000000 4.719473 1.651234
v 49.000000 4.719473 1.651234
v 41.000000 4.719473 1.651234
v 33.000000 4.719473 1.651234
v 57.000000 4.582895 1.999269
v 49.000000 4.582895 1.999269
v 41.000000 4.582895 1.999269
v 33.000000 4.582895 1.999269
v 57.000000 4.420692 2.336125
v 49.000000 4.420692 2.336125
v 41.000000 4.420692 2.336125
v 33.000000 4.420692 2.336125
v 57.000000 4.233773 2.659919
v 49.000000 4.233773 2.659919
v 41.000000 4.233773 2.659919
v 33.000000 4.233773 2.659919
v 57.000000 4.023181 2.968841
v 49.000000 4.023181 2.968841
v 41.000000 4.023181 2.968841
v 33.000000 4.023181 2.968841
v 57.000000 3.790094 3.261163
v 49.000000 3.790094 3.261163
v 41.000000 3.790094 3.261163
v 33.000000 3.790094 3.261163
v 57.000000 3.535816 3.535252
v 49.000000 3.535816 3.535252
v 41.000000 3.535816 3.535252
v 33.000000 3.535816 3.535252
v 57.000000 3.261768 3.789574
v 49.000000 3.261768 3.789574
v 41.000000 3.261768 3.789574
v 33.000000 3.261768 3.789574
v 57.000000 2.969483 4.022707
v 49.000000 2.969483 4.022707
v 41.000000 2.969483 4.022707
v 33.000000 2.969483 4.022707
v 57.000000 2.660595 4.233348
v 49.000000 2.660595 4.233348
v 41.000000 2.660595 4.233348
v 33.000000 2.660595 4.233348
v 57.000000 2.336250 4.420626
v 49.000000 2.335669 4.420933
v 41.000000 2.335089 4.421240
v 33.000000 2.334508 4.421546
v 24.992603 2.000000 5.062764
v 24.970911 2.000000 5.278727
v 24.935669 2.000000 5.497028
v 24.887622 2.000000 5.712687
v 24.827518 2.000000 5.920722
v 24.756089 2.000000 6.116195
v 24.670336 2.000000 6.307612
v 24.568116 2.000000 6.500000
v 24.643291 1.492814 6.500000
v 24.692377 0.984607 6.500000
v 24.719098 0.484097 6.500000
v 24.727178 0.000000 6.500000
v 24.719098 -0.484097 6.500000
v 24.692377 -0.984607 6.500000
v 24.643291 -1.492814 6.500000
v 24.568116 -2.000000 6.500000
v 24.669241 -2.000000 6.306970
v 24.756084 -2.000000 6.116192
v 24.827518 -2.000000 5.920722
v 24.887622 -2.000000 5.712687
v 24.935669 -2.000000 5.497028
v 24.970911 -2.000000 5.278727
v 24.992603 -2.000000 5.062764
v 25.000000 -2.000000 4.854122
v 25.000000 -2.352075 4.693639
v 25.000000 -2.691373 4.507661
v 25.000000 -3.016053 4.297199
v 25.000000 -3.324351 4.063396
v 25.000000 -3.614592 3.807522
v 25.000000 -3.885199 3.530967
v 25.000000 -4.134703 3.235232
v 25.000000 -4.361749 2.921925
v 25.000000 -4.565103 2.592746
v 25.000000 -4.743661 2.249485
v 25.000000 -4.896452 1.894005
v 25.000000 -5.022648 1.528237
v 25.000000 -5.121562 1.154168
v 25.000000 -5.192657 0.773831
v 25.000000 -5.235547 0.389290
v 25.000000 -5.249999 0.002634
v 25.000000 -5.235935 -0.384035
v 25.000000 -5.193431 -0.768619
v 25.000000 -5.122717 -1.149028
v 25.000000 -5.024179 -1.523196
v 25.000000 -4.898351 -1.889090
v 25.000000 -4.745916 -2.244723
v 25.000000 -4.567703 -2.588164
v 25.000000 -4.364679 -2.917546
v 25.000000 -4.137948 -3.231081
v 25.000000 -3.888741 -3.527066
v 25.000000 -3.618411 -3.803893
v 24.985554 5.494674 -0.738284
v 24.985554 5.472981 0.884864
v 24.985554 4.982083 2.432151
v 24.985554 4.064064 3.770927
v 24.985554 2.797627 4.786417
v 24.494409 1.611073 6.726465
v 24.494409 -1.611073 6.726465
v 24.985554 -2.797627 4.786417
v 24.985554 -4.064064 3.770927
v 24.985554 -4.982083 2.432151
v 24.985554 -5.472981 0.884864
v 24.985554 -5.494674 -0.738284
v 22.294051 -3.925883 -7.239599
v 22.585271 -3.905291 -7.201625
v 22.870854 -3.871190 -7.138741
v 23.148050 -3.823910 -7.051553
v 23.414190 -3.763906 -6.940901
v 23.666711 -3.691755 -6.807850
v 23.903180 -3.608152 -6.653681
v 24.121320 -3.513904 -6.479880
v 22.294051 -4.344339 -6.996504
v 22.585271 -4.321552 -6.959805
v 22.870854 -4.283816 -6.899033
v 23.148050 -4.231496 -6.814772
v 23.414190 -4.165096 -6.707836
v 23.666711 -4.085255 -6.579252
v 23.903180 -3.992741 -6.430261
v 24.121320 -3.888447 -6.262295
v 24.319031 -3.773376 -6.076974
v 24.494409 -3.648636 -5.876082
v 24.645764 -3.515429 -5.661554
v 22.294051 -4.747794 -6.729250
v 22.585271 -4.722890 -6.693953
v 22.870854 -4.681650 -6.635502
v 23.148050 -4.624471 -6.554460
v 23.414190 -4.551905 -6.451608
v 23.666711 -4.464649 -6.327937
v 23.903180 -4.363543 -6.184636
v 24.121320 -4.249563 -6.023087
v 24.319031 -4.123805 -5.844845
v 24.494409 -3.987481 -5.651627
v 24.645764 -3.841903 -5.445293
v 24.771639 -3.688473 -5.227831
v 24.870821 -3.528670 -5.001334
v 24.942356 -3.364031 -4.767985
v 22.294051 -5.134854 -6.438760
v 22.585271 -5.107920 -6.404986
v 22.870854 -5.063318 -6.349059
v 23.148050 -5.001478 -6.271515
v 23.414190 -4.922995 -6.173103
v 23.666711 -4.828626 -6.054770
v 23.903180 -4.719278 -5.917656
v 24.121320 -4.596006 -5.763081
v 24.319031 -4.459995 -5.592533
v 24.494409 -4.312557 -5.407655
v 24.645764 -4.155111 -5.210229
v 24.771639 -3.989173 -5.002154
v 24.870821 -3.816342 -4.785435
v 24.942356 -3.638281 -4.562159
v 24.985554 -3.456706 -4.334476
v 22.294051 -5.504183 -6.126036
v 22.585271 -5.475312 -6.093903
v 22.870854 -5.427502 -6.040692
v 23.148050 -5.361214 -5.966915
v 23.414190 -5.277086 -5.873282
v 23.666711 -5.175929 -5.760697
v 23.903180 -5.058717 -5.630242
v 24.121320 -4.926578 -5.483174
v 24.319031 -4.780785 -5.320910
v 24.494409 -4.622742 -5.145011
v 24.645764 -4.453971 -4.957174
v 24.771639 -4.276098 -4.759205
v 24.870821 -4.090836 -4.553012
v 24.942356 -3.899968 -4.340580
v 24.985554 -3.705333 -4.123956
v 22.294051 -5.854506 -5.792159
v 22.585271 -5.823797 -5.761777
v 22.870854 -5.772945 -5.711466
v 23.148050 -5.702438 -5.641710
v 23.414190 -5.612955 -5.553181
v 23.666711 -5.505360 -5.446731
v 23.903180 -5.380687 -5.323386
v 24.121320 -5.240138 -5.184334
v 24.319031 -5.085066 -5.030913
v 24.494409 -4.916964 -4.864602
v 24.645764 -4.737452 -4.687001
v 24.771639 -4.548258 -4.499822
v 24.870821 -4.351204 -4.304866
v 24.942356 -4.148188 -4.104013
v 24.985554 -3.941166 -3.899195
v 22.294051 -6.184614 -5.438282
v 22.585271 -6.152173 -5.409756
v 22.870854 -6.098453 -5.362518
v 23.148050 -6.023971 -5.297024
v 23.414190 -5.929443 -5.213904
v 23.666711 -5.815781 -5.113958
v 23.903180 -5.684078 -4.998149
v 24.121320 -5.535604 -4.867592
v 24.319031 -5.371788 -4.723544
v 24.494409 -5.194208 -4.567394
v 24.645764 -5.004574 -4.400644
v 24.771639 -4.804712 -4.224901
v 24.870821 -4.596548 -4.041856
v 24.942356 -4.382085 -3.853274
v 24.985554 -4.163389 -3.660970
v 22.294051 -6.493224 -5.065806
v 22.585271 -6.459024 -5.039415
v 22.870854 -6.402485 -4.995590
v 23.148050 -6.324152 -4.934753
v 23.414190 -6.224778 -4.857491
v 23.666711 -6.105322 -4.764548
v 23.903180 -5.966933 -4.656817
v 24.121320 -5.810944 -4.535339
v 24.319031 -5.638857 -4.401281
v 24.494409 -5.452329 -4.255936
v 24.645764 -5.253157 -4.100704
v 24.771639 -5.043258 -3.937079
v 24.870821 -4.824654 -3.766639
v 24.942356 -4.599448 -3.591026
v 24.985554 -4.369809 -3.411932
v 22.294051 -6.779695 -4.675477
v 22.585271 -6.744133 -4.650953
v 22.870854 -6.685244 -4.610341
v 23.148050 -6.603595 -4.554033
v 23.414190 -6.499972 -4.482572
v 23.666711 -6.375373 -4.396645
v 23.903180 -6.230998 -4.297080
v 24.121320 -6.068238 -4.184836
v 24.319031 -5.888660 -4.060993
v 24.494409 -5.693993 -3.926745
v 24.645764 -5.486113 -3.783385
v 24.771639 -5.267020 -3.632292
v 24.870821 -5.038826 -3.474923
v 24.942356 -4.803727 -3.312792
v 24.985554 -4.563989 -3.147461
v 22.294051 -7.042614 -4.269185
v 22.585271 -7.005673 -4.246791
v 22.870854 -6.944500 -4.209709
v 23.148050 -6.859685 -4.158294
v 23.414190 -6.752043 -4.093043
v 23.666711 -6.622612 -4.014582
v 23.903180 -6.472639 -3.923669
v 24.121320 -6.303567 -3.821179
v 24.319031 -6.117024 -3.708098
v 24.494409 -5.914808 -3.585516
v 24.645764 -5.698866 -3.454614
v 24.771639 -5.471277 -3.316651
v 24.870821 -5.234233 -3.172957
v 24.942356 -4.990018 -3.024915
v 24.985554 -4.740982 -2.873951
v 22.294051 -7.281215 -3.848150
v 22.585271 -7.243022 -3.827965
v 22.870854 -7.179777 -3.794540
v 23.148050 -7.092088 -3.748196
v 23.414190 -6.980800 -3.689380
v 23.666711 -6.846984 -3.618657
v 23.903180 -6.691929 -3.536710
v 24.121320 -6.517129 -3.444328
v 24.319031 -6.324267 -3.342399
v 24.494409 -6.115200 -3.231907
v 24.645764 -5.891941 -3.113914
v 24.771639 -5.656642 -2.989557
v 24.870821 -5.411567 -2.860034
v 24.942356 -5.159078 -2.726592
v 24.985554 -4.901605 -2.590517
v 22.294051 -7.494673 -3.413828
v 22.585271 -7.455361 -3.395922
v 22.870854 -7.390262 -3.366269
v 23.148050 -7.300002 -3.325155
v 23.414190 -7.185451 -3.272977
v 23.666711 -7.047712 -3.210237
v 23.903180 -6.888112 -3.137539
v 24.121320 -6.708187 -3.055583
v 24.319031 -6.509671 -2.965159
v 24.494409 -6.294475 -2.867137
v 24.645764 -6.064671 -2.762461
v 24.771639 -5.822474 -2.652140
v 24.870821 -5.570214 -2.537236
v 24.942356 -5.310323 -2.418855
v 24.985554 -5.045302 -2.298138
v 22.294051 -7.682357 -2.967446
v 22.585271 -7.642165 -2.951611
v 22.870854 -7.575538 -2.925570
v 23.148050 -7.483117 -2.889574
v 23.414190 -7.365794 -2.843971
v 23.666711 -7.224696 -2.789199
v 23.903180 -7.061184 -2.725786
v 24.121320 -6.876833 -2.654343
v 24.319031 -6.673417 -2.575556
v 24.494409 -6.452896 -2.490186
v 24.645764 -6.217393 -2.399052
v 24.771639 -5.969178 -2.303033
v 24.870821 -5.710641 -2.203052
v 24.942356 -5.444271 -2.100071
v 24.985554 -5.172636 -1.995080
v 22.294051 -7.843304 -2.511360
v 22.585271 -7.802163 -2.498187
v 22.870854 -7.734036 -2.476373
v 23.148050 -7.639577 -2.446128
v 23.414190 -7.519698 -2.407744
v 23.666711 -7.375552 -2.361590
v 23.903180 -7.208527 -2.308110
v 24.121320 -7.020233 -2.247820
v 24.319031 -6.812482 -2.181300
v 24.494409 -6.587276 -2.109190
v 24.645764 -6.346783 -2.032186
v 24.771639 -6.093319 -1.951029
v 24.870821 -5.829325 -1.866501
v 24.942356 -5.557344 -1.779415
v 24.985554 -5.279995 -1.690610
v 22.294051 -7.977273 -2.046330
v 22.585271 -7.935429 -2.035597
v 22.870854 -7.866138 -2.017822
v 23.148050 -7.770066 -1.993178
v 23.414190 -7.648139 -1.961901
v 23.666711 -7.501531 -1.924293
v 23.903180 -7.331653 -1.880716
v 24.121320 -7.140143 -1.831590
v 24.319031 -6.928844 -1.777387
v 24.494409 -6.699791 -1.718631
v 24.645764 -6.455190 -1.655886
v 24.771639 -6.197396 -1.589756
v 24.870821 -5.928893 -1.520880
v 24.942356 -5.652267 -1.449920
v 24.985554 -5.370180 -1.377559
v 22.294051 -8.083696 -1.574235
v 22.585271 -8.041294 -1.565977
v 22.870854 -7.971078 -1.552303
v 23.148050 -7.873725 -1.533344
v 23.414190 -7.750171 -1.509283
v 23.666711 -7.601607 -1.480352
v 23.903180 -7.429463 -1.446828
v 24.121320 -7.235398 -1.409035
v 24.319031 -7.021280 -1.367338
v 24.494409 -6.789171 -1.322136
v 24.645764 -6.541307 -1.273867
v 24.771639 -6.280074 -1.222994
v 24.870821 -6.007989 -1.170008
v 24.942356 -5.727672 -1.115418
v 24.985554 -5.441823 -1.059751
v 22.294051 -8.162205 -1.096703
v 22.585271 -8.119392 -1.090950
v 22.870854 -8.048494 -1.081424
v 23.148050 -7.950195 -1.068217
v 23.414190 -7.825441 -1.051454
v 23.666711 -7.675434 -1.031299
v 23.903180 -7.501619 -1.007944
v 24.121320 -7.305669 -0.981616
v 24.319031 -7.089471 -0.952567
v 24.494409 -6.855108 -0.921077
v 24.645764 -6.604836 -0.887449
v 24.771639 -6.341067 -0.852008
v 24.870821 -6.066339 -0.815095
v 24.942356 -5.783300 -0.777065
v 22.294051 -8.212530 -0.615384
v 22.585271 -8.169453 -0.612157
v 22.870854 -8.098118 -0.606811
v 23.148050 -7.999213 -0.599400
v 23.414190 -7.873690 -0.589994
v 23.666711 -7.722758 -0.578685
v 23.903180 -7.547871 -0.565580
v 24.121320 -7.350713 -0.550806
v 24.319031 -7.133182 -0.534506
v 24.494409 -6.897374 -0.516837
v 24.645764 -6.645559 -0.497968
v 24.771639 -6.380164 -0.478081
v 24.870821 -6.103742 -0.457368
v 24.942356 -5.818958 -0.436028
v 24.985554 -5.528552 -0.414268
v 22.294051 -8.234497 -0.131941
v 22.585271 -8.191304 -0.131249
v 22.870854 -8.119779 -0.130103
v 23.148050 -8.020609 -0.128514
v 23.414190 -7.894750 -0.126497
v 23.666711 -7.743415 -0.124072
v 23.903180 -7.568060 -0.121263
v 24.121320 -7.370374 -0.118095
v 24.319031 -7.152262 -0.114600
v 24.494409 -6.915823 -0.110812
v 24.645764 -6.663335 -0.106766
v 24.771639 -6.397229 -0.102502
v 24.870821 -6.120068 -0.098061
v 24.942356 -5.834522 -0.093486
v 24.985554 -5.543340 -0.088821
v 22.294051 -8.228030 0.351958
v 22.585271 -8.184871 0.350112
v 22.870854 -8.113402 0.347055
v 23.148050 -8.014310 0.342816
v 23.414190 -7.888550 0.337437
v 23.666711 -7.737333 0.330969
v 23.903180 -7.562116 0.323473
v 24.121320 -7.364586 0.315024
v 24.319031 -7.146645 0.305701
v 24.494409 -6.910391 0.295596
v 24.645764 -6.658102 0.284804
v 24.771639 -6.392205 0.273430
v 24.870821 -6.115262 0.261584
v 24.942356 -5.829940 0.249379
v 24.985554 -5.538986 0.236933
v 22.294051 -8.193151 0.834642
v 22.585271 -8.150175 0.830264
v 22.870854 -8.079009 0.823014
v 23.148050 -7.980337 0.812963
v 23.414190 -7.855110 0.800206
v 23.666711 -7.704535 0.784866
v 23.903180 -7.530060 0.767093
v 24.121320 -7.333367 0.747055
v 24.319031 -7.116350 0.724948
v 24.494409 -6.881098 0.700982
v 24.645764 -6.629878 0.675390
v 24.771639 -6.365108 0.648418
v 24.870821 -6.089339 0.620325
v 24.942356 -5.805226 0.591383
v 24.985554 -5.515506 0.561869
v 22.294051 -8.129981 1.314444
v 22.585271 -8.087336 1.307549
v 22.870854 -8.016719 1.296132
v 23.148050 -7.918808 1.280302
v 23.414190 -7.794546 1.260211
v 23.666711 -7.645132 1.236054
v 23.903180 -7.472002 1.208063
v 24.121320 -7.276826 1.176507
v 24.319031 -7.061482 1.141690
v 24.494409 -6.828044 1.103949
v 24.645764 -6.578761 1.063645
v 24.771639 -6.316032 1.021167
v 24.870821 -6.042390 0.976925
v 24.942356 -5.760467 0.931344
v 22.294051 -8.038738 1.789707
v 22.585271 -7.996572 1.780319
v 22.870854 -7.926746 1.764774
v 23.148050 -7.829934 1.743220
v 23.414190 -7.707068 1.715865
v 23.666711 -7.559330 1.682974
v 23.903180 -7.388144 1.644862
v 24.121320 -7.195158 1.601896
v 24.319031 -6.982230 1.554491
v 24.494409 -6.751412 1.503103
v 24.645764 -6.504927 1.448226
v 24.771639 -6.245147 1.390390
v 24.870821 -5.974575 1.330151
v 24.942356 -5.695817 1.268090
v 24.985554 -5.411557 1.204804
v 22.294051 -7.919736 2.258790
v 22.585271 -7.878194 2.246942
v 22.870854 -7.809403 2.227322
v 23.148050 -7.714024 2.200119
v 23.414190 -7.592976 2.165595
v 23.666711 -7.447425 2.124082
v 23.903180 -7.278773 2.075981
v 24.121320 -7.088644 2.021754
v 24.319031 -6.878869 1.961924
v 24.494409 -6.651468 1.897067
v 24.645764 -6.408631 1.827807
v 24.771639 -6.152697 1.754812
v 24.870821 -5.886131 1.678785
v 24.942356 -5.611499 1.600457
v 24.985554 -5.331447 1.520583
v 22.294051 -7.773388 2.720073
v 22.585271 -7.732613 2.705805
v 22.870854 -7.665093 2.682179
v 23.148050 -7.571477 2.649420
v 23.414190 -7.452666 2.607846
v 23.666711 -7.309805 2.557856
v 23.903180 -7.144269 2.499931
v 24.121320 -6.957653 2.434630
v 24.319031 -6.751754 2.362582
v 24.494409 -6.528556 2.284480
v 24.645764 -6.290206 2.201077
v 24.771639 -6.039002 2.113175
v 24.870821 -5.777361 2.021621
v 24.942356 -5.507805 1.927298
v 24.985554 -5.232928 1.831112
v 22.294051 -7.600197 3.171964
v 22.585271 -7.560331 3.155326
v 22.870854 -7.494315 3.127774
v 23.148050 -7.402785 3.089573
v 23.414190 -7.286621 3.041092
v 23.666711 -7.146943 2.982797
v 23.903180 -6.985095 2.915250
v 24.121320 -6.802637 2.839100
v 24.319031 -6.601326 2.755082
v 24.494409 -6.383100 2.664005
v 24.645764 -6.150061 2.566746
v 24.771639 -5.904453 2.464240
v 24.870821 -5.648642 2.357477
v 24.942356 -5.385091 2.247483
v 24.985554 -5.116339 2.135319
v 22.294051 -7.400763 3.612902
v 22.585271 -7.361943 3.593951
v 22.870854 -7.297660 3.562569
v 23.148050 -7.208531 3.519058
v 23.414190 -7.095415 3.463837
v 23.666711 -6.959402 3.397439
v 23.903180 -6.801802 3.320501
v 24.121320 -6.624132 3.233766
v 24.319031 -6.428103 3.138069
v 24.494409 -6.215603 3.034331
v 24.645764 -5.988679 2.923551
v 24.771639 -5.749516 2.806797
v 24.870821 -5.500418 2.685192
v 24.942356 -5.243783 2.559908
v 22.294051 -7.175774 4.041364
v 22.585271 -7.138134 4.020166
v 22.870854 -7.075805 3.985062
v 23.148050 -6.989385 3.936391
v 23.414190 -6.879709 3.874622
v 23.666711 -6.747831 3.800349
v 23.903180 -6.595021 3.714287
v 24.121320 -6.422752 3.617266
v 24.319031 -6.232683 3.510220
v 24.494409 -6.026644 3.394179
v 24.645764 -5.806618 3.270262
v 24.771639 -5.574726 3.139661
v 24.870821 -5.333201 3.003635
v 24.942356 -5.084367 2.863493
v 24.985554 -4.830623 2.720586
v 22.294051 -6.926006 4.455872
v 22.585271 -6.889677 4.432499
v 22.870854 -6.829517 4.393795
v 23.148050 -6.746106 4.340132
v 23.414190 -6.640246 4.272027
v 23.666711 -6.512958 4.190136
v 23.903180 -6.365468 4.095248
v 24.121320 -6.199195 3.988275
v 24.319031 -6.015742 3.870250
v 24.494409 -5.816874 3.742307
v 24.645764 -5.604507 3.605680
v 24.771639 -5.380686 3.461685
v 24.870821 -5.147568 3.311707
v 24.942356 -4.907396 3.157191
v 24.985554 -4.662483 2.999626
v 22.294051 -6.652323 4.854993
v 22.585271 -6.617429 4.829527
v 22.870854 -6.559646 4.787356
v 23.148050 -6.479531 4.728886
v 23.414190 -6.377855 4.654681
v 23.666711 -6.255597 4.565455
v 23.903180 -6.113935 4.462067
v 24.121320 -5.954232 4.345513
v 24.319031 -5.778028 4.216916
v 24.494409 -5.587018 4.077513
v 24.645764 -5.383043 3.928648
v 24.771639 -5.168067 3.771754
v 24.870821 -4.944160 3.608343
v 24.942356 -4.713478 3.439987
v 24.985554 -4.478244 3.268308
v 22.294051 -6.355669 5.237349
v 22.585271 -6.322331 5.209878
v 22.870854 -6.267125 5.164386
v 23.148050 -6.190582 5.101311
v 23.414190 -6.093440 5.021262
v 23.666711 -5.976634 4.925009
v 23.903180 -5.841289 4.813478
v 24.121320 -5.688709 4.687745
v 24.319031 -5.520362 4.549020
v 24.494409 -5.337870 4.398639
v 24.645764 -5.142991 4.238050
v 24.771639 -4.937602 4.068800
v 24.870821 -4.723680 3.892519
v 24.942356 -4.503285 3.710904
v 24.985554 -4.278541 3.525705
v 22.294051 -6.037068 5.601621
v 22.585271 -6.005402 5.572239
v 22.870854 -5.952963 5.523583
v 23.148050 -5.880257 5.456121
v 23.414190 -5.787985 5.370504
v 23.666711 -5.677034 5.267556
v 23.903180 -5.548474 5.148269
v 24.121320 -5.403542 5.013791
v 24.319031 -5.243634 4.865417
v 24.494409 -5.070291 4.704576
v 24.645764 -4.885181 4.532818
v 24.771639 -4.690087 4.351796
v 24.870821 -4.486888 4.163254
v 24.942356 -4.277542 3.969008
v 22.294051 -5.697621 5.946550
v 22.585271 -5.667735 5.915359
v 22.870854 -5.618245 5.863706
v 23.148050 -5.549628 5.792091
v 23.414190 -5.462544 5.701202
v 23.666711 -5.357831 5.591915
v 23.903180 -5.236500 5.465282
v 24.121320 -5.099717 5.322523
v 24.319031 -4.948800 5.165013
v 24.494409 -4.785203 4.994269
v 24.645764 -4.610501 4.811934
v 24.771639 -4.426377 4.619765
v 24.870821 -4.234604 4.419614
v 24.942356 -4.037028 4.213406
v 24.985554 -3.835553 4.003128
v 22.294051 -5.338501 6.270946
v 22.585271 -5.310498 6.238053
v 22.870854 -5.264128 6.183583
v 23.148050 -5.199835 6.108060
v 23.414190 -5.118240 6.012213
v 23.666711 -5.020127 5.896964
v 23.903180 -4.906443 5.763424
v 24.121320 -4.778282 5.612877
v 24.319031 -4.636877 5.446774
v 24.494409 -4.483592 5.266715
v 24.645764 -4.319902 5.074434
v 24.771639 -4.147383 4.871782
v 24.870821 -3.967697 4.660712
v 24.942356 -3.782575 4.443255
v 24.985554 -3.593798 4.221507
v 22.294051 -4.960946 6.573688
v 22.585271 -4.934924 6.539206
v 22.870854 -4.891833 6.482107
v 23.148050 -4.832087 6.402938
v 23.414190 -4.756262 6.302464
v 23.666711 -4.665089 6.181651
v 23.903180 -4.559445 6.041664
v 24.121320 -4.440347 5.883849
v 24.319031 -4.308943 5.709728
v 24.494409 -4.166499 5.520976
v 24.645764 -4.014385 5.319412
v 24.771639 -3.854067 5.106977
v 24.870821 -3.687089 4.885716
v 24.942356 -3.515059 4.657762
v 24.985554 -3.339634 4.425308
v 22.294051 -4.566261 6.853730
v 22.585271 -4.542309 6.817780
v 22.870854 -4.502646 6.758248
v 23.148050 -4.447654 6.675707
v 23.414190 -4.377861 6.570952
v 23.666711 -4.293942 6.444993
v 23.903180 -4.196702 6.299042
v 24.121320 -4.087080 6.134504
v 24.319031 -3.966131 5.952965
v 24.494409 -3.835019 5.756172
v 24.645764 -3.695007 5.546022
v 24.771639 -3.547444 5.324537
v 24.870821 -3.393750 5.093851
v 24.942356 -3.235407 4.856185
v 24.985554 -3.073938 4.613828
v 22.294051 -4.155808 7.110106
v 22.585271 -4.134009 7.072811
v 22.870854 -4.097911 7.011052
v 23.148050 -4.047862 6.925424
v 23.414190 -3.984344 6.816751
v 23.666711 -3.907967 6.686080
v 23.903180 -3.819469 6.534669
v 24.121320 -3.719700 6.363976
v 24.319031 -3.609622 6.175646
v 24.494409 -3.490296 5.971492
v 24.645764 -3.362870 5.753481
v 24.771639 -3.228571 5.523711
v 24.870821 -3.088692 5.284395
v 24.942356 -2.944582 5.037839
v 22.294051 -3.731005 7.341931
v 22.585271 -3.711435 7.303420
v 22.870854 -3.679027 7.239648
v 23.148050 -3.634093 7.151227
v 23.414190 -3.577068 7.039011
v 23.666711 -3.508498 6.904079
v 23.903180 -3.429046 6.747731
v 24.121320 -3.339476 6.571474
v 24.319031 -3.240650 6.377003
v 24.494409 -3.133521 6.166193
v 24.645764 -3.019120 5.941073
v 24.771639 -2.898549 5.703811
v 24.870821 -2.772969 5.456693
v 24.942356 -2.643590 5.202098
v 24.985554 -2.511657 4.942478
v 22.294051 -3.293319 7.548404
v 22.585271 -3.276044 7.508810
v 22.870854 -3.247438 7.443244
v 23.148050 -3.207776 7.352337
v 23.414190 -3.157440 7.236965
v 23.666711 -3.096915 7.098238
v 23.903180 -3.026783 6.937494
v 24.121320 -2.947720 6.756279
v 24.319031 -2.860488 6.556340
v 24.494409 -2.765926 6.339601
v 24.645764 -2.664945 6.108150
v 24.771639 -2.558519 5.864216
v 24.870821 -2.447671 5.610148
v 24.942356 -2.333469 5.348393
v 24.985554 -2.217013 5.081472
v 22.294051 -2.844261 7.728812
v 22.585271 -2.829342 7.688272
v 22.870854 -2.804636 7.621138
v 23.148050 -2.770382 7.528059
v 23.414190 -2.726909 7.409929
v 23.666711 -2.674637 7.267887
v 23.903180 -2.614068 7.103301
v 24.121320 -2.545786 6.917755
v 24.319031 -2.470448 6.713037
v 24.494409 -2.388780 6.491118
v 24.645764 -2.301569 6.254136
v 24.771639 -2.209654 6.004372
v 24.870821 -2.113920 5.744231
v 24.942356 -2.015290 5.476221
v 22.294051 -2.385381 7.882532
v 22.585271 -2.372869 7.841185
v 22.870854 -2.352149 7.772717
v 23.148050 -2.323422 7.677786
v 23.414190 -2.286963 7.557307
v 23.666711 -2.243124 7.412440
v 23.903180 -2.192327 7.244580
v 24.121320 -2.135061 7.055344
v 24.319031 -2.071878 6.846554
v 24.494409 -2.003386 6.620221
v 22.294051 -1.918265 8.009033
v 22.585271 -1.908203 7.967023
v 22.870854 -1.891541 7.897456
v 23.148050 -1.868439 7.801001
v 23.414190 -1.839119 7.678589
v 23.666711 -1.803865 7.531397
v 23.903180 -1.763015 7.360843
v 24.121320 -1.716963 7.168570
v 24.319031 -1.666153 6.956430
v 22.294051 -1.444525 8.107879
v 22.585271 -1.436948 8.065350
v 22.870854 -1.424400 7.994924
v 23.148050 -1.407004 7.897280
v 23.414190 -1.384925 7.773356
v 23.666711 -1.358377 7.624348
v 23.903180 -1.327616 7.451689
v 24.121320 -1.292937 7.257043
v 24.319031 -1.254675 7.042285
v 24.494409 -1.213198 6.809481
v 24.645764 -1.168906 6.560876
v 22.294051 -0.965797 8.178728
v 22.585271 -0.960731 8.135828
v 22.870854 -0.952342 8.064786
v 23.148050 -0.940710 7.966288
v 23.414190 -0.925949 7.841282
v 23.666711 -0.908199 7.690971
v 23.903180 -0.887632 7.516804
v 24.121320 -0.864446 7.320457
v 24.319031 -0.838865 7.103822
v 24.494409 -0.811134 6.868985
v 24.645764 -0.781520 6.618207
v 22.294051 -0.483733 8.221335
v 22.585271 -0.481196 8.178212
v 22.870854 -0.476994 8.106800
v 23.148050 -0.471169 8.007789
v 23.414190 -0.463775 7.882132
v 23.666711 -0.454885 7.731038
v 23.903180 -0.444584 7.555963
v 24.121320 -0.432971 7.358594
v 24.319031 -0.420158 7.140830
v 24.494409 -0.406268 6.904769
v 24.645764 -0.391436 6.652684
v 22.294051 0.000000 8.235554
v 22.585271 0.000000 8.192356
v 22.870854 0.000000 8.120821
v 23.148050 0.000000 8.021639
v 23.414190 0.000000 7.895764
v 23.666711 0.000000 7.744409
v 23.903180 0.000000 7.569031
v 24.121320 0.000000 7.371320
v 24.319031 0.000000 7.153180
v 24.494409 0.000000 6.916711
v 24.645764 0.000000 6.664190
v 22.294051 0.483733 8.221335
v 22.585271 0.481196 8.178212
v 22.870854 0.476994 8.106800
v 23.148050 0.471169 8.007789
v 23.414190 0.463775 7.882132
v 23.666711 0.454885 7.731038
v 23.903180 0.444584 7.555963
v 24.121320 0.432971 7.358594
v 24.319031 0.420158 7.140830
v 24.494409 0.406268 6.904769
v 24.645764 0.391436 6.652684
v 22.294051 0.965797 8.178728
v 22.585271 0.960731 8.135828
v 22.870854 0.952342 8.064786
v 23.148050 0.940710 7.966288
v 23.414190 0.925949 7.841282
v 23.666711 0.908199 7.690971
v 23.903180 0.887632 7.516804
v 24.121320 0.864446 7.320457
v 24.319031 0.838865 7.103822
v 24.494409 0.811134 6.868985
v 24.645764 0.781520 6.618207
v 22.294051 1.444525 8.107879
v 22.585271 1.436948 8.065350
v 22.870854 1.424400 7.994924
v 23.148050 1.407004 7.897280
v 23.414190 1.384925 7.773356
v 23.666711 1.358377 7.624348
v 23.903180 1.327616 7.451689
v 24.121320 1.292937 7.257043
v 24.319031 1.254675 7.042285
v 24.494409 1.213198 6.809481
v 24.645764 1.168906 6.560876
v 22.294051 1.918265 8.009033
v 22.585271 1.908203 7.967023
v 22.870854 1.891541 7.897456
v 23.148050 1.868439 7.801001
v 23.414190 1.839119 7.678589
v 23.666711 1.803865 7.531397
v 23.903180 1.763015 7.360843
v 24.121320 1.716963 7.168570
v 24.319031 1.666153 6.956430
v 22.294051 2.385381 7.882532
v 22.585271 2.372869 7.841185
v 22.870854 2.352149 7.772717
v 23.148050 2.323422 7.677786
v 23.414190 2.286963 7.557307
v 23.666711 2.243124 7.412440
v 23.903180 2.192327 7.244580
v 24.121320 2.135061 7.055344
v 24.319031 2.071878 6.846554
v 24.494409 2.003386 6.620221
v 22.294051 2.844261 7.728812
v 22.585271 2.829342 7.688272
v 22.870854 2.804636 7.621138
v 23.148050 2.770382 7.528059
v 23.414190 2.726909 7.409929
v 23.666711 2.674637 7.267887
v 23.903180 2.614068 7.103301
v 24.121320 2.545786 6.917755
v 24.319031 2.470448 6.713037
v 24.494409 2.388780 6.491118
v 24.645764 2.301569 6.254136
v 24.771639 2.209654 6.004372
v 24.870821 2.113920 5.744231
v 24.942356 2.015290 5.476221
v 22.294051 3.293319 7.548404
v 22.585271 3.276044 7.508810
v 22.870854 3.247438 7.443244
v 23.148050 3.207776 7.352337
v 23.414190 3.157440 7.236965
v 23.666711 3.096915 7.098238
v 23.903180 3.026783 6.937494
v 24.121320 2.947720 6.756279
v 24.319031 2.860488 6.556340
v 24.494409 2.765926 6.339601
v 24.645764 2.664945 6.108150
v 24.771639 2.558519 5.864216
v 24.870821 2.447671 5.610148
v 24.942356 2.333469 5.348393
v 24.985554 2.217013 5.081472
v 22.294051 3.731005 7.341931
v 22.585271 3.711435 7.303420
v 22.870854 3.679027 7.239648
v 23.148050 3.634093 7.151227
v 23.414190 3.577068 7.039011
v 23.666711 3.508498 6.904079
v 23.903180 3.429046 6.747731
v 24.121320 3.339476 6.571474
v 24.319031 3.240650 6.377003
v 24.494409 3.133521 6.166193
v 24.645764 3.019120 5.941073
v 24.771639 2.898549 5.703811
v 24.870821 2.772969 5.456693
v 24.942356 2.643590 5.202098
v 24.985554 2.511657 4.942478
v 22.294051 4.155808 7.110106
v 22.585271 4.134009 7.072811
v 22.870854 4.097911 7.011052
v 23.148050 4.047862 6.925424
v 23.414190 3.984344 6.816751
v 23.666711 3.907967 6.686080
v 23.903180 3.819469 6.534669
v 24.121320 3.719700 6.363976
v 24.319031 3.609622 6.175646
v 24.494409 3.490296 5.971492
v 24.645764 3.362870 5.753481
v 24.771639 3.228571 5.523711
v 24.870821 3.088692 5.284395
v 24.942356 2.944582 5.037839
v 22.294051 4.566261 6.853730
v 22.585271 4.542309 6.817780
v 22.870854 4.502646 6.758248
v 23.148050 4.447654 6.675707
v 23.414190 4.377861 6.570952
v 23.666711 4.293942 6.444993
v 23.903180 4.196702 6.299042
v 24.121320 4.087080 6.134504
v 24.319031 3.966131 5.952965
v 24.494409 3.835019 5.756172
v 24.645764 3.695007 5.546022
v 24.771639 3.547444 5.324537
v 24.870821 3.393750 5.093851
v 24.942356 3.235407 4.856185
v 24.985554 3.073938 4.613828
v 22.294051 4.960946 6.573688
v 22.585271 4.934924 6.539206
v 22.870854 4.891833 6.482107
v 23.148050 4.832087 6.402938
v 23.414190 4.756262 6.302464
v 23.666711 4.665089 6.181651
v 23.903180 4.559445 6.041664
v 24.121320 4.440347 5.883849
v 24.319031 4.308943 5.709728
v 24.494409 4.166499 5.520976
v 24.645764 4.014385 5.319412
v 24.771639 3.854067 5.106977
v 24.870821 3.687089 4.885716
v 24.942356 3.515059 4.657762
v 24.985554 3.339634 4.425308
v 22.294051 5.338501 6.270946
v 22.585271 5.310498 6.238053
v 22.870854 5.264128 6.183583
v 23.148050 5.199835 6.108060
v 23.414190 5.118240 6.012213
v 23.666711 5.020127 5.896964
v 23.903180 4.906443 5.763424
v 24.121320 4.778282 5.612877
v 24.319031 4.636877 5.446774
v 24.494409 4.483592 5.266715
v 24.645764 4.319902 5.074434
v 24.771639 4.147383 4.871782
v 24.870821 3.967697 4.660712
v 24.942356 3.782575 4.443255
v 24.985554 3.593798 4.221507
v 22.294051 5.697621 5.946550
v 22.585271 5.667735 5.915359
v 22.870854 5.618245 5.863706
v 23.148050 5.549628 5.792091
v 23.414190 5.462544 5.701202
v 23.666711 5.357831 5.591915
v 23.903180 5.236500 5.465282
v 24.121320 5.099717 5.322523
v 24.319031 4.948800 5.165013
v 24.494409 4.785203 4.994269
v 24.645764 4.610501 4.811934
v 24.771639 4.426377 4.619765
v 24.870821 4.234604 4.419614
v 24.942356 4.037028 4.213406
v 24.985554 3.835553 4.003128
v 22.294051 6.037068 5.601621
v 22.585271 6.005402 5.572239
v 22.870854 5.952963 5.523583
v 23.148050 5.880257 5.456121
v 23.414190 5.787985 5.370504
v 23.666711 5.677034 5.267556
v 23.903180 5.548474 5.148269
v 24.121320 5.403542 5.013791
v 24.319031 5.243634 4.865417
v 24.494409 5.070291 4.704576
v 24.645764 4.885181 4.532818
v 24.771639 4.690087 4.351796
v 24.870821 4.486888 4.163254
v 24.942356 4.277542 3.969008
v 22.294051 6.355669 5.237349
v 22.585271 6.322331 5.209878
v 22.870854 6.267125 5.164386
v 23.148050 6.190582 5.101311
v 23.414190 6.093440 5.021262
v 23.666711 5.976634 4.925009
v 23.903180 5.841289 4.813478
v 24.121320 5.688709 4.687745
v 24.319031 5.520362 4.549020
v 24.494409 5.337870 4.398639
v 24.645764 5.142991 4.238050
v 24.771639 4.937602 4.068800
v 24.870821 4.723680 3.892519
v 24.942356 4.503285 3.710904
v 24.985554 4.278541 3.525705
v 22.294051 6.652323 4.854993
v 22.585271 6.617429 4.829527
v 22.870854 6.559646 4.787356
v 23.148050 6.479531 4.728886
v 23.414190 6.377855 4.654681
v 23.666711 6.255597 4.565455
v 23.903180 6.113935 4.462067
v 24.121320 5.954232 4.345513
v 24.319031 5.778028 4.216916
v 24.494409 5.587018 4.077513
v 24.645764 5.383043 3.928648
v 24.771639 5.168067 3.771754
v 24.870821 4.944160 3.608343
v 24.942356 4.713478 3.439987
v 24.985554 4.478244 3.268308
v 22.294051 6.926006 4.455872
v 22.585271 6.889677 4.432499
v 22.870854 6.829517 4.393795
v 23.148050 6.746106 4.340132
v 23.414190 6.640246 4.272027
v 23.666711 6.512958 4.190136
v 23.903180 6.365468 4.095248
v 24.121320 6.199195 3.988275
v 24.319031 6.015742 3.870250
v 24.494409 5.816874 3.742307
v 24.645764 5.604507 3.605680
v 24.771639 5.380686 3.461685
v 24.870821 5.147568 3.311707
v 24.942356 4.907396 3.157191
v 24.985554 4.662483 2.999626
v 22.294051 7.175774 4.041364
v 22.585271 7.138134 4.020166
v 22.870854 7.075805 3.985062
v 23.148050 6.989385 3.936391
v 23.414190 6.879709 3.874622
v 23.666711 6.747831 3.800349
v 23.903180 6.595021 3.714287
v 24.121320 6.422752 3.617266
v 24.319031 6.232683 3.510220
v 24.494409 6.026644 3.394179
v 24.645764 5.806618 3.270262
v 24.771639 5.574726 3.139661
v 24.870821 5.333201 3.003635
v 24.942356 5.084367 2.863493
v 24.985554 4.830623 2.720586
v 22.294051 7.400763 3.612902
v 22.585271 7.361943 3.593951
v 22.870854 7.297660 3.562569
v 23.148050 7.208531 3.519058
v 23.414190 7.095415 3.463837
v 23.666711 6.959402 3.397439
v 23.903180 6.801802 3.320501
v 24.121320 6.624132 3.233766
v 24.319031 6.428103 3.138069
v 24.494409 6.215603 3.034331
v 24.645764 5.988679 2.923551
v 24.771639 5.749516 2.806797
v 24.870821 5.500418 2.685192
v 24.942356 5.243783 2.559908
v 22.294051 7.600197 3.171964
v 22.585271 7.560331 3.155326
v 22.870854 7.494315 3.127774
v 23.148050 7.402785 3.089573
v 23.414190 7.286621 3.041092
v 23.666711 7.146943 2.982797
v 23.903180 6.985095 2.915250
v 24.121320 6.802637 2.839100
v 24.319031 6.601326 2.755082
v 24.494409 6.383100 2.664005
v 24.645764 6.150061 2.566746
v 24.771639 5.904453 2.464240
v 24.870821 5.648642 2.357477
v 24.942356 5.385091 2.247483
v 24.985554 5.116339 2.135319
v 22.294051 7.773388 2.720073
v 22.585271 7.732613 2.705805
v 22.870854 7.665093 2.682179
v 23.148050 7.571477 2.649420
v 23.414190 7.452666 2.607846
v 23.666711 7.309805 2.557856
v 23.903180 7.144269 2.499931
v 24.121320 6.957653 2.434630
v 24.319031 6.751754 2.362582
v 24.494409 6.528556 2.284480
v 24.645764 6.290206 2.201077
v 24.771639 6.039002 2.113175
v 24.870821 5.777361 2.021621
v 24.942356 5.507805 1.927298
v 24.985554 5.232928 1.831112
v 22.294051 7.919736 2.258790
v 22.585271 7.878194 2.246942
v 22.870854 7.809403 2.227322
v 23.148050 7.714024 2.200119
v 23.414190 7.592976 2.165595
v 23.666711 7.447425 2.124082
v 23.903180 7.278773 2.075981
v 24.121320 7.088644 2.021754
v 24.319031 6.878869 1.961924
v 24.494409 6.651468 1.897067
v 24.645764 6.408631 1.827807
v 24.771639 6.152697 1.754812
v 24.870821 5.886131 1.678785
v 24.942356 5.611499 1.600457
v 24.985554 5.331447 1.520583
v 22.294051 8.038738 1.789707
v 22.585271 7.996572 1.780319
v 22.870854 7.926746 1.764774
v 23.148050 7.829934 1.743220
v 23.414190 7.707068 1.715865
v 23.666711 7.559330 1.682974
v 23.903180 7.388144 1.644862
v 24.121320 7.195158 1.601896
v 24.319031 6.982230 1.554491
v 24.494409 6.751412 1.503103
v 24.645764 6.504927 1.448226
v 24.771639 6.245147 1.390390
v 24.870821 5.974575 1.330151
v 24.942356 5.695817 1.268090
v 24.985554 5.411557 1.204804
v 22.294051 8.129981 1.314444
v 22.585271 8.087336 1.307549
v 22.870854 8.016719 1.296132
v 23.148050 7.918808 1.280302
v 23.414190 7.794546 1.260211
v 23.666711 7.645132 1.236054
v 23.903180 7.472002 1.208063
v 24.121320 7.276826 1.176507
v 24.319031 7.061482 1.141690
v 24.494409 6.828044 1.103949
v 24.645764 6.578761 1.063645
v 24.771639 6.316032 1.021167
v 24.870821 6.042390 0.976925
v 24.942356 5.760467 0.931344
v 22.294051 8.193151 0.834642
v 22.585271 8.150175 0.830264
v 22.870854 8.079009 0.823014
v 23.148050 7.980337 0.812963
v 23.414190 7.855110 0.800206
v 23.666711 7.704535 0.784866
v 23.903180 7.530060 0.767093
v 24.121320 7.333367 0.747055
v 24.319031 7.116350 0.724948
v 24.494409 6.881098 0.700982
v 24.645764 6.629878 0.675390
v 24.771639 6.365108 0.648418
v 24.870821 6.089339 0.620325
v 24.942356 5.805226 0.591383
v 24.985554 5.515506 0.561869
v 22.294051 8.228030 0.351958
v 22.585271 8.184871 0.350112
v 22.870854 8.113402 0.347055
v 23.148050 8.014310 0.342816
v 23.414190 7.888550 0.337437
v 23.666711 7.737333 0.330969
v 23.903180 7.562116 0.323473
v 24.121320 7.364586 0.315024
v 24.319031 7.146645 0.305701
v 24.494409 6.910391 0.295596
v 24.645764 6.658102 0.284804
v 24.771639 6.392205 0.273430
v 24.870821 6.115262 0.261584
v 24.942356 5.829940 0.249379
v 24.985554 5.538986 0.236933
v 22.294051 8.234497 -0.131941
v 22.585271 8.191304 -0.131249
v 22.870854 8.119779 -0.130103
v 23.148050 8.020609 -0.128514
v 23.414190 7.894750 -0.126497
v 23.666711 7.743415 -0.124072
v 23.903180 7.568060 -0.121263
v 24.121320 7.370374 -0.118095
v 24.319031 7.152262 -0.114600
v 24.494409 6.915823 -0.110812
v 24.645764 6.663335 -0.106766
v 24.771639 6.397229 -0.102502
v 24.870821 6.120068 -0.098061
v 24.942356 5.834522 -0.093486
v 24.985554 5.543340 -0.088821
v 22.294051 8.212530 -0.615384
v 22.585271 8.169453 -0.612157
v 22.870854 8.098118 -0.606811
v 23.148050 7.999213 -0.599400
v 23.414190 7.873690 -0.589994
v 23.666711 7.722758 -0.578685
v 23.903180 7.547871 -0.565580
v 24.121320 7.350713 -0.550806
v 24.319031 7.133182 -0.534506
v 24.494409 6.897374 -0.516837
v 24.645764 6.645559 -0.497968
v 24.771639 6.380164 -0.478081
v 24.870821 6.103742 -0.457368
v 24.942356 5.818958 -0.436028
v 24.985554 5.528552 -0.414268
v 22.294051 8.162205 -1.096703
v 22.585271 8.119392 -1.090950
v 22.870854 8.048494 -1.081424
v 23.148050 7.950195 -1.068217
v 23.414190 7.825441 -1.051454
v 23.666711 7.675434 -1.031299
v 23.903180 7.501619 -1.007944
v 24.121320 7.305669 -0.981616
v 24.319031 7.089471 -0.952567
v 24.494409 6.855108 -0.921077
v 24.645764 6.604836 -0.887449
v 24.771639 6.341067 -0.852008
v 24.870821 6.066339 -0.815095
v 24.942356 5.783300 -0.777065
v 22.294051 8.083696 -1.574235
v 22.585271 8.041294 -1.565977
v 22.870854 7.971078 -1.552303
v 23.148050 7.873725 -1.533344
v 23.414190 7.750171 -1.509283
v 23.666711 7.601607 -1.480352
v 23.903180 7.429463 -1.446828
v 24.121320 7.235398 -1.409035
v 24.319031 7.021280 -1.367338
v 24.494409 6.789171 -1.322136
v 24.645764 6.541307 -1.273867
v 24.771639 6.280074 -1.222994
v 24.870821 6.007989 -1.170008
v 24.942356 5.727672 -1.115418
v 24.985554 5.441823 -1.059751
v 22.294051 7.977273 -2.046330
v 22.585271 7.935429 -2.035597
v 22.870854 7.866138 -2.017822
v 23.148050 7.770066 -1.993178
v 23.414190 7.648139 -1.961901
v 23.666711 7.501531 -1.924293
v 23.903180 7.331653 -1.880716
v 24.121320 7.140143 -1.831590
v 24.319031 6.928844 -1.777387
v 24.494409 6.699791 -1.718631
v 24.645764 6.455190 -1.655886
v 24.771639 6.197396 -1.589756
v 24.870821 5.928893 -1.520880
v 24.942356 5.652267 -1.449920
v 24.985554 5.370180 -1.377559
v 22.294051 7.843304 -2.511360
v 22.585271 7.802163 -2.498187
v 22.870854 7.734036 -2.476373
v 23.148050 7.639577 -2.446128
v 23.414190 7.519698 -2.407744
v 23.666711 7.375552 -2.361590
v 23.903180 7.208527 -2.308110
v 24.121320 7.020233 -2.247820
v 24.319031 6.812482 -2.181300
v 24.494409 6.587276 -2.109190
v 24.645764 6.346783 -2.032186
v 24.771639 6.093319 -1.951029
v 24.870821 5.829325 -1.866501
v 24.942356 5.557344 -1.779415
v 24.985554 5.279995 -1.690610
v 22.294051 7.682357 -2.967446
v 22.585271 7.642165 -2.951611
v 22.870854 7.575538 -2.925570
v 23.148050 7.483117 -2.889574
v 23.414190 7.365794 -2.843971
v 23.666711 7.224696 -2.789199
v 23.903180 7.061184 -2.725786
v 24.121320 6.876833 -2.654343
v 24.319031 6.673417 -2.575556
v 24.494409 6.452896 -2.490186
v 24.645764 6.217393 -2.399052
v 24.771639 5.969178 -2.303033
v 24.870821 5.710641 -2.203052
v 24.942356 5.444271 -2.100071
v 24.985554 5.172636 -1.995080
v 22.294051 7.494673 -3.413828
v 22.585271 7.455361 -3.395922
v 22.870854 7.390262 -3.366269
v 23.148050 7.300002 -3.325155
v 23.414190 7.185451 -3.272977
v 23.666711 7.047712 -3.210237
v 23.903180 6.888112 -3.137539
v 24.121320 6.708187 -3.055583
v 24.319031 6.509671 -2.965159
v 24.494409 6.294475 -2.867137
v 24.645764 6.064671 -2.762461
v 24.771639 5.822474 -2.652140
v 24.870821 5.570214 -2.537236
v 24.942356 5.310323 -2.418855
v 24.985554 5.045302 -2.298138
v 22.294051 7.281215 -3.848150
v 22.585271 7.243022 -3.827965
v 22.870854 7.179777 -3.794540
v 23.148050 7.092088 -3.748196
v 23.414190 6.980800 -3.689380
v 23.666711 6.846984 -3.618657
v 23.903180 6.691929 -3.536710
v 24.121320 6.517129 -3.444328
v 24.319031 6.324267 -3.342399
v 24.494409 6.115200 -3.231907
v 24.645764 5.891941 -3.113914
v 24.771639 5.656642 -2.989557
v 24.870821 5.411567 -2.860034
v 24.942356 5.159078 -2.726592
v 24.985554 4.901605 -2.590517
v 22.294051 7.042614 -4.269185
v 22.585271 7.005673 -4.246791
v 22.870854 6.944500 -4.209709
v 23.148050 6.859685 -4.158294
v 23.414190 6.752043 -4.093043
v 23.666711 6.622612 -4.014582
v 23.903180 6.472639 -3.923669
v 24.121320 6.303567 -3.821179
v 24.319031 6.117024 -3.708098
v 24.494409 5.914808 -3.585516
v 24.645764 5.698866 -3.454614
v 24.771639 5.471277 -3.316651
v 24.870821 5.234233 -3.172957
v 24.942356 4.990018 -3.024915
v 24.985554 4.740982 -2.873951
v 22.294051 6.779695 -4.675477
v 22.585271 6.744133 -4.650953
v 22.870854 6.685244 -4.610341
v 23.148050 6.603595 -4.554033
v 23.414190 6.499972 -4.482572
v 23.666711 6.375373 -4.396645
v 23.903180 6.230998 -4.297080
v 24.121320 6.068238 -4.184836
v 24.319031 5.888660 -4.060993
v 24.494409 5.693993 -3.926745
v 24.645764 5.486113 -3.783385
v 24.771639 5.267020 -3.632292
v 24.870821 5.038826 -3.474923
v 24.942356 4.803727 -3.312792
v 24.985554 4.563989 -3.147461
v 22.294051 6.493224 -5.065806
v 22.585271 6.459024 -5.039415
v 22.870854 6.402485 -4.995590
v 23.148050 6.324152 -4.934753
v 23.414190 6.224778 -4.857491
v 23.666711 6.105322 -4.764548
v 23.903180 5.966933 -4.656817
v 24.121320 5.810944 -4.535339
v 24.319031 5.638857 -4.401281
v 24.494409 5.452329 -4.255936
v 24.645764 5.253157 -4.100704
v 24.771639 5.043258 -3.937079
v 24.870821 4.824654 -3.766639
v 24.942356 4.599448 -3.591026
v 24.985554 4.369809 -3.411932
v 22.294051 6.184614 -5.438282
v 22.585271 6.152173 -5.409756
v 22.870854 6.098453 -5.362518
v 23.148050 6.023971 -5.297024
v 23.414190 5.929443 -5.213904
v 23.666711 5.815781 -5.113958
v 23.903180 5.684078 -4.998149
v 24.121320 5.535604 -4.867592
v 24.319031 5.371788 -4.723544
v 24.494409 5.194208 -4.567394
v 24.645764 5.004574 -4.400644
v 24.771639 4.804712 -4.224901
v 24.870821 4.596548 -4.041856
v 24.942356 4.382085 -3.853274
v 24.985554 4.163389 -3.660970
v 22.294051 5.854506 -5.792159
v 22.585271 5.823797 -5.761777
v 22.870854 5.772945 -5.711466
v 23.148050 5.702438 -5.641710
v 23.414190 5.612955 -5.553181
v 23.666711 5.505360 -5.446731
v 23.903180 5.380687 -5.323386
v 24.121320 5.240138 -5.184334
v 24.319031 5.085066 -5.030913
v 24.494409 4.916964 -4.864602
v 24.645764 4.737452 -4.687001
v 24.771639 4.548258 -4.499822
v 24.870821 4.351204 -4.304866
v 24.942356 4.148188 -4.104013
v 24.985554 3.941166 -3.899195
v 22.294051 5.504183 -6.126036
v 22.585271 5.475312 -6.093903
v 22.870854 5.427502 -6.040692
v 23.148050 5.361214 -5.966915
v 23.414190 5.277086 -5.873282
v 23.666711 5.175929 -5.760697
v 23.903180 5.058717 -5.630242
v 24.121320 4.926578 -5.483174
v 24.319031 4.780785 -5.320910
v 24.494409 4.622742 -5.145011
v 24.645764 4.453971 -4.957174
v 24.771639 4.276098 -4.759205
v 24.870821 4.090836 -4.553012
v 24.942356 3.899968 -4.340580
v 24.985554 3.705333 -4.123956
v 22.294051 5.134854 -6.438760
v 22.585271 5.107920 -6.404986
v 22.870854 5.063318 -6.349059
v 23.148050 5.001478 -6.271515
v 23.414190 4.922995 -6.173103
v 23.666711 4.828626 -6.054770
v 23.903180 4.719278 -5.917656
v 24.121320 4.596006 -5.763081
v 24.319031 4.459995 -5.592533
v 24.494409 4.312557 -5.407655
v 24.645764 4.155111 -5.210229
v 24.771639 3.989173 -5.002154
v 24.870821 3.816342 -4.785435
v 24.942356 3.638281 -4.562159
v 24.985554 3.456706 -4.334476
v 22.294051 4.747794 -6.729250
v 22.585271 4.722890 -6.693953
v 22.870854 4.681650 -6.635502
v 23.148050 4.624471 -6.554460
v 23.414190 4.551905 -6.451608
v 23.666711 4.464649 -6.327937
v 23.903180 4.363543 -6.184636
v 24.121320 4.249563 -6.023087
v 24.319031 4.123805 -5.844845
v 24.494409 3.987481 -5.651627
v 24.645764 3.841903 -5.445293
v 24.771639 3.688473 -5.227831
v 24.870821 3.528670 -5.001334
v 24.942356 3.364031 -4.767985
v 22.294051 4.344339 -6.996504
v 22.585271 4.321552 -6.959805
v 22.870854 4.283816 -6.899033
v 23.148050 4.231496 -6.814772
v 23.414190 4.165096 -6.707836
v 23.666711 4.085255 -6.579252
v 23.903180 3.992741 -6.430261
v 24.121320 3.888447 -6.262295
v 24.319031 3.773376 -6.076974
v 24.494409 3.648636 -5.876082
v 24.645764 3.515429 -5.661554
v 22.294051 3.925883 -7.239599
v 22.585271 3.905291 -7.201625
v 22.870854 3.871190 -7.138741
v 23.148050 3.823910 -7.051553
v 23.414190 3.763906 -6.940901
v 23.666711 3.691755 -6.807850
v 23.903180 3.608152 -6.653681
v 24.121320 3.513904 -6.479880
v 25.000000 -2.000000 4.582576
v 25.000000 -2.333928 4.421853
v 25.000000 -2.655034 4.236838
v 25.000000 -2.961554 4.028548
v 25.000000 -3.251805 3.798126
v 25.000000 -3.524192 3.546839
v 25.000000 -3.777218 3.276068
v 25.000000 -4.009494 2.987299
v 25.000000 -4.219744 2.682119
v 25.000000 -4.406812 2.362205
v 25.000000 -4.569670 2.029313
v 25.000000 -4.707425 1.685274
v 25.000000 -4.819319 1.331976
v 25.000000 -4.904738 0.971361
v 25.000000 -4.963213 0.605409
v 25.000000 -4.994421 0.236132
v 25.000000 -4.998192 -0.134442
v 25.000000 -4.974505 -0.504278
v 25.000000 -4.923491 -0.871344
v 25.000000 -4.845428 -1.233622
v 25.000000 -4.740747 -1.589124
v 25.000000 -4.610022 -1.935896
v 25.000000 -4.453972 -2.272033
v 25.000000 -4.273453 -2.595688
v 25.000000 -4.069458 -2.905083
v 25.000000 -3.843107 -3.198520
v 25.000000 -3.595644 -3.474384
v 65.000000 2.000000 -6.500000
v 65.000000 2.000000 6.500000
v 65.000000 -2.000000 -4.582576
v 65.000000 -2.000000 -6.500000
v 65.000000 -2.000000 4.582576
v 65.000000 -2.000000 6.500000
v 65.000000 -2.336830 -4.420319
v 65.000000 -2.660595 -4.233348
v 65.000000 -2.969483 -4.022707
v 65.000000 -3.261768 -3.789574
v 65.000000 -3.535816 -3.535252
v 65.000000 -3.790094 -3.261163
v 65.000000 -4.023181 -2.968841
v 65.000000 -4.233773 -2.659919
v 65.000000 -4.420692 -2.336125
v 65.000000 -4.582895 -1.999269
v 65.000000 -4.719473 -1.651234
v 65.000000 -4.829664 -1.293967
v 65.000000 -4.912850 -0.929465
v 65.000000 -4.968567 -0.559766
v 65.000000 -4.996504 -0.186937
v 65.000000 -4.996504 0.186937
v 65.000000 -4.968567 0.559766
v 65.000000 -4.912850 0.929465
v 65.000000 -4.829664 1.293967
v 65.000000 -4.719473 1.651234
v 65.000000 -4.582895 1.999269
v 65.000000 -4.420692 2.336125
v 65.000000 -4.233773 2.659919
v 65.000000 -4.023181 2.968841
v 65.000000 -3.790094 3.261163
v 65.000000 -3.535816 3.535252
v 65.000000 -3.261768 3.789574
v 65.000000 -2.969483 4.022707
v 65.000000 -2.660595 4.233348
v 65.000000 -2.336830 4.420319
v 65.000000 0.000000 -8.160000
v 65.000000 0.483404 -8.145669
v 65.000000 0.965109 -8.102726
v 65.000000 1.443425 -8.031322
v 65.000000 1.916670 -7.931707
v 65.000000 2.383183 -7.804232
v 65.000000 2.841325 -7.649344
v 65.000000 3.289487 -7.467588
v 65.000000 3.726095 -7.259602
v 65.000000 4.149614 -7.026116
v 65.000000 4.558558 -6.767950
v 65.000000 4.951489 -6.486012
v 65.000000 5.327028 -6.181292
v 65.000000 5.683856 -5.854859
v 65.000000 6.020720 -5.507861
v 65.000000 6.336435 -5.141517
v 65.000000 6.629893 -4.757113
v 65.000000 6.900063 -4.355999
v 65.000000 7.145997 -3.939584
v 65.000000 7.366830 -3.509332
v 65.000000 7.561787 -3.066753
v 65.000000 7.730183 -2.613402
v 65.000000 7.871426 -2.150871
v 65.000000 7.985021 -1.680786
v 65.000000 8.070568 -1.204796
v 65.000000 8.127767 -0.724575
v 65.000000 8.156416 -0.241808
v 65.000000 8.156416 0.241808
v 65.000000 8.127767 0.724575
v 65.000000 8.070568 1.204796
v 65.000000 7.985021 1.680786
v 65.000000 7.871426 2.150871
v 65.000000 7.730183 2.613402
v 65.000000 7.561787 3.066753
v 65.000000 7.366830 3.509332
v 65.000000 7.145997 3.939584
v 65.000000 6.900063 4.355999
v 65.000000 6.629893 4.757113
v 65.000000 6.336435 5.141517
v 65.000000 6.020720 5.507861
v 65.000000 5.683856 5.854859
v 65.000000 5.327028 6.181292
v 65.000000 4.951489 6.486012
v 65.000000 4.558558 6.767950
v 65.000000 4.149614 7.026116
v 65.000000 3.726095 7.259602
v 65.000000 3.289487 7.467588
v 65.000000 2.841325 7.649344
v 65.000000 2.383183 7.804232
v 65.000000 1.916670 7.931707
v 65.000000 1.443425 8.031322
v 65.000000 0.965109 8.102726
v 65.000000 0.483404 8.145669
v 65.000000 0.000000 8.160000
v 65.000000 -0.483404 8.145669
v 65.000000 -0.965109 8.102726
v 65.000000 -1.443425 8.031322
v 65.000000 -1.916670 7.931707
v 65.000000 -2.383183 7.804232
v 65.000000 -2.841325 7.649344
v 65.000000 -3.289487 7.467588
v 65.000000 -3.726095 7.259602
v 65.000000 -4.149614 7.026116
v 65.000000 -4.558558 6.767950
v 65.000000 -4.951489 6.486012
v 65.000000 -5.327028 6.181292
v 65.000000 -5.683856 5.854859
v 65.000000 -6.020720 5.507861
v 65.000000 -6.336435 5.141517
v 65.000000 -6.629893 4.757113
v 65.000000 -6.900063 4.355999
v 65.000000 -7.145997 3.939584
v 65.000000 -7.366830 3.509332
v 65.000000 -7.561787 3.066753
v 65.000000 -7.730183 2.613402
v 65.000000 -7.871426 2.150871
v 65.000000 -7.985021 1.680786
v 65.000000 -8.070568 1.204796
v 65.000000 -8.127767 0.724575
v 65.000000 -8.156416 0.241808
v 65.000000 -8.156416 -0.241808
v 65.000000 -8.127767 -0.724575
v 65.000000 -8.070568 -1.204796
v 65.000000 -7.985021 -1.680786
v 65.000000 -7.871426 -2.150871
v 65.000000 -7.730183 -2.613402
v 65.000000 -7.561787 -3.066753
v 65.000000 -7.366830 -3.509332
v 65.000000 -7.145997 -3.939584
v 65.000000 -6.900063 -4.355999
v 65.000000 -6.629893 -4.757113
v 65.000000 -6.336435 -5.141517
v 65.000000 -6.020720 -5.507861
v 65.000000 -5.683856 -5.854859
v 65.000000 -5.327028 -6.181292
v 65.000000 -4.951489 -6.486012
v 65.000000 -4.558558 -6.767950
v 65.000000 -4.149614 -7.026116
v 65.000000 -3.726095 -7.259602
v 65.000000 -3.289487 -7.467588
v 65.000000 -2.841325 -7.649344
v 65.000000 -2.383183 -7.804232
v 65.000000 -1.916670 -7.931707
v 65.000000 -1.443425 -8.031322
v 65.000000 -0.965109 -8.102726
v 65.000000 -0.483404 -8.145669
v 33.000000 -2.336830 -4.420319
v 41.000000 -2.336830 -4.420319
v 49.000000 -2.336830 -4.420319
v 57.000000 -2.336830 -4.420319
v 33.000000 -2.660595 -4.233348
v 41.000000 -2.660595 -4.233348
v 49.000000 -2.660595 -4.233348
v 57.000000 -2.660595 -4.233348
v 33.000000 -2.969483 -4.022707
v 41.000000 -2.969483 -4.022707
v 49.000000 -2.969483 -4.022707
v 57.000000 -2.969483 -4.022707
v 33.000000 -3.261768 -3.789574
v 41.000000 -3.261768 -3.789574
v 49.000000 -3.261768 -3.789574
v 57.000000 -3.261768 -3.789574
v 33.000000 -3.535816 -3.535252
v 41.000000 -3.535816 -3.535252
v 49.000000 -3.535816 -3.535252
v 57.000000 -3.535816 -3.535252
v 33.000000 -3.790094 -3.261163
v 41.000000 -3.790094 -3.261163
v 49.000000 -3.790094 -3.261163
v 57.000000 -3.790094 -3.261163
v 33.000000 -4.023181 -2.968841
v 41.000000 -4.023181 -2.968841
v 49.000000 -4.023181 -2.968841
v 57.000000 -4.023181 -2.968841
v 33.000000 -4.233773 -2.659919
v 41.000000 -4.233773 -2.659919
v 49.000000 -4.233773 -2.659919
v 57.000000 -4.233773 -2.659919
v 33.000000 -4.420692 -2.336125
v 41.000000 -4.420692 -2.336125
v 49.000000 -4.420692 -2.336125
v 57.000000 -4.420692 -2.336125
v 33.000000 -4.582895 -1.999269
v 41.000000 -4.582895 -1.999269
v 49.000000 -4.582895 -1.999269
v 57.000000 -4.582895 -1.999269
v 33.000000 -4.719473 -1.651234
v 41.000000 -4.719473 -1.651234
v 49.000000 -4.719473 -1.651234
v 57.000000 -4.719473 -1.651234
v 33.000000 -4.829664 -1.293967
v 41.000000 -4.829664 -1.293967
v 49.000000 -4.829664 -1.293967
v 57.000000 -4.829664 -1.293967
v 33.000000 -4.912850 -0.929465
v 41.000000 -4.912850 -0.929465
v 49.000000 -4.912850 -0.929465
v 57.000000 -4.912850 -0.929465
v 33.000000 -4.968567 -0.559766
v 41.000000 -4.968567 -0.559766
v 49.000000 -4.968567 -0.559766
v 57.000000 -4.968567 -0.559766
v 33.000000 -4.996504 -0.186937
v 41.000000 -4.996504 -0.186937
v 49.000000 -4.996504 -0.186937
v 57.000000 -4.996504 -0.186937
v 33.000000 -4.996504 0.186937
v 41.000000 -4.996504 0.186937
v 49.000000 -4.996504 0.186937
v 57.000000 -4.996504 0.186937
v 33.000000 -4.968567 0.559766
v 41.000000 -4.968567 0.559766
v 49.000000 -4.968567 0.559766
v 57.000000 -4.968567 0.559766
v 33.000000 -4.912850 0.929465
v 41.000000 -4.912850 0.929465
v 49.000000 -4.912850 0.929465
v 57.000000 -4.912850 0.929465
v 33.000000 -4.829664 1.293967
v 41.000000 -4.829664 1.293967
v 49.000000 -4.829664 1.293967
v 57.000000 -4.829664 1.293967
v 33.000000 -4.719473 1.651234
v 41.000000 -4.719473 1.651234
v 49.000000 -4.719473 1.651234
v 57.000000 -4.719473 1.651234
v 33.000000 -4.582895 1.999269
v 41.000000 -4.582895 1.999269
v 49.000000 -4.582895 1.999269
v 57.000000 -4.582895 1.999269
v 33.000000 -4.420692 2.336125
v 41.000000 -4.420692 2.336125
v 49.000000 -4.420692 2.336125
v 57.000000 -4.420692 2.336125
v 33.000000 -4.233773 2.659919
v 41.000000 -4.233773 2.659919
v 49.000000 -4.233773 2.659919
v 57.000000 -4.233773 2.659919
v 33.000000 -4.023181 2.968841
v 41.000000 -4.023181 2.968841
v 49.000000 -4.023181 2.968841
v 57.000000 -4.023181 2.968841
v 33.000000 -3.790094 3.261163
v 41.000000 -3.790094 3.261163
v 49.000000 -3.790094 3.261163
v 57.000000 -3.790094 3.261163
v 33.000000 -3.535816 3.535252
v 41.000000 -3.535816 3.535252
v 49.000000 -3.535816 3.535252
v 57.000000 -3.535816 3.535252
v 33.000000 -3.261768 3.789574
v 41.000000 -3.261768 3.789574
v 49.000000 -3.261768 3.789574
v 57.000000 -3.261768 3.789574
v 33.000000 -2.969483 4.022707
v 41.000000 -2.969483 4.022707
v 49.000000 -2.969483 4.022707
v 57.000000 -2.969483 4.022707
v 33.000000 -2.660595 4.233348
v 41.000000 -2.660595 4.233348
v 49.000000 -2.660595 4.233348
v 57.000000 -2.660595 4.233348
v 33.000000 -2.334508 4.421546
v 41.000000 -2.335089 4.421240
v 49.000000 -2.335669 4.420933
v 57.000000 -2.336250 4.420626
v 45.000000 0.000000 -8.160000
v 45.000000 0.483404 -8.145669
v 45.000000 0.965109 -8.102726
v 45.000000 1.443425 -8.031322
v 45.000000 1.916670 -7.931707
v 45.000000 2.383183 -7.804232
v 45.000000 2.841325 -7.649344
v 45.000000 3.289487 -7.467588
v 45.000000 3.726095 -7.259602
v 45.000000 4.149614 -7.026116
v 45.000000 4.558558 -6.767950
v 45.000000 4.951489 -6.486012
v 45.000000 5.327028 -6.181292
v 45.000000 5.683856 -5.854859
v 45.000000 6.020720 -5.507861
v 45.000000 6.336435 -5.141517
v 45.000000 6.629893 -4.757113
v 45.000000 6.900063 -4.355999
v 45.000000 7.145997 -3.939584
v 45.000000 7.366830 -3.509332
v 45.000000 7.561787 -3.066753
v 45.000000 7.730183 -2.613402
v 45.000000 7.871426 -2.150871
v 45.000000 7.985021 -1.680786
v 45.000000 8.070568 -1.204796
v 45.000000 8.127767 -0.724575
v 45.000000 8.156416 -0.241808
v 45.000000 8.156416 0.241808
v 45.000000 8.127767 0.724575
v 45.000000 8.070568 1.204796
v 45.000000 7.985021 1.680786
v 45.000000 7.871426 2.150871
v 45.000000 7.730183 2.613402
v 45.000000 7.561787 3.066753
v 45.000000 7.366830 3.509332
v 45.000000 7.145997 3.939584
v 45.000000 6.900063 4.355999
v 45.000000 6.629893 4.757113
v 45.000000 6.336435 5.141517
v 45.000000 6.020720 5.507861
v 45.000000 5.683856 5.854859
v 45.000000 5.327028 6.181292
v 45.000000 4.951489 6.486012
v 45.000000 4.558558 6.767950
v 45.000000 4.149614 7.026116
v 45.000000 3.726095 7.259602
v 45.000000 3.289487 7.467588
v 45.000000 2.841325 7.649344
v 45.000000 2.383183 7.804232
v 45.000000 1.916670 7.931707
v 45.000000 1.443425 8.031322
v 45.000000 0.965109 8.102726
v 45.000000 0.483404 8.145669
v 45.000000 0.000000 8.160000
v 45.000000 -0.483404 8.145669
v 45.000000 -0.965109 8.102726
v 45.000000 -1.443425 8.031322
v 45.000000 -1.916670 7.931707
v 45.000000 -2.383183 7.804232
v 45.000000 -2.841325 7.649344
v 45.000000 -3.289487 7.467588
v 45.000000 -3.726095 7.259602
v 45.000000 -4.149614 7.026116
v 45.000000 -4.558558 6.767950
v 45.000000 -4.951489 6.486012
v 45.000000 -5.327028 6.181292
v 45.000000 -5.683856 5.854859
v 45.000000 -6.020720 5.507861
v 45.000000 -6.336435 5.141517
v 45.000000 -6.629893 4.757113
v 45.000000 -6.900063 4.355999
v 45.000000 -7.145997 3.939584
v 45.000000 -7.366830 3.509332
v 45.000000 -7.561787 3.066753
v 45.000000 -7.730183 2.613402
v 45.000000 -7.871426 2.150871
v 45.000000 -7.985021 1.680786
v 45.000000 -8.070568 1.204796
v 45.000000 -8.127767 0.724575
v 45.000000 -8.156416 0.241808
v 45.000000 -8.156416 -0.241808
v 45.000000 -8.127767 -0.724575
v 45.000000 -8.070568 -1.204796
v 45.000000 -7.985021 -1.680786
v 45.000000 -7.871426 -2.150871
v 45.000000 -7.730183 -2.613402
v 45.000000 -7.561787 -3.066753
v 45.000000 -7.366830 -3.509332
v 45.000000 -7.145997 -3.939584
v 45.000000 -6.900063 -4.355999
v 45.000000 -6.629893 -4.757113
v 45.000000 -6.336435 -5.141517
v 45.000000 -6.020720 -5.507861
v 45.000000 -5.683856 -5.854859
v 45.000000 -5.327028 -6.181292
v 45.000000 -4.951489 -6.486012
v 45.000000 -4.558558 -6.767950
v 45.000000 -4.149614 -7.026116
v 45.000000 -3.726095 -7.259602
v 45.000000 -3.289487 -7.467588
v 45.000000 -2.841325 -7.649344
v 45.000000 -2.383183 -7.804232
v 45.000000 -1.916670 -7.931707
v 45.000000 -1.443425 -8.031322
v 45.000000 -0.965109 -8.102726
v 45.000000 -0.483404 -8.145669
v 55.000000 0.000000 -8.160000
v 55.000000 -0.483404 -8.145669
v 55.000000 -0.965109 -8.102726
v 55.000000 -1.443425 -8.031322
v 55.000000 -1.916670 -7.931707
v 55.000000 -2.383183 -7.804232
v 55.000000 -2.841325 -7.649344
v 55.000000 -3.289487 -7.467588
v 55.000000 -3.726095 -7.259602
v 55.000000 -4.149614 -7.026116
v 55.000000 -4.558558 -6.767950
v 55.000000 -4.951489 -6.486012
v 55.000000 -5.327028 -6.181292
v 55.000000 -5.683856 -5.854859
v 55.000000 -6.020720 -5.507861
v 55.000000 -6.336435 -5.141517
v 55.000000 -6.629893 -4.757113
v 55.000000 -6.900063 -4.355999
v 55.000000 -7.145997 -3.939584
v 55.000000 -7.366830 -3.509332
v 55.000000 -7.561787 -3.066753
v 55.000000 -7.730183 -2.613402
v 55.000000 -7.871426 -2.150871
v 55.000000 -7.985021 -1.680786
v 55.000000 -8.070568 -1.204796
v 55.000000 -8.127767 -0.724575
v 55.000000 -8.156416 -0.241808
v 55.000000 -8.156416 0.241808
v 55.000000 -8.127767 0.724575
v 55.000000 -8.070568 1.204796
v 55.000000 -7.985021 1.680786
v 55.000000 -7.871426 2.150871
v 55.000000 -7.730183 2.613402
v 55.000000 -7.561787 3.066753
v 55.000000 -7.366830 3.509332
v 55.000000 -7.145997 3.939584
v 55.000000 -6.900063 4.355999
v 55.000000 -6.629893 4.757113
v 55.000000 -6.336435 5.141517
v 55.000000 -6.020720 5.507861
v 55.000000 -5.683856 5.854859
v 55.000000 -5.327028 6.181292
v 55.000000 -4.951489 6.486012
v 55.000000 -4.558558 6.767950
v 55.000000 -4.149614 7.026116
v 55.000000 -3.726095 7.259602
v 55.000000 -3.289487 7.467588
v 55.000000 -2.841325 7.649344
v 55.000000 -2.383183 7.804232
v 55.000000 -1.916670 7.931707
v 55.000000 -1.443425 8.031322
v 55.000000 -0.965109 8.102726
v 55.000000 -0.483404 8.145669
v 55.000000 0.000000 8.160000
v 55.000000 0.483404 8.145669
v 55.000000 0.965109 8.102726
v 55.000000 1.443425 8.031322
v 55.000000 1.916670 7.931707
v 55.000000 2.383183 7.804232
v 55.000000 2.841325 7.649344
v 55.000000 3.289487 7.467588
v 55.000000 3.726095 7.259602
v 55.000000 4.149614 7.026116
v 55.000000 4.558558 6.767950
v 55.000000 4.951489 6.486012
v 55.000000 5.327028 6.181292
v 55.000000 5.683856 5.854859
v 55.000000 6.020720 5.507861
v 55.000000 6.336435 5.141517
v 55.000000 6.629893 4.757113
v 55.000000 6.900063 4.355999
v 55.000000 7.145997 3.939584
v 55.000000 7.366830 3.509332
v 55.000000 7.561787 3.066753
v 55.000000 7.730183 2.613402
v 55.000000 7.871426 2.150871
v 55.000000 7.985021 1.680786
v 55.000000 8.070568 1.204796
v 55.000000 8.127767 0.724575
v 55.000000 8.156416 0.241808
v 55.000000 8.156416 -0.241808
v 55.000000 8.127767 -0.724575
v 55.000000 8.070568 -1.204796
v 55.000000 7.985021 -1.680786
v 55.000000 7.871426 -2.150871
v 55.000000 7.730183 -2.613402
v 55.000000 7.561787 -3.066753
v 55.000000 7.366830 -3.509332
v 55.000000 7.145997 -3.939584
v 55.000000 6.900063 -4.355999
v 55.000000 6.629893 -4.757113
v 55.000000 6.336435 -5.141517
v 55.000000 6.020720 -5.507861
v 55.000000 5.683856 -5.854859
v 55.000000 5.327028 -6.181292
v 55.000000 4.951489 -6.486012
v 55.000000 4.558558 -6.767950
v 55.000000 4.149614 -7.026116
v 55.000000 3.726095 -7.259602
v 55.000000 3.289487 -7.467588
v 55.000000 2.841325 -7.649344
v 55.000000 2.383183 -7.804232
v 55.000000 1.916670 -7.931707
v 55.000000 1.443425 -8.031322
v 55.000000 0.965109 -8.102726
v 55.000000 0.483404 -8.145669
vt -0.000000 0.747078 0.000000
vt -0.000000 1.079687 0.000000
vt -2.200000 0.747078 0.000000
vt -2.400000 1.079687 0.000000
vt -2.213396 0.746681 0.000000
vt -2.227186 0.745519 0.000000
vt -2.255250 0.741049 0.000000
vt -2.282796 0.733979 0.000000
vt -2.295939 0.729566 0.000000
vt -2.308428 0.724620 0.000000
vt -2.320554 0.718999 0.000000
vt -2.332750 0.712552 0.000000
vt -2.356827 0.697552 0.000000
vt -2.379598 0.680368 0.000000
vt -2.390161 0.671191 0.000000
vt -2.400000 0.661749 0.000000
vt 1.079687 -0.471239 0.000000
vt 1.079807 -0.456890 0.000000
vt 0.661749 -0.471239 0.000000
vt 0.640958 -0.452196 0.000000
vt 0.753507 -0.441786 0.000000
vt 0.618849 -0.434895 0.000000
vt 0.595406 -0.419389 0.000000
vt 0.753507 -0.412334 0.000000
vt 0.570611 -0.405765 0.000000
vt 0.556920 -0.399332 0.000000
vt 0.753507 -0.382907 0.000000
vt 0.541220 -0.392845 0.000000
vt 0.523440 -0.386598 0.000000
vt 0.503508 -0.380885 0.000000
vt 0.481352 -0.376002 0.000000
vt 0.456907 -0.372248 0.000000
vt 0.431459 -0.370000 0.000000
vt 0.753507 -0.353429 0.000000
vt 0.377412 -0.355537 0.000000
vt 0.382067 -0.341850 0.000000
vt 0.753507 -0.323977 0.000000
vt 0.392223 -0.314701 0.000000
vt 0.753507 -0.294524 0.000000
vt 0.403146 -0.287940 0.000000
vt 0.753507 -0.265072 0.000000
vt 0.414398 -0.261706 0.000000
vt 0.753507 -0.235549 0.000000
vt 0.425545 -0.236153 0.000000
vt 0.436633 -0.210457 0.000000
vt 0.753507 -0.206167 0.000000
vt 0.447654 -0.184045 0.000000
vt 0.753507 -0.176715 0.000000
vt 0.458258 -0.157080 0.000000
vt 0.650000 -0.157080 0.000000
vt 0.753507 -0.147262 0.000000
vt 0.650000 -0.130900 0.000000
vt 1.120833 -0.133074 0.000000
vt 0.753507 -0.117810 0.000000
vt 1.122931 -0.118106 0.000000
vt 1.124890 -0.103124 0.000000
vt 1.080161 -0.442350 0.000000
vt 1.080744 -0.427652 0.000000
vt 1.081550 -0.412830 0.000000
vt 1.082573 -0.397916 0.000000
vt 1.083807 -0.382942 0.000000
vt 1.085246 -0.367937 0.000000
vt 1.086883 -0.352926 0.000000
vt 1.088704 -0.337931 0.000000
vt 1.090678 -0.322970 0.000000
vt 1.092782 -0.308067 0.000000
vt 1.094990 -0.293250 0.000000
vt 1.099611 -0.263999 0.000000
vt 1.104339 -0.235474 0.000000
vt 1.109136 -0.206931 0.000000
vt 1.113961 -0.177694 0.000000
vt 1.116325 -0.162893 0.000000
vt 1.118623 -0.148011 0.000000
vt 1.126697 -0.088148 0.000000
vt 0.753507 -0.088312 0.000000
vt 0.650000 -0.104720 0.000000
vt 1.128342 -0.073204 0.000000
vt 0.753507 -0.058905 0.000000
vt 0.650000 -0.078540 0.000000
vt 0.650000 -0.052360 0.000000
vt 0.753507 -0.029452 0.000000
vt 0.650000 -0.026180 0.000000
vt 0.650000 0.000000 0.000000
vt 1.133169 -0.014333 0.000000
vt 1.133898 0.000000 0.000000
vt 1.129820 -0.058319 0.000000
vt 1.131122 -0.043524 0.000000
vt 1.132241 -0.028851 0.000000
vt 0.373116 -0.369288 0.000000
vt 0.406006 -0.369288 0.000000
vt -0.000000 1.133898 0.000000
vt -0.033329 1.134878 0.000000
vt -0.000000 0.650000 0.000000
vt -0.066671 1.134878 0.000000
vt -0.100000 0.650000 0.000000
vt -0.100000 1.133898 0.000000
vt -2.400000 1.079687 0.000000
vt -0.200000 0.747078 0.000000
vt 0.000000 1.079687 0.000000
vt -0.186604 0.746681 0.000000
vt -0.172814 0.745519 0.000000
vt -2.400000 0.747078 0.000000
vt -0.144750 0.741049 0.000000
vt -0.117204 0.733979 0.000000
vt -0.104061 0.729566 0.000000
vt -0.091572 0.724620 0.000000
vt -0.079446 0.718999 0.000000
vt -0.067250 0.712552 0.000000
vt -0.043173 0.697552 0.000000
vt -0.020402 0.680368 0.000000
vt -0.009839 0.671191 0.000000
vt 0.000000 0.661749 0.000000
vt 1.133169 -0.456906 0.000000
vt 0.753507 -0.441786 0.000000
vt 1.133898 -0.471239 0.000000
vt 0.650000 -0.445059 0.000000
vt 0.650000 -0.471239 0.000000
vt 1.132241 -0.442388 0.000000
vt 1.131122 -0.427715 0.000000
vt 0.753507 -0.412334 0.000000
vt 1.129820 -0.412920 0.000000
vt 1.128342 -0.398035 0.000000
vt 0.753507 -0.382927 0.000000
vt 1.126697 -0.383091 0.000000
vt 1.124890 -0.368115 0.000000
vt 1.122931 -0.353133 0.000000
vt 0.753507 -0.353429 0.000000
vt 0.650000 -0.366519 0.000000
vt 0.650000 -0.392699 0.000000
vt 0.650000 -0.418879 0.000000
vt 1.120833 -0.338164 0.000000
vt 0.650000 -0.340339 0.000000
vt 0.753507 -0.323977 0.000000
vt 1.118623 -0.323228 0.000000
vt 1.116325 -0.308346 0.000000
vt 0.753507 -0.294524 0.000000
vt 1.113961 -0.293545 0.000000
vt 0.753507 -0.265072 0.000000
vt 1.109136 -0.264308 0.000000
vt 1.104339 -0.235765 0.000000
vt 0.753507 -0.235690 0.000000
vt 1.099611 -0.207240 0.000000
vt 0.753507 -0.206167 0.000000
vt 1.094990 -0.177989 0.000000
vt 0.753507 -0.176715 0.000000
vt 1.092782 -0.163172 0.000000
vt 0.753507 -0.147262 0.000000
vt 1.090678 -0.148269 0.000000
vt 1.088704 -0.133308 0.000000
vt 0.753507 -0.117810 0.000000
vt 1.086883 -0.118312 0.000000
vt 1.085246 -0.103302 0.000000
vt 0.753507 -0.088332 0.000000
vt 1.083807 -0.088297 0.000000
vt 1.082573 -0.073323 0.000000
vt 0.753507 -0.058905 0.000000
vt 1.081550 -0.058409 0.000000
vt 1.080744 -0.043587 0.000000
vt 0.753507 -0.029452 0.000000
vt 1.080161 -0.028889 0.000000
vt 1.079807 -0.014349 0.000000
vt 1.079687 0.000000 0.000000
vt 0.661749 0.000000 0.000000
vt 0.641001 -0.019008 0.000000
vt 0.618696 -0.036458 0.000000
vt 0.594783 -0.052229 0.000000
vt 0.569209 -0.066166 0.000000
vt 0.555714 -0.072424 0.000000
vt 0.540665 -0.078602 0.000000
vt 0.523626 -0.084601 0.000000
vt 0.504490 -0.090137 0.000000
vt 0.483152 -0.094925 0.000000
vt 0.459505 -0.098682 0.000000
vt 0.433442 -0.101121 0.000000
vt 0.377412 -0.115702 0.000000
vt 0.406006 -0.101951 0.000000
vt 0.373116 -0.101951 0.000000
vt 0.382067 -0.129389 0.000000
vt 0.392223 -0.156538 0.000000
vt 0.403146 -0.183299 0.000000
vt 0.414398 -0.209533 0.000000
vt 0.425545 -0.235086 0.000000
vt 0.436633 -0.260781 0.000000
vt 0.447654 -0.287194 0.000000
vt 0.458258 -0.314159 0.000000
vt 0.650000 -0.314159 0.000000
vt -4.500000 -0.057051 0.000000
vt -3.375000 -0.028526 0.000000
vt -4.500000 0.000000 0.000000
vt -3.375000 0.028526 0.000000
vt -4.500000 0.057051 0.000000
vt -3.375000 0.085577 0.000000
vt -4.500000 0.114103 0.000000
vt -3.375000 0.142628 0.000000
vt -4.500000 0.171154 0.000000
vt -3.375000 0.199680 0.000000
vt -4.500000 0.228205 0.000000
vt -3.375000 0.256731 0.000000
vt -4.500000 0.285257 0.000000
vt -3.375000 0.313782 0.000000
vt -4.500000 0.342308 0.000000
vt -3.375000 0.370834 0.000000
vt -4.500000 0.399359 0.000000
vt -3.375000 0.427885 0.000000
vt -4.500000 0.456411 0.000000
vt -3.375000 0.484936 0.000000
vt -4.500000 0.513462 0.000000
vt -3.375000 0.541988 0.000000
vt -4.500000 0.570513 0.000000
vt -3.375000 0.599039 0.000000
vt -4.500000 0.627565 0.000000
vt -3.375000 0.656090 0.000000
vt -4.500000 0.684616 0.000000
vt -3.375000 0.713142 0.000000
vt -4.500000 0.741667 0.000000
vt -3.375000 0.770193 0.000000
vt -4.500000 0.798719 0.000000
vt -3.375000 0.827244 0.000000
vt -4.500000 0.855770 0.000000
vt -3.375000 0.884295 0.000000
vt -4.500000 0.912821 0.000000
vt -3.375000 0.941347 0.000000
vt -4.500000 0.969872 0.000000
vt -3.375000 0.998398 0.000000
vt -4.500000 1.026924 0.000000
vt -3.375000 1.055449 0.000000
vt -4.500000 1.083975 0.000000
vt -3.375000 1.112501 0.000000
vt -4.500000 1.141026 0.000000
vt -3.375000 1.169552 0.000000
vt -4.500000 1.198078 0.000000
vt -3.375000 1.226603 0.000000
vt -4.500000 1.255129 0.000000
vt -3.375000 1.283655 0.000000
vt -4.500000 1.312180 0.000000
vt -3.375000 1.340706 0.000000
vt -4.500000 1.369232 0.000000
vt -3.375000 1.397757 0.000000
vt -4.500000 1.426283 0.000000
vt -3.375000 1.454809 0.000000
vt -4.500000 1.483334 0.000000
vt -3.375000 1.511860 0.000000
vt -4.500000 1.540386 0.000000
vt -3.375000 1.568911 0.000000
vt -4.500000 1.597437 0.000000
vt -3.375000 1.625963 0.000000
vt -4.500000 1.654488 0.000000
vt -3.375000 1.683014 0.000000
vt -4.500000 1.711540 0.000000
vt -3.375000 1.740065 0.000000
vt -4.500000 1.768591 0.000000
vt -3.375000 1.797117 0.000000
vt -4.500000 1.825642 0.000000
vt -3.375000 1.854061 0.000000
vt -4.500000 1.882694 0.000000
vt -3.375000 1.911219 0.000000
vt -4.500000 1.939745 0.000000
vt -3.375000 1.968151 0.000000
vt -4.500000 1.996796 0.000000
vt -3.375000 2.025427 0.000000
vt -4.500000 2.053848 0.000000
vt -3.375000 2.082480 0.000000
vt -4.500000 2.110899 0.000000
vt -3.375000 2.139533 0.000000
vt -4.500000 2.167950 0.000000
vt -3.375000 2.196586 0.000000
vt -4.500000 2.225002 0.000000
vt -3.375000 2.253639 0.000000
vt -4.500000 2.282053 0.000000
vt -3.375000 2.310692 0.000000
vt -4.500000 2.339104 0.000000
vt -3.375000 2.367745 0.000000
vt -4.500000 2.396156 0.000000
vt -3.375000 2.424798 0.000000
vt -4.500000 2.453207 0.000000
vt -3.375000 2.481851 0.000000
vt -4.500000 2.510258 0.000000
vt -3.375000 2.538904 0.000000
vt -4.500000 2.567310 0.000000
vt -3.375000 2.595957 0.000000
vt -4.500000 2.624361 0.000000
vt -3.375000 2.653010 0.000000
vt -4.500000 2.681412 0.000000
vt -3.375000 2.710063 0.000000
vt -4.500000 2.738463 0.000000
vt -3.375000 2.767116 0.000000
vt -4.500000 2.795515 0.000000
vt -3.375000 2.824169 0.000000
vt -4.500000 2.852566 0.000000
vt -3.375000 2.881222 0.000000
vt -4.500000 2.909617 0.000000
vt -3.375000 2.938275 0.000000
vt -4.500000 2.966669 0.000000
vt -3.375000 2.995328 0.000000
vt -4.500000 3.023720 0.000000
vt -3.375000 3.052381 0.000000
vt -4.500000 3.080771 0.000000
vt -3.375000 3.109434 0.000000
vt -4.500000 3.137823 0.000000
vt -3.375000 3.166487 0.000000
vt -4.500000 3.194874 0.000000
vt -3.375000 3.223540 0.000000
vt -4.500000 3.251925 0.000000
vt -3.375000 3.280593 0.000000
vt -4.500000 3.308977 0.000000
vt -3.375000 3.337502 0.000000
vt -4.500000 3.366028 0.000000
vt -3.375000 3.394554 0.000000
vt -4.500000 3.423079 0.000000
vt -3.375000 3.451605 0.000000
vt -4.500000 3.480131 0.000000
vt -3.375000 3.508656 0.000000
vt -4.500000 3.537182 0.000000
vt -3.375000 3.565708 0.000000
vt -4.500000 3.594233 0.000000
vt -4.500000 -3.537182 0.000000
vt -3.375000 -3.565708 0.000000
vt -3.375000 -3.508656 0.000000
vt -4.500000 -3.480131 0.000000
vt -3.375000 -3.451605 0.000000
vt -4.500000 -3.423079 0.000000
vt -3.375000 -3.394554 0.000000
vt -4.500000 -3.366028 0.000000
vt -3.375000 -3.337502 0.000000
vt -4.500000 -3.308977 0.000000
vt -3.375000 -3.280451 0.000000
vt -4.500000 -3.251925 0.000000
vt -3.375000 -3.223400 0.000000
vt -4.500000 -3.194874 0.000000
vt -3.375000 -3.166348 0.000000
vt -4.500000 -3.137823 0.000000
vt -3.375000 -3.109297 0.000000
vt -4.500000 -3.080771 0.000000
vt -3.375000 -3.052246 0.000000
vt -4.500000 -3.023720 0.000000
vt -3.375000 -2.995194 0.000000
vt -4.500000 -2.966669 0.000000
vt -3.375000 -2.938143 0.000000
vt -4.500000 -2.909617 0.000000
vt -3.375000 -2.881092 0.000000
vt -4.500000 -2.852566 0.000000
vt -3.375000 -2.824040 0.000000
vt -4.500000 -2.795515 0.000000
vt -3.375000 -2.766989 0.000000
vt -4.500000 -2.738463 0.000000
vt -3.375000 -2.709938 0.000000
vt -4.500000 -2.681412 0.000000
vt -3.375000 -2.652886 0.000000
vt -4.500000 -2.624361 0.000000
vt -3.375000 -2.595835 0.000000
vt -4.500000 -2.567310 0.000000
vt -3.375000 -2.538784 0.000000
vt -4.500000 -2.510258 0.000000
vt -3.375000 -2.481733 0.000000
vt -4.500000 -2.453207 0.000000
vt -3.375000 -2.424681 0.000000
vt -4.500000 -2.396156 0.000000
vt -3.375000 -2.367630 0.000000
vt -4.500000 -2.339104 0.000000
vt -3.375000 -2.310579 0.000000
vt -4.500000 -2.282053 0.000000
vt -3.375000 -2.253527 0.000000
vt -4.500000 -2.225002 0.000000
vt -3.375000 -2.196476 0.000000
vt -4.500000 -2.167950 0.000000
vt -3.375000 -2.139425 0.000000
vt -4.500000 -2.110899 0.000000
vt -3.375000 -2.082373 0.000000
vt -4.500000 -2.053848 0.000000
vt -3.375000 -2.025478 0.000000
vt -4.500000 -1.996796 0.000000
vt -3.375000 -1.968271 0.000000
vt -4.500000 -1.939745 0.000000
vt -3.375000 -1.911219 0.000000
vt -4.500000 -1.882694 0.000000
vt -3.375000 -1.854168 0.000000
vt -4.500000 -1.825642 0.000000
vt -3.375000 -1.797117 0.000000
vt -4.500000 -1.768591 0.000000
vt -3.375000 -1.740065 0.000000
vt -4.500000 -1.711540 0.000000
vt -3.375000 -1.683014 0.000000
vt -4.500000 -1.654488 0.000000
vt -3.375000 -1.625963 0.000000
vt -4.500000 -1.597437 0.000000
vt -3.375000 -1.568911 0.000000
vt -4.500000 -1.540386 0.000000
vt -3.375000 -1.511860 0.000000
vt -4.500000 -1.483334 0.000000
vt -3.375000 -1.454809 0.000000
vt -4.500000 -1.426283 0.000000
vt -3.375000 -1.397757 0.000000
vt -4.500000 -1.369232 0.000000
vt -3.375000 -1.340706 0.000000
vt -4.500000 -1.312180 0.000000
vt -3.375000 -1.283655 0.000000
vt -4.500000 -1.255129 0.000000
vt -3.375000 -1.226603 0.000000
vt -4.500000 -1.198078 0.000000
vt -3.375000 -1.169552 0.000000
vt -4.500000 -1.141026 0.000000
vt -3.375000 -1.112501 0.000000
vt -4.500000 -1.083975 0.000000
vt -3.375000 -1.055449 0.000000
vt -4.500000 -1.026924 0.000000
vt -3.375000 -0.998398 0.000000
vt -4.500000 -0.969872 0.000000
vt -3.375000 -0.941347 0.000000
vt -4.500000 -0.912821 0.000000
vt -3.375000 -0.884295 0.000000
vt -4.500000 -0.855770 0.000000
vt -3.375000 -0.827244 0.000000
vt -4.500000 -0.798719 0.000000
vt -3.375000 -0.770193 0.000000
vt -4.500000 -0.741667 0.000000
vt -3.375000 -0.713142 0.000000
vt -4.500000 -0.684616 0.000000
vt -3.375000 -0.656090 0.000000
vt -4.500000 -0.627565 0.000000
vt -3.375000 -0.599039 0.000000
vt -4.500000 -0.570513 0.000000
vt -3.375000 -0.541988 0.000000
vt -4.500000 -0.513462 0.000000
vt -3.375000 -0.484936 0.000000
vt -4.500000 -0.456411 0.000000
vt -3.375000 -0.427885 0.000000
vt -4.500000 -0.399359 0.000000
vt -3.375000 -0.370834 0.000000
vt -4.500000 -0.342308 0.000000
vt -3.375000 -0.313782 0.000000
vt -4.500000 -0.285257 0.000000
vt -3.375000 -0.256731 0.000000
vt -4.500000 -0.228205 0.000000
vt -3.375000 -0.199680 0.000000
vt -4.500000 -0.171154 0.000000
vt -3.375000 -0.142628 0.000000
vt -4.500000 -0.114103 0.000000
vt -3.375000 -0.085577 0.000000
vt -0.000000 -2.195711 0.000000
vt -0.000000 -2.138653 0.000000
vt -1.125000 -2.139425 0.000000
vt -2.400000 -2.138653 0.000000
vt -2.250000 -2.139425 0.000000
vt -2.250000 -2.196476 0.000000
vt -2.250000 -2.253527 0.000000
vt -2.250000 -2.310579 0.000000
vt -2.250000 -2.367630 0.000000
vt -2.250000 -2.424681 0.000000
vt -2.250000 -2.481733 0.000000
vt -2.250000 -2.538784 0.000000
vt -2.250000 -2.595835 0.000000
vt -2.250000 -2.652886 0.000000
vt -2.250000 -2.709938 0.000000
vt -2.250000 -2.766989 0.000000
vt -2.250000 -2.824040 0.000000
vt -2.250000 -2.881092 0.000000
vt -2.250000 -2.938143 0.000000
vt -2.250000 -2.995194 0.000000
vt -2.250000 -3.052246 0.000000
vt -2.250000 -3.109297 0.000000
vt -2.250000 -3.166348 0.000000
vt -2.250000 -3.223400 0.000000
vt -2.250000 -3.280451 0.000000
vt -2.250000 -3.337502 0.000000
vt -2.250000 -3.394554 0.000000
vt -2.250000 -3.451605 0.000000
vt -2.250000 -3.508656 0.000000
vt -2.250000 -3.565708 0.000000
vt -2.250000 3.565708 0.000000
vt -2.250000 3.508656 0.000000
vt -2.250000 3.451605 0.000000
vt -2.250000 3.394554 0.000000
vt -2.250000 3.337502 0.000000
vt -2.250000 3.280735 0.000000
vt -2.250000 3.223681 0.000000
vt -2.250000 3.166626 0.000000
vt -2.250000 3.109571 0.000000
vt -2.250000 3.052516 0.000000
vt -2.250000 2.995462 0.000000
vt -2.250000 2.938407 0.000000
vt -2.250000 2.881352 0.000000
vt -2.250000 2.824298 0.000000
vt -2.250000 2.767243 0.000000
vt -2.250000 2.710188 0.000000
vt -2.250000 2.653133 0.000000
vt -2.250000 2.596079 0.000000
vt -2.250000 2.539024 0.000000
vt -2.250000 2.481969 0.000000
vt -2.250000 2.424915 0.000000
vt -2.250000 2.367860 0.000000
vt -2.250000 2.310805 0.000000
vt -2.250000 2.253750 0.000000
vt -2.250000 2.196696 0.000000
vt -2.250000 2.139641 0.000000
vt -2.250000 2.082586 0.000000
vt -2.250000 2.025532 0.000000
vt -2.414343 -2.138274 0.000000
vt -2.428840 -2.137141 0.000000
vt -2.443423 -2.135252 0.000000
vt -2.458025 -2.132610 0.000000
vt -2.472578 -2.129216 0.000000
vt -2.487015 -2.125069 0.000000
vt -2.501268 -2.120172 0.000000
vt -2.515269 -2.114525 0.000000
vt -2.528957 -2.108141 0.000000
vt -2.542285 -2.101069 0.000000
vt -2.555209 -2.093364 0.000000
vt -2.567685 -2.085081 0.000000
vt -2.591118 -2.067002 0.000000
vt -2.612235 -2.047268 0.000000
vt -2.631383 -2.025581 0.000000
vt -2.648831 -2.001650 0.000000
vt -2.656795 -1.988959 0.000000
vt -2.664185 -1.975843 0.000000
vt -2.670953 -1.962349 0.000000
vt -2.677050 -1.948520 0.000000
vt -2.682435 -1.934404 0.000000
vt -2.687099 -1.920062 0.000000
vt -2.691044 -1.905558 0.000000
vt -2.694270 -1.890957 0.000000
vt -2.696778 -1.876323 0.000000
vt -2.698568 -1.861721 0.000000
vt -2.699642 -1.847215 0.000000
vt -2.700000 -1.832870 0.000000
vt -2.700000 -1.799526 0.000000
vt -2.700000 -1.766182 0.000000
vt -2.700000 -1.732838 0.000000
vt -2.699642 -1.718492 0.000000
vt -2.698568 -1.703987 0.000000
vt -2.696778 -1.689384 0.000000
vt -2.694270 -1.674750 0.000000
vt -2.691044 -1.660149 0.000000
vt -2.687099 -1.645645 0.000000
vt -2.682435 -1.631303 0.000000
vt -2.677050 -1.617188 0.000000
vt -2.670953 -1.603359 0.000000
vt -2.664185 -1.589865 0.000000
vt -2.656795 -1.576749 0.000000
vt -2.648831 -1.564057 0.000000
vt -2.631383 -1.540127 0.000000
vt -2.612235 -1.518439 0.000000
vt -2.591118 -1.498706 0.000000
vt -2.567685 -1.480626 0.000000
vt -2.555209 -1.472344 0.000000
vt -2.542285 -1.464639 0.000000
vt -2.528957 -1.457566 0.000000
vt -2.515269 -1.451182 0.000000
vt -2.501268 -1.445535 0.000000
vt -2.487015 -1.440638 0.000000
vt -2.472578 -1.436492 0.000000
vt -2.458025 -1.433097 0.000000
vt -2.443423 -1.430455 0.000000
vt -2.428840 -1.428567 0.000000
vt -2.414343 -1.427433 0.000000
vt -2.400000 -1.427055 0.000000
vt -2.250000 -1.397757 0.000000
vt -1.125000 -1.397757 0.000000
vt -2.250000 -1.340706 0.000000
vt -1.125000 -1.340706 0.000000
vt -2.250000 -1.283655 0.000000
vt -1.125000 -1.283655 0.000000
vt -2.250000 -1.226603 0.000000
vt -1.125000 -1.226603 0.000000
vt -2.250000 -1.169552 0.000000
vt -1.125000 -1.169552 0.000000
vt -2.250000 -1.112501 0.000000
vt -1.125000 -1.112501 0.000000
vt -2.250000 -1.055449 0.000000
vt -1.125000 -1.055449 0.000000
vt -2.250000 -0.998398 0.000000
vt -1.125000 -0.998398 0.000000
vt -2.250000 -0.941347 0.000000
vt -1.125000 -0.941347 0.000000
vt -2.250000 -0.884295 0.000000
vt -1.125000 -0.884295 0.000000
vt -2.250000 -0.827244 0.000000
vt -1.125000 -0.827244 0.000000
vt -2.250000 -0.770193 0.000000
vt -1.125000 -0.770193 0.000000
vt -2.250000 -0.713142 0.000000
vt -1.125000 -0.713142 0.000000
vt -2.250000 -0.656090 0.000000
vt -1.125000 -0.656090 0.000000
vt -2.250000 -0.599039 0.000000
vt -1.125000 -0.599039 0.000000
vt -2.250000 -0.541988 0.000000
vt -1.125000 -0.541988 0.000000
vt -2.250000 -0.484936 0.000000
vt -1.125000 -0.484936 0.000000
vt -2.250000 -0.427885 0.000000
vt -1.125000 -0.427885 0.000000
vt -2.250000 -0.370834 0.000000
vt -1.125000 -0.370834 0.000000
vt -2.250000 -0.313782 0.000000
vt -1.125000 -0.313782 0.000000
vt -2.250000 -0.256731 0.000000
vt -1.125000 -0.256731 0.000000
vt -2.250000 -0.199680 0.000000
vt -1.125000 -0.199680 0.000000
vt -2.250000 -0.142628 0.000000
vt -1.125000 -0.142628 0.000000
vt -2.250000 -0.085577 0.000000
vt -1.125000 -0.085577 0.000000
vt -2.250000 -0.028526 0.000000
vt -1.125000 -0.028526 0.000000
vt -2.250000 0.028526 0.000000
vt -1.125000 0.028526 0.000000
vt -2.250000 0.085577 0.000000
vt -1.125000 0.085577 0.000000
vt -2.250000 0.142628 0.000000
vt -1.125000 0.142628 0.000000
vt -2.250000 0.199680 0.000000
vt -1.125000 0.199680 0.000000
vt -2.250000 0.256731 0.000000
vt -1.125000 0.256731 0.000000
vt -2.250000 0.313782 0.000000
vt -1.125000 0.313782 0.000000
vt -2.250000 0.370834 0.000000
vt -1.125000 0.370834 0.000000
vt -2.250000 0.427885 0.000000
vt -1.125000 0.427885 0.000000
vt -2.250000 0.484936 0.000000
vt -1.125000 0.484936 0.000000
vt -2.250000 0.541988 0.000000
vt -1.125000 0.541988 0.000000
vt -2.250000 0.599039 0.000000
vt -1.125000 0.599039 0.000000
vt -2.250000 0.656090 0.000000
vt -1.125000 0.656090 0.000000
vt -2.250000 0.713142 0.000000
vt -1.125000 0.713142 0.000000
vt -2.250000 0.770193 0.000000
vt -1.125000 0.770193 0.000000
vt -2.250000 0.827244 0.000000
vt -1.125000 0.827244 0.000000
vt -2.250000 0.884295 0.000000
vt -1.125000 0.884295 0.000000
vt -2.250000 0.941347 0.000000
vt -1.125000 0.941347 0.000000
vt -2.250000 0.998398 0.000000
vt -1.125000 0.998398 0.000000
vt -2.250000 1.055449 0.000000
vt -1.125000 1.055449 0.000000
vt -2.250000 1.112501 0.000000
vt -1.125000 1.112501 0.000000
vt -2.250000 1.169552 0.000000
vt -1.125000 1.169552 0.000000
vt -2.250000 1.226603 0.000000
vt -1.125000 1.226603 0.000000
vt -2.250000 1.283655 0.000000
vt -1.125000 1.283655 0.000000
vt -2.250000 1.340706 0.000000
vt -1.125000 1.340706 0.000000
vt -2.250000 1.397757 0.000000
vt -1.125000 1.397757 0.000000
vt -2.250000 1.454809 0.000000
vt -1.125000 1.454809 0.000000
vt -2.250000 1.511860 0.000000
vt -1.125000 1.511860 0.000000
vt -2.250000 1.568911 0.000000
vt -1.125000 1.568911 0.000000
vt -2.250000 1.625963 0.000000
vt -1.125000 1.625963 0.000000
vt -2.250000 1.683014 0.000000
vt -1.125000 1.683014 0.000000
vt -2.250000 1.740065 0.000000
vt -1.125000 1.740065 0.000000
vt -2.250000 1.797117 0.000000
vt -1.125000 1.797117 0.000000
vt -1.125000 1.853846 0.000000
vt -0.181489 1.818471 0.000000
vt -0.177083 1.836318 0.000000
vt -0.000000 -1.427055 0.000000
vt -0.000000 -1.369997 0.000000
vt -0.000000 -1.312939 0.000000
vt -0.000000 -1.255881 0.000000
vt -0.000000 -1.198823 0.000000
vt -0.000000 -1.141765 0.000000
vt -0.000000 -1.084706 0.000000
vt -0.000000 -1.027648 0.000000
vt -0.000000 -0.970590 0.000000
vt -0.000000 -0.913532 0.000000
vt -0.000000 -0.856474 0.000000
vt -0.000000 -0.799416 0.000000
vt -0.000000 -0.742358 0.000000
vt -0.000000 -0.685300 0.000000
vt -0.000000 -0.628242 0.000000
vt -0.000000 -0.571183 0.000000
vt -0.000000 -0.514125 0.000000
vt -0.000000 -0.457067 0.000000
vt -0.000000 -0.400009 0.000000
vt -0.000000 -0.342951 0.000000
vt -0.000000 -0.285893 0.000000
vt -0.000000 -0.228835 0.000000
vt -0.000000 -0.171777 0.000000
vt -0.000000 -0.114719 0.000000
vt -0.000000 -0.057660 0.000000
vt -0.000000 -0.000602 0.000000
vt -0.000000 0.056456 0.000000
vt -0.000000 0.113514 0.000000
vt -0.000000 0.170572 0.000000
vt -0.000000 0.227630 0.000000
vt -0.000000 0.284688 0.000000
vt -0.000000 0.341746 0.000000
vt -0.000000 0.398804 0.000000
vt -0.000000 0.455863 0.000000
vt -0.000000 0.512921 0.000000
vt -0.000000 0.569979 0.000000
vt -0.000000 0.627037 0.000000
vt -0.000000 0.684095 0.000000
vt -0.000000 0.741153 0.000000
vt -0.000000 0.798211 0.000000
vt -0.000000 0.855269 0.000000
vt -0.000000 0.912327 0.000000
vt -0.000000 0.969386 0.000000
vt -0.000000 1.026444 0.000000
vt -0.000000 1.083502 0.000000
vt -0.000000 1.140560 0.000000
vt -0.000000 1.197618 0.000000
vt -0.000000 1.254676 0.000000
vt -0.000000 1.311734 0.000000
vt -0.000000 1.368792 0.000000
vt -0.000000 1.425850 0.000000
vt -0.000000 1.482908 0.000000
vt -0.000000 1.539967 0.000000
vt -0.000000 1.597025 0.000000
vt -0.017685 1.597913 0.000000
vt -0.035610 1.600583 0.000000
vt -0.053443 1.605045 0.000000
vt -0.070853 1.611307 0.000000
vt -0.087527 1.619335 0.000000
vt -0.103226 1.628919 0.000000
vt -0.117729 1.639806 0.000000
vt -0.130814 1.651747 0.000000
vt -0.142667 1.664910 0.000000
vt -0.153462 1.679482 0.000000
vt -0.162952 1.695237 0.000000
vt -0.170894 1.711953 0.000000
vt -0.177083 1.729389 0.000000
vt -0.181489 1.747237 0.000000
vt -0.184124 1.765167 0.000000
vt -0.185000 1.782854 0.000000
vt -0.184124 1.800540 0.000000
vt -0.170894 1.853755 0.000000
vt -0.162952 1.870470 0.000000
vt -0.153462 1.886226 0.000000
vt -1.125000 1.911219 0.000000
vt -0.142667 1.900798 0.000000
vt -0.130814 1.913961 0.000000
vt -0.117729 1.925902 0.000000
vt -0.103226 1.936789 0.000000
vt -1.125000 1.967912 0.000000
vt -0.087527 1.946372 0.000000
vt -0.070853 1.954400 0.000000
vt -0.053443 1.960663 0.000000
vt -0.035610 1.965125 0.000000
vt -0.017685 1.967795 0.000000
vt -0.000000 1.968683 0.000000
vt -1.125000 2.025636 0.000000
vt -2.250000 1.968032 0.000000
vt -0.000000 2.025741 0.000000
vt -1.125000 2.082693 0.000000
vt -0.000000 2.082799 0.000000
vt -1.125000 2.139749 0.000000
vt -0.000000 2.139857 0.000000
vt -1.125000 2.196806 0.000000
vt -0.000000 2.196915 0.000000
vt -1.125000 2.253862 0.000000
vt -0.000000 2.253973 0.000000
vt -1.125000 2.310918 0.000000
vt -0.000000 2.311032 0.000000
vt -1.125000 2.367975 0.000000
vt -0.000000 2.368090 0.000000
vt -1.125000 2.425031 0.000000
vt -0.000000 2.425148 0.000000
vt -1.125000 2.482088 0.000000
vt -0.000000 2.482206 0.000000
vt -1.125000 2.539144 0.000000
vt -0.000000 2.539264 0.000000
vt -1.125000 2.596200 0.000000
vt -0.000000 2.596322 0.000000
vt -1.125000 2.653257 0.000000
vt -0.000000 2.653380 0.000000
vt -1.125000 2.710313 0.000000
vt -0.000000 2.710438 0.000000
vt -1.125000 2.767370 0.000000
vt -0.000000 2.767496 0.000000
vt -1.125000 2.824426 0.000000
vt -0.000000 2.824555 0.000000
vt -1.125000 2.881482 0.000000
vt -0.000000 2.881613 0.000000
vt -1.125000 2.938539 0.000000
vt -0.000000 2.938671 0.000000
vt -1.125000 2.995595 0.000000
vt -0.000000 2.995729 0.000000
vt -1.125000 3.052652 0.000000
vt -0.000000 3.052787 0.000000
vt -1.125000 3.109708 0.000000
vt -0.000000 3.109845 0.000000
vt -1.125000 3.166765 0.000000
vt -0.000000 3.166903 0.000000
vt -1.125000 3.223821 0.000000
vt -0.000000 3.223961 0.000000
vt -1.125000 3.280877 0.000000
vt -0.000000 3.281019 0.000000
vt -1.125000 3.337502 0.000000
vt -0.000000 3.338078 0.000000
vt -1.125000 3.394554 0.000000
vt -0.000000 3.395136 0.000000
vt -1.125000 3.451605 0.000000
vt -0.000000 3.452194 0.000000
vt -1.125000 3.508656 0.000000
vt -0.000000 3.509252 0.000000
vt -1.125000 3.565708 0.000000
vt -1.125000 -3.565708 0.000000
vt 0.000000 -3.622163 0.000000
vt -0.000000 -3.565105 0.000000
vt -1.125000 -3.508656 0.000000
vt -0.000000 -3.508047 0.000000
vt -1.125000 -3.451605 0.000000
vt -0.000000 -3.450989 0.000000
vt -1.125000 -3.394554 0.000000
vt -0.000000 -3.393931 0.000000
vt -1.125000 -3.337502 0.000000
vt -0.000000 -3.336873 0.000000
vt -1.125000 -3.280451 0.000000
vt -0.000000 -3.279815 0.000000
vt -1.125000 -3.223400 0.000000
vt -0.000000 -3.222757 0.000000
vt -1.125000 -3.166348 0.000000
vt -0.000000 -3.165699 0.000000
vt -1.125000 -3.109297 0.000000
vt -0.000000 -3.108640 0.000000
vt -1.125000 -3.052246 0.000000
vt -0.000000 -3.051582 0.000000
vt -1.125000 -2.995194 0.000000
vt -0.000000 -2.994524 0.000000
vt -1.125000 -2.938143 0.000000
vt -0.000000 -2.937466 0.000000
vt -1.125000 -2.881092 0.000000
vt -0.000000 -2.880408 0.000000
vt -1.125000 -2.824040 0.000000
vt -0.000000 -2.823350 0.000000
vt -1.125000 -2.766989 0.000000
vt -0.000000 -2.766292 0.000000
vt -1.125000 -2.709938 0.000000
vt -0.000000 -2.709234 0.000000
vt -1.125000 -2.652886 0.000000
vt -0.000000 -2.652176 0.000000
vt -1.125000 -2.595835 0.000000
vt -0.000000 -2.595117 0.000000
vt -1.125000 -2.538784 0.000000
vt -0.000000 -2.538059 0.000000
vt -1.125000 -2.481733 0.000000
vt -0.000000 -2.481001 0.000000
vt -1.125000 -2.424681 0.000000
vt -0.000000 -2.423943 0.000000
vt -1.125000 -2.367630 0.000000
vt -0.000000 -2.366885 0.000000
vt -1.125000 -2.310579 0.000000
vt -0.000000 -2.309827 0.000000
vt -1.125000 -2.253527 0.000000
vt -0.000000 -2.252769 0.000000
vt -1.125000 -2.196476 0.000000
vt -2.250000 1.853953 0.000000
vt -2.250000 1.911219 0.000000
vt -1.079687 0.350000 0.000000
vt -0.747078 0.350000 0.000000
vt -1.060736 0.403812 0.000000
vt -0.725146 0.393431 0.000000
vt -1.039104 0.456605 0.000000
vt -0.700693 0.435494 0.000000
vt -1.014847 0.508243 0.000000
vt -0.673802 0.476041 0.000000
vt -0.988025 0.558597 0.000000
vt -0.644568 0.514934 0.000000
vt -0.958707 0.607540 0.000000
vt -0.613092 0.552035 0.000000
vt -0.579484 0.587216 0.000000
vt -0.926967 0.654948 0.000000
vt -0.543861 0.620355 0.000000
vt -0.892885 0.700701 0.000000
vt -0.506345 0.651337 0.000000
vt -0.856546 0.744683 0.000000
vt -0.467069 0.680053 0.000000
vt -0.818044 0.786784 0.000000
vt -0.426168 0.706403 0.000000
vt -0.777474 0.826897 0.000000
vt -0.383785 0.730297 0.000000
vt -0.734940 0.864921 0.000000
vt -0.340067 0.751651 0.000000
vt -0.690549 0.900759 0.000000
vt -0.295167 0.770391 0.000000
vt -0.644413 0.934321 0.000000
vt -0.249240 0.786451 0.000000
vt -0.596649 0.965523 0.000000
vt -0.202446 0.799775 0.000000
vt -0.547378 0.994285 0.000000
vt -0.496723 1.020535 0.000000
vt -0.154947 0.810319 0.000000
vt -0.444813 1.044206 0.000000
vt -0.106910 0.818044 0.000000
vt -0.391780 1.065239 0.000000
vt -0.337756 1.083580 0.000000
vt -0.058501 0.822923 0.000000
vt -0.282879 1.099183 0.000000
vt -0.227288 1.112010 0.000000
vt -0.171122 1.122026 0.000000
vt -0.009889 0.824941 0.000000
vt -0.114523 1.129207 0.000000
vt -0.057636 1.133536 0.000000
vt -0.000602 1.135000 0.000000
vt 0.056432 1.133596 0.000000
vt 0.038758 0.824089 0.000000
vt 0.113325 1.129328 0.000000
vt 0.169931 1.122207 0.000000
vt 0.226107 1.112250 0.000000
vt 0.281712 1.099483 0.000000
vt 0.087270 0.820371 0.000000
vt 0.336606 1.083938 0.000000
vt 0.390649 1.065654 0.000000
vt 0.135478 0.813800 0.000000
vt 0.443705 1.044678 0.000000
vt 0.495640 1.021061 0.000000
vt 0.183215 0.804399 0.000000
vt 0.546322 0.994865 0.000000
vt 0.230315 0.792199 0.000000
vt 0.595624 0.966156 0.000000
vt 0.276614 0.777245 0.000000
vt 0.643421 0.935005 0.000000
vt 0.689593 0.901492 0.000000
vt 0.321951 0.759587 0.000000
vt 0.734022 0.865700 0.000000
vt 0.366169 0.739287 0.000000
vt 0.776596 0.827722 0.000000
vt 0.409112 0.716416 0.000000
vt 0.817208 0.787652 0.000000
vt 0.450633 0.691054 0.000000
vt 0.490586 0.663287 0.000000
vt 0.855756 0.745592 0.000000
vt 0.528833 0.633214 0.000000
vt 0.892141 0.701648 0.000000
vt 0.565241 0.600939 0.000000
vt 0.926272 0.655931 0.000000
vt 0.599683 0.566573 0.000000
vt 0.958062 0.608557 0.000000
vt 0.632039 0.530237 0.000000
vt 0.987432 0.559646 0.000000
vt 0.662197 0.492057 0.000000
vt 1.014307 0.509320 0.000000
vt 0.690052 0.452165 0.000000
vt 1.038619 0.457707 0.000000
vt 0.715507 0.410701 0.000000
vt 1.060307 0.404938 0.000000
vt 0.738473 0.367808 0.000000
vt 1.079315 0.351146 0.000000
vt 0.758871 0.323636 0.000000
vt 0.776629 0.278339 0.000000
vt 1.095597 0.296466 0.000000
vt 0.791686 0.232073 0.000000
vt 1.109110 0.241038 0.000000
vt 0.803990 0.185000 0.000000
vt 1.119821 0.185000 0.000000
vt 2.200000 0.934454 0.000000
vt 0.000000 0.934454 0.000000
vt 2.200000 0.885968 0.000000
vt 1.466667 0.885909 0.000000
vt 2.200000 0.837482 0.000000
vt 1.466667 0.837365 0.000000
vt 2.200000 0.788995 0.000000
vt 1.466667 0.788995 0.000000
vt 2.200000 0.740509 0.000000
vt 1.466667 0.740509 0.000000
vt 2.200000 0.692023 0.000000
vt 1.466667 0.692023 0.000000
vt 2.200000 0.643537 0.000000
vt 1.466667 0.643537 0.000000
vt 2.200000 0.595051 0.000000
vt 1.466667 0.595051 0.000000
vt 2.200000 0.546565 0.000000
vt 1.466667 0.546565 0.000000
vt 2.200000 0.498079 0.000000
vt 1.466667 0.498079 0.000000
vt 2.200000 0.449593 0.000000
vt 1.466667 0.449593 0.000000
vt 2.200000 0.401107 0.000000
vt 1.466667 0.401107 0.000000
vt 2.200000 0.352621 0.000000
vt 1.466667 0.352621 0.000000
vt 2.200000 0.304134 0.000000
vt 1.466667 0.304134 0.000000
vt 2.200000 0.255648 0.000000
vt 1.466667 0.255648 0.000000
vt 2.200000 0.207162 0.000000
vt 1.466667 0.207162 0.000000
vt 2.200000 0.158676 0.000000
vt 1.466667 0.158676 0.000000
vt 2.200000 0.110190 0.000000
vt 1.466667 0.110190 0.000000
vt 2.200000 0.061704 0.000000
vt 1.466667 0.061704 0.000000
vt 2.200000 0.013218 0.000000
vt 1.466667 0.013218 0.000000
vt 2.200000 -0.035268 0.000000
vt 1.466667 -0.035268 0.000000
vt 2.200000 -0.083754 0.000000
vt 1.466667 -0.083754 0.000000
vt 2.200000 -0.132241 0.000000
vt 1.466667 -0.132241 0.000000
vt 2.200000 -0.180727 0.000000
vt 1.466667 -0.180727 0.000000
vt 2.200000 -0.229213 0.000000
vt 1.466667 -0.229213 0.000000
vt 2.200000 -0.277699 0.000000
vt 1.466667 -0.277699 0.000000
vt 2.200000 -0.326185 0.000000
vt 1.466667 -0.326185 0.000000
vt 2.200000 -0.374671 0.000000
vt 1.466667 -0.374671 0.000000
vt 2.200000 -0.423157 0.000000
vt 1.466667 -0.423157 0.000000
vt 2.200000 -0.471643 0.000000
vt 1.466667 -0.471643 0.000000
vt 2.200000 -0.520129 0.000000
vt 1.466667 -0.520129 0.000000
vt 2.200000 -0.568615 0.000000
vt 1.466667 -0.568615 0.000000
vt 2.200000 -0.617102 0.000000
vt 1.466667 -0.617102 0.000000
vt 2.200000 -0.665588 0.000000
vt 1.466667 -0.665588 0.000000
vt 2.200000 -0.714074 0.000000
vt 1.466667 -0.714074 0.000000
vt 2.200000 -0.762560 0.000000
vt 1.466667 -0.762560 0.000000
vt 2.200000 -0.811046 0.000000
vt 1.466667 -0.811046 0.000000
vt 2.200000 -0.859532 0.000000
vt 1.466667 -0.859532 0.000000
vt 2.200000 -0.908018 0.000000
vt 1.466667 -0.908018 0.000000
vt 2.200000 -0.956504 0.000000
vt 1.466667 -0.956504 0.000000
vt 2.200000 -1.004990 0.000000
vt 1.466667 -1.004990 0.000000
vt 2.200000 -1.053476 0.000000
vt 1.466667 -1.053476 0.000000
vt 2.200000 -1.101963 0.000000
vt 1.466667 -1.101963 0.000000
vt 2.200000 -1.150449 0.000000
vt 1.466667 -1.150449 0.000000
vt 2.200000 -1.198935 0.000000
vt 1.466667 -1.198935 0.000000
vt 2.200000 -1.247421 0.000000
vt 1.466667 -1.247421 0.000000
vt 2.200000 -1.295907 0.000000
vt 1.466667 -1.295907 0.000000
vt 2.200000 -1.344393 0.000000
vt 1.466667 -1.344393 0.000000
vt 2.200000 -1.392879 0.000000
vt 1.466667 -1.392879 0.000000
vt 2.200000 -1.441365 0.000000
vt 1.466667 -1.441365 0.000000
vt 2.200000 -1.489851 0.000000
vt 1.466667 -1.489851 0.000000
vt 2.200000 -1.538337 0.000000
vt 1.466667 -1.538337 0.000000
vt 2.200000 -1.586824 0.000000
vt 1.466667 -1.586824 0.000000
vt 2.200000 -1.635310 0.000000
vt 1.466667 -1.635310 0.000000
vt 2.200000 -1.683796 0.000000
vt 1.466667 -1.683796 0.000000
vt 2.200000 -1.732282 0.000000
vt 1.466667 -1.732282 0.000000
vt 2.200000 -1.780768 0.000000
vt 1.466667 -1.780768 0.000000
vt 2.200000 -1.829254 0.000000
vt 1.466667 -1.829254 0.000000
vt 2.200000 -1.877740 0.000000
vt 1.466667 -1.877740 0.000000
vt 2.200000 -1.926226 0.000000
vt 1.466667 -1.926226 0.000000
vt 2.200000 -1.974712 0.000000
vt 1.466667 -1.974712 0.000000
vt 2.200000 -2.023199 0.000000
vt 1.466667 -2.023199 0.000000
vt 2.200000 -2.071685 0.000000
vt 1.466667 -2.071685 0.000000
vt 2.200000 -2.120171 0.000000
vt 1.466667 -2.120171 0.000000
vt 2.200000 -2.168657 0.000000
vt 1.466667 -2.168657 0.000000
vt 2.200000 -2.217143 0.000000
vt 1.466667 -2.217143 0.000000
vt 2.200000 -2.265629 0.000000
vt 1.466667 -2.265629 0.000000
vt 2.200000 -2.314115 0.000000
vt 1.466667 -2.314115 0.000000
vt 2.200000 -2.362601 0.000000
vt 1.466667 -2.362601 0.000000
vt 2.200000 -2.411087 0.000000
vt 1.466667 -2.411087 0.000000
vt 2.200000 -2.459573 0.000000
vt 1.466667 -2.459573 0.000000
vt 2.200000 -2.508060 0.000000
vt 1.466667 -2.508060 0.000000
vt 2.200000 -2.556546 0.000000
vt 1.466667 -2.556546 0.000000
vt 2.200000 -2.605032 0.000000
vt 1.466667 -2.605032 0.000000
vt 2.200000 -2.653518 0.000000
vt 1.466667 -2.653518 0.000000
vt 2.200000 -2.702004 0.000000
vt 1.466667 -2.702004 0.000000
vt 2.200000 -2.750490 0.000000
vt 1.466667 -2.750490 0.000000
vt 2.200000 -2.798976 0.000000
vt 1.466667 -2.798976 0.000000
vt 2.200000 -2.847462 0.000000
vt 1.466667 -2.847462 0.000000
vt 2.200000 -2.895948 0.000000
vt 1.466667 -2.895948 0.000000
vt 2.200000 -2.944434 0.000000
vt 1.466667 -2.944434 0.000000
vt 2.200000 -2.992921 0.000000
vt 1.466667 -2.992921 0.000000
vt 2.200000 -3.041407 0.000000
vt 1.466667 -3.041407 0.000000
vt 2.200000 -3.089893 0.000000
vt 1.466667 -3.089893 0.000000
vt 2.200000 -3.138379 0.000000
vt 1.466667 -3.138379 0.000000
vt 2.200000 -3.186865 0.000000
vt 1.466667 -3.186865 0.000000
vt 2.200000 -3.235351 0.000000
vt 1.466667 -3.235351 0.000000
vt 2.200000 -3.283837 0.000000
vt 1.466667 -3.283837 0.000000
vt 2.200000 -3.332323 0.000000
vt 1.466667 -3.332323 0.000000
vt 2.200000 -3.380809 0.000000
vt 1.466667 -3.380809 0.000000
vt 1.466667 -3.429179 0.000000
vt 0.733333 -3.429062 0.000000
vt 0.733333 -3.477665 0.000000
vt 0.000000 -3.477606 0.000000
vt 0.000000 -3.526268 0.000000
vt 0.733333 0.885851 0.000000
vt 0.000000 0.885792 0.000000
vt 0.733333 0.837248 0.000000
vt 0.000000 0.837131 0.000000
vt 0.733333 0.788995 0.000000
vt 0.000000 0.788470 0.000000
vt 0.733333 0.740509 0.000000
vt 0.000000 0.739809 0.000000
vt 0.733333 0.692023 0.000000
vt 0.000000 0.691147 0.000000
vt 0.733333 0.643537 0.000000
vt 0.000000 0.642486 0.000000
vt 0.733333 0.595051 0.000000
vt 0.000000 0.593825 0.000000
vt 0.733333 0.546565 0.000000
vt 0.000000 0.545163 0.000000
vt 0.733333 0.498079 0.000000
vt 0.000000 0.496502 0.000000
vt 0.733333 0.449593 0.000000
vt 0.000000 0.447841 0.000000
vt 0.733333 0.401107 0.000000
vt 0.000000 0.399180 0.000000
vt 0.733333 0.352621 0.000000
vt -0.000000 0.350518 0.000000
vt 0.733333 0.304134 0.000000
vt 0.000000 0.301857 0.000000
vt 0.733333 0.255648 0.000000
vt 0.000000 0.253196 0.000000
vt 0.733333 0.207162 0.000000
vt 0.000000 0.204534 0.000000
vt 0.733333 0.158676 0.000000
vt 0.000000 0.155873 0.000000
vt 0.733333 0.110190 0.000000
vt 0.000000 0.107212 0.000000
vt 0.733333 0.061704 0.000000
vt 0.000000 0.058551 0.000000
vt 0.733333 0.013218 0.000000
vt 0.000000 0.009889 0.000000
vt 0.733333 -0.035268 0.000000
vt 0.000000 -0.038772 0.000000
vt 0.733333 -0.083754 0.000000
vt 0.000000 -0.087433 0.000000
vt 0.733333 -0.132241 0.000000
vt 0.000000 -0.136095 0.000000
vt 0.733333 -0.180727 0.000000
vt 0.000000 -0.184756 0.000000
vt 0.733333 -0.229213 0.000000
vt 0.000000 -0.233417 0.000000
vt 0.733333 -0.277699 0.000000
vt 0.000000 -0.282078 0.000000
vt 0.733333 -0.326185 0.000000
vt 0.000000 -0.330740 0.000000
vt 0.733333 -0.374671 0.000000
vt 0.000000 -0.379401 0.000000
vt 0.733333 -0.423157 0.000000
vt 0.000000 -0.428062 0.000000
vt 0.733333 -0.471643 0.000000
vt 0.000000 -0.476724 0.000000
vt 0.733333 -0.520129 0.000000
vt 0.000000 -0.525385 0.000000
vt 0.733333 -0.568615 0.000000
vt 0.000000 -0.574046 0.000000
vt 0.733333 -0.617102 0.000000
vt 0.000000 -0.622707 0.000000
vt 0.733333 -0.665588 0.000000
vt -0.000000 -0.671369 0.000000
vt 0.733333 -0.714074 0.000000
vt 0.000000 -0.720030 0.000000
vt 0.733333 -0.762560 0.000000
vt 0.000000 -0.768691 0.000000
vt 0.733333 -0.811046 0.000000
vt 0.000000 -0.817353 0.000000
vt 0.733333 -0.859532 0.000000
vt 0.000000 -0.866014 0.000000
vt 0.733333 -0.908018 0.000000
vt 0.000000 -0.914675 0.000000
vt 0.733333 -0.956504 0.000000
vt 0.000000 -0.963336 0.000000
vt 0.733333 -1.004990 0.000000
vt 0.000000 -1.011998 0.000000
vt 0.733333 -1.053476 0.000000
vt 0.000000 -1.060659 0.000000
vt 0.733333 -1.101963 0.000000
vt 0.017712 -1.110222 0.000000
vt 0.035653 -1.112931 0.000000
vt 0.000000 -1.109320 0.000000
vt 0.053494 -1.117452 0.000000
vt 0.070903 -1.123788 0.000000
vt 0.733333 -1.150449 0.000000
vt 0.087569 -1.131897 0.000000
vt 0.103255 -1.141563 0.000000
vt 0.117742 -1.152527 0.000000
vt 0.130810 -1.164533 0.000000
vt 0.142651 -1.177752 0.000000
vt 0.733333 -1.198935 0.000000
vt 0.153439 -1.192370 0.000000
vt 0.162927 -1.208164 0.000000
vt 0.170871 -1.224910 0.000000
vt 0.733333 -1.247421 0.000000
vt 0.177067 -1.242371 0.000000
vt 0.181480 -1.260240 0.000000
vt 0.184122 -1.278193 0.000000
vt 0.733333 -1.295907 0.000000
vt 0.185000 -1.295907 0.000000
vt 0.184122 -1.313621 0.000000
vt 0.733333 -1.344393 0.000000
vt 0.181480 -1.331574 0.000000
vt 0.177067 -1.349443 0.000000
vt 0.170871 -1.366904 0.000000
vt 0.733333 -1.392879 0.000000
vt 0.162927 -1.383650 0.000000
vt 0.153439 -1.399444 0.000000
vt 0.142651 -1.414062 0.000000
vt 0.733333 -1.441365 0.000000
vt 0.130810 -1.427281 0.000000
vt 0.117742 -1.439287 0.000000
vt 0.103255 -1.450251 0.000000
vt 0.087569 -1.459917 0.000000
vt 0.733333 -1.489851 0.000000
vt 0.070903 -1.468026 0.000000
vt 0.053494 -1.474362 0.000000
vt 0.035653 -1.478882 0.000000
vt 0.017712 -1.481591 0.000000
vt 0.000000 -1.482494 0.000000
vt 0.000000 -1.531155 0.000000
vt 0.733333 -1.538337 0.000000
vt 0.000000 -1.579816 0.000000
vt 0.733333 -1.586824 0.000000
vt 0.000000 -1.628477 0.000000
vt 0.733333 -1.635310 0.000000
vt 0.000000 -1.677139 0.000000
vt 0.733333 -1.683796 0.000000
vt 0.000000 -1.725800 0.000000
vt 0.733333 -1.732282 0.000000
vt 0.000000 -1.774461 0.000000
vt 0.733333 -1.780768 0.000000
vt -0.000000 -1.823123 0.000000
vt 0.733333 -1.829254 0.000000
vt 0.000000 -1.871784 0.000000
vt 0.733333 -1.877740 0.000000
vt 0.000000 -1.920445 0.000000
vt 0.733333 -1.926226 0.000000
vt -0.000000 -1.969106 0.000000
vt 0.733333 -1.974712 0.000000
vt -0.000000 -2.017768 0.000000
vt 0.733333 -2.023199 0.000000
vt 0.000000 -2.066429 0.000000
vt 0.733333 -2.071685 0.000000
vt 0.000000 -2.115090 0.000000
vt 0.733333 -2.120171 0.000000
vt 0.000000 -2.163752 0.000000
vt 0.733333 -2.168657 0.000000
vt 0.000000 -2.212413 0.000000
vt 0.733333 -2.217143 0.000000
vt 0.000000 -2.261074 0.000000
vt 0.733333 -2.265629 0.000000
vt 0.000000 -2.309735 0.000000
vt 0.733333 -2.314115 0.000000
vt -0.000000 -2.358397 0.000000
vt 0.733333 -2.362601 0.000000
vt 0.000000 -2.407058 0.000000
vt 0.733333 -2.411087 0.000000
vt 0.000000 -2.455719 0.000000
vt 0.733333 -2.459573 0.000000
vt 0.000000 -2.504381 0.000000
vt 0.733333 -2.508060 0.000000
vt 0.000000 -2.553042 0.000000
vt 0.733333 -2.556546 0.000000
vt 0.000000 -2.601703 0.000000
vt 0.733333 -2.605032 0.000000
vt 0.000000 -2.650364 0.000000
vt 0.733333 -2.653518 0.000000
vt 0.000000 -2.699026 0.000000
vt 0.733333 -2.702004 0.000000
vt 0.000000 -2.747687 0.000000
vt 0.733333 -2.750490 0.000000
vt 0.000000 -2.796348 0.000000
vt 0.733333 -2.798976 0.000000
vt 0.000000 -2.845010 0.000000
vt 0.733333 -2.847462 0.000000
vt 0.000000 -2.893671 0.000000
vt 0.733333 -2.895948 0.000000
vt -0.000000 -2.942332 0.000000
vt 0.733333 -2.944434 0.000000
vt 0.000000 -2.990994 0.000000
vt 0.733333 -2.992921 0.000000
vt 0.000000 -3.039655 0.000000
vt 0.733333 -3.041407 0.000000
vt 0.000000 -3.088316 0.000000
vt 0.733333 -3.089893 0.000000
vt 0.000000 -3.136977 0.000000
vt 0.733333 -3.138379 0.000000
vt -0.000000 -3.185639 0.000000
vt 0.733333 -3.186865 0.000000
vt 0.000000 -3.234300 0.000000
vt 0.733333 -3.235351 0.000000
vt 0.000000 -3.282961 0.000000
vt 0.733333 -3.283837 0.000000
vt 0.000000 -3.331623 0.000000
vt 0.733333 -3.332323 0.000000
vt 0.000000 -3.380284 0.000000
vt 0.733333 -3.380809 0.000000
vt 0.000000 -3.428945 0.000000
vt 1.466667 -3.477723 0.000000
vt 2.200000 -3.526268 0.000000
vt 2.200000 -3.477782 0.000000
vt 2.200000 -3.429295 0.000000
vt -0.406006 0.332843 0.000000
vt -0.373116 0.332843 0.000000
vt -0.380389 0.361841 0.000000
vt -0.347438 0.359564 0.000000
vt -0.352707 0.388874 0.000000
vt -0.319852 0.384311 0.000000
vt -0.323108 0.413795 0.000000
vt -0.290508 0.406946 0.000000
vt -0.291755 0.436468 0.000000
vt -0.259569 0.427345 0.000000
vt -0.227203 0.445397 0.000000
vt -0.258816 0.456770 0.000000
vt -0.193590 0.461002 0.000000
vt -0.224472 0.474592 0.000000
vt -0.158912 0.474075 0.000000
vt -0.188909 0.489835 0.000000
vt -0.123362 0.484543 0.000000
vt -0.152320 0.502418 0.000000
vt -0.114903 0.512272 0.000000
vt -0.087134 0.492349 0.000000
vt -0.076862 0.519343 0.000000
vt -0.050428 0.497451 0.000000
vt -0.038404 0.523594 0.000000
vt -0.013444 0.499819 0.000000
vt 0.000263 0.525000 0.000000
vt 0.023613 0.499442 0.000000
vt 0.038929 0.523555 0.000000
vt 0.060541 0.496321 0.000000
vt 0.077383 0.519266 0.000000
vt 0.115417 0.512156 0.000000
vt 0.097136 0.490474 0.000000
vt 0.152824 0.502265 0.000000
vt 0.133198 0.481932 0.000000
vt 0.189400 0.489645 0.000000
vt 0.168527 0.470743 0.000000
vt 0.224948 0.474366 0.000000
vt 0.202931 0.456967 0.000000
vt 0.259275 0.456510 0.000000
vt 0.236220 0.440681 0.000000
vt 0.292192 0.436175 0.000000
vt 0.268212 0.421974 0.000000
vt 0.323523 0.413470 0.000000
vt 0.298730 0.400949 0.000000
vt 0.353097 0.388520 0.000000
vt 0.327607 0.377722 0.000000
vt 0.380752 0.361459 0.000000
vt 0.354684 0.352419 0.000000
vt 0.406340 0.332435 0.000000
vt 0.379813 0.325181 0.000000
vt 0.429720 0.301605 0.000000
vt 0.402855 0.296155 0.000000
vt 0.450766 0.269137 0.000000
vt 0.423684 0.265503 0.000000
vt 0.469364 0.235207 0.000000
vt 0.442185 0.233393 0.000000
vt 0.458258 0.200000 0.000000
vt 0.485412 0.200000 0.000000
vt -1.987145 -1.213091 0.000000
vt -1.200000 -1.215453 0.000000
vt -2.000000 -1.206590 0.000000
vt -1.200000 -1.178057 0.000000
vt -2.000000 -1.169522 0.000000
vt -1.200000 -1.140661 0.000000
vt -2.000000 -1.132455 0.000000
vt -1.200000 -1.103265 0.000000
vt -2.000000 -1.095387 0.000000
vt -1.200000 -1.065869 0.000000
vt -2.000000 -1.058319 0.000000
vt -1.200000 -1.028473 0.000000
vt -2.000000 -1.021251 0.000000
vt -1.200000 -0.991077 0.000000
vt -2.000000 -0.984183 0.000000
vt -1.200000 -0.953681 0.000000
vt -2.000000 -0.947115 0.000000
vt -1.200000 -0.916285 0.000000
vt -2.000000 -0.910048 0.000000
vt -1.200000 -0.878888 0.000000
vt -2.000000 -0.872980 0.000000
vt -1.200000 -0.841492 0.000000
vt -2.000000 -0.835912 0.000000
vt -1.200000 -0.804096 0.000000
vt -2.000000 -0.798844 0.000000
vt -1.200000 -0.766700 0.000000
vt -2.000000 -0.761776 0.000000
vt -1.200000 -0.729304 0.000000
vt -2.000000 -0.724708 0.000000
vt -1.200000 -0.691908 0.000000
vt -2.000000 -0.687640 0.000000
vt -1.200000 -0.654512 0.000000
vt -2.000000 -0.650573 0.000000
vt -1.200000 -0.617116 0.000000
vt -2.000000 -0.613505 0.000000
vt -1.200000 -0.579720 0.000000
vt -2.000000 -0.576437 0.000000
vt -1.200000 -0.542323 0.000000
vt -2.000000 -0.539369 0.000000
vt -1.200000 -0.504927 0.000000
vt -2.000000 -0.502301 0.000000
vt -1.200000 -0.467531 0.000000
vt -2.000000 -0.465233 0.000000
vt -1.200000 -0.430135 0.000000
vt -2.000000 -0.428166 0.000000
vt -1.200000 -0.392739 0.000000
vt -2.000000 -0.391098 0.000000
vt -1.200000 -0.355343 0.000000
vt -2.000000 -0.354030 0.000000
vt -1.200000 -0.317947 0.000000
vt -2.000000 -0.316962 0.000000
vt -1.200000 -0.280551 0.000000
vt -2.000000 -0.279894 0.000000
vt -1.200000 -0.242892 0.000000
vt -2.000000 -0.242826 0.000000
vt -2.000000 -0.205758 0.000000
vt -0.400000 -0.242958 0.000000
vt 2.000000 -0.205758 0.000000
vt 0.400000 -0.243023 0.000000
vt 1.200000 -0.243089 0.000000
vt 0.400000 -0.280551 0.000000
vt 1.200000 -0.280551 0.000000
vt 1.200000 -0.317947 0.000000
vt 2.000000 -0.317947 0.000000
vt 2.000000 -0.355343 0.000000
vt 1.200000 -0.355343 0.000000
vt 2.000000 -0.392739 0.000000
vt 1.200000 -0.392739 0.000000
vt 2.000000 -0.430135 0.000000
vt 1.200000 -0.430135 0.000000
vt 2.000000 -0.467531 0.000000
vt 1.200000 -0.467531 0.000000
vt 2.000000 -0.504927 0.000000
vt 1.200000 -0.504927 0.000000
vt 2.000000 -0.542323 0.000000
vt 1.200000 -0.542323 0.000000
vt 2.000000 -0.579720 0.000000
vt 1.200000 -0.579720 0.000000
vt 2.000000 -0.617116 0.000000
vt 1.200000 -0.617116 0.000000
vt 2.000000 -0.654512 0.000000
vt 1.200000 -0.654512 0.000000
vt 2.000000 -0.691908 0.000000
vt 1.200000 -0.691908 0.000000
vt 2.000000 -0.729304 0.000000
vt 1.200000 -0.729304 0.000000
vt 2.000000 -0.766700 0.000000
vt 1.200000 -0.766700 0.000000
vt 2.000000 -0.804096 0.000000
vt 1.200000 -0.804096 0.000000
vt 2.000000 -0.841492 0.000000
vt 1.200000 -0.841492 0.000000
vt 2.000000 -0.878888 0.000000
vt 1.200000 -0.878888 0.000000
vt 2.000000 -0.916285 0.000000
vt 1.200000 -0.916285 0.000000
vt 2.000000 -0.953681 0.000000
vt 1.200000 -0.953681 0.000000
vt 2.000000 -0.991077 0.000000
vt 1.200000 -0.991077 0.000000
vt 2.000000 -1.028473 0.000000
vt 1.200000 -1.028473 0.000000
vt 2.000000 -1.065869 0.000000
vt 1.200000 -1.065869 0.000000
vt 2.000000 -1.103265 0.000000
vt 1.200000 -1.103265 0.000000
vt 2.000000 -1.140661 0.000000
vt 1.200000 -1.140661 0.000000
vt 2.000000 -1.178057 0.000000
vt 1.200000 -1.178057 0.000000
vt 2.000000 -1.215453 0.000000
vt 1.200000 -1.215453 0.000000
vt 2.000000 -1.252850 0.000000
vt 1.200000 -1.252850 0.000000
vt 2.000000 -1.290246 0.000000
vt 1.200000 -1.290246 0.000000
vt 2.000000 -1.327642 0.000000
vt 1.200000 -1.327642 0.000000
vt 2.000000 -1.365038 0.000000
vt 0.400000 -1.327642 0.000000
vt -0.400000 -1.327642 0.000000
vt -0.400000 -1.290246 0.000000
vt -1.200000 -1.290246 0.000000
vt -1.200000 -1.252850 0.000000
vt -1.907110 -1.273910 0.000000
vt -1.927928 -1.254393 0.000000
vt -1.950491 -1.236345 0.000000
vt -1.974588 -1.220252 0.000000
vt -1.888246 -1.294428 0.000000
vt -1.870853 -1.316345 0.000000
vt -1.200000 -1.327642 0.000000
vt -1.854716 -1.339973 0.000000
vt -1.840192 -1.365038 0.000000
vt 2.000000 -0.280551 0.000000
vt 2.000000 -0.243155 0.000000
vt 0.400000 -1.178057 0.000000
vt 0.400000 -1.215453 0.000000
vt 0.400000 -1.252850 0.000000
vt 0.400000 -1.290246 0.000000
vt -0.400000 -1.178057 0.000000
vt -0.400000 -1.215453 0.000000
vt -0.400000 -1.252850 0.000000
vt 0.400000 -1.140661 0.000000
vt 0.400000 -1.103265 0.000000
vt 0.400000 -1.065869 0.000000
vt 0.400000 -1.028473 0.000000
vt 0.400000 -0.991077 0.000000
vt 0.400000 -0.953681 0.000000
vt 0.400000 -0.916285 0.000000
vt 0.400000 -0.878888 0.000000
vt 0.400000 -0.841492 0.000000
vt 0.400000 -0.804096 0.000000
vt 0.400000 -0.766700 0.000000
vt 0.400000 -0.729304 0.000000
vt 0.400000 -0.691908 0.000000
vt 0.400000 -0.654512 0.000000
vt 0.400000 -0.617116 0.000000
vt 0.400000 -0.579720 0.000000
vt 0.400000 -0.542323 0.000000
vt 0.400000 -0.504927 0.000000
vt 0.400000 -0.467531 0.000000
vt 0.400000 -0.430135 0.000000
vt 0.400000 -0.392739 0.000000
vt 0.400000 -0.355343 0.000000
vt 0.400000 -0.317947 0.000000
vt -0.400000 -1.140661 0.000000
vt -0.400000 -1.103265 0.000000
vt -0.400000 -1.065869 0.000000
vt -0.400000 -1.028473 0.000000
vt -0.400000 -0.991077 0.000000
vt -0.400000 -0.953681 0.000000
vt -0.400000 -0.916285 0.000000
vt -0.400000 -0.878888 0.000000
vt -0.400000 -0.841492 0.000000
vt -0.400000 -0.804096 0.000000
vt -0.400000 -0.766700 0.000000
vt -0.400000 -0.729304 0.000000
vt -0.400000 -0.691908 0.000000
vt -0.400000 -0.654512 0.000000
vt -0.400000 -0.617116 0.000000
vt -0.400000 -0.579720 0.000000
vt -0.400000 -0.542323 0.000000
vt -0.400000 -0.504927 0.000000
vt -0.400000 -0.467531 0.000000
vt -0.400000 -0.430135 0.000000
vt -0.400000 -0.392739 0.000000
vt -0.400000 -0.355343 0.000000
vt -0.400000 -0.317947 0.000000
vt -0.400000 -0.280551 0.000000
vt 0.206006 -0.354316 0.000000
vt 0.206167 -0.366278 0.000000
vt 0.218918 -0.358615 0.000000
vt 0.235619 -0.366278 0.000000
vt 0.245488 -0.367871 0.000000
vt 0.235619 -0.409600 0.000000
vt 0.265072 -0.409600 0.000000
vt 0.265072 -0.452922 0.000000
vt 0.294524 -0.452922 0.000000
vt 0.294524 -0.496244 0.000000
vt 0.323977 -0.496244 0.000000
vt 0.323977 -0.539566 0.000000
vt 0.353429 -0.539566 0.000000
vt 0.353429 -0.582888 0.000000
vt 0.382882 -0.582888 0.000000
vt 0.382882 -0.626210 0.000000
vt 0.412334 -0.626210 0.000000
vt 0.412334 -0.669244 0.000000
vt 0.441786 -0.669224 0.000000
vt 0.441786 -0.712854 0.000000
vt 0.471239 -0.669203 0.000000
vt 0.471239 -0.723542 0.000000
vt 0.441786 -0.756176 0.000000
vt 0.471239 -0.777881 0.000000
vt 0.441786 -0.799498 0.000000
vt 0.471239 -0.832220 0.000000
vt 0.441786 -0.842820 0.000000
vt 0.471239 -0.886559 0.000000
vt 0.441786 -0.886533 0.000000
vt 0.441786 -0.929464 0.000000
vt 0.412334 -0.929464 0.000000
vt 0.441786 -0.972786 0.000000
vt 0.412334 -0.972786 0.000000
vt 0.441786 -1.016108 0.000000
vt 0.412334 -1.016108 0.000000
vt 0.441786 -1.059430 0.000000
vt 0.412334 -1.059430 0.000000
vt 0.441786 -1.102752 0.000000
vt 0.412334 -1.102752 0.000000
vt 0.441786 -1.146074 0.000000
vt 0.412334 -1.146074 0.000000
vt 0.441786 -1.189396 0.000000
vt 0.412334 -1.189396 0.000000
vt 0.441786 -1.232718 0.000000
vt 0.412334 -1.232718 0.000000
vt 0.441786 -1.276040 0.000000
vt 0.412334 -1.276040 0.000000
vt 0.441786 -1.319362 0.000000
vt 0.412334 -1.319362 0.000000
vt 0.441786 -1.362684 0.000000
vt 0.412334 -1.362684 0.000000
vt 0.441786 -1.406006 0.000000
vt 0.412334 -1.406006 0.000000
vt 0.441786 -1.449328 0.000000
vt 0.412334 -1.449328 0.000000
vt 0.441786 -1.492650 0.000000
vt 0.412334 -1.492650 0.000000
vt 0.441786 -1.535972 0.000000
vt 0.412334 -1.535972 0.000000
vt 0.441786 -1.579294 0.000000
vt 0.412334 -1.579294 0.000000
vt 0.441786 -1.622616 0.000000
vt 0.412334 -1.622616 0.000000
vt 0.441786 -1.665938 0.000000
vt 0.412334 -1.665938 0.000000
vt 0.441786 -1.709260 0.000000
vt 0.412334 -1.709260 0.000000
vt 0.441786 -1.752582 0.000000
vt 0.412334 -1.752582 0.000000
vt 0.441786 -1.795904 0.000000
vt 0.412334 -1.795904 0.000000
vt 0.441786 -1.839226 0.000000
vt 0.412334 -1.839226 0.000000
vt 0.441786 -1.882548 0.000000
vt 0.412334 -1.882548 0.000000
vt 0.441786 -1.925870 0.000000
vt 0.412334 -1.925870 0.000000
vt 0.441786 -1.969192 0.000000
vt 0.412334 -1.969192 0.000000
vt 0.441786 -2.012515 0.000000
vt 0.412334 -2.012515 0.000000
vt 0.431594 -2.048803 0.000000
vt 0.412334 -2.055837 0.000000
vt 0.410801 -2.058550 0.000000
vt 0.389902 -2.067530 0.000000
vt 0.382882 -2.055837 0.000000
vt 0.369315 -2.075639 0.000000
vt 0.353429 -2.055837 0.000000
vt 0.349430 -2.082805 0.000000
vt 0.323977 -2.055837 0.000000
vt 0.329293 -2.089411 0.000000
vt 0.308267 -2.095735 0.000000
vt 0.294524 -2.055837 0.000000
vt 0.294524 -2.099159 0.000000
vt 0.265072 -2.055837 0.000000
vt 0.265072 -2.099159 0.000000
vt 0.235619 -2.055837 0.000000
vt 0.235619 -2.099159 0.000000
vt 0.206167 -2.055837 0.000000
vt 0.206167 -2.099159 0.000000
vt 0.176715 -2.055837 0.000000
vt 0.176715 -2.099159 0.000000
vt 0.147262 -2.055837 0.000000
vt 0.147262 -2.099159 0.000000
vt 0.117810 -2.055837 0.000000
vt 0.117810 -2.099159 0.000000
vt 0.088357 -2.055837 0.000000
vt 0.088357 -2.099159 0.000000
vt 0.058905 -2.055837 0.000000
vt 0.058905 -2.099159 0.000000
vt 0.029452 -2.055837 0.000000
vt 0.029452 -2.099159 0.000000
vt 0.000000 -2.055837 0.000000
vt 0.000000 -2.099159 0.000000
vt 0.192659 -0.350228 0.000000
vt 0.176715 -0.366278 0.000000
vt 0.206167 -0.409600 0.000000
vt 0.176715 -0.409600 0.000000
vt 0.206167 -0.452922 0.000000
vt 0.176715 -0.452922 0.000000
vt 0.206167 -0.496244 0.000000
vt 0.176715 -0.496244 0.000000
vt 0.206167 -0.539566 0.000000
vt 0.176715 -0.539566 0.000000
vt 0.206167 -0.582888 0.000000
vt 0.176715 -0.582888 0.000000
vt 0.206167 -0.626210 0.000000
vt 0.176715 -0.626210 0.000000
vt 0.206167 -0.669388 0.000000
vt 0.176715 -0.669409 0.000000
vt 0.206167 -0.712854 0.000000
vt 0.176715 -0.712854 0.000000
vt 0.206167 -0.756176 0.000000
vt 0.176715 -0.756176 0.000000
vt 0.206167 -0.799498 0.000000
vt 0.176715 -0.799498 0.000000
vt 0.206167 -0.842820 0.000000
vt 0.176715 -0.842820 0.000000
vt 0.176715 -0.886299 0.000000
vt 0.147262 -0.886273 0.000000
vt 0.147262 -0.929464 0.000000
vt 0.117810 -0.929464 0.000000
vt 0.147262 -0.972786 0.000000
vt 0.117810 -0.972786 0.000000
vt 0.147262 -1.016108 0.000000
vt 0.117810 -1.016108 0.000000
vt 0.147262 -1.059430 0.000000
vt 0.117810 -1.059430 0.000000
vt 0.147262 -1.102752 0.000000
vt 0.117810 -1.102752 0.000000
vt 0.147262 -1.146074 0.000000
vt 0.117810 -1.146074 0.000000
vt 0.147262 -1.189396 0.000000
vt 0.117810 -1.189396 0.000000
vt 0.147262 -1.232718 0.000000
vt 0.117810 -1.232718 0.000000
vt 0.147262 -1.276040 0.000000
vt 0.117810 -1.276040 0.000000
vt 0.147262 -1.319362 0.000000
vt 0.117810 -1.319362 0.000000
vt 0.147262 -1.362684 0.000000
vt 0.117810 -1.362684 0.000000
vt 0.147262 -1.406006 0.000000
vt 0.117810 -1.406006 0.000000
vt 0.147262 -1.449328 0.000000
vt 0.117810 -1.449328 0.000000
vt 0.147262 -1.492650 0.000000
vt 0.117810 -1.492650 0.000000
vt 0.147262 -1.535972 0.000000
vt 0.117810 -1.535972 0.000000
vt 0.147262 -1.579294 0.000000
vt 0.117810 -1.579294 0.000000
vt 0.147262 -1.622616 0.000000
vt 0.117810 -1.622616 0.000000
vt 0.147262 -1.665938 0.000000
vt 0.117810 -1.665938 0.000000
vt 0.147262 -1.709260 0.000000
vt 0.117810 -1.709260 0.000000
vt 0.147262 -1.752582 0.000000
vt 0.117810 -1.752582 0.000000
vt 0.147262 -1.795904 0.000000
vt 0.117810 -1.795904 0.000000
vt 0.147262 -1.839226 0.000000
vt 0.117810 -1.839226 0.000000
vt 0.147262 -1.882548 0.000000
vt 0.117810 -1.882548 0.000000
vt 0.147262 -1.925870 0.000000
vt 0.117810 -1.925870 0.000000
vt 0.147262 -1.969192 0.000000
vt 0.117810 -1.969192 0.000000
vt 0.147262 -2.012515 0.000000
vt 0.117810 -2.012515 0.000000
vt 0.165186 -0.342803 0.000000
vt 0.147262 -0.366278 0.000000
vt 0.147262 -0.409600 0.000000
vt 0.147262 -0.452922 0.000000
vt 0.147262 -0.496244 0.000000
vt 0.147262 -0.539566 0.000000
vt 0.147262 -0.582888 0.000000
vt 0.147262 -0.626210 0.000000
vt 0.147262 -0.669429 0.000000
vt 0.147262 -0.712854 0.000000
vt 0.147262 -0.756176 0.000000
vt 0.147262 -0.799498 0.000000
vt 0.147262 -0.842820 0.000000
vt 0.117810 -0.886246 0.000000
vt 0.088357 -0.929464 0.000000
vt 0.088357 -0.972786 0.000000
vt 0.088357 -1.016108 0.000000
vt 0.088357 -1.059430 0.000000
vt 0.088357 -1.102752 0.000000
vt 0.088357 -1.146074 0.000000
vt 0.088357 -1.189396 0.000000
vt 0.088357 -1.232718 0.000000
vt 0.088357 -1.276040 0.000000
vt 0.088357 -1.319362 0.000000
vt 0.088357 -1.362684 0.000000
vt 0.088357 -1.406006 0.000000
vt 0.088357 -1.449328 0.000000
vt 0.088357 -1.492650 0.000000
vt 0.088357 -1.535972 0.000000
vt 0.088357 -1.579294 0.000000
vt 0.088357 -1.622616 0.000000
vt 0.088357 -1.665938 0.000000
vt 0.088357 -1.709260 0.000000
vt 0.088357 -1.752582 0.000000
vt 0.088357 -1.795904 0.000000
vt 0.088357 -1.839226 0.000000
vt 0.088357 -1.882548 0.000000
vt 0.088357 -1.925870 0.000000
vt 0.088357 -1.969192 0.000000
vt 0.088357 -2.012515 0.000000
vt 0.137586 -0.336557 0.000000
vt 0.117810 -0.366278 0.000000
vt 0.117810 -0.409600 0.000000
vt 0.117810 -0.452922 0.000000
vt 0.117810 -0.496244 0.000000
vt 0.117810 -0.539566 0.000000
vt 0.117810 -0.582888 0.000000
vt 0.117810 -0.626210 0.000000
vt 0.117810 -0.669450 0.000000
vt 0.117810 -0.712854 0.000000
vt 0.117810 -0.756176 0.000000
vt 0.117810 -0.799498 0.000000
vt 0.117810 -0.842820 0.000000
vt 0.088357 -0.886220 0.000000
vt 0.058905 -0.929464 0.000000
vt 0.058905 -0.972786 0.000000
vt 0.058905 -1.016108 0.000000
vt 0.058905 -1.059430 0.000000
vt 0.058905 -1.102752 0.000000
vt 0.058905 -1.146074 0.000000
vt 0.058905 -1.189396 0.000000
vt 0.058905 -1.232718 0.000000
vt 0.058905 -1.276040 0.000000
vt 0.058905 -1.319362 0.000000
vt 0.058905 -1.362684 0.000000
vt 0.058905 -1.406006 0.000000
vt 0.058905 -1.449328 0.000000
vt 0.058905 -1.492650 0.000000
vt 0.058905 -1.535972 0.000000
vt 0.058905 -1.579294 0.000000
vt 0.058905 -1.622616 0.000000
vt 0.058905 -1.665938 0.000000
vt 0.058905 -1.709260 0.000000
vt 0.058905 -1.752582 0.000000
vt 0.058905 -1.795904 0.000000
vt 0.058905 -1.839226 0.000000
vt 0.058905 -1.882548 0.000000
vt 0.058905 -1.925870 0.000000
vt 0.058905 -1.969192 0.000000
vt 0.058905 -2.012515 0.000000
vt 0.124080 -0.333937 0.000000
vt 0.110940 -0.331684 0.000000
vt 0.088357 -0.366278 0.000000
vt 0.097677 -0.329724 0.000000
vt 0.083938 -0.327993 0.000000
vt 0.058905 -0.366278 0.000000
vt 0.055627 -0.325256 0.000000
vt 0.029452 -0.366278 0.000000
vt 0.027240 -0.323548 0.000000
vt 0.013403 -0.323106 0.000000
vt 0.000000 -0.322956 0.000000
vt 0.000000 -0.366278 0.000000
vt 0.029452 -0.409600 0.000000
vt 0.000000 -0.409600 0.000000
vt 0.029452 -0.452922 0.000000
vt 0.000000 -0.452922 0.000000
vt 0.029452 -0.496244 0.000000
vt 0.000000 -0.496244 0.000000
vt 0.029452 -0.539566 0.000000
vt 0.000000 -0.539566 0.000000
vt 0.029452 -0.582888 0.000000
vt 0.000000 -0.582888 0.000000
vt 0.029452 -0.626210 0.000000
vt 0.000000 -0.626210 0.000000
vt 0.029452 -0.669512 0.000000
vt 0.000000 -0.669532 0.000000
vt 0.029452 -0.712854 0.000000
vt 0.000000 -0.712854 0.000000
vt 0.029452 -0.756176 0.000000
vt 0.000000 -0.756176 0.000000
vt 0.029452 -0.799498 0.000000
vt 0.000000 -0.799498 0.000000
vt 0.029452 -0.842820 0.000000
vt 0.000000 -0.842820 0.000000
vt 0.000000 -0.886142 0.000000
vt 0.029452 -0.886168 0.000000
vt 0.000000 -0.929464 0.000000
vt 0.029452 -0.929464 0.000000
vt 0.029452 -0.972786 0.000000
vt 0.000000 -0.972786 0.000000
vt 0.029452 -1.016108 0.000000
vt 0.000000 -1.016108 0.000000
vt 0.029452 -1.059430 0.000000
vt 0.000000 -1.059430 0.000000
vt 0.029452 -1.102752 0.000000
vt 0.000000 -1.102752 0.000000
vt 0.029452 -1.146074 0.000000
vt 0.000000 -1.146074 0.000000
vt 0.029452 -1.189396 0.000000
vt 0.000000 -1.189396 0.000000
vt 0.029452 -1.232718 0.000000
vt 0.000000 -1.232718 0.000000
vt 0.029452 -1.276040 0.000000
vt 0.000000 -1.276040 0.000000
vt 0.029452 -1.319362 0.000000
vt 0.000000 -1.319362 0.000000
vt 0.029452 -1.362684 0.000000
vt 0.000000 -1.362684 0.000000
vt 0.029452 -1.406006 0.000000
vt 0.000000 -1.406006 0.000000
vt 0.029452 -1.449328 0.000000
vt 0.000000 -1.449328 0.000000
vt 0.029452 -1.492650 0.000000
vt 0.000000 -1.492650 0.000000
vt 0.029452 -1.535972 0.000000
vt 0.000000 -1.535972 0.000000
vt 0.029452 -1.579294 0.000000
vt 0.000000 -1.579294 0.000000
vt 0.029452 -1.622616 0.000000
vt 0.000000 -1.622616 0.000000
vt 0.029452 -1.665938 0.000000
vt 0.000000 -1.665938 0.000000
vt 0.029452 -1.709260 0.000000
vt 0.000000 -1.709260 0.000000
vt 0.029452 -1.752582 0.000000
vt 0.000000 -1.752582 0.000000
vt 0.029452 -1.795904 0.000000
vt 0.000000 -1.795904 0.000000
vt 0.029452 -1.839226 0.000000
vt 0.000000 -1.839226 0.000000
vt 0.029452 -1.882548 0.000000
vt 0.000000 -1.882548 0.000000
vt 0.029452 -1.925870 0.000000
vt 0.000000 -1.925870 0.000000
vt 0.029452 -1.969192 0.000000
vt 0.000000 -1.969192 0.000000
vt 0.029452 -2.012515 0.000000
vt 0.000000 -2.012515 0.000000
vt 0.029452 -2.142481 0.000000
vt 0.000000 -2.142481 0.000000
vt 0.029452 -2.185803 0.000000
vt 0.000000 -2.185803 0.000000
vt 0.029452 -2.229125 0.000000
vt 0.000000 -2.229125 0.000000
vt 0.029452 -2.272447 0.000000
vt 0.000000 -2.272447 0.000000
vt 0.029452 -2.315769 0.000000
vt 0.000000 -2.315769 0.000000
vt 0.029452 -2.359091 0.000000
vt 0.000000 -2.359091 0.000000
vt 0.029452 -2.402413 0.000000
vt 0.000000 -2.402413 0.000000
vt 0.029452 -2.445735 0.000000
vt 0.000000 -2.445735 0.000000
vt 0.029452 -2.489057 0.000000
vt 0.000000 -2.489057 0.000000
vt 0.029452 -2.532379 0.000000
vt 0.000000 -2.532379 0.000000
vt 0.029452 -2.575701 0.000000
vt 0.000000 -2.575701 0.000000
vt 0.029452 -2.619023 0.000000
vt 0.000000 -2.619023 0.000000
vt 0.029452 -2.662345 0.000000
vt 0.000000 -2.662345 0.000000
vt 0.029452 -2.705667 0.000000
vt 0.000000 -2.705667 0.000000
vt 0.029452 -2.748989 0.000000
vt 0.000000 -2.748989 0.000000
vt 0.029452 -2.792311 0.000000
vt 0.000000 -2.792311 0.000000
vt 0.029452 -2.835633 0.000000
vt 0.000000 -2.835633 0.000000
vt 0.029452 -2.878955 0.000000
vt 0.000000 -2.878955 0.000000
vt 0.029452 -2.922277 0.000000
vt 0.000000 -2.922277 0.000000
vt 0.029452 -2.965599 0.000000
vt 0.000000 -2.965599 0.000000
vt 0.029452 -3.008921 0.000000
vt 0.000000 -3.008921 0.000000
vt 0.029452 -3.052243 0.000000
vt 0.000000 -3.052243 0.000000
vt 0.029452 -3.095565 0.000000
vt 0.000000 -3.095565 0.000000
vt 0.029452 -3.138887 0.000000
vt 0.000000 -3.138887 0.000000
vt 0.029452 -3.182209 0.000000
vt 0.000000 -3.182209 0.000000
vt 0.029452 -3.225531 0.000000
vt 0.000000 -3.225531 0.000000
vt 0.029452 -3.268853 0.000000
vt 0.000000 -3.268853 0.000000
vt 0.029452 -3.312175 0.000000
vt 0.000000 -3.312175 0.000000
vt 0.029452 -3.355497 0.000000
vt 0.000000 -3.355497 0.000000
vt 0.029452 -3.398819 0.000000
vt 0.000000 -3.398819 0.000000
vt 0.029452 -3.442141 0.000000
vt 0.000000 -3.442141 0.000000
vt 0.029452 -3.485463 0.000000
vt 0.000000 -3.485463 0.000000
vt 0.029452 -3.528785 0.000000
vt 0.000000 -3.528785 0.000000
vt 0.029452 -3.572107 0.000000
vt 0.000000 -3.572107 0.000000
vt 0.029452 -3.615429 0.000000
vt 0.000000 -3.615429 0.000000
vt 0.029452 -3.658751 0.000000
vt 0.000000 -3.658751 0.000000
vt 0.029452 -3.702073 0.000000
vt 0.000000 -3.702073 0.000000
vt 0.029452 -3.745369 0.000000
vt 0.000000 -3.745395 0.000000
vt 0.029452 -3.788717 0.000000
vt 0.000000 -3.788717 0.000000
vt 0.029452 -3.832039 0.000000
vt 0.000000 -3.832039 0.000000
vt 0.029452 -3.875361 0.000000
vt 0.000000 -3.875361 0.000000
vt 0.029452 -3.918683 0.000000
vt 0.000000 -3.918683 0.000000
vt 0.000000 -3.962005 0.000000
vt 0.029452 -3.962026 0.000000
vt 0.000000 -4.005327 0.000000
vt 0.029452 -4.005327 0.000000
vt 0.029452 -4.048649 0.000000
vt 0.058905 -4.048649 0.000000
vt 0.058905 -4.091971 0.000000
vt 0.088357 -4.091971 0.000000
vt 0.088357 -4.135293 0.000000
vt 0.117810 -4.135293 0.000000
vt 0.117810 -4.178615 0.000000
vt 0.147262 -4.178615 0.000000
vt 0.147262 -4.221937 0.000000
vt 0.176715 -4.221937 0.000000
vt 0.176715 -4.265259 0.000000
vt 0.206167 -4.265259 0.000000
vt 0.192659 -4.281309 0.000000
vt 0.206006 -4.277221 0.000000
vt 0.000000 -4.048649 0.000000
vt 0.029452 -4.091971 0.000000
vt 0.058905 -4.135293 0.000000
vt 0.088357 -4.178615 0.000000
vt 0.117810 -4.221937 0.000000
vt 0.147262 -4.265259 0.000000
vt 0.165186 -4.288734 0.000000
vt 0.000000 -4.091971 0.000000
vt 0.029452 -4.135293 0.000000
vt 0.058905 -4.178615 0.000000
vt 0.088357 -4.221937 0.000000
vt 0.117810 -4.265259 0.000000
vt 0.137586 -4.294980 0.000000
vt 0.000000 -4.135293 0.000000
vt 0.029452 -4.178615 0.000000
vt 0.058905 -4.221937 0.000000
vt 0.088357 -4.265259 0.000000
vt 0.097677 -4.301813 0.000000
vt 0.110940 -4.299854 0.000000
vt 0.000000 -4.178615 0.000000
vt 0.029452 -4.221937 0.000000
vt 0.058905 -4.265259 0.000000
vt 0.083938 -4.303544 0.000000
vt 0.000000 -4.221937 0.000000
vt 0.029452 -4.265259 0.000000
vt 0.055627 -4.306281 0.000000
vt 0.000000 -4.265259 0.000000
vt 0.027240 -4.307989 0.000000
vt 0.000000 -4.308581 0.000000
vt 0.013403 -4.308431 0.000000
vt 0.124080 -4.297600 0.000000
vt 0.218918 -4.272922 0.000000
vt 0.235619 -4.265259 0.000000
vt 0.206167 -4.221937 0.000000
vt 0.235619 -4.221937 0.000000
vt 0.206167 -4.178615 0.000000
vt 0.235619 -4.178615 0.000000
vt 0.206167 -4.135293 0.000000
vt 0.235619 -4.135293 0.000000
vt 0.206167 -4.091971 0.000000
vt 0.235619 -4.091971 0.000000
vt 0.206167 -4.048649 0.000000
vt 0.235619 -4.048649 0.000000
vt 0.206167 -4.005327 0.000000
vt 0.235619 -4.005327 0.000000
vt 0.235619 -3.962169 0.000000
vt 0.265072 -3.962190 0.000000
vt 0.265072 -3.918683 0.000000
vt 0.294524 -3.918683 0.000000
vt 0.265072 -3.875361 0.000000
vt 0.294524 -3.875361 0.000000
vt 0.265072 -3.832039 0.000000
vt 0.294524 -3.832039 0.000000
vt 0.265072 -3.788717 0.000000
vt 0.294524 -3.788717 0.000000
vt 0.265072 -3.745160 0.000000
vt 0.294524 -3.745134 0.000000
vt 0.265072 -3.702073 0.000000
vt 0.294524 -3.702073 0.000000
vt 0.265072 -3.658751 0.000000
vt 0.294524 -3.658751 0.000000
vt 0.265072 -3.615429 0.000000
vt 0.294524 -3.615429 0.000000
vt 0.265072 -3.572107 0.000000
vt 0.294524 -3.572107 0.000000
vt 0.265072 -3.528785 0.000000
vt 0.294524 -3.528785 0.000000
vt 0.265072 -3.485463 0.000000
vt 0.294524 -3.485463 0.000000
vt 0.265072 -3.442141 0.000000
vt 0.294524 -3.442141 0.000000
vt 0.265072 -3.398819 0.000000
vt 0.294524 -3.398819 0.000000
vt 0.265072 -3.355497 0.000000
vt 0.294524 -3.355497 0.000000
vt 0.265072 -3.312175 0.000000
vt 0.294524 -3.312175 0.000000
vt 0.265072 -3.268853 0.000000
vt 0.294524 -3.268853 0.000000
vt 0.265072 -3.225531 0.000000
vt 0.294524 -3.225531 0.000000
vt 0.265072 -3.182209 0.000000
vt 0.294524 -3.182209 0.000000
vt 0.265072 -3.138887 0.000000
vt 0.294524 -3.138887 0.000000
vt 0.265072 -3.095565 0.000000
vt 0.294524 -3.095565 0.000000
vt 0.265072 -3.052243 0.000000
vt 0.294524 -3.052243 0.000000
vt 0.265072 -3.008921 0.000000
vt 0.294524 -3.008921 0.000000
vt 0.265072 -2.965599 0.000000
vt 0.294524 -2.965599 0.000000
vt 0.265072 -2.922277 0.000000
vt 0.294524 -2.922277 0.000000
vt 0.265072 -2.878955 0.000000
vt 0.294524 -2.878955 0.000000
vt 0.265072 -2.835633 0.000000
vt 0.294524 -2.835633 0.000000
vt 0.265072 -2.792311 0.000000
vt 0.294524 -2.792311 0.000000
vt 0.265072 -2.748989 0.000000
vt 0.294524 -2.748989 0.000000
vt 0.265072 -2.705667 0.000000
vt 0.294524 -2.705667 0.000000
vt 0.265072 -2.662345 0.000000
vt 0.294524 -2.662345 0.000000
vt 0.265072 -2.619023 0.000000
vt 0.294524 -2.619023 0.000000
vt 0.265072 -2.575701 0.000000
vt 0.294524 -2.575701 0.000000
vt 0.265072 -2.532379 0.000000
vt 0.294524 -2.532379 0.000000
vt 0.265072 -2.489057 0.000000
vt 0.294524 -2.489057 0.000000
vt 0.265072 -2.445735 0.000000
vt 0.294524 -2.445735 0.000000
vt 0.265072 -2.402413 0.000000
vt 0.294524 -2.402413 0.000000
vt 0.265072 -2.359091 0.000000
vt 0.294524 -2.359091 0.000000
vt 0.265072 -2.315769 0.000000
vt 0.294524 -2.315769 0.000000
vt 0.265072 -2.272447 0.000000
vt 0.294524 -2.272447 0.000000
vt 0.265072 -2.229125 0.000000
vt 0.294524 -2.229125 0.000000
vt 0.265072 -2.185803 0.000000
vt 0.294524 -2.185803 0.000000
vt 0.265072 -2.142481 0.000000
vt 0.294524 -2.142481 0.000000
vt 0.245538 -4.263640 0.000000
vt 0.265072 -4.221937 0.000000
vt 0.272028 -4.254103 0.000000
vt 0.294524 -4.221937 0.000000
vt 0.298435 -4.243927 0.000000
vt 0.323977 -4.221937 0.000000
vt 0.324784 -4.232686 0.000000
vt 0.338740 -4.226159 0.000000
vt 0.354270 -4.218305 0.000000
vt 0.353429 -4.178615 0.000000
vt 0.323977 -4.178615 0.000000
vt 0.294524 -4.178615 0.000000
vt 0.265072 -4.178615 0.000000
vt 0.371274 -4.208811 0.000000
vt 0.382882 -4.178615 0.000000
vt 0.353429 -4.135293 0.000000
vt 0.382882 -4.135293 0.000000
vt 0.353429 -4.091971 0.000000
vt 0.382882 -4.091971 0.000000
vt 0.353429 -4.048649 0.000000
vt 0.382882 -4.048649 0.000000
vt 0.353429 -4.005327 0.000000
vt 0.382882 -4.005327 0.000000
vt 0.382882 -3.962272 0.000000
vt 0.412334 -3.962293 0.000000
vt 0.412334 -3.918683 0.000000
vt 0.441786 -3.918683 0.000000
vt 0.412334 -3.875361 0.000000
vt 0.441786 -3.875361 0.000000
vt 0.412334 -3.832039 0.000000
vt 0.441786 -3.832039 0.000000
vt 0.412334 -3.788717 0.000000
vt 0.441786 -3.788717 0.000000
vt 0.412334 -3.745030 0.000000
vt 0.441786 -3.745004 0.000000
vt 0.412334 -3.702073 0.000000
vt 0.441786 -3.702073 0.000000
vt 0.412334 -3.658751 0.000000
vt 0.441786 -3.658751 0.000000
vt 0.412334 -3.615429 0.000000
vt 0.441786 -3.615429 0.000000
vt 0.412334 -3.572107 0.000000
vt 0.441786 -3.572107 0.000000
vt 0.412334 -3.528785 0.000000
vt 0.441786 -3.528785 0.000000
vt 0.412334 -3.485463 0.000000
vt 0.441786 -3.485463 0.000000
vt 0.412334 -3.442141 0.000000
vt 0.441786 -3.442141 0.000000
vt 0.412334 -3.398819 0.000000
vt 0.441786 -3.398819 0.000000
vt 0.412334 -3.355497 0.000000
vt 0.441786 -3.355497 0.000000
vt 0.412334 -3.312175 0.000000
vt 0.441786 -3.312175 0.000000
vt 0.412334 -3.268853 0.000000
vt 0.441786 -3.268853 0.000000
vt 0.412334 -3.225531 0.000000
vt 0.441786 -3.225531 0.000000
vt 0.412334 -3.182209 0.000000
vt 0.441786 -3.182209 0.000000
vt 0.412334 -3.138887 0.000000
vt 0.441786 -3.138887 0.000000
vt 0.412334 -3.095565 0.000000
vt 0.441786 -3.095565 0.000000
vt 0.412334 -3.052243 0.000000
vt 0.441786 -3.052243 0.000000
vt 0.412334 -3.008921 0.000000
vt 0.441786 -3.008921 0.000000
vt 0.412334 -2.965599 0.000000
vt 0.441786 -2.965599 0.000000
vt 0.412334 -2.922277 0.000000
vt 0.441786 -2.922277 0.000000
vt 0.412334 -2.878955 0.000000
vt 0.441786 -2.878955 0.000000
vt 0.412334 -2.835633 0.000000
vt 0.441786 -2.835633 0.000000
vt 0.412334 -2.792311 0.000000
vt 0.441786 -2.792311 0.000000
vt 0.412334 -2.748989 0.000000
vt 0.441786 -2.748989 0.000000
vt 0.412334 -2.705667 0.000000
vt 0.441786 -2.705667 0.000000
vt 0.412334 -2.662345 0.000000
vt 0.441786 -2.662345 0.000000
vt 0.412334 -2.619023 0.000000
vt 0.441786 -2.619023 0.000000
vt 0.431594 -2.582734 0.000000
vt 0.451869 -2.593095 0.000000
vt 0.471239 -2.603859 0.000000
vt 0.471239 -2.658198 0.000000
vt 0.389663 -4.197310 0.000000
vt 0.412334 -4.178615 0.000000
vt 0.412334 -4.135293 0.000000
vt 0.412334 -4.091971 0.000000
vt 0.412334 -4.048649 0.000000
vt 0.412334 -4.005327 0.000000
vt 0.441786 -3.962313 0.000000
vt 0.471239 -3.962334 0.000000
vt 0.471239 -3.907995 0.000000
vt 0.409352 -4.183360 0.000000
vt 0.430252 -4.166430 0.000000
vt 0.441786 -4.135293 0.000000
vt 0.441786 -4.091971 0.000000
vt 0.441786 -4.048649 0.000000
vt 0.441786 -4.005327 0.000000
vt 0.451155 -4.146929 0.000000
vt 0.471239 -4.125351 0.000000
vt 0.471239 -4.071012 0.000000
vt 0.471239 -4.016673 0.000000
vt 0.471239 -3.853656 0.000000
vt 0.471239 -3.799317 0.000000
vt 0.471239 -3.744978 0.000000
vt 0.471239 -3.690639 0.000000
vt 0.471239 -3.636300 0.000000
vt 0.471239 -3.581961 0.000000
vt 0.471239 -3.527622 0.000000
vt 0.471239 -3.473283 0.000000
vt 0.471239 -3.418944 0.000000
vt 0.471239 -3.364605 0.000000
vt 0.471239 -3.310266 0.000000
vt 0.471239 -3.255927 0.000000
vt 0.471239 -3.201588 0.000000
vt 0.471239 -3.147249 0.000000
vt 0.471239 -3.092910 0.000000
vt 0.471239 -3.038571 0.000000
vt 0.471239 -2.984232 0.000000
vt 0.471239 -2.929893 0.000000
vt 0.471239 -2.875554 0.000000
vt 0.471239 -2.821215 0.000000
vt 0.471239 -2.766876 0.000000
vt 0.471239 -2.712537 0.000000
vt 0.412334 -2.575701 0.000000
vt 0.410801 -2.572987 0.000000
vt 0.382882 -2.575701 0.000000
vt 0.389902 -2.564007 0.000000
vt 0.369315 -2.555898 0.000000
vt 0.353429 -2.575701 0.000000
vt 0.349430 -2.548732 0.000000
vt 0.323977 -2.575701 0.000000
vt 0.329289 -2.542105 0.000000
vt 0.308267 -2.535802 0.000000
vt 0.323417 -2.482175 0.000000
vt 0.334116 -2.426585 0.000000
vt 0.323977 -2.445735 0.000000
vt 0.323977 -2.402413 0.000000
vt 0.340333 -2.370566 0.000000
vt 0.323977 -2.359091 0.000000
vt 0.342306 -2.315769 0.000000
vt 0.323977 -2.315769 0.000000
vt 0.323977 -2.272447 0.000000
vt 0.340333 -2.260971 0.000000
vt 0.323977 -2.229125 0.000000
vt 0.334116 -2.204952 0.000000
vt 0.323977 -2.185803 0.000000
vt 0.323417 -2.149362 0.000000
vt 0.451869 -2.038442 0.000000
vt 0.471239 -2.027678 0.000000
vt 0.471239 -1.973339 0.000000
vt 0.471239 -1.919000 0.000000
vt 0.471239 -1.864661 0.000000
vt 0.471239 -1.810322 0.000000
vt 0.471239 -1.755983 0.000000
vt 0.471239 -1.701644 0.000000
vt 0.471239 -1.647305 0.000000
vt 0.471239 -1.592966 0.000000
vt 0.471239 -1.538627 0.000000
vt 0.471239 -1.484288 0.000000
vt 0.471239 -1.429949 0.000000
vt 0.471239 -1.375610 0.000000
vt 0.471239 -1.321271 0.000000
vt 0.471239 -1.266932 0.000000
vt 0.471239 -1.212593 0.000000
vt 0.471239 -1.158254 0.000000
vt 0.471239 -1.103915 0.000000
vt 0.471239 -1.049576 0.000000
vt 0.471239 -0.995237 0.000000
vt 0.471239 -0.940898 0.000000
vt 0.441786 -0.626210 0.000000
vt 0.471239 -0.614864 0.000000
vt 0.441786 -0.582888 0.000000
vt 0.471239 -0.560525 0.000000
vt 0.441786 -0.539566 0.000000
vt 0.471239 -0.506186 0.000000
vt 0.441786 -0.496244 0.000000
vt 0.449557 -0.483015 0.000000
vt 0.428081 -0.463210 0.000000
vt 0.407802 -0.446965 0.000000
vt 0.412334 -0.452922 0.000000
vt 0.412334 -0.496244 0.000000
vt 0.382882 -0.452922 0.000000
vt 0.388791 -0.433618 0.000000
vt 0.371105 -0.422627 0.000000
vt 0.353429 -0.452922 0.000000
vt 0.354799 -0.413542 0.000000
vt 0.339935 -0.405988 0.000000
vt 0.326229 -0.399509 0.000000
vt 0.323977 -0.409600 0.000000
vt 0.323977 -0.452922 0.000000
vt 0.353429 -0.496244 0.000000
vt 0.382882 -0.496244 0.000000
vt 0.382882 -0.539566 0.000000
vt 0.412334 -0.539566 0.000000
vt 0.412334 -0.582888 0.000000
vt 0.299120 -0.387878 0.000000
vt 0.294524 -0.409600 0.000000
vt 0.272213 -0.377488 0.000000
vt 0.058905 -0.409600 0.000000
vt 0.058905 -0.452922 0.000000
vt 0.058905 -0.496244 0.000000
vt 0.058905 -0.539566 0.000000
vt 0.058905 -0.582888 0.000000
vt 0.058905 -0.626210 0.000000
vt 0.058905 -0.669491 0.000000
vt 0.058905 -0.712854 0.000000
vt 0.058905 -0.756176 0.000000
vt 0.058905 -0.799498 0.000000
vt 0.058905 -0.842820 0.000000
vt 0.088357 -0.409600 0.000000
vt 0.088357 -0.452922 0.000000
vt 0.088357 -0.496244 0.000000
vt 0.088357 -0.539566 0.000000
vt 0.088357 -0.582888 0.000000
vt 0.088357 -0.626210 0.000000
vt 0.088357 -0.669470 0.000000
vt 0.088357 -0.712854 0.000000
vt 0.088357 -0.756176 0.000000
vt 0.088357 -0.799498 0.000000
vt 0.088357 -0.842820 0.000000
vt 0.058905 -0.886194 0.000000
vt 0.235619 -0.452922 0.000000
vt 0.235619 -0.496244 0.000000
vt 0.235619 -0.539566 0.000000
vt 0.235619 -0.582888 0.000000
vt 0.235619 -0.626210 0.000000
vt 0.235619 -0.669368 0.000000
vt 0.235619 -0.712854 0.000000
vt 0.235619 -0.756176 0.000000
vt 0.235619 -0.799498 0.000000
vt 0.235619 -0.842820 0.000000
vt 0.206167 -0.886325 0.000000
vt 0.176715 -0.929464 0.000000
vt 0.176715 -0.972786 0.000000
vt 0.176715 -1.016108 0.000000
vt 0.176715 -1.059430 0.000000
vt 0.176715 -1.102752 0.000000
vt 0.176715 -1.146074 0.000000
vt 0.176715 -1.189396 0.000000
vt 0.176715 -1.232718 0.000000
vt 0.176715 -1.276040 0.000000
vt 0.176715 -1.319362 0.000000
vt 0.176715 -1.362684 0.000000
vt 0.176715 -1.406006 0.000000
vt 0.176715 -1.449328 0.000000
vt 0.176715 -1.492650 0.000000
vt 0.176715 -1.535972 0.000000
vt 0.176715 -1.579294 0.000000
vt 0.176715 -1.622616 0.000000
vt 0.176715 -1.665938 0.000000
vt 0.176715 -1.709260 0.000000
vt 0.176715 -1.752582 0.000000
vt 0.176715 -1.795904 0.000000
vt 0.176715 -1.839226 0.000000
vt 0.176715 -1.882548 0.000000
vt 0.176715 -1.925870 0.000000
vt 0.176715 -1.969192 0.000000
vt 0.176715 -2.012515 0.000000
vt 0.265072 -0.496244 0.000000
vt 0.294524 -0.539566 0.000000
vt 0.323977 -0.582888 0.000000
vt 0.353429 -0.626210 0.000000
vt 0.382882 -0.669265 0.000000
vt 0.412334 -0.712854 0.000000
vt 0.265072 -0.539566 0.000000
vt 0.265072 -0.582888 0.000000
vt 0.265072 -0.626210 0.000000
vt 0.265072 -0.669347 0.000000
vt 0.265072 -0.712854 0.000000
vt 0.265072 -0.756176 0.000000
vt 0.265072 -0.799498 0.000000
vt 0.265072 -0.842820 0.000000
vt 0.235619 -0.886351 0.000000
vt 0.206167 -0.929464 0.000000
vt 0.206167 -0.972786 0.000000
vt 0.206167 -1.016108 0.000000
vt 0.206167 -1.059430 0.000000
vt 0.206167 -1.102752 0.000000
vt 0.206167 -1.146074 0.000000
vt 0.206167 -1.189396 0.000000
vt 0.206167 -1.232718 0.000000
vt 0.206167 -1.276040 0.000000
vt 0.206167 -1.319362 0.000000
vt 0.206167 -1.362684 0.000000
vt 0.206167 -1.406006 0.000000
vt 0.206167 -1.449328 0.000000
vt 0.206167 -1.492650 0.000000
vt 0.206167 -1.535972 0.000000
vt 0.206167 -1.579294 0.000000
vt 0.206167 -1.622616 0.000000
vt 0.206167 -1.665938 0.000000
vt 0.206167 -1.709260 0.000000
vt 0.206167 -1.752582 0.000000
vt 0.206167 -1.795904 0.000000
vt 0.206167 -1.839226 0.000000
vt 0.206167 -1.882548 0.000000
vt 0.206167 -1.925870 0.000000
vt 0.206167 -1.969192 0.000000
vt 0.206167 -2.012515 0.000000
vt 0.294524 -0.582888 0.000000
vt 0.323977 -0.626210 0.000000
vt 0.353429 -0.669285 0.000000
vt 0.382882 -0.712854 0.000000
vt 0.412334 -0.756176 0.000000
vt 0.294524 -0.626210 0.000000
vt 0.294524 -0.669327 0.000000
vt 0.294524 -0.712854 0.000000
vt 0.294524 -0.756176 0.000000
vt 0.294524 -0.799498 0.000000
vt 0.294524 -0.842820 0.000000
vt 0.265072 -0.886377 0.000000
vt 0.235619 -0.929464 0.000000
vt 0.235619 -0.972786 0.000000
vt 0.235619 -1.016108 0.000000
vt 0.235619 -1.059430 0.000000
vt 0.235619 -1.102752 0.000000
vt 0.235619 -1.146074 0.000000
vt 0.235619 -1.189396 0.000000
vt 0.235619 -1.232718 0.000000
vt 0.235619 -1.276040 0.000000
vt 0.235619 -1.319362 0.000000
vt 0.235619 -1.362684 0.000000
vt 0.235619 -1.406006 0.000000
vt 0.235619 -1.449328 0.000000
vt 0.235619 -1.492650 0.000000
vt 0.235619 -1.535972 0.000000
vt 0.235619 -1.579294 0.000000
vt 0.235619 -1.622616 0.000000
vt 0.235619 -1.665938 0.000000
vt 0.235619 -1.709260 0.000000
vt 0.235619 -1.752582 0.000000
vt 0.235619 -1.795904 0.000000
vt 0.235619 -1.839226 0.000000
vt 0.235619 -1.882548 0.000000
vt 0.235619 -1.925870 0.000000
vt 0.235619 -1.969192 0.000000
vt 0.235619 -2.012515 0.000000
vt 0.323977 -0.669306 0.000000
vt 0.353429 -0.712854 0.000000
vt 0.382882 -0.756176 0.000000
vt 0.412334 -0.799498 0.000000
vt 0.323977 -0.712854 0.000000
vt 0.323977 -0.756176 0.000000
vt 0.323977 -0.799498 0.000000
vt 0.323977 -0.842820 0.000000
vt 0.294524 -0.886403 0.000000
vt 0.265072 -0.929464 0.000000
vt 0.265072 -0.972786 0.000000
vt 0.265072 -1.016108 0.000000
vt 0.265072 -1.059430 0.000000
vt 0.265072 -1.102752 0.000000
vt 0.265072 -1.146074 0.000000
vt 0.265072 -1.189396 0.000000
vt 0.265072 -1.232718 0.000000
vt 0.265072 -1.276040 0.000000
vt 0.265072 -1.319362 0.000000
vt 0.265072 -1.362684 0.000000
vt 0.265072 -1.406006 0.000000
vt 0.265072 -1.449328 0.000000
vt 0.265072 -1.492650 0.000000
vt 0.265072 -1.535972 0.000000
vt 0.265072 -1.579294 0.000000
vt 0.265072 -1.622616 0.000000
vt 0.265072 -1.665938 0.000000
vt 0.265072 -1.709260 0.000000
vt 0.265072 -1.752582 0.000000
vt 0.265072 -1.795904 0.000000
vt 0.265072 -1.839226 0.000000
vt 0.265072 -1.882548 0.000000
vt 0.265072 -1.925870 0.000000
vt 0.265072 -1.969192 0.000000
vt 0.265072 -2.012515 0.000000
vt 0.353429 -0.756176 0.000000
vt 0.382882 -0.799498 0.000000
vt 0.412334 -0.842820 0.000000
vt 0.412334 -0.886507 0.000000
vt 0.353429 -0.799498 0.000000
vt 0.353429 -0.842820 0.000000
vt 0.323977 -0.886429 0.000000
vt 0.294524 -0.929464 0.000000
vt 0.294524 -0.972786 0.000000
vt 0.294524 -1.016108 0.000000
vt 0.294524 -1.059430 0.000000
vt 0.294524 -1.102752 0.000000
vt 0.294524 -1.146074 0.000000
vt 0.294524 -1.189396 0.000000
vt 0.294524 -1.232718 0.000000
vt 0.294524 -1.276040 0.000000
vt 0.294524 -1.319362 0.000000
vt 0.294524 -1.362684 0.000000
vt 0.294524 -1.406006 0.000000
vt 0.294524 -1.449328 0.000000
vt 0.294524 -1.492650 0.000000
vt 0.294524 -1.535972 0.000000
vt 0.294524 -1.579294 0.000000
vt 0.294524 -1.622616 0.000000
vt 0.294524 -1.665938 0.000000
vt 0.294524 -1.709260 0.000000
vt 0.294524 -1.752582 0.000000
vt 0.294524 -1.795904 0.000000
vt 0.294524 -1.839226 0.000000
vt 0.294524 -1.882548 0.000000
vt 0.294524 -1.925870 0.000000
vt 0.294524 -1.969192 0.000000
vt 0.294524 -2.012515 0.000000
vt 0.382882 -0.842820 0.000000
vt 0.382882 -0.886481 0.000000
vt 0.382882 -0.929464 0.000000
vt 0.353429 -0.886455 0.000000
vt 0.323977 -0.929464 0.000000
vt 0.323977 -0.972786 0.000000
vt 0.323977 -1.016108 0.000000
vt 0.323977 -1.059430 0.000000
vt 0.323977 -1.102752 0.000000
vt 0.323977 -1.146074 0.000000
vt 0.323977 -1.189396 0.000000
vt 0.323977 -1.232718 0.000000
vt 0.323977 -1.276040 0.000000
vt 0.323977 -1.319362 0.000000
vt 0.323977 -1.362684 0.000000
vt 0.323977 -1.406006 0.000000
vt 0.323977 -1.449328 0.000000
vt 0.323977 -1.492650 0.000000
vt 0.323977 -1.535972 0.000000
vt 0.323977 -1.579294 0.000000
vt 0.323977 -1.622616 0.000000
vt 0.323977 -1.665938 0.000000
vt 0.323977 -1.709260 0.000000
vt 0.323977 -1.752582 0.000000
vt 0.323977 -1.795904 0.000000
vt 0.323977 -1.839226 0.000000
vt 0.323977 -1.882548 0.000000
vt 0.323977 -1.925870 0.000000
vt 0.323977 -1.969192 0.000000
vt 0.323977 -2.012515 0.000000
vt 0.353429 -0.929464 0.000000
vt 0.382882 -0.972786 0.000000
vt 0.353429 -0.972786 0.000000
vt 0.353429 -1.016108 0.000000
vt 0.353429 -1.059430 0.000000
vt 0.353429 -1.102752 0.000000
vt 0.353429 -1.146074 0.000000
vt 0.353429 -1.189396 0.000000
vt 0.353429 -1.232718 0.000000
vt 0.353429 -1.276040 0.000000
vt 0.353429 -1.319362 0.000000
vt 0.353429 -1.362684 0.000000
vt 0.353429 -1.406006 0.000000
vt 0.353429 -1.449328 0.000000
vt 0.353429 -1.492650 0.000000
vt 0.353429 -1.535972 0.000000
vt 0.353429 -1.579294 0.000000
vt 0.353429 -1.622616 0.000000
vt 0.353429 -1.665938 0.000000
vt 0.353429 -1.709260 0.000000
vt 0.353429 -1.752582 0.000000
vt 0.353429 -1.795904 0.000000
vt 0.353429 -1.839226 0.000000
vt 0.353429 -1.882548 0.000000
vt 0.353429 -1.925870 0.000000
vt 0.353429 -1.969192 0.000000
vt 0.353429 -2.012515 0.000000
vt 0.382882 -1.016108 0.000000
vt 0.382882 -1.059430 0.000000
vt 0.382882 -1.102752 0.000000
vt 0.382882 -1.146074 0.000000
vt 0.382882 -1.189396 0.000000
vt 0.382882 -1.232718 0.000000
vt 0.382882 -1.276040 0.000000
vt 0.382882 -1.319362 0.000000
vt 0.382882 -1.362684 0.000000
vt 0.382882 -1.406006 0.000000
vt 0.382882 -1.449328 0.000000
vt 0.382882 -1.492650 0.000000
vt 0.382882 -1.535972 0.000000
vt 0.382882 -1.579294 0.000000
vt 0.382882 -1.622616 0.000000
vt 0.382882 -1.665938 0.000000
vt 0.382882 -1.709260 0.000000
vt 0.382882 -1.752582 0.000000
vt 0.382882 -1.795904 0.000000
vt 0.382882 -1.839226 0.000000
vt 0.382882 -1.882548 0.000000
vt 0.382882 -1.925870 0.000000
vt 0.382882 -1.969192 0.000000
vt 0.382882 -2.012515 0.000000
vt 0.058905 -2.142481 0.000000
vt 0.058905 -2.185803 0.000000
vt 0.058905 -2.229125 0.000000
vt 0.058905 -2.272447 0.000000
vt 0.058905 -2.315769 0.000000
vt 0.058905 -2.359091 0.000000
vt 0.058905 -2.402413 0.000000
vt 0.058905 -2.445735 0.000000
vt 0.058905 -2.489057 0.000000
vt 0.058905 -2.532379 0.000000
vt 0.058905 -2.575701 0.000000
vt 0.058905 -2.619023 0.000000
vt 0.058905 -2.662345 0.000000
vt 0.058905 -2.705667 0.000000
vt 0.058905 -2.748989 0.000000
vt 0.058905 -2.792311 0.000000
vt 0.058905 -2.835633 0.000000
vt 0.058905 -2.878955 0.000000
vt 0.058905 -2.922277 0.000000
vt 0.058905 -2.965599 0.000000
vt 0.058905 -3.008921 0.000000
vt 0.058905 -3.052243 0.000000
vt 0.058905 -3.095565 0.000000
vt 0.058905 -3.138887 0.000000
vt 0.058905 -3.182209 0.000000
vt 0.058905 -3.225531 0.000000
vt 0.058905 -3.268853 0.000000
vt 0.058905 -3.312175 0.000000
vt 0.058905 -3.355497 0.000000
vt 0.058905 -3.398819 0.000000
vt 0.058905 -3.442141 0.000000
vt 0.058905 -3.485463 0.000000
vt 0.058905 -3.528785 0.000000
vt 0.058905 -3.572107 0.000000
vt 0.058905 -3.615429 0.000000
vt 0.058905 -3.658751 0.000000
vt 0.058905 -3.702073 0.000000
vt 0.058905 -3.745343 0.000000
vt 0.058905 -3.788717 0.000000
vt 0.058905 -3.832039 0.000000
vt 0.058905 -3.875361 0.000000
vt 0.058905 -3.918683 0.000000
vt 0.088357 -2.142481 0.000000
vt 0.088357 -2.185803 0.000000
vt 0.088357 -2.229125 0.000000
vt 0.088357 -2.272447 0.000000
vt 0.088357 -2.315769 0.000000
vt 0.088357 -2.359091 0.000000
vt 0.088357 -2.402413 0.000000
vt 0.088357 -2.445735 0.000000
vt 0.088357 -2.489057 0.000000
vt 0.088357 -2.532379 0.000000
vt 0.088357 -2.575701 0.000000
vt 0.088357 -2.619023 0.000000
vt 0.088357 -2.662345 0.000000
vt 0.088357 -2.705667 0.000000
vt 0.088357 -2.748989 0.000000
vt 0.088357 -2.792311 0.000000
vt 0.088357 -2.835633 0.000000
vt 0.088357 -2.878955 0.000000
vt 0.088357 -2.922277 0.000000
vt 0.088357 -2.965599 0.000000
vt 0.088357 -3.008921 0.000000
vt 0.088357 -3.052243 0.000000
vt 0.088357 -3.095565 0.000000
vt 0.088357 -3.138887 0.000000
vt 0.088357 -3.182209 0.000000
vt 0.088357 -3.225531 0.000000
vt 0.088357 -3.268853 0.000000
vt 0.088357 -3.312175 0.000000
vt 0.088357 -3.355497 0.000000
vt 0.088357 -3.398819 0.000000
vt 0.088357 -3.442141 0.000000
vt 0.088357 -3.485463 0.000000
vt 0.088357 -3.528785 0.000000
vt 0.088357 -3.572107 0.000000
vt 0.088357 -3.615429 0.000000
vt 0.088357 -3.658751 0.000000
vt 0.088357 -3.702073 0.000000
vt 0.088357 -3.745317 0.000000
vt 0.088357 -3.788717 0.000000
vt 0.088357 -3.832039 0.000000
vt 0.088357 -3.875361 0.000000
vt 0.088357 -3.918683 0.000000
vt 0.058905 -3.962046 0.000000
vt 0.117810 -2.142481 0.000000
vt 0.117810 -2.185803 0.000000
vt 0.117810 -2.229125 0.000000
vt 0.117810 -2.272447 0.000000
vt 0.117810 -2.315769 0.000000
vt 0.117810 -2.359091 0.000000
vt 0.117810 -2.402413 0.000000
vt 0.117810 -2.445735 0.000000
vt 0.117810 -2.489057 0.000000
vt 0.117810 -2.532379 0.000000
vt 0.117810 -2.575701 0.000000
vt 0.117810 -2.619023 0.000000
vt 0.117810 -2.662345 0.000000
vt 0.117810 -2.705667 0.000000
vt 0.117810 -2.748989 0.000000
vt 0.117810 -2.792311 0.000000
vt 0.117810 -2.835633 0.000000
vt 0.117810 -2.878955 0.000000
vt 0.117810 -2.922277 0.000000
vt 0.117810 -2.965599 0.000000
vt 0.117810 -3.008921 0.000000
vt 0.117810 -3.052243 0.000000
vt 0.117810 -3.095565 0.000000
vt 0.117810 -3.138887 0.000000
vt 0.117810 -3.182209 0.000000
vt 0.117810 -3.225531 0.000000
vt 0.117810 -3.268853 0.000000
vt 0.117810 -3.312175 0.000000
vt 0.117810 -3.355497 0.000000
vt 0.117810 -3.398819 0.000000
vt 0.117810 -3.442141 0.000000
vt 0.117810 -3.485463 0.000000
vt 0.117810 -3.528785 0.000000
vt 0.117810 -3.572107 0.000000
vt 0.117810 -3.615429 0.000000
vt 0.117810 -3.658751 0.000000
vt 0.117810 -3.702073 0.000000
vt 0.117810 -3.745291 0.000000
vt 0.117810 -3.788717 0.000000
vt 0.117810 -3.832039 0.000000
vt 0.117810 -3.875361 0.000000
vt 0.117810 -3.918683 0.000000
vt 0.088357 -3.962067 0.000000
vt 0.058905 -4.005327 0.000000
vt 0.147262 -2.142481 0.000000
vt 0.147262 -2.185803 0.000000
vt 0.147262 -2.229125 0.000000
vt 0.147262 -2.272447 0.000000
vt 0.147262 -2.315769 0.000000
vt 0.147262 -2.359091 0.000000
vt 0.147262 -2.402413 0.000000
vt 0.147262 -2.445735 0.000000
vt 0.147262 -2.489057 0.000000
vt 0.147262 -2.532379 0.000000
vt 0.147262 -2.575701 0.000000
vt 0.147262 -2.619023 0.000000
vt 0.147262 -2.662345 0.000000
vt 0.147262 -2.705667 0.000000
vt 0.147262 -2.748989 0.000000
vt 0.147262 -2.792311 0.000000
vt 0.147262 -2.835633 0.000000
vt 0.147262 -2.878955 0.000000
vt 0.147262 -2.922277 0.000000
vt 0.147262 -2.965599 0.000000
vt 0.147262 -3.008921 0.000000
vt 0.147262 -3.052243 0.000000
vt 0.147262 -3.095565 0.000000
vt 0.147262 -3.138887 0.000000
vt 0.147262 -3.182209 0.000000
vt 0.147262 -3.225531 0.000000
vt 0.147262 -3.268853 0.000000
vt 0.147262 -3.312175 0.000000
vt 0.147262 -3.355497 0.000000
vt 0.147262 -3.398819 0.000000
vt 0.147262 -3.442141 0.000000
vt 0.147262 -3.485463 0.000000
vt 0.147262 -3.528785 0.000000
vt 0.147262 -3.572107 0.000000
vt 0.147262 -3.615429 0.000000
vt 0.147262 -3.658751 0.000000
vt 0.147262 -3.702073 0.000000
vt 0.147262 -3.745265 0.000000
vt 0.147262 -3.788717 0.000000
vt 0.147262 -3.832039 0.000000
vt 0.147262 -3.875361 0.000000
vt 0.147262 -3.918683 0.000000
vt 0.117810 -3.962087 0.000000
vt 0.088357 -4.005327 0.000000
vt 0.088357 -4.048649 0.000000
vt 0.176715 -2.142481 0.000000
vt 0.176715 -2.185803 0.000000
vt 0.176715 -2.229125 0.000000
vt 0.176715 -2.272447 0.000000
vt 0.176715 -2.315769 0.000000
vt 0.176715 -2.359091 0.000000
vt 0.176715 -2.402413 0.000000
vt 0.176715 -2.445735 0.000000
vt 0.176715 -2.489057 0.000000
vt 0.176715 -2.532379 0.000000
vt 0.176715 -2.575701 0.000000
vt 0.176715 -2.619023 0.000000
vt 0.176715 -2.662345 0.000000
vt 0.176715 -2.705667 0.000000
vt 0.176715 -2.748989 0.000000
vt 0.176715 -2.792311 0.000000
vt 0.176715 -2.835633 0.000000
vt 0.176715 -2.878955 0.000000
vt 0.176715 -2.922277 0.000000
vt 0.176715 -2.965599 0.000000
vt 0.176715 -3.008921 0.000000
vt 0.176715 -3.052243 0.000000
vt 0.176715 -3.095565 0.000000
vt 0.176715 -3.138887 0.000000
vt 0.176715 -3.182209 0.000000
vt 0.176715 -3.225531 0.000000
vt 0.176715 -3.268853 0.000000
vt 0.176715 -3.312175 0.000000
vt 0.176715 -3.355497 0.000000
vt 0.176715 -3.398819 0.000000
vt 0.176715 -3.442141 0.000000
vt 0.176715 -3.485463 0.000000
vt 0.176715 -3.528785 0.000000
vt 0.176715 -3.572107 0.000000
vt 0.176715 -3.615429 0.000000
vt 0.176715 -3.658751 0.000000
vt 0.176715 -3.702073 0.000000
vt 0.176715 -3.745239 0.000000
vt 0.176715 -3.788717 0.000000
vt 0.176715 -3.832039 0.000000
vt 0.176715 -3.875361 0.000000
vt 0.176715 -3.918683 0.000000
vt 0.147262 -3.962108 0.000000
vt 0.117810 -4.005327 0.000000
vt 0.117810 -4.048649 0.000000
vt 0.117810 -4.091971 0.000000
vt 0.206167 -2.142481 0.000000
vt 0.206167 -2.185803 0.000000
vt 0.206167 -2.229125 0.000000
vt 0.206167 -2.272447 0.000000
vt 0.206167 -2.315769 0.000000
vt 0.206167 -2.359091 0.000000
vt 0.206167 -2.402413 0.000000
vt 0.206167 -2.445735 0.000000
vt 0.206167 -2.489057 0.000000
vt 0.206167 -2.532379 0.000000
vt 0.206167 -2.575701 0.000000
vt 0.206167 -2.619023 0.000000
vt 0.206167 -2.662345 0.000000
vt 0.206167 -2.705667 0.000000
vt 0.206167 -2.748989 0.000000
vt 0.206167 -2.792311 0.000000
vt 0.206167 -2.835633 0.000000
vt 0.206167 -2.878955 0.000000
vt 0.206167 -2.922277 0.000000
vt 0.206167 -2.965599 0.000000
vt 0.206167 -3.008921 0.000000
vt 0.206167 -3.052243 0.000000
vt 0.206167 -3.095565 0.000000
vt 0.206167 -3.138887 0.000000
vt 0.206167 -3.182209 0.000000
vt 0.206167 -3.225531 0.000000
vt 0.206167 -3.268853 0.000000
vt 0.206167 -3.312175 0.000000
vt 0.206167 -3.355497 0.000000
vt 0.206167 -3.398819 0.000000
vt 0.206167 -3.442141 0.000000
vt 0.206167 -3.485463 0.000000
vt 0.206167 -3.528785 0.000000
vt 0.206167 -3.572107 0.000000
vt 0.206167 -3.615429 0.000000
vt 0.206167 -3.658751 0.000000
vt 0.206167 -3.702073 0.000000
vt 0.206167 -3.745213 0.000000
vt 0.206167 -3.788717 0.000000
vt 0.206167 -3.832039 0.000000
vt 0.206167 -3.875361 0.000000
vt 0.206167 -3.918683 0.000000
vt 0.176715 -3.962128 0.000000
vt 0.147262 -4.005327 0.000000
vt 0.147262 -4.048649 0.000000
vt 0.147262 -4.091971 0.000000
vt 0.147262 -4.135293 0.000000
vt 0.235619 -2.142481 0.000000
vt 0.235619 -2.185803 0.000000
vt 0.235619 -2.229125 0.000000
vt 0.235619 -2.272447 0.000000
vt 0.235619 -2.315769 0.000000
vt 0.235619 -2.359091 0.000000
vt 0.235619 -2.402413 0.000000
vt 0.235619 -2.445735 0.000000
vt 0.235619 -2.489057 0.000000
vt 0.235619 -2.532379 0.000000
vt 0.235619 -2.575701 0.000000
vt 0.235619 -2.619023 0.000000
vt 0.235619 -2.662345 0.000000
vt 0.235619 -2.705667 0.000000
vt 0.235619 -2.748989 0.000000
vt 0.235619 -2.792311 0.000000
vt 0.235619 -2.835633 0.000000
vt 0.235619 -2.878955 0.000000
vt 0.235619 -2.922277 0.000000
vt 0.235619 -2.965599 0.000000
vt 0.235619 -3.008921 0.000000
vt 0.235619 -3.052243 0.000000
vt 0.235619 -3.095565 0.000000
vt 0.235619 -3.138887 0.000000
vt 0.235619 -3.182209 0.000000
vt 0.235619 -3.225531 0.000000
vt 0.235619 -3.268853 0.000000
vt 0.235619 -3.312175 0.000000
vt 0.235619 -3.355497 0.000000
vt 0.235619 -3.398819 0.000000
vt 0.235619 -3.442141 0.000000
vt 0.235619 -3.485463 0.000000
vt 0.235619 -3.528785 0.000000
vt 0.235619 -3.572107 0.000000
vt 0.235619 -3.615429 0.000000
vt 0.235619 -3.658751 0.000000
vt 0.235619 -3.702073 0.000000
vt 0.235619 -3.745186 0.000000
vt 0.235619 -3.788717 0.000000
vt 0.235619 -3.832039 0.000000
vt 0.235619 -3.875361 0.000000
vt 0.235619 -3.918683 0.000000
vt 0.206167 -3.962149 0.000000
vt 0.176715 -4.005327 0.000000
vt 0.176715 -4.048649 0.000000
vt 0.176715 -4.091971 0.000000
vt 0.176715 -4.135293 0.000000
vt 0.176715 -4.178615 0.000000
vt 0.323977 -2.619023 0.000000
vt 0.353429 -2.619023 0.000000
vt 0.353429 -2.662345 0.000000
vt 0.382882 -2.662345 0.000000
vt 0.382882 -2.705667 0.000000
vt 0.382882 -2.619023 0.000000
vt 0.323977 -2.662345 0.000000
vt 0.323977 -2.705667 0.000000
vt 0.323977 -2.748989 0.000000
vt 0.323977 -2.792311 0.000000
vt 0.323977 -2.835633 0.000000
vt 0.323977 -2.878955 0.000000
vt 0.323977 -2.922277 0.000000
vt 0.323977 -2.965599 0.000000
vt 0.323977 -3.008921 0.000000
vt 0.323977 -3.052243 0.000000
vt 0.323977 -3.095565 0.000000
vt 0.323977 -3.138887 0.000000
vt 0.323977 -3.182209 0.000000
vt 0.323977 -3.225531 0.000000
vt 0.323977 -3.268853 0.000000
vt 0.323977 -3.312175 0.000000
vt 0.323977 -3.355497 0.000000
vt 0.323977 -3.398819 0.000000
vt 0.323977 -3.442141 0.000000
vt 0.323977 -3.485463 0.000000
vt 0.323977 -3.528785 0.000000
vt 0.323977 -3.572107 0.000000
vt 0.323977 -3.615429 0.000000
vt 0.323977 -3.658751 0.000000
vt 0.323977 -3.702073 0.000000
vt 0.323977 -3.745108 0.000000
vt 0.323977 -3.788717 0.000000
vt 0.323977 -3.832039 0.000000
vt 0.323977 -3.875361 0.000000
vt 0.323977 -3.918683 0.000000
vt 0.294524 -3.962211 0.000000
vt 0.265072 -4.005327 0.000000
vt 0.265072 -4.048649 0.000000
vt 0.265072 -4.091971 0.000000
vt 0.265072 -4.135293 0.000000
vt 0.353429 -2.705667 0.000000
vt 0.382882 -2.748989 0.000000
vt 0.353429 -2.748989 0.000000
vt 0.353429 -2.792311 0.000000
vt 0.353429 -2.835633 0.000000
vt 0.353429 -2.878955 0.000000
vt 0.353429 -2.922277 0.000000
vt 0.353429 -2.965599 0.000000
vt 0.353429 -3.008921 0.000000
vt 0.353429 -3.052243 0.000000
vt 0.353429 -3.095565 0.000000
vt 0.353429 -3.138887 0.000000
vt 0.353429 -3.182209 0.000000
vt 0.353429 -3.225531 0.000000
vt 0.353429 -3.268853 0.000000
vt 0.353429 -3.312175 0.000000
vt 0.353429 -3.355497 0.000000
vt 0.353429 -3.398819 0.000000
vt 0.353429 -3.442141 0.000000
vt 0.353429 -3.485463 0.000000
vt 0.353429 -3.528785 0.000000
vt 0.353429 -3.572107 0.000000
vt 0.353429 -3.615429 0.000000
vt 0.353429 -3.658751 0.000000
vt 0.353429 -3.702073 0.000000
vt 0.353429 -3.745082 0.000000
vt 0.353429 -3.788717 0.000000
vt 0.353429 -3.832039 0.000000
vt 0.353429 -3.875361 0.000000
vt 0.353429 -3.918683 0.000000
vt 0.323977 -3.962231 0.000000
vt 0.294524 -4.005327 0.000000
vt 0.294524 -4.048649 0.000000
vt 0.294524 -4.091971 0.000000
vt 0.294524 -4.135293 0.000000
vt 0.382882 -2.792311 0.000000
vt 0.382882 -2.835633 0.000000
vt 0.382882 -2.878955 0.000000
vt 0.382882 -2.922277 0.000000
vt 0.382882 -2.965599 0.000000
vt 0.382882 -3.008921 0.000000
vt 0.382882 -3.052243 0.000000
vt 0.382882 -3.095565 0.000000
vt 0.382882 -3.138887 0.000000
vt 0.382882 -3.182209 0.000000
vt 0.382882 -3.225531 0.000000
vt 0.382882 -3.268853 0.000000
vt 0.382882 -3.312175 0.000000
vt 0.382882 -3.355497 0.000000
vt 0.382882 -3.398819 0.000000
vt 0.382882 -3.442141 0.000000
vt 0.382882 -3.485463 0.000000
vt 0.382882 -3.528785 0.000000
vt 0.382882 -3.572107 0.000000
vt 0.382882 -3.615429 0.000000
vt 0.382882 -3.658751 0.000000
vt 0.382882 -3.702073 0.000000
vt 0.382882 -3.745056 0.000000
vt 0.382882 -3.788717 0.000000
vt 0.382882 -3.832039 0.000000
vt 0.382882 -3.875361 0.000000
vt 0.382882 -3.918683 0.000000
vt 0.353429 -3.962252 0.000000
vt 0.323977 -4.005327 0.000000
vt 0.323977 -4.048649 0.000000
vt 0.323977 -4.091971 0.000000
vt 0.323977 -4.135293 0.000000
vt -0.406006 -0.332843 0.000000
vt -0.380389 -0.361841 0.000000
vt -0.373116 -0.332843 0.000000
vt -0.347438 -0.359564 0.000000
vt -0.352707 -0.388874 0.000000
vt -0.319852 -0.384311 0.000000
vt -0.323108 -0.413795 0.000000
vt -0.290508 -0.406946 0.000000
vt -0.291755 -0.436468 0.000000
vt -0.259569 -0.427345 0.000000
vt -0.227203 -0.445397 0.000000
vt -0.258816 -0.456770 0.000000
vt -0.193590 -0.461002 0.000000
vt -0.224472 -0.474592 0.000000
vt -0.158912 -0.474075 0.000000
vt -0.188909 -0.489835 0.000000
vt -0.123362 -0.484543 0.000000
vt -0.152320 -0.502418 0.000000
vt -0.114903 -0.512272 0.000000
vt -0.087134 -0.492349 0.000000
vt -0.076862 -0.519343 0.000000
vt -0.050428 -0.497451 0.000000
vt -0.038404 -0.523594 0.000000
vt -0.013444 -0.499819 0.000000
vt 0.000263 -0.525000 0.000000
vt 0.023613 -0.499442 0.000000
vt 0.038929 -0.523555 0.000000
vt 0.060541 -0.496321 0.000000
vt 0.077383 -0.519266 0.000000
vt 0.115417 -0.512156 0.000000
vt 0.097136 -0.490474 0.000000
vt 0.152824 -0.502265 0.000000
vt 0.133198 -0.481932 0.000000
vt 0.189400 -0.489645 0.000000
vt 0.168527 -0.470743 0.000000
vt 0.224948 -0.474366 0.000000
vt 0.202931 -0.456967 0.000000
vt 0.259275 -0.456510 0.000000
vt 0.236220 -0.440681 0.000000
vt 0.292192 -0.436175 0.000000
vt 0.268212 -0.421974 0.000000
vt 0.323523 -0.413470 0.000000
vt 0.298730 -0.400949 0.000000
vt 0.353097 -0.388520 0.000000
vt 0.327607 -0.377722 0.000000
vt 0.380752 -0.361459 0.000000
vt 0.354684 -0.352419 0.000000
vt 0.406340 -0.332435 0.000000
vt 0.379813 -0.325181 0.000000
vt 0.429720 -0.301605 0.000000
vt 0.402855 -0.296155 0.000000
vt 0.450766 -0.269137 0.000000
vt 0.423684 -0.265503 0.000000
vt 0.469364 -0.235207 0.000000
vt 0.442185 -0.233393 0.000000
vt 0.458258 -0.200000 0.000000
vt 0.485412 -0.200000 0.000000
vt -1.108258 3.840192 0.000000
vt -1.300000 3.840192 0.000000
vt -1.108258 0.000000 0.000000
vt -1.300000 0.000000 0.000000
vt -0.191742 4.000000 0.000000
vt -0.191742 0.000000 0.000000
vt -0.164588 4.000000 0.000000
vt -0.143724 4.000740 0.000000
vt -0.122127 4.002909 0.000000
vt -0.100297 4.006433 0.000000
vt 0.000000 0.000000 0.000000
vt -0.078731 4.011238 0.000000
vt -0.057928 4.017248 0.000000
vt -0.038381 4.024391 0.000000
vt -0.019239 4.032966 0.000000
vt -0.000000 4.043188 0.000000
vt -0.000000 3.840192 0.000000
vt -0.191742 3.840192 0.000000
vt -0.000000 0.000000 0.000000
vt -0.191742 0.000000 0.000000
vt -1.108258 4.000000 0.000000
vt -1.135412 4.000000 0.000000
vt -1.108258 0.000000 0.000000
vt -1.156276 4.000740 0.000000
vt -1.177873 4.002909 0.000000
vt -1.199703 4.006433 0.000000
vt -1.300000 0.000000 0.000000
vt -1.221269 4.011238 0.000000
vt -1.242072 4.017248 0.000000
vt -1.261619 4.024392 0.000000
vt -1.280697 4.033076 0.000000
vt -1.300000 4.043188 0.000000
vt -0.400000 4.043188 0.000000
vt -0.400000 0.000000 0.000000
vt -0.349281 4.035671 0.000000
vt -0.298461 4.030762 0.000000
vt -0.248410 4.028090 0.000000
vt -0.200000 4.027282 0.000000
vt -0.000000 0.000000 0.000000
vt -0.151590 4.028090 0.000000
vt -0.101539 4.030762 0.000000
vt -0.050719 4.035671 0.000000
vt -0.000000 4.043188 0.000000
vt -0.276147 3.801142 0.000000
vt -0.400000 0.000000 0.000000
vt -0.250000 3.800000 0.000000
vt 0.000000 0.000000 0.000000
vt -0.150000 3.800000 0.000000
vt -0.123853 3.801142 0.000000
vt -0.097906 3.804558 0.000000
vt -0.072354 3.810222 0.000000
vt -0.047394 3.818092 0.000000
vt -0.023215 3.828108 0.000000
vt -0.000000 3.840192 0.000000
vt -0.302094 3.804558 0.000000
vt -0.327646 3.810222 0.000000
vt -0.352606 3.818092 0.000000
vt -0.376785 3.828108 0.000000
vt -0.400000 3.840192 0.000000
vt -0.458258 -0.200000 0.000000
vt -0.650000 -0.200000 0.000000
vt -0.442032 -0.233683 0.000000
vt -0.423335 -0.266059 0.000000
vt -0.702612 -0.414961 0.000000
vt -0.676795 -0.455856 0.000000
vt -0.650000 0.200000 0.000000
vt -0.816000 0.000000 0.000000
vt -0.814567 -0.048340 0.000000
vt -0.810273 -0.096511 0.000000
vt -0.458258 0.200000 0.000000
vt -0.442032 0.233683 0.000000
vt -0.423335 0.266059 0.000000
vt -0.702612 0.414961 0.000000
vt -0.676795 0.455856 0.000000
vt -0.402271 0.296948 0.000000
vt -0.648601 0.495149 0.000000
vt -0.378957 0.326177 0.000000
vt -0.618129 0.532703 0.000000
vt -0.585486 0.568386 0.000000
vt -0.353525 0.353582 0.000000
vt -0.550786 0.602072 0.000000
vt -0.326116 0.379009 0.000000
vt -0.514152 0.633643 0.000000
vt -0.296884 0.402318 0.000000
vt -0.475711 0.662989 0.000000
vt -0.265992 0.423377 0.000000
vt -0.435600 0.690006 0.000000
vt -0.393958 0.714600 0.000000
vt -0.233612 0.442069 0.000000
vt -0.350933 0.736683 0.000000
vt -0.199927 0.458289 0.000000
vt -0.306675 0.756179 0.000000
vt -0.165123 0.471947 0.000000
vt -0.261340 0.773018 0.000000
vt -0.129397 0.482966 0.000000
vt -0.215087 0.787143 0.000000
vt -0.168079 0.798502 0.000000
vt -0.092946 0.491285 0.000000
vt -0.120480 0.807057 0.000000
vt -0.055977 0.496857 0.000000
vt -0.072457 0.812777 0.000000
vt -0.018694 0.499650 0.000000
vt -0.024181 0.815642 0.000000
vt 0.018694 0.499650 0.000000
vt 0.024181 0.815642 0.000000
vt 0.072457 0.812777 0.000000
vt 0.055977 0.496857 0.000000
vt 0.120480 0.807057 0.000000
vt 0.092946 0.491285 0.000000
vt 0.168079 0.798502 0.000000
vt 0.129397 0.482966 0.000000
vt 0.215087 0.787143 0.000000
vt 0.261340 0.773018 0.000000
vt 0.165123 0.471947 0.000000
vt 0.306675 0.756179 0.000000
vt 0.199927 0.458289 0.000000
vt 0.350933 0.736683 0.000000
vt 0.233612 0.442069 0.000000
vt 0.393958 0.714600 0.000000
vt 0.265992 0.423377 0.000000
vt 0.435600 0.690006 0.000000
vt 0.475711 0.662989 0.000000
vt 0.296884 0.402318 0.000000
vt 0.514152 0.633643 0.000000
vt 0.326116 0.379009 0.000000
vt 0.550786 0.602072 0.000000
vt 0.353525 0.353582 0.000000
vt 0.585486 0.568386 0.000000
vt 0.378957 0.326177 0.000000
vt 0.618129 0.532703 0.000000
vt 0.648601 0.495149 0.000000
vt 0.402271 0.296948 0.000000
vt 0.676795 0.455856 0.000000
vt 0.423335 0.266059 0.000000
vt 0.702612 0.414961 0.000000
vt 0.650000 0.200000 0.000000
vt 0.725960 0.372609 0.000000
vt 0.746759 0.328949 0.000000
vt 0.764934 0.284133 0.000000
vt 0.780423 0.238318 0.000000
vt 0.793171 0.191667 0.000000
vt 0.803132 0.144342 0.000000
vt 0.810273 0.096511 0.000000
vt 0.814567 0.048340 0.000000
vt 0.816000 0.000000 0.000000
vt 0.650000 -0.200000 0.000000
vt 0.814567 -0.048340 0.000000
vt 0.810273 -0.096511 0.000000
vt 0.803132 -0.144342 0.000000
vt 0.793171 -0.191667 0.000000
vt 0.780423 -0.238318 0.000000
vt 0.764934 -0.284133 0.000000
vt 0.746759 -0.328949 0.000000
vt 0.725960 -0.372609 0.000000
vt 0.702612 -0.414961 0.000000
vt 0.423335 -0.266059 0.000000
vt 0.676795 -0.455856 0.000000
vt 0.402271 -0.296948 0.000000
vt 0.648601 -0.495149 0.000000
vt 0.378957 -0.326177 0.000000
vt 0.618129 -0.532703 0.000000
vt 0.585486 -0.568386 0.000000
vt 0.353525 -0.353582 0.000000
vt 0.550786 -0.602072 0.000000
vt 0.326116 -0.379009 0.000000
vt 0.514152 -0.633643 0.000000
vt 0.296884 -0.402318 0.000000
vt 0.475711 -0.662989 0.000000
vt 0.265992 -0.423377 0.000000
vt 0.435600 -0.690006 0.000000
vt 0.393958 -0.714600 0.000000
vt 0.233612 -0.442069 0.000000
vt 0.350933 -0.736683 0.000000
vt 0.199927 -0.458289 0.000000
vt 0.306675 -0.756179 0.000000
vt 0.165123 -0.471947 0.000000
vt 0.261340 -0.773018 0.000000
vt 0.129397 -0.482966 0.000000
vt 0.215087 -0.787143 0.000000
vt 0.168079 -0.798502 0.000000
vt 0.092946 -0.491285 0.000000
vt 0.120480 -0.807057 0.000000
vt 0.055977 -0.496857 0.000000
vt 0.072457 -0.812777 0.000000
vt 0.018694 -0.499650 0.000000
vt 0.024181 -0.815642 0.000000
vt -0.018694 -0.499650 0.000000
vt -0.024181 -0.815642 0.000000
vt -0.072457 -0.812777 0.000000
vt -0.055977 -0.496857 0.000000
vt -0.120480 -0.807057 0.000000
vt -0.092946 -0.491285 0.000000
vt -0.168079 -0.798502 0.000000
vt -0.129397 -0.482966 0.000000
vt -0.215087 -0.787143 0.000000
vt -0.261340 -0.773018 0.000000
vt -0.165123 -0.471947 0.000000
vt -0.306675 -0.756179 0.000000
vt -0.199927 -0.458289 0.000000
vt -0.350933 -0.736683 0.000000
vt -0.233612 -0.442069 0.000000
vt -0.393958 -0.714600 0.000000
vt -0.265992 -0.423377 0.000000
vt -0.435600 -0.690006 0.000000
vt -0.475711 -0.662989 0.000000
vt -0.296884 -0.402318 0.000000
vt -0.514152 -0.633643 0.000000
vt -0.326116 -0.379009 0.000000
vt -0.550786 -0.602072 0.000000
vt -0.353525 -0.353582 0.000000
vt -0.585486 -0.568386 0.000000
vt -0.378957 -0.326177 0.000000
vt -0.618129 -0.532703 0.000000
vt -0.648601 -0.495149 0.000000
vt -0.402271 -0.296948 0.000000
vt 0.442032 0.233683 0.000000
vt 0.458258 0.200000 0.000000
vt 0.458258 -0.200000 0.000000
vt 0.442032 -0.233683 0.000000
vt -0.725960 0.372609 0.000000
vt -0.746759 0.328949 0.000000
vt -0.764934 0.284133 0.000000
vt -0.780423 0.238318 0.000000
vt -0.793171 0.191667 0.000000
vt -0.803132 0.144342 0.000000
vt -0.810273 0.096511 0.000000
vt -0.814567 0.048340 0.000000
vt -0.803132 -0.144342 0.000000
vt -0.793171 -0.191667 0.000000
vt -0.780423 -0.238318 0.000000
vt -0.764934 -0.284133 0.000000
vt -0.746759 -0.328949 0.000000
vt -0.725960 -0.372609 0.000000
vt -1.854716 1.339973 0.000000
vt -1.200000 1.327642 0.000000
vt -1.840192 1.365038 0.000000
vt -0.400000 1.327642 0.000000
vt 0.400000 1.327642 0.000000
vt 0.400000 1.290246 0.000000
vt 1.200000 1.290246 0.000000
vt 1.200000 1.252850 0.000000
vt 2.000000 1.252850 0.000000
vt 2.000000 1.215453 0.000000
vt 1.200000 1.215453 0.000000
vt 2.000000 1.178057 0.000000
vt 1.200000 1.178057 0.000000
vt 2.000000 1.140661 0.000000
vt 1.200000 1.140661 0.000000
vt 2.000000 1.103265 0.000000
vt 1.200000 1.103265 0.000000
vt 2.000000 1.065869 0.000000
vt 1.200000 1.065869 0.000000
vt 2.000000 1.028473 0.000000
vt 1.200000 1.028473 0.000000
vt 2.000000 0.991077 0.000000
vt 1.200000 0.991077 0.000000
vt 2.000000 0.953681 0.000000
vt 1.200000 0.953681 0.000000
vt 2.000000 0.916285 0.000000
vt 1.200000 0.916285 0.000000
vt 2.000000 0.878888 0.000000
vt 1.200000 0.878888 0.000000
vt 2.000000 0.841492 0.000000
vt 1.200000 0.841492 0.000000
vt 2.000000 0.804096 0.000000
vt 1.200000 0.804096 0.000000
vt 2.000000 0.766700 0.000000
vt 1.200000 0.766700 0.000000
vt 2.000000 0.729304 0.000000
vt 1.200000 0.729304 0.000000
vt 2.000000 0.691908 0.000000
vt 1.200000 0.691908 0.000000
vt 2.000000 0.654512 0.000000
vt 1.200000 0.654512 0.000000
vt 2.000000 0.617116 0.000000
vt 1.200000 0.617116 0.000000
vt 2.000000 0.579720 0.000000
vt 1.200000 0.579720 0.000000
vt 2.000000 0.542323 0.000000
vt 1.200000 0.542323 0.000000
vt 2.000000 0.504927 0.000000
vt 1.200000 0.504927 0.000000
vt 2.000000 0.467531 0.000000
vt 1.200000 0.467531 0.000000
vt 2.000000 0.430135 0.000000
vt 1.200000 0.430135 0.000000
vt 2.000000 0.392739 0.000000
vt 1.200000 0.392739 0.000000
vt 2.000000 0.355343 0.000000
vt 1.200000 0.355343 0.000000
vt 2.000000 0.317947 0.000000
vt 1.200000 0.317947 0.000000
vt 2.000000 0.280551 0.000000
vt 1.200000 0.280551 0.000000
vt 2.000000 0.243155 0.000000
vt 1.200000 0.243089 0.000000
vt 2.000000 0.205758 0.000000
vt 0.400000 0.243023 0.000000
vt -0.400000 0.242958 0.000000
vt -0.400000 0.280551 0.000000
vt -1.200000 0.280551 0.000000
vt -1.200000 0.317947 0.000000
vt -2.000000 0.316962 0.000000
vt -2.000000 0.354030 0.000000
vt -1.200000 0.355343 0.000000
vt -2.000000 0.391098 0.000000
vt -1.200000 0.392739 0.000000
vt -2.000000 0.428166 0.000000
vt -1.200000 0.430135 0.000000
vt -2.000000 0.465233 0.000000
vt -1.200000 0.467531 0.000000
vt -2.000000 0.502301 0.000000
vt -1.200000 0.504927 0.000000
vt -2.000000 0.539369 0.000000
vt -1.200000 0.542323 0.000000
vt -2.000000 0.576437 0.000000
vt -1.200000 0.579720 0.000000
vt -2.000000 0.613505 0.000000
vt -1.200000 0.617116 0.000000
vt -2.000000 0.650573 0.000000
vt -1.200000 0.654512 0.000000
vt -2.000000 0.687640 0.000000
vt -1.200000 0.691908 0.000000
vt -2.000000 0.724708 0.000000
vt -1.200000 0.729304 0.000000
vt -2.000000 0.761776 0.000000
vt -1.200000 0.766700 0.000000
vt -2.000000 0.798844 0.000000
vt -1.200000 0.804096 0.000000
vt -2.000000 0.835912 0.000000
vt -1.200000 0.841492 0.000000
vt -2.000000 0.872980 0.000000
vt -1.200000 0.878888 0.000000
vt -2.000000 0.910048 0.000000
vt -1.200000 0.916285 0.000000
vt -2.000000 0.947115 0.000000
vt -1.200000 0.953681 0.000000
vt -2.000000 0.984183 0.000000
vt -1.200000 0.991077 0.000000
vt -2.000000 1.021251 0.000000
vt -1.200000 1.028473 0.000000
vt -2.000000 1.058319 0.000000
vt -1.200000 1.065869 0.000000
vt -2.000000 1.095387 0.000000
vt -1.200000 1.103265 0.000000
vt -2.000000 1.132455 0.000000
vt -1.200000 1.140661 0.000000
vt -2.000000 1.169522 0.000000
vt -1.200000 1.178057 0.000000
vt -2.000000 1.206590 0.000000
vt -1.200000 1.215453 0.000000
vt -1.987145 1.213091 0.000000
vt -1.974588 1.220252 0.000000
vt -1.950491 1.236345 0.000000
vt -1.200000 1.252850 0.000000
vt -1.927928 1.254393 0.000000
vt -1.907110 1.273910 0.000000
vt -1.200000 1.290246 0.000000
vt -1.888246 1.294428 0.000000
vt -1.870853 1.316345 0.000000
vt -2.000000 0.279894 0.000000
vt -1.200000 0.242892 0.000000
vt -2.000000 0.242826 0.000000
vt -2.000000 0.205758 0.000000
vt 2.000000 1.290246 0.000000
vt 1.200000 1.327642 0.000000
vt 2.000000 1.365038 0.000000
vt 2.000000 1.327642 0.000000
vt -0.400000 1.290246 0.000000
vt -0.400000 1.252850 0.000000
vt -0.400000 1.215453 0.000000
vt -0.400000 1.178057 0.000000
vt -0.400000 1.140661 0.000000
vt -0.400000 1.103265 0.000000
vt -0.400000 1.065869 0.000000
vt -0.400000 1.028473 0.000000
vt -0.400000 0.991077 0.000000
vt -0.400000 0.953681 0.000000
vt -0.400000 0.916285 0.000000
vt -0.400000 0.878888 0.000000
vt -0.400000 0.841492 0.000000
vt -0.400000 0.804096 0.000000
vt -0.400000 0.766700 0.000000
vt -0.400000 0.729304 0.000000
vt -0.400000 0.691908 0.000000
vt -0.400000 0.654512 0.000000
vt -0.400000 0.617116 0.000000
vt -0.400000 0.579720 0.000000
vt -0.400000 0.542323 0.000000
vt -0.400000 0.504927 0.000000
vt -0.400000 0.467531 0.000000
vt -0.400000 0.430135 0.000000
vt -0.400000 0.392739 0.000000
vt -0.400000 0.355343 0.000000
vt -0.400000 0.317947 0.000000
vt 0.400000 1.252850 0.000000
vt 0.400000 1.215453 0.000000
vt 0.400000 1.178057 0.000000
vt 0.400000 1.140661 0.000000
vt 0.400000 1.103265 0.000000
vt 0.400000 1.065869 0.000000
vt 0.400000 1.028473 0.000000
vt 0.400000 0.991077 0.000000
vt 0.400000 0.953681 0.000000
vt 0.400000 0.916285 0.000000
vt 0.400000 0.878888 0.000000
vt 0.400000 0.841492 0.000000
vt 0.400000 0.804096 0.000000
vt 0.400000 0.766700 0.000000
vt 0.400000 0.729304 0.000000
vt 0.400000 0.691908 0.000000
vt 0.400000 0.654512 0.000000
vt 0.400000 0.617116 0.000000
vt 0.400000 0.579720 0.000000
vt 0.400000 0.542323 0.000000
vt 0.400000 0.504927 0.000000
vt 0.400000 0.467531 0.000000
vt 0.400000 0.430135 0.000000
vt 0.400000 0.392739 0.000000
vt 0.400000 0.355343 0.000000
vt 0.400000 0.317947 0.000000
vt 0.400000 0.280551 0.000000
vt 0.000000 -2.515171 0.000000
vt -1.000000 -2.515171 0.000000
vt -0.000000 -2.563540 0.000000
vt -1.000000 -2.563540 0.000000
vt -0.000000 2.563540 0.000000
vt -1.000000 2.563540 0.000000
vt -0.000000 2.515171 0.000000
vt -1.000000 2.515171 0.000000
vt -0.000000 2.466802 0.000000
vt -1.000000 2.466802 0.000000
vt -0.000000 2.418434 0.000000
vt -1.000000 2.418434 0.000000
vt -0.000000 2.370065 0.000000
vt -1.000000 2.370065 0.000000
vt -0.000000 2.321696 0.000000
vt -1.000000 2.321696 0.000000
vt -0.000000 2.273328 0.000000
vt -1.000000 2.273328 0.000000
vt -0.000000 2.224959 0.000000
vt -1.000000 2.224959 0.000000
vt -0.000000 2.176590 0.000000
vt -1.000000 2.176590 0.000000
vt -0.000000 2.128222 0.000000
vt -1.000000 2.128222 0.000000
vt -0.000000 2.079853 0.000000
vt -1.000000 2.079853 0.000000
vt -0.000000 2.031484 0.000000
vt -1.000000 2.031484 0.000000
vt -0.000000 1.983116 0.000000
vt -1.000000 1.983116 0.000000
vt -0.000000 1.934747 0.000000
vt -1.000000 1.934747 0.000000
vt -0.000000 1.886378 0.000000
vt -1.000000 1.886378 0.000000
vt -0.000000 1.838010 0.000000
vt -1.000000 1.838010 0.000000
vt -0.000000 1.789641 0.000000
vt -1.000000 1.789641 0.000000
vt -0.000000 1.741272 0.000000
vt -1.000000 1.741272 0.000000
vt -0.000000 1.692904 0.000000
vt -1.000000 1.692904 0.000000
vt -0.000000 1.644535 0.000000
vt -1.000000 1.644535 0.000000
vt -0.000000 1.596166 0.000000
vt -1.000000 1.596166 0.000000
vt -0.000000 1.547797 0.000000
vt -1.000000 1.547797 0.000000
vt -0.000000 1.499429 0.000000
vt -1.000000 1.499429 0.000000
vt -0.000000 1.451060 0.000000
vt -1.000000 1.451060 0.000000
vt -0.000000 1.402691 0.000000
vt -1.000000 1.402691 0.000000
vt -0.000000 1.354323 0.000000
vt -1.000000 1.354323 0.000000
vt -0.000000 1.305954 0.000000
vt -1.000000 1.305954 0.000000
vt -0.000000 1.257585 0.000000
vt -1.000000 1.257585 0.000000
vt -0.000000 1.209217 0.000000
vt -1.000000 1.209217 0.000000
vt -0.000000 1.160848 0.000000
vt -1.000000 1.160848 0.000000
vt -0.000000 1.112479 0.000000
vt -1.000000 1.112479 0.000000
vt -0.000000 1.064111 0.000000
vt -1.000000 1.064111 0.000000
vt -0.000000 1.015742 0.000000
vt -1.000000 1.015742 0.000000
vt -0.000000 0.967373 0.000000
vt -1.000000 0.967373 0.000000
vt -0.000000 0.919005 0.000000
vt -1.000000 0.919005 0.000000
vt -0.000000 0.870636 0.000000
vt -1.000000 0.870636 0.000000
vt -0.000000 0.822267 0.000000
vt -1.000000 0.822267 0.000000
vt -0.000000 0.773899 0.000000
vt -1.000000 0.773899 0.000000
vt -0.000000 0.725530 0.000000
vt -1.000000 0.725530 0.000000
vt -0.000000 0.677161 0.000000
vt -1.000000 0.677161 0.000000
vt -0.000000 0.628793 0.000000
vt -1.000000 0.628793 0.000000
vt -0.000000 0.580424 0.000000
vt -1.000000 0.580424 0.000000
vt -0.000000 0.532055 0.000000
vt -1.000000 0.532055 0.000000
vt 0.000000 0.483687 0.000000
vt -1.000000 0.483687 0.000000
vt -0.000000 0.435318 0.000000
vt -1.000000 0.435318 0.000000
vt -0.000000 0.386949 0.000000
vt -1.000000 0.386949 0.000000
vt -0.000000 0.338581 0.000000
vt -1.000000 0.338581 0.000000
vt -0.000000 0.290212 0.000000
vt -1.000000 0.290212 0.000000
vt -0.000000 0.241843 0.000000
vt -1.000000 0.241843 0.000000
vt 0.000000 0.193475 0.000000
vt -1.000000 0.193475 0.000000
vt -0.000000 0.145106 0.000000
vt -1.000000 0.145106 0.000000
vt -0.000000 0.096737 0.000000
vt -1.000000 0.096737 0.000000
vt -0.000000 0.048369 0.000000
vt -1.000000 0.048369 0.000000
vt -0.000000 0.000000 0.000000
vt -1.000000 0.000000 0.000000
vt -0.000000 -0.048369 0.000000
vt -1.000000 -0.048369 0.000000
vt -0.000000 -0.096737 0.000000
vt -1.000000 -0.096737 0.000000
vt -0.000000 -0.145106 0.000000
vt -1.000000 -0.145106 0.000000
vt -0.000000 -0.193475 0.000000
vt -1.000000 -0.193475 0.000000
vt -0.000000 -0.241843 0.000000
vt -1.000000 -0.241843 0.000000
vt -0.000000 -0.290212 0.000000
vt -1.000000 -0.290212 0.000000
vt -0.000000 -0.338581 0.000000
vt -1.000000 -0.338581 0.000000
vt -0.000000 -0.386949 0.000000
vt -1.000000 -0.386949 0.000000
vt -0.000000 -0.435318 0.000000
vt -1.000000 -0.435318 0.000000
vt 0.000000 -0.483687 0.000000
vt -1.000000 -0.483687 0.000000
vt -0.000000 -0.532055 0.000000
vt -1.000000 -0.532055 0.000000
vt -0.000000 -0.580424 0.000000
vt -1.000000 -0.580424 0.000000
vt -0.000000 -0.628793 0.000000
vt -1.000000 -0.628793 0.000000
vt -0.000000 -0.677161 0.000000
vt -1.000000 -0.677161 0.000000
vt -0.000000 -0.725530 0.000000
vt -1.000000 -0.725530 0.000000
vt -0.000000 -0.773899 0.000000
vt -1.000000 -0.773899 0.000000
vt -0.000000 -0.822267 0.000000
vt -1.000000 -0.822267 0.000000
vt -0.000000 -0.870636 0.000000
vt -1.000000 -0.870636 0.000000
vt -0.000000 -0.919005 0.000000
vt -1.000000 -0.919005 0.000000
vt -0.000000 -0.967373 0.000000
vt -1.000000 -0.967373 0.000000
vt -0.000000 -1.015742 0.000000
vt -1.000000 -1.015742 0.000000
vt -0.000000 -1.064111 0.000000
vt -1.000000 -1.064111 0.000000
vt -0.000000 -1.112479 0.000000
vt -1.000000 -1.112479 0.000000
vt -0.000000 -1.160848 0.000000
vt -1.000000 -1.160848 0.000000
vt -0.000000 -1.209217 0.000000
vt -1.000000 -1.209217 0.000000
vt -0.000000 -1.257585 0.000000
vt -1.000000 -1.257585 0.000000
vt 0.000000 -1.305954 0.000000
vt -1.000000 -1.305954 0.000000
vt 0.000000 -1.354323 0.000000
vt -1.000000 -1.354323 0.000000
vt 0.000000 -1.402691 0.000000
vt -1.000000 -1.402691 0.000000
vt 0.000000 -1.451060 0.000000
vt -1.000000 -1.451060 0.000000
vt 0.000000 -1.499429 0.000000
vt -1.000000 -1.499429 0.000000
vt 0.000000 -1.547797 0.000000
vt -1.000000 -1.547797 0.000000
vt 0.000000 -1.596166 0.000000
vt -1.000000 -1.596166 0.000000
vt 0.000000 -1.644535 0.000000
vt -1.000000 -1.644535 0.000000
vt 0.000000 -1.692904 0.000000
vt -1.000000 -1.692904 0.000000
vt 0.000000 -1.741272 0.000000
vt -1.000000 -1.741272 0.000000
vt 0.000000 -1.789641 0.000000
vt -1.000000 -1.789641 0.000000
vt 0.000000 -1.838010 0.000000
vt -1.000000 -1.838010 0.000000
vt 0.000000 -1.886378 0.000000
vt -1.000000 -1.886378 0.000000
vt 0.000000 -1.934747 0.000000
vt -1.000000 -1.934747 0.000000
vt 0.000000 -1.983116 0.000000
vt -1.000000 -1.983116 0.000000
vt 0.000000 -2.031484 0.000000
vt -1.000000 -2.031484 0.000000
vt 0.000000 -2.079853 0.000000
vt -1.000000 -2.079853 0.000000
vt 0.000000 -2.128222 0.000000
vt -1.000000 -2.128222 0.000000
vt 0.000000 -2.176590 0.000000
vt -1.000000 -2.176590 0.000000
vt 0.000000 -2.224959 0.000000
vt -1.000000 -2.224959 0.000000
vt 0.000000 -2.273328 0.000000
vt -1.000000 -2.273328 0.000000
vt 0.000000 -2.321696 0.000000
vt -1.000000 -2.321696 0.000000
vt 0.000000 -2.370065 0.000000
vt -1.000000 -2.370065 0.000000
vt 0.000000 -2.418434 0.000000
vt -1.000000 -2.418434 0.000000
vt 0.000000 -2.466802 0.000000
vt -1.000000 -2.466802 0.000000
vt -2.000000 2.515171 0.000000
vt -2.000000 2.563540 0.000000
vt -2.000000 -2.563540 0.000000
vt -2.000000 -2.515171 0.000000
vt -2.000000 -2.466802 0.000000
vt -2.000000 -2.418434 0.000000
vt -2.000000 -2.370065 0.000000
vt -2.000000 -2.321696 0.000000
vt -2.000000 -2.273328 0.000000
vt -2.000000 -2.224959 0.000000
vt -2.000000 -2.176590 0.000000
vt -2.000000 -2.128222 0.000000
vt -2.000000 -2.079853 0.000000
vt -2.000000 -2.031484 0.000000
vt -2.000000 -1.983116 0.000000
vt -2.000000 -1.934747 0.000000
vt -2.000000 -1.886378 0.000000
vt -2.000000 -1.838010 0.000000
vt -2.000000 -1.789641 0.000000
vt -2.000000 -1.741272 0.000000
vt -2.000000 -1.692904 0.000000
vt -2.000000 -1.644535 0.000000
vt -2.000000 -1.596166 0.000000
vt -2.000000 -1.547797 0.000000
vt -2.000000 -1.499429 0.000000
vt -2.000000 -1.451060 0.000000
vt -2.000000 -1.402691 0.000000
vt -2.000000 -1.354323 0.000000
vt -2.000000 -1.305954 0.000000
vt -2.000000 -1.257585 0.000000
vt -2.000000 -1.209217 0.000000
vt -2.000000 -1.160848 0.000000
vt -2.000000 -1.112479 0.000000
vt -2.000000 -1.064111 0.000000
vt -2.000000 -1.015742 0.000000
vt -2.000000 -0.967373 0.000000
vt -2.000000 -0.919005 0.000000
vt -2.000000 -0.870636 0.000000
vt -2.000000 -0.822267 0.000000
vt -2.000000 -0.773899 0.000000
vt -2.000000 -0.725530 0.000000
vt -2.000000 -0.677161 0.000000
vt -2.000000 -0.628793 0.000000
vt -2.000000 -0.580424 0.000000
vt -2.000000 -0.532055 0.000000
vt -2.000000 -0.483687 0.000000
vt -2.000000 -0.435318 0.000000
vt -2.000000 -0.386949 0.000000
vt -2.000000 -0.338581 0.000000
vt -2.000000 -0.290212 0.000000
vt -2.000000 -0.241843 0.000000
vt -2.000000 -0.193475 0.000000
vt -2.000000 -0.145106 0.000000
vt -2.000000 -0.096737 0.000000
vt -2.000000 -0.048369 0.000000
vt -2.000000 0.000000 0.000000
vt -2.000000 0.048369 0.000000
vt -2.000000 0.096737 0.000000
vt -2.000000 0.145106 0.000000
vt -2.000000 0.193475 0.000000
vt -2.000000 0.241843 0.000000
vt -2.000000 0.290212 0.000000
vt -2.000000 0.338581 0.000000
vt -2.000000 0.386949 0.000000
vt -2.000000 0.435318 0.000000
vt -2.000000 0.483687 0.000000
vt -2.000000 0.532055 0.000000
vt -2.000000 0.580424 0.000000
vt -2.000000 0.628793 0.000000
vt -2.000000 0.677161 0.000000
vt -2.000000 0.725530 0.000000
vt -2.000000 0.773899 0.000000
vt -2.000000 0.822267 0.000000
vt -2.000000 0.870636 0.000000
vt -2.000000 0.919005 0.000000
vt -2.000000 0.967373 0.000000
vt -2.000000 1.015742 0.000000
vt -2.000000 1.064111 0.000000
vt -2.000000 1.112479 0.000000
vt -2.000000 1.160848 0.000000
vt -2.000000 1.209217 0.000000
vt -2.000000 1.257585 0.000000
vt -2.000000 1.305954 0.000000
vt -2.000000 1.354323 0.000000
vt -2.000000 1.402691 0.000000
vt -2.000000 1.451060 0.000000
vt -2.000000 1.499429 0.000000
vt -2.000000 1.547797 0.000000
vt -2.000000 1.596166 0.000000
vt -2.000000 1.644535 0.000000
vt -2.000000 1.692904 0.000000
vt -2.000000 1.741272 0.000000
vt -2.000000 1.789641 0.000000
vt -2.000000 1.838010 0.000000
vt -2.000000 1.886378 0.000000
vt -2.000000 1.934747 0.000000
vt -2.000000 1.983116 0.000000
vt -2.000000 2.031484 0.000000
vt -2.000000 2.079853 0.000000
vt -2.000000 2.128222 0.000000
vt -2.000000 2.176590 0.000000
vt -2.000000 2.224959 0.000000
vt -2.000000 2.273328 0.000000
vt -2.000000 2.321696 0.000000
vt -2.000000 2.370065 0.000000
vt -2.000000 2.418434 0.000000
vt -2.000000 2.466802 0.000000
vt 1.119821 -0.290597 0.000000
vt 1.119969 -0.272882 0.000000
vt 0.803990 -0.290597 0.000000
vt 0.804196 -0.272856 0.000000
vt 1.120402 -0.254753 0.000000
vt 0.804800 -0.254710 0.000000
vt 1.121104 -0.236373 0.000000
vt 0.805779 -0.236319 0.000000
vt 1.122061 -0.217886 0.000000
vt 0.807110 -0.217832 0.000000
vt 1.123240 -0.199409 0.000000
vt 0.808749 -0.199362 0.000000
vt 1.124574 -0.181053 0.000000
vt 0.810600 -0.181019 0.000000
vt 1.125996 -0.162964 0.000000
vt 0.812569 -0.162947 0.000000
vt 1.127436 -0.145300 0.000000
vt 0.814562 -0.145305 0.000000
vt 0.816549 -0.127662 0.000000
vt 1.128875 -0.127637 0.000000
vt 0.818504 -0.109589 0.000000
vt 1.130290 -0.109547 0.000000
vt 0.820334 -0.091244 0.000000
vt 1.131617 -0.091191 0.000000
vt 0.821947 -0.072772 0.000000
vt 1.132786 -0.072713 0.000000
vt 0.823253 -0.054282 0.000000
vt 1.133733 -0.054226 0.000000
vt 0.824210 -0.035890 0.000000
vt 1.134428 -0.035844 0.000000
vt 0.824799 -0.017742 0.000000
vt 1.134855 -0.017715 0.000000
vt 0.825000 -0.000000 0.000000
vt 1.135000 -0.000000 0.000000
vt 1.134855 0.017715 0.000000
vt 0.824799 0.017742 0.000000
vt 1.134428 0.035844 0.000000
vt 0.824210 0.035890 0.000000
vt 1.133733 0.054226 0.000000
vt 0.823253 0.054282 0.000000
vt 1.132786 0.072713 0.000000
vt 0.821947 0.072772 0.000000
vt 1.131617 0.091191 0.000000
vt 0.820334 0.091244 0.000000
vt 1.130290 0.109547 0.000000
vt 0.818504 0.109589 0.000000
vt 1.128875 0.127637 0.000000
vt 0.816549 0.127662 0.000000
vt 1.127436 0.145300 0.000000
vt 0.814562 0.145305 0.000000
vt 1.125996 0.162964 0.000000
vt 0.812569 0.162947 0.000000
vt 1.124574 0.181053 0.000000
vt 0.810600 0.181019 0.000000
vt 1.123240 0.199409 0.000000
vt 0.808749 0.199362 0.000000
vt 0.807110 0.217832 0.000000
vt 1.122061 0.217886 0.000000
vt 1.121104 0.236373 0.000000
vt 0.805779 0.236319 0.000000
vt 1.120402 0.254753 0.000000
vt 0.804800 0.254710 0.000000
vt 1.119969 0.272882 0.000000
vt 0.804196 0.272856 0.000000
vt 0.803990 0.290597 0.000000
vt 1.119821 0.290597 0.000000
vt 0.814567 -0.048340 0.000000
vt 1.134194 -0.042778 0.000000
vt 0.816000 0.000000 0.000000
vt 1.134910 0.014262 0.000000
vt 0.814567 0.048340 0.000000
vt 1.132760 0.071267 0.000000
vt 1.127749 0.128092 0.000000
vt 1.130612 -0.099711 0.000000
vt 0.810273 -0.096511 0.000000
vt 1.124174 -0.156392 0.000000
vt 0.803132 -0.144342 0.000000
vt 1.114896 -0.212678 0.000000
vt 0.793171 -0.191667 0.000000
vt 1.102802 -0.268426 0.000000
vt 1.087922 -0.323497 0.000000
vt 0.780423 -0.238318 0.000000
vt 1.070294 -0.377750 0.000000
vt 0.764934 -0.284133 0.000000
vt 1.049963 -0.431049 0.000000
vt 0.746759 -0.328949 0.000000
vt 1.026979 -0.483259 0.000000
vt 0.725960 -0.372609 0.000000
vt 1.001401 -0.534249 0.000000
vt 0.702612 -0.414961 0.000000
vt 0.973293 -0.583889 0.000000
vt 0.676795 -0.455856 0.000000
vt 0.942726 -0.632054 0.000000
vt 0.909779 -0.678622 0.000000
vt 0.648601 -0.495149 0.000000
vt 0.874533 -0.723476 0.000000
vt 0.618129 -0.532703 0.000000
vt 0.837077 -0.766503 0.000000
vt 0.585486 -0.568386 0.000000
vt 0.797508 -0.807593 0.000000
vt 0.550786 -0.602072 0.000000
vt 0.755923 -0.846643 0.000000
vt 0.514152 -0.633643 0.000000
vt 0.712430 -0.883555 0.000000
vt 0.667136 -0.918234 0.000000
vt 0.475711 -0.662989 0.000000
vt 0.620158 -0.950594 0.000000
vt 0.435600 -0.690006 0.000000
vt 0.571612 -0.980553 0.000000
vt 0.393958 -0.714600 0.000000
vt 0.521623 -1.008035 0.000000
vt 0.350933 -0.736683 0.000000
vt 0.470316 -1.032970 0.000000
vt 0.306675 -0.756179 0.000000
vt 0.417821 -1.055296 0.000000
vt 0.261340 -0.773018 0.000000
vt 0.364271 -1.074957 0.000000
vt 0.309800 -1.091901 0.000000
vt 0.215087 -0.787143 0.000000
vt 0.254547 -1.106088 0.000000
vt 0.168079 -0.798502 0.000000
vt 0.198651 -1.117481 0.000000
vt 0.120480 -0.807057 0.000000
vt 0.142253 -1.126050 0.000000
vt 0.072457 -0.812777 0.000000
vt 0.085496 -1.131775 0.000000
vt 0.024181 -0.815642 0.000000
vt 0.028523 -1.134642 0.000000
vt -0.024181 -0.815642 0.000000
vt -0.028523 -1.134642 0.000000
vt -0.085496 -1.131775 0.000000
vt -0.072457 -0.812777 0.000000
vt -0.142253 -1.126050 0.000000
vt -0.120480 -0.807057 0.000000
vt -0.198651 -1.117481 0.000000
vt -0.168079 -0.798502 0.000000
vt -0.254547 -1.106088 0.000000
vt -0.215087 -0.787143 0.000000
vt -0.309800 -1.091901 0.000000
vt -0.261340 -0.773018 0.000000
vt -0.364271 -1.074957 0.000000
vt -0.417821 -1.055296 0.000000
vt -0.306675 -0.756179 0.000000
vt -0.470316 -1.032970 0.000000
vt -0.350933 -0.736683 0.000000
vt -0.521623 -1.008035 0.000000
vt -0.393958 -0.714600 0.000000
vt -0.571612 -0.980553 0.000000
vt -0.435600 -0.690006 0.000000
vt -0.620158 -0.950594 0.000000
vt -0.475711 -0.662989 0.000000
vt -0.667136 -0.918234 0.000000
vt -0.514152 -0.633643 0.000000
vt -0.712430 -0.883555 0.000000
vt -0.755923 -0.846643 0.000000
vt -0.550786 -0.602072 0.000000
vt -0.797508 -0.807593 0.000000
vt -0.585486 -0.568386 0.000000
vt -0.837077 -0.766503 0.000000
vt -0.618129 -0.532703 0.000000
vt -0.874533 -0.723476 0.000000
vt -0.648601 -0.495149 0.000000
vt -0.909779 -0.678622 0.000000
vt -0.676795 -0.455856 0.000000
vt -0.942726 -0.632054 0.000000
vt -0.973293 -0.583889 0.000000
vt -0.702612 -0.414961 0.000000
vt -1.001401 -0.534249 0.000000
vt -0.725960 -0.372609 0.000000
vt -1.026979 -0.483259 0.000000
vt -0.746759 -0.328949 0.000000
vt -1.049963 -0.431049 0.000000
vt -0.764934 -0.284133 0.000000
vt -1.070294 -0.377750 0.000000
vt -0.780423 -0.238318 0.000000
vt -1.087922 -0.323497 0.000000
vt -0.793171 -0.191667 0.000000
vt -1.102802 -0.268426 0.000000
vt -1.114896 -0.212678 0.000000
vt -0.803132 -0.144342 0.000000
vt -1.124174 -0.156392 0.000000
vt -0.810273 -0.096511 0.000000
vt -1.130612 -0.099711 0.000000
vt -0.814567 -0.048340 0.000000
vt -1.134194 -0.042778 0.000000
vt -0.816000 0.000000 0.000000
vt -1.134910 0.014262 0.000000
vt -0.814567 0.048340 0.000000
vt -1.132760 0.071267 0.000000
vt -1.127749 0.128092 0.000000
vt -0.810273 0.096511 0.000000
vt -1.119889 0.184593 0.000000
vt -0.803132 0.144342 0.000000
vt -1.109199 0.240628 0.000000
vt -0.793171 0.191667 0.000000
vt -1.095708 0.296055 0.000000
vt -0.780423 0.238318 0.000000
vt -1.079449 0.350734 0.000000
vt -0.764934 0.284133 0.000000
vt -1.060463 0.404527 0.000000
vt -0.746759 0.328949 0.000000
vt -1.038799 0.457299 0.000000
vt -1.014510 0.508915 0.000000
vt -0.725960 0.372609 0.000000
vt -0.987659 0.559246 0.000000
vt -0.702612 0.414961 0.000000
vt -0.958312 0.608163 0.000000
vt -0.676795 0.455856 0.000000
vt -0.926545 0.655545 0.000000
vt -0.648601 0.495149 0.000000
vt -0.892437 0.701271 0.000000
vt -0.618129 0.532703 0.000000
vt -0.856075 0.745225 0.000000
vt -0.585486 0.568386 0.000000
vt -0.817551 0.787297 0.000000
vt -0.776961 0.827379 0.000000
vt -0.550786 0.602072 0.000000
vt -0.734409 0.865372 0.000000
vt -0.514152 0.633643 0.000000
vt -0.690001 0.901179 0.000000
vt -0.475711 0.662989 0.000000
vt -0.643850 0.934709 0.000000
vt -0.435600 0.690006 0.000000
vt -0.596073 0.965879 0.000000
vt -0.393958 0.714600 0.000000
vt -0.546790 0.994608 0.000000
vt -0.496126 1.020825 0.000000
vt -0.350933 0.736683 0.000000
vt -0.444209 1.044463 0.000000
vt -0.306675 0.756179 0.000000
vt -0.391170 1.065463 0.000000
vt -0.261340 0.773018 0.000000
vt -0.337142 1.083771 0.000000
vt -0.215087 0.787143 0.000000
vt -0.282263 1.099342 0.000000
vt -0.168079 0.798502 0.000000
vt -0.226671 1.112135 0.000000
vt -0.120480 0.807057 0.000000
vt -0.170506 1.122120 0.000000
vt -0.113911 1.129269 0.000000
vt -0.072457 0.812777 0.000000
vt -0.057027 1.133566 0.000000
vt -0.024181 0.815642 0.000000
vt 0.000000 1.135000 0.000000
vt 0.024181 0.815642 0.000000
vt 0.057027 1.133566 0.000000
vt 0.072457 0.812777 0.000000
vt 0.113911 1.129269 0.000000
vt 0.120480 0.807057 0.000000
vt 0.170506 1.122120 0.000000
vt 0.226671 1.112135 0.000000
vt 0.168079 0.798502 0.000000
vt 0.282263 1.099342 0.000000
vt 0.215087 0.787143 0.000000
vt 0.337142 1.083771 0.000000
vt 0.261340 0.773018 0.000000
vt 0.391170 1.065463 0.000000
vt 0.306675 0.756179 0.000000
vt 0.444209 1.044463 0.000000
vt 0.350933 0.736683 0.000000
vt 0.496126 1.020825 0.000000
vt 0.393958 0.714600 0.000000
vt 0.546790 0.994608 0.000000
vt 0.596073 0.965879 0.000000
vt 0.435600 0.690006 0.000000
vt 0.643850 0.934709 0.000000
vt 0.475711 0.662989 0.000000
vt 0.690001 0.901179 0.000000
vt 0.514152 0.633643 0.000000
vt 0.734409 0.865372 0.000000
vt 0.550786 0.602072 0.000000
vt 0.776961 0.827379 0.000000
vt 0.585486 0.568386 0.000000
vt 0.817551 0.787297 0.000000
vt 0.856075 0.745225 0.000000
vt 0.618129 0.532703 0.000000
vt 0.892437 0.701271 0.000000
vt 0.648601 0.495149 0.000000
vt 0.926545 0.655545 0.000000
vt 0.676795 0.455856 0.000000
vt 0.958312 0.608163 0.000000
vt 0.702612 0.414961 0.000000
vt 0.987659 0.559246 0.000000
vt 0.725960 0.372609 0.000000
vt 1.014510 0.508915 0.000000
vt 0.746759 0.328949 0.000000
vt 1.038799 0.457299 0.000000
vt 1.060463 0.404527 0.000000
vt 0.764934 0.284133 0.000000
vt 1.079449 0.350734 0.000000
vt 0.780423 0.238318 0.000000
vt 1.095708 0.296055 0.000000
vt 0.793171 0.191667 0.000000
vt 1.109199 0.240628 0.000000
vt 0.803132 0.144342 0.000000
vt 1.119889 0.184593 0.000000
vt 0.810273 0.096511 0.000000
vt -1.079687 -0.350000 0.000000
vt -1.060736 -0.403812 0.000000
vt -0.747078 -0.350000 0.000000
vt -0.725146 -0.393431 0.000000
vt -1.039104 -0.456605 0.000000
vt -0.700693 -0.435494 0.000000
vt -1.014847 -0.508243 0.000000
vt -0.673802 -0.476041 0.000000
vt -0.988025 -0.558597 0.000000
vt -0.644568 -0.514934 0.000000
vt -0.958707 -0.607540 0.000000
vt -0.613092 -0.552035 0.000000
vt -0.579484 -0.587216 0.000000
vt -0.926967 -0.654948 0.000000
vt -0.543861 -0.620355 0.000000
vt -0.892885 -0.700701 0.000000
vt -0.506345 -0.651337 0.000000
vt -0.856546 -0.744683 0.000000
vt -0.467069 -0.680053 0.000000
vt -0.818044 -0.786784 0.000000
vt -0.426168 -0.706403 0.000000
vt -0.777474 -0.826897 0.000000
vt -0.383785 -0.730297 0.000000
vt -0.734940 -0.864921 0.000000
vt -0.340067 -0.751651 0.000000
vt -0.690549 -0.900759 0.000000
vt -0.295167 -0.770391 0.000000
vt -0.644413 -0.934321 0.000000
vt -0.249240 -0.786451 0.000000
vt -0.596649 -0.965523 0.000000
vt -0.202446 -0.799775 0.000000
vt -0.547378 -0.994285 0.000000
vt -0.496723 -1.020535 0.000000
vt -0.154947 -0.810319 0.000000
vt -0.444813 -1.044206 0.000000
vt -0.106910 -0.818044 0.000000
vt -0.391780 -1.065239 0.000000
vt -0.337756 -1.083580 0.000000
vt -0.058501 -0.822923 0.000000
vt -0.282879 -1.099183 0.000000
vt -0.227288 -1.112010 0.000000
vt -0.171122 -1.122026 0.000000
vt -0.009889 -0.824941 0.000000
vt -0.114523 -1.129207 0.000000
vt -0.057636 -1.133536 0.000000
vt -0.000602 -1.135000 0.000000
vt 0.056432 -1.133596 0.000000
vt 0.038758 -0.824089 0.000000
vt 0.113325 -1.129328 0.000000
vt 0.169931 -1.122207 0.000000
vt 0.226107 -1.112250 0.000000
vt 0.281712 -1.099483 0.000000
vt 0.087270 -0.820371 0.000000
vt 0.336606 -1.083938 0.000000
vt 0.390649 -1.065654 0.000000
vt 0.135478 -0.813800 0.000000
vt 0.443705 -1.044678 0.000000
vt 0.495640 -1.021061 0.000000
vt 0.183215 -0.804399 0.000000
vt 0.546322 -0.994865 0.000000
vt 0.230315 -0.792199 0.000000
vt 0.595624 -0.966156 0.000000
vt 0.276614 -0.777245 0.000000
vt 0.643421 -0.935005 0.000000
vt 0.689593 -0.901492 0.000000
vt 0.321951 -0.759587 0.000000
vt 0.734022 -0.865700 0.000000
vt 0.366169 -0.739287 0.000000
vt 0.776596 -0.827722 0.000000
vt 0.409112 -0.716416 0.000000
vt 0.817208 -0.787652 0.000000
vt 0.450633 -0.691054 0.000000
vt 0.490586 -0.663287 0.000000
vt 0.855756 -0.745592 0.000000
vt 0.528833 -0.633214 0.000000
vt 0.892141 -0.701648 0.000000
vt 0.565241 -0.600939 0.000000
vt 0.926272 -0.655931 0.000000
vt 0.599683 -0.566573 0.000000
vt 0.958062 -0.608557 0.000000
vt 0.632039 -0.530237 0.000000
vt 0.987432 -0.559646 0.000000
vt 0.662197 -0.492057 0.000000
vt 1.014307 -0.509320 0.000000
vt 0.690052 -0.452165 0.000000
vt 1.038619 -0.457707 0.000000
vt 0.715507 -0.410701 0.000000
vt 1.060307 -0.404938 0.000000
vt 0.738473 -0.367808 0.000000
vt 1.079315 -0.351146 0.000000
vt 0.758871 -0.323636 0.000000
vt 0.776629 -0.278339 0.000000
vt 1.095597 -0.296466 0.000000
vt 0.791686 -0.232073 0.000000
vt 1.109110 -0.241038 0.000000
vt 0.803990 -0.185000 0.000000
vt 1.119821 -0.185000 0.000000
vn -0.000000 -0.100000 0.000000
vn -0.000000 -0.100000 0.000000
vn -0.000000 -0.100000 0.000000
vn -0.000000 -0.100000 0.000000
vn -0.000000 -0.100000 0.000000
vn -0.000000 -0.100000 0.000000
vn -0.000000 -0.100000 0.000000
vn -0.000000 -0.100000 0.000000
vn -0.000000 -0.100000 0.000000
vn -0.000000 -0.100000 0.000000
vn -0.000000 -0.100000 0.000000
vn -0.000000 -0.100000 0.000000
vn -0.000000 -0.100000 0.000000
vn -0.000000 -0.100000 0.000000
vn -0.000000 -0.100000 0.000000
vn -0.000000 -0.100000 0.000000
vn -0.004781 -0.099886 0.000000
vn -0.006343 -0.099799 0.000000
vn -0.009802 -0.099518 0.000000
vn -0.012085 -0.099267 0.000000
vn -0.017198 -0.098510 0.000000
vn -0.019509 -0.098079 0.000000
vn -0.021652 -0.097628 0.000000
vn -0.023740 -0.097141 0.000000
vn -0.029020 -0.095697 0.000000
vn -0.025835 -0.096605 0.000000
vn -0.027841 -0.096046 0.000000
vn -0.029665 -0.095499 0.000000
vn -0.031215 -0.095003 0.000000
vn -0.032401 -0.094605 0.000000
vn -0.033109 -0.094360 0.000000
vn -0.038268 -0.092388 0.000000
vn -0.037618 -0.092655 0.000000
vn -0.041805 -0.090842 0.000000
vn -0.047140 -0.088192 0.000000
vn -0.049844 -0.086693 0.000000
vn -0.055557 -0.083147 0.000000
vn -0.057368 -0.081908 0.000000
vn -0.063439 -0.077301 0.000000
vn -0.064303 -0.076584 0.000000
vn -0.070727 -0.070694 0.000000
vn -0.070585 -0.070836 0.000000
vn -0.076386 -0.064538 0.000000
vn -0.077301 -0.063439 0.000000
vn -0.081765 -0.057572 0.000000
vn -0.083147 -0.055557 0.000000
vn -0.086603 -0.050000 0.000000
vn -0.086603 -0.050000 0.000000
vn -0.088192 -0.047140 0.000000
vn -0.090631 -0.042262 0.000000
vn -0.090322 -0.042918 0.000000
vn -0.092388 -0.038268 0.000000
vn -0.092350 -0.038360 0.000000
vn -0.094150 -0.033702 0.000000
vn -0.009615 -0.099537 0.000000
vn -0.014478 -0.098946 0.000000
vn -0.019347 -0.098111 0.000000
vn -0.024198 -0.097028 0.000000
vn -0.029009 -0.095700 0.000000
vn -0.033758 -0.094130 0.000000
vn -0.038423 -0.092324 0.000000
vn -0.042988 -0.090289 0.000000
vn -0.047435 -0.088033 0.000000
vn -0.051748 -0.085569 0.000000
vn -0.055910 -0.082910 0.000000
vn -0.063715 -0.077074 0.000000
vn -0.070745 -0.070676 0.000000
vn -0.077139 -0.063636 0.000000
vn -0.082965 -0.055828 0.000000
vn -0.085617 -0.051669 0.000000
vn -0.088074 -0.047360 0.000000
vn -0.095714 -0.028962 0.000000
vn -0.095698 -0.029014 0.000000
vn -0.093969 -0.034202 0.000000
vn -0.097038 -0.024160 0.000000
vn -0.098079 -0.019509 0.000000
vn -0.096593 -0.025882 0.000000
vn -0.098481 -0.017365 0.000000
vn -0.099518 -0.009802 0.000000
vn -0.099619 -0.008716 0.000000
vn -0.100000 0.000000 0.000000
vn -0.099886 -0.004776 0.000000
vn -0.100000 0.000000 0.000000
vn -0.098116 -0.019317 0.000000
vn -0.098949 -0.014457 0.000000
vn -0.099538 -0.009602 0.000000
vn -0.033333 -0.094281 0.000000
vn -0.033333 -0.094281 0.000000
vn -0.100000 0.000000 0.000000
vn -0.100000 0.000000 0.000000
vn -0.100000 0.000000 0.000000
vn -0.100000 0.000000 0.000000
vn -0.000000 0.100000 -0.000000
vn -0.000000 0.100000 -0.000000
vn -0.000000 0.100000 -0.000000
vn -0.000000 0.100000 -0.000000
vn -0.000000 0.100000 -0.000000
vn -0.000000 0.100000 -0.000000
vn -0.000000 0.100000 -0.000000
vn -0.000000 0.100000 -0.000000
vn -0.000000 0.100000 -0.000000
vn -0.000000 0.100000 -0.000000
vn -0.000000 0.100000 -0.000000
vn -0.000000 0.100000 -0.000000
vn -0.000000 0.100000 -0.000000
vn -0.000000 0.100000 -0.000000
vn -0.000000 0.100000 -0.000000
vn -0.000000 0.100000 -0.000000
vn -0.099886 0.004776 0.000000
vn -0.099518 0.009802 0.000000
vn -0.099619 0.008716 0.000000
vn -0.099538 0.009602 0.000000
vn -0.098949 0.014457 0.000000
vn -0.098079 0.019509 0.000000
vn -0.098116 0.019317 0.000000
vn -0.097038 0.024160 0.000000
vn -0.095698 0.029014 0.000000
vn -0.095714 0.028962 0.000000
vn -0.094150 0.033702 0.000000
vn -0.092350 0.038360 0.000000
vn -0.092388 0.038268 0.000000
vn -0.093969 0.034202 0.000000
vn -0.096593 0.025882 0.000000
vn -0.098481 0.017365 0.000000
vn -0.090322 0.042918 0.000000
vn -0.090631 0.042262 0.000000
vn -0.088192 0.047140 0.000000
vn -0.088074 0.047360 0.000000
vn -0.085617 0.051669 0.000000
vn -0.083147 0.055557 0.000000
vn -0.082965 0.055828 0.000000
vn -0.077301 0.063439 0.000000
vn -0.077139 0.063636 0.000000
vn -0.070745 0.070676 0.000000
vn -0.070727 0.070694 0.000000
vn -0.063715 0.077074 0.000000
vn -0.063439 0.077301 0.000000
vn -0.055910 0.082910 0.000000
vn -0.055557 0.083147 0.000000
vn -0.051748 0.085569 0.000000
vn -0.047140 0.088192 0.000000
vn -0.047435 0.088033 0.000000
vn -0.042988 0.090289 0.000000
vn -0.038268 0.092388 0.000000
vn -0.038423 0.092324 0.000000
vn -0.033758 0.094130 0.000000
vn -0.029020 0.095697 0.000000
vn -0.029009 0.095700 0.000000
vn -0.024198 0.097028 0.000000
vn -0.019509 0.098079 0.000000
vn -0.019347 0.098111 0.000000
vn -0.014478 0.098946 0.000000
vn -0.009802 0.099518 0.000000
vn -0.009615 0.099537 0.000000
vn -0.004781 0.099886 0.000000
vn -0.006332 0.099799 0.000000
vn -0.012123 0.099262 0.000000
vn -0.017322 0.098488 0.000000
vn -0.021877 0.097578 0.000000
vn -0.023908 0.097100 0.000000
vn -0.025902 0.096587 0.000000
vn -0.027828 0.096050 0.000000
vn -0.029595 0.095520 0.000000
vn -0.031116 0.095036 0.000000
vn -0.032304 0.094639 0.000000
vn -0.033072 0.094373 0.000000
vn -0.037618 0.092655 0.000000
vn -0.033333 0.094281 0.000000
vn -0.033333 0.094281 0.000000
vn -0.041805 0.090842 0.000000
vn -0.049844 0.086693 0.000000
vn -0.057368 0.081908 0.000000
vn -0.064303 0.076584 0.000000
vn -0.070585 0.070836 0.000000
vn -0.076386 0.064538 0.000000
vn -0.081765 0.057572 0.000000
vn -0.086603 0.050000 0.000000
vn -0.086603 0.050000 0.000000
vn -0.000000 0.099874 -0.005024
vn -0.000000 0.099968 -0.002513
vn -0.000000 0.100000 -0.000000
vn 0.000000 0.099968 0.002513
vn 0.000000 0.099874 0.005024
vn 0.000000 0.099716 0.007533
vn 0.000000 0.099495 0.010036
vn 0.000000 0.099211 0.012533
vn 0.000000 0.098865 0.015023
vn 0.000000 0.098456 0.017502
vn 0.000000 0.097986 0.019971
vn 0.000000 0.097453 0.022427
vn 0.000000 0.096858 0.024869
vn 0.000000 0.096203 0.027295
vn 0.000000 0.095486 0.029704
vn 0.000000 0.094710 0.032094
vn 0.000000 0.093873 0.034464
vn 0.000000 0.092978 0.036812
vn 0.000000 0.092023 0.039137
vn 0.000000 0.091011 0.041438
vn 0.000000 0.089941 0.043712
vn 0.000000 0.088814 0.045958
vn 0.000000 0.087631 0.048175
vn 0.000000 0.086392 0.050362
vn 0.000000 0.085099 0.052517
vn 0.000000 0.083753 0.054639
vn 0.000000 0.082353 0.056727
vn 0.000000 0.080902 0.058779
vn 0.000000 0.079399 0.060793
vn 0.000000 0.077846 0.062769
vn 0.000000 0.076244 0.064706
vn 0.000000 0.074594 0.066601
vn 0.000000 0.072897 0.068455
vn 0.000000 0.071154 0.070265
vn 0.000000 0.069365 0.072031
vn 0.000000 0.067533 0.073751
vn 0.000000 0.065659 0.075425
vn 0.000000 0.063742 0.077051
vn 0.000000 0.061786 0.078629
vn 0.000000 0.059790 0.080157
vn 0.000000 0.057757 0.081634
vn 0.000000 0.055688 0.083060
vn 0.000000 0.053583 0.084433
vn 0.000000 0.051444 0.085753
vn 0.000000 0.049273 0.087018
vn 0.000000 0.047070 0.088229
vn 0.000000 0.044838 0.089384
vn 0.000000 0.042578 0.090483
vn 0.000000 0.040291 0.091524
vn 0.000000 0.037978 0.092508
vn 0.000000 0.035641 0.093433
vn 0.000000 0.033282 0.094299
vn 0.000000 0.030902 0.095106
vn 0.000000 0.028502 0.095852
vn 0.000000 0.026084 0.096538
vn 0.000000 0.023650 0.097163
vn 0.000000 0.021201 0.097727
vn 0.000000 0.018738 0.098229
vn 0.000000 0.016264 0.098669
vn 0.000000 0.013779 0.099046
vn 0.000000 0.011286 0.099361
vn 0.000000 0.008785 0.099613
vn 0.000000 0.006279 0.099803
vn 0.000000 0.003769 0.099929
vn 0.000000 0.001257 0.099992
vn 0.000000 -0.001257 0.099992
vn 0.000000 -0.003769 0.099929
vn 0.000000 -0.006270 0.099803
vn 0.000000 -0.008785 0.099613
vn 0.000000 -0.011286 0.099361
vn 0.000000 -0.013779 0.099046
vn 0.000000 -0.016253 0.098670
vn 0.000000 -0.018738 0.098229
vn 0.000000 -0.021210 0.097725
vn 0.000000 -0.023650 0.097163
vn 0.000000 -0.026093 0.096536
vn 0.000000 -0.028502 0.095852
vn 0.000000 -0.030911 0.095103
vn 0.000000 -0.033282 0.094299
vn 0.000000 -0.035650 0.093429
vn 0.000000 -0.037978 0.092508
vn 0.000000 -0.040300 0.091520
vn 0.000000 -0.042578 0.090483
vn 0.000000 -0.044847 0.089380
vn 0.000000 -0.047070 0.088229
vn 0.000000 -0.049282 0.087013
vn 0.000000 -0.051444 0.085753
vn 0.000000 -0.053591 0.084427
vn 0.000000 -0.055688 0.083060
vn 0.000000 -0.057766 0.081628
vn 0.000000 -0.059790 0.080157
vn 0.000000 -0.061794 0.078622
vn 0.000000 -0.063742 0.077051
vn 0.000000 -0.065667 0.075418
vn 0.000000 -0.067533 0.073751
vn 0.000000 -0.069373 0.072023
vn 0.000000 -0.071154 0.070265
vn 0.000000 -0.072904 0.068447
vn 0.000000 -0.074594 0.066601
vn 0.000000 -0.076251 0.064697
vn 0.000000 -0.077846 0.062769
vn 0.000000 -0.079406 0.060784
vn 0.000000 -0.080902 0.058779
vn 0.000000 -0.082360 0.056717
vn 0.000000 -0.083753 0.054639
vn 0.000000 -0.085106 0.052508
vn 0.000000 -0.086392 0.050362
vn 0.000000 -0.087636 0.048165
vn 0.000000 -0.088814 0.045958
vn 0.000000 -0.089946 0.043701
vn 0.000000 -0.091011 0.041438
vn 0.000000 -0.092028 0.039126
vn 0.000000 -0.092978 0.036812
vn 0.000000 -0.093878 0.034453
vn 0.000000 -0.094710 0.032094
vn 0.000000 -0.095490 0.029692
vn 0.000000 -0.096203 0.027295
vn 0.000000 -0.096861 0.024857
vn 0.000000 -0.097453 0.022427
vn 0.000000 -0.097986 0.019971
vn 0.000000 -0.098456 0.017502
vn 0.000000 -0.098865 0.015023
vn 0.000000 -0.099211 0.012533
vn 0.000000 -0.099495 0.010036
vn 0.000000 -0.099716 0.007533
vn 0.000000 -0.099874 0.005024
vn 0.000000 -0.099968 0.002513
vn 0.000000 -0.100000 0.000000
vn 0.000000 -0.099968 -0.002513
vn 0.000000 -0.099874 -0.005024
vn 0.000000 -0.099716 -0.007533
vn 0.000000 -0.099495 -0.010036
vn 0.000000 -0.099211 -0.012533
vn 0.000000 -0.098865 -0.015023
vn 0.000000 -0.098456 -0.017502
vn 0.000000 -0.097986 -0.019971
vn 0.000000 -0.097453 -0.022427
vn 0.000000 -0.096858 -0.024869
vn 0.000000 -0.096203 -0.027295
vn 0.000000 -0.095486 -0.029704
vn 0.000000 -0.094710 -0.032094
vn 0.000000 -0.093873 -0.034464
vn 0.000000 -0.092978 -0.036812
vn 0.000000 -0.092023 -0.039137
vn 0.000000 -0.091011 -0.041438
vn 0.000000 -0.089941 -0.043712
vn 0.000000 -0.088814 -0.045958
vn 0.000000 -0.087631 -0.048175
vn 0.000000 -0.086392 -0.050362
vn 0.000000 -0.085099 -0.052517
vn 0.000000 -0.083753 -0.054639
vn 0.000000 -0.082353 -0.056727
vn 0.000000 -0.080902 -0.058779
vn 0.000000 -0.079399 -0.060793
vn 0.000000 -0.077846 -0.062769
vn 0.000000 -0.076244 -0.064706
vn 0.000000 -0.074594 -0.066601
vn 0.000000 -0.072897 -0.068455
vn 0.000000 -0.071154 -0.070265
vn 0.000000 -0.069365 -0.072031
vn 0.000000 -0.067533 -0.073751
vn 0.000000 -0.065659 -0.075425
vn 0.000000 -0.063742 -0.077051
vn 0.000000 -0.061786 -0.078629
vn 0.000000 -0.059790 -0.080157
vn 0.000000 -0.057757 -0.081634
vn 0.000000 -0.055688 -0.083060
vn 0.000000 -0.053583 -0.084433
vn 0.000000 -0.051444 -0.085753
vn 0.000000 -0.049273 -0.087018
vn 0.000000 -0.047070 -0.088229
vn 0.000000 -0.044838 -0.089384
vn 0.000000 -0.042578 -0.090483
vn 0.000000 -0.040291 -0.091524
vn 0.000000 -0.037978 -0.092508
vn 0.000000 -0.035641 -0.093433
vn 0.000000 -0.033282 -0.094299
vn 0.000000 -0.030902 -0.095106
vn 0.000000 -0.028502 -0.095852
vn 0.000000 -0.026084 -0.096538
vn 0.000000 -0.023650 -0.097163
vn 0.000000 -0.021214 -0.097724
vn 0.000000 -0.018738 -0.098229
vn 0.000000 -0.016264 -0.098669
vn 0.000000 -0.013779 -0.099046
vn 0.000000 -0.011286 -0.099361
vn 0.000000 -0.008785 -0.099613
vn 0.000000 -0.006279 -0.099803
vn 0.000000 -0.003769 -0.099929
vn 0.000000 -0.001257 -0.099992
vn -0.000000 0.001257 -0.099992
vn -0.000000 0.003769 -0.099929
vn -0.000000 0.006279 -0.099803
vn -0.000000 0.008785 -0.099613
vn -0.000000 0.011286 -0.099361
vn -0.000000 0.013779 -0.099046
vn -0.000000 0.016264 -0.098669
vn -0.000000 0.018738 -0.098229
vn -0.000000 0.021201 -0.097727
vn -0.000000 0.023650 -0.097163
vn -0.000000 0.026084 -0.096538
vn -0.000000 0.028502 -0.095852
vn -0.000000 0.030902 -0.095106
vn -0.000000 0.033282 -0.094299
vn -0.000000 0.035641 -0.093433
vn -0.000000 0.037978 -0.092508
vn -0.000000 0.040291 -0.091524
vn -0.000000 0.042578 -0.090483
vn -0.000000 0.044838 -0.089384
vn -0.000000 0.047070 -0.088229
vn -0.000000 0.049273 -0.087018
vn -0.000000 0.051444 -0.085753
vn -0.000000 0.053583 -0.084433
vn -0.000000 0.055688 -0.083060
vn -0.000000 0.057757 -0.081634
vn -0.000000 0.059790 -0.080157
vn -0.000000 0.061786 -0.078629
vn -0.000000 0.063742 -0.077051
vn -0.000000 0.065659 -0.075425
vn -0.000000 0.067533 -0.073751
vn -0.000000 0.069365 -0.072031
vn -0.000000 0.071154 -0.070265
vn -0.000000 0.072897 -0.068455
vn -0.000000 0.074594 -0.066601
vn -0.000000 0.076244 -0.064706
vn -0.000000 0.077846 -0.062769
vn -0.000000 0.079399 -0.060793
vn -0.000000 0.080902 -0.058779
vn -0.000000 0.082353 -0.056727
vn -0.000000 0.083753 -0.054639
vn -0.000000 0.085099 -0.052517
vn -0.000000 0.086392 -0.050362
vn -0.000000 0.087631 -0.048175
vn -0.000000 0.088814 -0.045958
vn -0.000000 0.089941 -0.043712
vn -0.000000 0.091011 -0.041438
vn -0.000000 0.092023 -0.039137
vn -0.000000 0.092978 -0.036812
vn -0.000000 0.093873 -0.034464
vn -0.000000 0.094710 -0.032094
vn -0.000000 0.095486 -0.029704
vn -0.000000 0.096203 -0.027295
vn -0.000000 0.096858 -0.024869
vn -0.000000 0.097453 -0.022427
vn -0.000000 0.097986 -0.019971
vn -0.000000 0.098456 -0.017502
vn -0.000000 0.098865 -0.015023
vn -0.000000 0.099211 -0.012533
vn -0.000000 0.099495 -0.010036
vn -0.000000 0.099716 -0.007533
vn 0.000000 -0.035578 -0.093457
vn 0.000000 -0.030837 -0.095127
vn 0.000000 -0.030902 -0.095106
vn 0.000000 -0.030837 -0.095127
vn 0.000000 -0.030902 -0.095106
vn 0.000000 -0.035641 -0.093433
vn 0.000000 -0.040291 -0.091524
vn 0.000000 -0.044838 -0.089384
vn 0.000000 -0.049273 -0.087018
vn 0.000000 -0.053583 -0.084433
vn 0.000000 -0.057757 -0.081634
vn 0.000000 -0.061786 -0.078629
vn 0.000000 -0.065659 -0.075425
vn 0.000000 -0.069365 -0.072031
vn 0.000000 -0.072897 -0.068455
vn 0.000000 -0.076244 -0.064706
vn 0.000000 -0.079399 -0.060793
vn 0.000000 -0.082353 -0.056727
vn 0.000000 -0.085099 -0.052517
vn 0.000000 -0.087631 -0.048175
vn 0.000000 -0.089941 -0.043712
vn 0.000000 -0.092023 -0.039137
vn 0.000000 -0.093873 -0.034464
vn 0.000000 -0.095486 -0.029704
vn 0.000000 -0.096858 -0.024869
vn 0.000000 -0.097986 -0.019971
vn 0.000000 -0.098865 -0.015023
vn 0.000000 -0.099495 -0.010036
vn 0.000000 -0.099874 -0.005024
vn 0.000000 -0.100000 -0.000000
vn 0.000000 -0.099874 0.005024
vn 0.000000 -0.099495 0.010036
vn 0.000000 -0.098865 0.015023
vn 0.000000 -0.097986 0.019971
vn 0.000000 -0.096865 0.024845
vn 0.000000 -0.095494 0.029681
vn 0.000000 -0.093882 0.034441
vn 0.000000 -0.092033 0.039115
vn 0.000000 -0.089951 0.043690
vn 0.000000 -0.087642 0.048155
vn 0.000000 -0.085112 0.052498
vn 0.000000 -0.082366 0.056708
vn 0.000000 -0.079413 0.060775
vn 0.000000 -0.076259 0.064689
vn 0.000000 -0.072912 0.068439
vn 0.000000 -0.069381 0.072016
vn 0.000000 -0.065675 0.075411
vn 0.000000 -0.061803 0.078616
vn 0.000000 -0.057774 0.081622
vn 0.000000 -0.053600 0.084422
vn 0.000000 -0.049290 0.087008
vn 0.000000 -0.044856 0.089375
vn 0.000000 -0.040309 0.091516
vn 0.000000 -0.035659 0.093426
vn 0.000000 -0.030920 0.095100
vn 0.000000 -0.026102 0.096533
vn 0.000000 -0.021219 0.097723
vn 0.000000 -0.030805 -0.095137
vn 0.000000 -0.030710 -0.095168
vn 0.000000 -0.030552 -0.095219
vn 0.000000 -0.030330 -0.095289
vn 0.000000 -0.030045 -0.095380
vn 0.000000 -0.029696 -0.095489
vn 0.000000 -0.029284 -0.095616
vn 0.000000 -0.028808 -0.095761
vn 0.000000 -0.028269 -0.095921
vn 0.000000 -0.027671 -0.096095
vn 0.000000 -0.027018 -0.096281
vn 0.000000 -0.026314 -0.096476
vn 0.000000 -0.024774 -0.096883
vn 0.000000 -0.023086 -0.097299
vn 0.000000 -0.021223 -0.097722
vn 0.000000 -0.019158 -0.098148
vn 0.000000 -0.018059 -0.098356
vn 0.000000 -0.016922 -0.098558
vn 0.000000 -0.015749 -0.098752
vn 0.000000 -0.014544 -0.098937
vn 0.000000 -0.013313 -0.099110
vn 0.000000 -0.012059 -0.099270
vn 0.000000 -0.010790 -0.099416
vn 0.000000 -0.009510 -0.099547
vn 0.000000 -0.008226 -0.099661
vn 0.000000 -0.006943 -0.099759
vn 0.000000 -0.005668 -0.099839
vn 0.000000 -0.004405 -0.099903
vn 0.000000 -0.001469 -0.099989
vn -0.000000 0.001469 -0.099989
vn -0.000000 0.004405 -0.099903
vn -0.000000 0.005668 -0.099839
vn -0.000000 0.006943 -0.099759
vn -0.000000 0.008226 -0.099661
vn -0.000000 0.009510 -0.099547
vn -0.000000 0.010790 -0.099416
vn -0.000000 0.012059 -0.099270
vn -0.000000 0.013313 -0.099110
vn -0.000000 0.014544 -0.098937
vn -0.000000 0.015749 -0.098752
vn -0.000000 0.016922 -0.098558
vn -0.000000 0.018059 -0.098356
vn -0.000000 0.019158 -0.098148
vn -0.000000 0.021223 -0.097722
vn -0.000000 0.023086 -0.097299
vn -0.000000 0.024774 -0.096883
vn -0.000000 0.026314 -0.096476
vn -0.000000 0.027018 -0.096281
vn -0.000000 0.027671 -0.096095
vn -0.000000 0.028269 -0.095921
vn -0.000000 0.028808 -0.095761
vn -0.000000 0.029284 -0.095616
vn -0.000000 0.029696 -0.095489
vn -0.000000 0.030045 -0.095380
vn -0.000000 0.030330 -0.095289
vn -0.000000 0.030552 -0.095219
vn -0.000000 0.030710 -0.095168
vn -0.000000 0.030805 -0.095137
vn -0.000000 0.030837 -0.095127
vn -0.000000 0.033282 -0.094299
vn -0.000000 0.033282 -0.094299
vn -0.000000 0.037978 -0.092508
vn -0.000000 0.037978 -0.092508
vn -0.000000 0.042578 -0.090483
vn -0.000000 0.042578 -0.090483
vn -0.000000 0.047070 -0.088229
vn -0.000000 0.047070 -0.088229
vn -0.000000 0.051444 -0.085753
vn -0.000000 0.051444 -0.085753
vn -0.000000 0.055688 -0.083060
vn -0.000000 0.055688 -0.083060
vn -0.000000 0.059790 -0.080157
vn -0.000000 0.059790 -0.080157
vn -0.000000 0.063742 -0.077051
vn -0.000000 0.063742 -0.077051
vn -0.000000 0.067533 -0.073751
vn -0.000000 0.067533 -0.073751
vn -0.000000 0.071154 -0.070265
vn -0.000000 0.071154 -0.070265
vn -0.000000 0.074594 -0.066601
vn -0.000000 0.074594 -0.066601
vn -0.000000 0.077846 -0.062769
vn -0.000000 0.077846 -0.062769
vn -0.000000 0.080902 -0.058779
vn -0.000000 0.080902 -0.058779
vn -0.000000 0.083753 -0.054639
vn -0.000000 0.083753 -0.054639
vn -0.000000 0.086392 -0.050362
vn -0.000000 0.086392 -0.050362
vn -0.000000 0.088814 -0.045958
vn -0.000000 0.088814 -0.045958
vn -0.000000 0.091011 -0.041438
vn -0.000000 0.091011 -0.041438
vn -0.000000 0.092978 -0.036812
vn -0.000000 0.092978 -0.036812
vn -0.000000 0.094710 -0.032094
vn -0.000000 0.094710 -0.032094
vn -0.000000 0.096203 -0.027295
vn -0.000000 0.096203 -0.027295
vn -0.000000 0.097453 -0.022427
vn -0.000000 0.097453 -0.022427
vn -0.000000 0.098456 -0.017502
vn -0.000000 0.098456 -0.017502
vn -0.000000 0.099211 -0.012533
vn -0.000000 0.099211 -0.012533
vn -0.000000 0.099716 -0.007533
vn -0.000000 0.099716 -0.007533
vn -0.000000 0.099968 -0.002513
vn -0.000000 0.099968 -0.002513
vn 0.000000 0.099968 0.002513
vn 0.000000 0.099968 0.002513
vn 0.000000 0.099716 0.007533
vn 0.000000 0.099716 0.007533
vn 0.000000 0.099211 0.012533
vn 0.000000 0.099211 0.012533
vn 0.000000 0.098456 0.017502
vn 0.000000 0.098456 0.017502
vn 0.000000 0.097453 0.022427
vn 0.000000 0.097453 0.022427
vn 0.000000 0.096203 0.027295
vn 0.000000 0.096203 0.027295
vn 0.000000 0.094710 0.032094
vn 0.000000 0.094710 0.032094
vn 0.000000 0.092978 0.036812
vn 0.000000 0.092978 0.036812
vn 0.000000 0.091011 0.041438
vn 0.000000 0.091011 0.041438
vn 0.000000 0.088814 0.045958
vn 0.000000 0.088814 0.045958
vn 0.000000 0.086392 0.050362
vn 0.000000 0.086392 0.050362
vn 0.000000 0.083753 0.054639
vn 0.000000 0.083753 0.054639
vn 0.000000 0.080902 0.058779
vn 0.000000 0.080902 0.058779
vn 0.000000 0.077846 0.062769
vn 0.000000 0.077846 0.062769
vn 0.000000 0.074594 0.066601
vn 0.000000 0.074594 0.066601
vn 0.000000 0.071154 0.070265
vn 0.000000 0.071154 0.070265
vn 0.000000 0.067533 0.073751
vn 0.000000 0.067533 0.073751
vn 0.000000 0.063742 0.077051
vn 0.000000 0.063742 0.077051
vn 0.000000 0.059790 0.080157
vn 0.000000 0.059790 0.080157
vn 0.000000 0.055688 0.083060
vn 0.000000 0.055688 0.083060
vn 0.000000 0.051444 0.085753
vn 0.000000 0.051444 0.085753
vn 0.000000 0.047070 0.088229
vn 0.000000 0.047070 0.088229
vn 0.000000 0.042578 0.090483
vn 0.000000 0.042578 0.090483
vn 0.000000 0.037978 0.092508
vn 0.000000 0.037978 0.092508
vn 0.000000 0.033282 0.094299
vn 0.000000 0.033282 0.094299
vn 0.000000 0.028502 0.095852
vn 0.000000 0.028502 0.095852
vn 0.000000 0.023650 0.097163
vn 0.000000 0.023650 0.097163
vn 0.000000 0.018738 0.098229
vn 0.000000 0.018738 0.098229
vn 0.000000 0.013779 0.099046
vn 0.000000 0.013779 0.099046
vn 0.000000 0.008785 0.099613
vn 0.000000 0.008785 0.099613
vn 0.000000 0.003769 0.099929
vn 0.000000 0.003769 0.099929
vn 0.000000 -0.001257 0.099992
vn 0.000000 -0.001257 0.099992
vn 0.000000 -0.006251 0.099804
vn 0.000000 -0.003138 0.099951
vn 0.000000 -0.004709 0.099889
vn -0.000000 0.030837 -0.095127
vn -0.000000 0.035578 -0.093457
vn -0.000000 0.040229 -0.091551
vn -0.000000 0.044779 -0.089414
vn -0.000000 0.049216 -0.087051
vn -0.000000 0.053528 -0.084468
vn -0.000000 0.057705 -0.081671
vn -0.000000 0.061736 -0.078668
vn -0.000000 0.065611 -0.075467
vn -0.000000 0.069320 -0.072074
vn -0.000000 0.072854 -0.068500
vn -0.000000 0.076204 -0.064752
vn -0.000000 0.079362 -0.060841
vn -0.000000 0.082319 -0.056776
vn -0.000000 0.085068 -0.052568
vn -0.000000 0.087602 -0.048227
vn -0.000000 0.089915 -0.043764
vn -0.000000 0.092001 -0.039191
vn -0.000000 0.093854 -0.034518
vn -0.000000 0.095470 -0.029758
vn -0.000000 0.096844 -0.024923
vn -0.000000 0.097974 -0.020025
vn -0.000000 0.098857 -0.015077
vn -0.000000 0.099490 -0.010090
vn -0.000000 0.099871 -0.005078
vn -0.000000 0.100000 -0.000053
vn 0.000000 0.099876 0.004972
vn 0.000000 0.099500 0.009985
vn 0.000000 0.098873 0.014972
vn 0.000000 0.097996 0.019921
vn 0.000000 0.096871 0.024820
vn 0.000000 0.095501 0.029657
vn 0.000000 0.093890 0.034418
vn 0.000000 0.092042 0.039093
vn 0.000000 0.089961 0.043669
vn 0.000000 0.087653 0.048134
vn 0.000000 0.085124 0.052478
vn 0.000000 0.082379 0.056689
vn 0.000000 0.079427 0.060757
vn 0.000000 0.076273 0.064672
vn 0.000000 0.072927 0.068423
vn 0.000000 0.069397 0.072001
vn 0.000000 0.065691 0.075397
vn 0.000000 0.061819 0.078603
vn 0.000000 0.057791 0.081610
vn 0.000000 0.053617 0.084411
vn 0.000000 0.049308 0.086998
vn 0.000000 0.044874 0.089366
vn 0.000000 0.040327 0.091508
vn 0.000000 0.035677 0.093419
vn 0.000000 0.030938 0.095094
vn 0.000000 0.026120 0.096528
vn 0.000000 0.021237 0.097719
vn 0.000000 0.016300 0.098663
vn 0.000000 0.016222 0.098675
vn 0.000000 0.015990 0.098713
vn 0.000000 0.015602 0.098775
vn 0.000000 0.015057 0.098860
vn 0.000000 0.014357 0.098964
vn 0.000000 0.013521 0.099082
vn 0.000000 0.012570 0.099207
vn 0.000000 0.011526 0.099334
vn 0.000000 0.010373 0.099461
vn 0.000000 0.009095 0.099586
vn 0.000000 0.007712 0.099702
vn 0.000000 0.006243 0.099805
vn 0.000000 0.004709 0.099889
vn 0.000000 0.003138 0.099951
vn 0.000000 0.001558 0.099988
vn 0.000000 0.000000 0.100000
vn 0.000000 -0.001558 0.099988
vn 0.000000 -0.006243 0.099805
vn 0.000000 -0.007712 0.099702
vn 0.000000 -0.009095 0.099586
vn 0.000000 -0.011286 0.099361
vn 0.000000 -0.010373 0.099461
vn 0.000000 -0.011526 0.099334
vn 0.000000 -0.012570 0.099207
vn 0.000000 -0.013521 0.099082
vn 0.000000 -0.016233 0.098674
vn 0.000000 -0.014357 0.098964
vn 0.000000 -0.015057 0.098860
vn 0.000000 -0.015602 0.098775
vn 0.000000 -0.015990 0.098713
vn 0.000000 -0.016222 0.098675
vn 0.000000 -0.016300 0.098663
vn 0.000000 -0.021228 0.097721
vn 0.000000 -0.016243 0.098672
vn 0.000000 -0.021237 0.097719
vn 0.000000 -0.026111 0.096531
vn 0.000000 -0.026120 0.096528
vn 0.000000 -0.030929 0.095097
vn 0.000000 -0.030938 0.095094
vn 0.000000 -0.035668 0.093423
vn 0.000000 -0.035677 0.093419
vn 0.000000 -0.040318 0.091512
vn 0.000000 -0.040327 0.091508
vn 0.000000 -0.044865 0.089371
vn 0.000000 -0.044874 0.089366
vn 0.000000 -0.049299 0.087003
vn 0.000000 -0.049308 0.086998
vn 0.000000 -0.053609 0.084416
vn 0.000000 -0.053617 0.084411
vn 0.000000 -0.057783 0.081616
vn 0.000000 -0.057791 0.081610
vn 0.000000 -0.061811 0.078609
vn 0.000000 -0.061819 0.078603
vn 0.000000 -0.065683 0.075404
vn 0.000000 -0.065691 0.075397
vn 0.000000 -0.069389 0.072008
vn 0.000000 -0.069397 0.072001
vn 0.000000 -0.072920 0.068431
vn 0.000000 -0.072927 0.068423
vn 0.000000 -0.076266 0.064680
vn 0.000000 -0.076273 0.064672
vn 0.000000 -0.079420 0.060766
vn 0.000000 -0.079427 0.060757
vn 0.000000 -0.082373 0.056699
vn 0.000000 -0.082379 0.056689
vn 0.000000 -0.085118 0.052488
vn 0.000000 -0.085124 0.052478
vn 0.000000 -0.087648 0.048144
vn 0.000000 -0.087653 0.048134
vn 0.000000 -0.089956 0.043679
vn 0.000000 -0.089961 0.043669
vn 0.000000 -0.092037 0.039104
vn 0.000000 -0.092042 0.039093
vn 0.000000 -0.093886 0.034430
vn 0.000000 -0.093890 0.034418
vn 0.000000 -0.095497 0.029669
vn 0.000000 -0.095501 0.029657
vn 0.000000 -0.096868 0.024833
vn 0.000000 -0.096871 0.024820
vn 0.000000 -0.097986 0.019971
vn 0.000000 -0.097996 0.019921
vn 0.000000 -0.098865 0.015023
vn 0.000000 -0.098873 0.014972
vn 0.000000 -0.099495 0.010036
vn 0.000000 -0.099500 0.009985
vn 0.000000 -0.099874 0.005024
vn 0.000000 -0.099876 0.004972
vn 0.000000 -0.100000 0.000000
vn 0.000000 -0.100000 -0.000053
vn 0.000000 -0.099874 -0.005024
vn 0.000000 -0.099871 -0.005078
vn 0.000000 -0.099495 -0.010036
vn 0.000000 -0.099490 -0.010090
vn 0.000000 -0.098865 -0.015023
vn 0.000000 -0.098857 -0.015077
vn 0.000000 -0.097986 -0.019971
vn 0.000000 -0.097974 -0.020025
vn 0.000000 -0.096858 -0.024869
vn 0.000000 -0.096844 -0.024923
vn 0.000000 -0.095486 -0.029704
vn 0.000000 -0.095470 -0.029758
vn 0.000000 -0.093873 -0.034464
vn 0.000000 -0.093854 -0.034518
vn 0.000000 -0.092023 -0.039137
vn 0.000000 -0.092001 -0.039191
vn 0.000000 -0.089941 -0.043712
vn 0.000000 -0.089915 -0.043764
vn 0.000000 -0.087631 -0.048175
vn 0.000000 -0.087602 -0.048227
vn 0.000000 -0.085099 -0.052517
vn 0.000000 -0.085068 -0.052568
vn 0.000000 -0.082353 -0.056727
vn 0.000000 -0.082319 -0.056776
vn 0.000000 -0.079399 -0.060793
vn 0.000000 -0.079362 -0.060841
vn 0.000000 -0.076244 -0.064706
vn 0.000000 -0.076204 -0.064752
vn 0.000000 -0.072897 -0.068455
vn 0.000000 -0.072854 -0.068500
vn 0.000000 -0.069365 -0.072031
vn 0.000000 -0.069320 -0.072074
vn 0.000000 -0.065659 -0.075425
vn 0.000000 -0.065611 -0.075467
vn 0.000000 -0.061786 -0.078629
vn 0.000000 -0.061736 -0.078668
vn 0.000000 -0.057757 -0.081634
vn 0.000000 -0.057705 -0.081671
vn 0.000000 -0.053583 -0.084433
vn 0.000000 -0.053528 -0.084468
vn 0.000000 -0.049273 -0.087018
vn 0.000000 -0.049216 -0.087051
vn 0.000000 -0.044838 -0.089384
vn 0.000000 -0.044779 -0.089414
vn 0.000000 -0.040291 -0.091524
vn 0.000000 -0.040229 -0.091551
vn 0.000000 -0.035641 -0.093433
vn 0.000000 -0.006260 0.099804
vn 0.000000 -0.011286 0.099361
vn -0.100000 0.000000 0.000000
vn -0.100000 0.000000 0.000000
vn -0.100000 0.000000 0.000000
vn -0.100000 0.000000 0.000000
vn -0.100000 0.000000 0.000000
vn -0.100000 0.000000 0.000000
vn -0.100000 0.000000 0.000000
vn -0.100000 0.000000 0.000000
vn -0.100000 0.000000 0.000000
vn -0.100000 0.000000 0.000000
vn -0.100000 0.000000 0.000000
vn -0.100000 0.000000 0.000000
vn -0.100000 0.000000 0.000000
vn -0.100000 0.000000 0.000000
vn -0.100000 0.000000 0.000000
vn -0.100000 0.000000 0.000000
vn -0.100000 0.000000 0.000000
vn -0.100000 0.000000 0.000000
vn -0.100000 0.000000 0.000000
vn -0.100000 0.000000 0.000000
vn -0.100000 0.000000 0.000000
vn -0.100000 0.000000 0.000000
vn -0.100000 0.000000 0.000000
vn -0.100000 0.000000 0.000000
vn -0.100000 0.000000 0.000000
vn -0.100000 0.000000 0.000000
vn -0.100000 0.000000 0.000000
vn -0.100000 0.000000 0.000000
vn -0.100000 0.000000 0.000000
vn -0.100000 0.000000 0.000000
vn -0.100000 0.000000 0.000000
vn -0.100000 0.000000 0.000000
vn -0.100000 0.000000 0.000000
vn -0.100000 0.000000 0.000000
vn -0.100000 0.000000 0.000000
vn -0.100000 0.000000 0.000000
vn -0.100000 0.000000 0.000000
vn -0.100000 0.000000 0.000000
vn -0.100000 0.000000 0.000000
vn -0.100000 0.000000 0.000000
vn -0.100000 0.000000 0.000000
vn -0.100000 0.000000 0.000000
vn -0.100000 0.000000 0.000000
vn -0.100000 0.000000 0.000000
vn -0.100000 0.000000 0.000000
vn -0.100000 0.000000 0.000000
vn -0.100000 0.000000 0.000000
vn -0.100000 0.000000 0.000000
vn -0.100000 0.000000 0.000000
vn -0.100000 0.000000 0.000000
vn -0.100000 0.000000 0.000000
vn -0.100000 0.000000 0.000000
vn -0.100000 0.000000 0.000000
vn -0.100000 0.000000 0.000000
vn -0.100000 0.000000 0.000000
vn -0.100000 0.000000 0.000000
vn -0.100000 0.000000 0.000000
vn -0.100000 0.000000 0.000000
vn -0.100000 0.000000 0.000000
vn -0.100000 0.000000 0.000000
vn -0.100000 0.000000 0.000000
vn -0.100000 0.000000 0.000000
vn -0.100000 0.000000 0.000000
vn -0.100000 0.000000 0.000000
vn -0.100000 0.000000 0.000000
vn -0.100000 0.000000 0.000000
vn -0.100000 0.000000 0.000000
vn -0.100000 0.000000 0.000000
vn -0.100000 0.000000 0.000000
vn -0.100000 0.000000 0.000000
vn -0.100000 0.000000 0.000000
vn -0.100000 0.000000 0.000000
vn -0.100000 0.000000 0.000000
vn -0.100000 0.000000 0.000000
vn -0.100000 0.000000 0.000000
vn -0.100000 0.000000 0.000000
vn -0.100000 0.000000 0.000000
vn -0.100000 0.000000 0.000000
vn -0.100000 0.000000 0.000000
vn -0.100000 0.000000 0.000000
vn -0.100000 0.000000 0.000000
vn -0.100000 0.000000 0.000000
vn -0.100000 0.000000 0.000000
vn -0.100000 0.000000 0.000000
vn -0.100000 0.000000 0.000000
vn -0.100000 0.000000 0.000000
vn -0.100000 0.000000 0.000000
vn -0.100000 0.000000 0.000000
vn -0.100000 0.000000 0.000000
vn -0.100000 0.000000 0.000000
vn -0.100000 0.000000 0.000000
vn -0.100000 0.000000 0.000000
vn -0.100000 0.000000 0.000000
vn -0.100000 0.000000 0.000000
vn -0.100000 0.000000 0.000000
vn -0.100000 0.000000 0.000000
vn -0.100000 0.000000 0.000000
vn 0.000000 0.042424 0.090555
vn 0.000000 0.042424 0.090555
vn 0.000000 0.047670 0.087907
vn 0.000000 0.047676 0.087903
vn 0.000000 0.052751 0.084955
vn 0.000000 0.052763 0.084947
vn 0.000000 0.057650 0.081710
vn 0.000000 0.057650 0.081710
vn 0.000000 0.062350 0.078182
vn 0.000000 0.062350 0.078182
vn 0.000000 0.066834 0.074385
vn 0.000000 0.066834 0.074385
vn 0.000000 0.071088 0.070331
vn 0.000000 0.071088 0.070331
vn 0.000000 0.075097 0.066034
vn 0.000000 0.075097 0.066034
vn 0.000000 0.078846 0.061509
vn 0.000000 0.078846 0.061509
vn 0.000000 0.082322 0.056772
vn 0.000000 0.082322 0.056772
vn 0.000000 0.085515 0.051838
vn 0.000000 0.085515 0.051838
vn 0.000000 0.088412 0.046726
vn 0.000000 0.088412 0.046726
vn 0.000000 0.091004 0.041452
vn 0.000000 0.091004 0.041452
vn 0.000000 0.093282 0.036035
vn 0.000000 0.093282 0.036035
vn 0.000000 0.095237 0.030494
vn 0.000000 0.095237 0.030494
vn 0.000000 0.096864 0.024848
vn 0.000000 0.096864 0.024848
vn 0.000000 0.098156 0.019115
vn 0.000000 0.098156 0.019115
vn 0.000000 0.099109 0.013317
vn 0.000000 0.099109 0.013317
vn 0.000000 0.099720 0.007472
vn 0.000000 0.099720 0.007472
vn 0.000000 0.099987 0.001602
vn 0.000000 0.099987 0.001602
vn 0.000000 0.099909 -0.004274
vn 0.000000 0.099909 -0.004274
vn 0.000000 0.099485 -0.010135
vn 0.000000 0.099485 -0.010135
vn 0.000000 0.098718 -0.015961
vn 0.000000 0.098718 -0.015961
vn 0.000000 0.097610 -0.021731
vn 0.000000 0.097610 -0.021731
vn 0.000000 0.096165 -0.027427
vn 0.000000 0.096165 -0.027427
vn 0.000000 0.094388 -0.033028
vn 0.000000 0.094388 -0.033028
vn 0.000000 0.092285 -0.038515
vn 0.000000 0.092285 -0.038515
vn 0.000000 0.089864 -0.043870
vn 0.000000 0.089864 -0.043870
vn 0.000000 0.087132 -0.049072
vn 0.000000 0.087132 -0.049072
vn 0.000000 0.084099 -0.054105
vn 0.000000 0.084099 -0.054105
vn 0.000000 0.080776 -0.058952
vn 0.000000 0.080776 -0.058952
vn 0.000000 0.077174 -0.063594
vn 0.000000 0.077174 -0.063594
vn 0.000000 0.073305 -0.068018
vn 0.000000 0.073305 -0.068018
vn 0.000000 0.069183 -0.072206
vn 0.000000 0.069183 -0.072206
vn 0.000000 0.064823 -0.076145
vn 0.000000 0.064823 -0.076145
vn 0.000000 0.060238 -0.079821
vn 0.000000 0.060238 -0.079821
vn 0.000000 0.055446 -0.083221
vn 0.000000 0.055446 -0.083221
vn 0.000000 0.050462 -0.086334
vn 0.000000 0.050462 -0.086334
vn 0.000000 0.045304 -0.089149
vn 0.000000 0.045304 -0.089149
vn 0.000000 0.039989 -0.091656
vn 0.000000 0.039989 -0.091656
vn 0.000000 0.034536 -0.093847
vn 0.000000 0.034536 -0.093847
vn 0.000000 0.028964 -0.095713
vn 0.000000 0.028964 -0.095713
vn 0.000000 0.023292 -0.097249
vn 0.000000 0.023292 -0.097249
vn 0.000000 0.017540 -0.098450
vn 0.000000 0.017540 -0.098450
vn 0.000000 0.011727 -0.099310
vn 0.000000 0.011727 -0.099310
vn 0.000000 0.005874 -0.099827
vn 0.000000 0.005874 -0.099827
vn 0.000000 -0.000000 -0.100000
vn 0.000000 0.000000 -0.100000
vn 0.000000 -0.005874 -0.099827
vn 0.000000 -0.005874 -0.099827
vn 0.000000 -0.011727 -0.099310
vn 0.000000 -0.011727 -0.099310
vn 0.000000 -0.017540 -0.098450
vn 0.000000 -0.017540 -0.098450
vn 0.000000 -0.023292 -0.097249
vn 0.000000 -0.023292 -0.097249
vn 0.000000 -0.028964 -0.095713
vn 0.000000 -0.028964 -0.095713
vn 0.000000 -0.034536 -0.093847
vn 0.000000 -0.034536 -0.093847
vn 0.000000 -0.039989 -0.091656
vn 0.000000 -0.039989 -0.091656
vn 0.000000 -0.045304 -0.089149
vn 0.000000 -0.045304 -0.089149
vn 0.000000 -0.050462 -0.086334
vn 0.000000 -0.050462 -0.086334
vn 0.000000 -0.055446 -0.083221
vn 0.000000 -0.055446 -0.083221
vn 0.000000 -0.060238 -0.079821
vn 0.000000 -0.060238 -0.079821
vn 0.000000 -0.064823 -0.076145
vn 0.000000 -0.064823 -0.076145
vn 0.000000 -0.069183 -0.072206
vn 0.000000 -0.069183 -0.072206
vn 0.000000 -0.073305 -0.068018
vn 0.000000 -0.073305 -0.068018
vn 0.000000 -0.077174 -0.063594
vn 0.000000 -0.077174 -0.063594
vn 0.000000 -0.080776 -0.058952
vn 0.000000 -0.080776 -0.058952
vn 0.000000 -0.084099 -0.054105
vn 0.000000 -0.084099 -0.054105
vn 0.000000 -0.087132 -0.049072
vn 0.000000 -0.087132 -0.049072
vn 0.000000 -0.089864 -0.043870
vn 0.000000 -0.089864 -0.043870
vn 0.000000 -0.092285 -0.038515
vn 0.000000 -0.092285 -0.038515
vn 0.000000 -0.094388 -0.033028
vn 0.000000 -0.094388 -0.033028
vn 0.000000 -0.096165 -0.027427
vn 0.000000 -0.096165 -0.027427
vn 0.000000 -0.097610 -0.021731
vn 0.000000 -0.097610 -0.021731
vn 0.000000 -0.098718 -0.015961
vn 0.000000 -0.098718 -0.015961
vn 0.000000 -0.099485 -0.010135
vn 0.000000 -0.099485 -0.010135
vn 0.000000 -0.099909 -0.004274
vn 0.000000 -0.099909 -0.004274
vn 0.000000 -0.099987 0.001602
vn 0.000000 -0.099987 0.001602
vn 0.000000 -0.099720 0.007472
vn 0.000000 -0.099720 0.007472
vn 0.000000 -0.099109 0.013317
vn 0.000000 -0.099109 0.013317
vn 0.000000 -0.098156 0.019115
vn 0.000000 -0.098156 0.019115
vn 0.000000 -0.096864 0.024848
vn 0.000000 -0.096864 0.024848
vn 0.000000 -0.095237 0.030494
vn 0.000000 -0.095237 0.030494
vn 0.000000 -0.093282 0.036035
vn 0.000000 -0.093282 0.036035
vn 0.000000 -0.091004 0.041452
vn 0.000000 -0.091004 0.041452
vn 0.000000 -0.088412 0.046726
vn 0.000000 -0.088412 0.046726
vn 0.000000 -0.085515 0.051838
vn 0.000000 -0.085515 0.051838
vn 0.000000 -0.082322 0.056772
vn 0.000000 -0.082322 0.056772
vn 0.000000 -0.078846 0.061509
vn 0.000000 -0.078846 0.061509
vn 0.000000 -0.075097 0.066034
vn 0.000000 -0.075097 0.066034
vn 0.000000 -0.071088 0.070331
vn 0.000000 -0.071088 0.070331
vn 0.000000 -0.066834 0.074385
vn 0.000000 -0.066834 0.074385
vn 0.000000 -0.062350 0.078182
vn 0.000000 -0.062350 0.078182
vn 0.000000 -0.057650 0.081710
vn 0.000000 -0.057650 0.081710
vn 0.000000 -0.052763 0.084947
vn 0.000000 -0.052775 0.084940
vn 0.000000 -0.047682 0.087900
vn 0.000000 -0.047689 0.087897
vn 0.000000 -0.042424 0.090555
vn 0.000000 0.047682 0.087900
vn 0.000000 0.047689 0.087897
vn 0.000000 0.052775 0.084940
vn 0.000000 0.052787 0.084932
vn 0.000000 0.057650 0.081710
vn 0.000000 0.057702 0.081673
vn 0.000000 0.062350 0.078182
vn 0.000000 0.062416 0.078129
vn 0.000000 0.066834 0.074385
vn 0.000000 0.066913 0.074314
vn 0.000000 0.071088 0.070331
vn 0.000000 0.071178 0.070241
vn 0.000000 0.075097 0.066034
vn 0.000000 0.075195 0.065922
vn 0.000000 0.078846 0.061509
vn 0.000000 0.078950 0.061375
vn 0.000000 0.082322 0.056772
vn 0.000000 0.082431 0.056614
vn 0.000000 0.085515 0.051838
vn 0.000000 0.085625 0.051657
vn 0.000000 0.088412 0.046726
vn 0.000000 0.088521 0.046519
vn 0.000000 0.091004 0.041452
vn 0.000000 0.091109 0.041220
vn 0.000000 0.093282 0.036035
vn 0.000000 0.093381 0.035778
vn 0.000000 0.095237 0.030494
vn 0.000000 0.095327 0.030211
vn 0.000000 0.096864 0.024848
vn 0.000000 0.096942 0.024539
vn 0.000000 0.098156 0.019115
vn 0.000000 0.098220 0.018782
vn 0.000000 0.099109 0.013317
vn 0.000000 0.099157 0.012959
vn 0.000000 0.099720 0.007472
vn 0.000000 0.099748 0.007091
vn 0.000000 0.099987 0.001602
vn 0.000000 0.099993 0.001199
vn 0.000000 0.099909 -0.004274
vn 0.000000 0.099890 -0.004698
vn 0.000000 0.099485 -0.010135
vn 0.000000 0.099439 -0.010578
vn 0.000000 0.098718 -0.015961
vn 0.000000 0.098642 -0.016422
vn 0.000000 0.097610 -0.021731
vn 0.000000 0.097503 -0.022208
vn 0.000000 0.096165 -0.027427
vn 0.000000 0.096024 -0.027917
vn 0.000000 0.094388 -0.033028
vn 0.000000 0.094211 -0.033529
vn 0.000000 0.092285 -0.038515
vn 0.000000 0.092071 -0.039024
vn 0.000000 0.089864 -0.043870
vn 0.000000 0.089611 -0.044384
vn 0.000000 0.087132 -0.049072
vn 0.000000 0.086838 -0.049589
vn 0.000000 0.084099 -0.054105
vn 0.000000 0.083764 -0.054622
vn 0.000000 0.080776 -0.058952
vn 0.000000 0.080398 -0.059465
vn 0.000000 0.077174 -0.063594
vn 0.000000 0.076753 -0.064101
vn 0.000000 0.073305 -0.068018
vn 0.000000 0.072841 -0.068514
vn 0.000000 0.069183 -0.072206
vn 0.000000 0.068676 -0.072689
vn 0.000000 0.064823 -0.076145
vn 0.000000 0.064271 -0.076611
vn 0.000000 0.060238 -0.079821
vn 0.000000 0.059643 -0.080266
vn 0.000000 0.055446 -0.083221
vn 0.000000 0.054808 -0.083643
vn 0.000000 0.050462 -0.086334
vn 0.000000 0.049782 -0.086728
vn 0.000000 0.045304 -0.089149
vn 0.000000 0.044583 -0.089512
vn 0.000000 0.039989 -0.091656
vn 0.000000 0.039229 -0.091984
vn 0.000000 0.034536 -0.093847
vn 0.000000 0.033738 -0.094137
vn 0.000000 0.028964 -0.095713
vn 0.000000 0.028130 -0.095962
vn 0.000000 0.023292 -0.097249
vn 0.000000 0.022318 -0.097478
vn 0.000000 0.021997 -0.097551
vn 0.000000 0.022424 -0.097453
vn 0.000000 0.021463 -0.097670
vn 0.000000 0.020712 -0.097832
vn 0.000000 0.017540 -0.098450
vn 0.000000 0.019749 -0.098030
vn 0.000000 0.018599 -0.098255
vn 0.000000 0.017292 -0.098494
vn 0.000000 0.015857 -0.098735
vn 0.000000 0.014273 -0.098976
vn 0.000000 0.011727 -0.099310
vn 0.000000 0.012517 -0.099214
vn 0.000000 0.010615 -0.099435
vn 0.000000 0.008595 -0.099630
vn 0.000000 0.005874 -0.099827
vn 0.000000 0.006485 -0.099790
vn 0.000000 0.004322 -0.099907
vn 0.000000 0.002147 -0.099977
vn 0.000000 0.000000 -0.100000
vn 0.000000 0.000000 -0.100000
vn 0.000000 -0.002147 -0.099977
vn 0.000000 -0.005874 -0.099827
vn 0.000000 -0.004322 -0.099907
vn 0.000000 -0.006485 -0.099790
vn 0.000000 -0.008595 -0.099630
vn 0.000000 -0.011727 -0.099310
vn 0.000000 -0.010615 -0.099435
vn 0.000000 -0.012517 -0.099214
vn 0.000000 -0.014273 -0.098976
vn 0.000000 -0.017540 -0.098450
vn 0.000000 -0.015857 -0.098735
vn 0.000000 -0.017292 -0.098494
vn 0.000000 -0.018599 -0.098255
vn 0.000000 -0.019749 -0.098030
vn 0.000000 -0.023292 -0.097249
vn 0.000000 -0.020712 -0.097832
vn 0.000000 -0.021463 -0.097670
vn 0.000000 -0.021997 -0.097551
vn 0.000000 -0.022318 -0.097478
vn 0.000000 -0.022424 -0.097453
vn 0.000000 -0.028130 -0.095962
vn 0.000000 -0.028964 -0.095713
vn 0.000000 -0.033738 -0.094137
vn 0.000000 -0.034536 -0.093847
vn 0.000000 -0.039229 -0.091984
vn 0.000000 -0.039989 -0.091656
vn 0.000000 -0.044583 -0.089512
vn 0.000000 -0.045304 -0.089149
vn 0.000000 -0.049782 -0.086728
vn 0.000000 -0.050462 -0.086334
vn 0.000000 -0.054808 -0.083643
vn 0.000000 -0.055446 -0.083221
vn 0.000000 -0.059643 -0.080266
vn 0.000000 -0.060238 -0.079821
vn 0.000000 -0.064271 -0.076611
vn 0.000000 -0.064823 -0.076145
vn 0.000000 -0.068676 -0.072689
vn 0.000000 -0.069183 -0.072206
vn 0.000000 -0.072841 -0.068514
vn 0.000000 -0.073305 -0.068018
vn 0.000000 -0.076753 -0.064101
vn 0.000000 -0.077174 -0.063594
vn 0.000000 -0.080398 -0.059465
vn 0.000000 -0.080776 -0.058952
vn 0.000000 -0.083764 -0.054622
vn 0.000000 -0.084099 -0.054105
vn 0.000000 -0.086838 -0.049589
vn 0.000000 -0.087132 -0.049072
vn 0.000000 -0.089611 -0.044384
vn 0.000000 -0.089864 -0.043870
vn 0.000000 -0.092071 -0.039024
vn 0.000000 -0.092285 -0.038515
vn 0.000000 -0.094211 -0.033529
vn 0.000000 -0.094388 -0.033028
vn 0.000000 -0.096024 -0.027917
vn 0.000000 -0.096165 -0.027427
vn 0.000000 -0.097503 -0.022208
vn 0.000000 -0.097610 -0.021731
vn 0.000000 -0.098642 -0.016422
vn 0.000000 -0.098718 -0.015961
vn 0.000000 -0.099439 -0.010578
vn 0.000000 -0.099485 -0.010135
vn 0.000000 -0.099890 -0.004698
vn 0.000000 -0.099909 -0.004274
vn 0.000000 -0.099993 0.001199
vn 0.000000 -0.099987 0.001602
vn 0.000000 -0.099748 0.007091
vn 0.000000 -0.099720 0.007472
vn 0.000000 -0.099157 0.012959
vn 0.000000 -0.099109 0.013317
vn 0.000000 -0.098220 0.018782
vn 0.000000 -0.098156 0.019115
vn 0.000000 -0.096942 0.024539
vn 0.000000 -0.096864 0.024848
vn 0.000000 -0.095327 0.030211
vn 0.000000 -0.095237 0.030494
vn 0.000000 -0.093381 0.035778
vn 0.000000 -0.093282 0.036035
vn 0.000000 -0.091109 0.041220
vn 0.000000 -0.091004 0.041452
vn 0.000000 -0.088521 0.046519
vn 0.000000 -0.088412 0.046726
vn 0.000000 -0.085625 0.051657
vn 0.000000 -0.085515 0.051838
vn 0.000000 -0.082431 0.056614
vn 0.000000 -0.082322 0.056772
vn 0.000000 -0.078950 0.061375
vn 0.000000 -0.078846 0.061509
vn 0.000000 -0.075195 0.065922
vn 0.000000 -0.075097 0.066034
vn 0.000000 -0.071178 0.070241
vn 0.000000 -0.071088 0.070331
vn 0.000000 -0.066913 0.074314
vn 0.000000 -0.066834 0.074385
vn 0.000000 -0.062416 0.078129
vn 0.000000 -0.062350 0.078182
vn 0.000000 -0.057702 0.081673
vn 0.000000 -0.057650 0.081710
vn 0.000000 -0.052787 0.084932
vn 0.000000 -0.047676 0.087903
vn 0.000000 -0.042424 0.090555
vn 0.000000 -0.047670 0.087907
vn 0.000000 -0.052751 0.084955
vn -0.100000 0.000000 0.000000
vn -0.100000 0.000000 0.000000
vn -0.100000 0.000000 0.000000
vn -0.100000 0.000000 0.000000
vn -0.100000 0.000000 0.000000
vn -0.100000 0.000000 0.000000
vn -0.100000 0.000000 0.000000
vn -0.100000 0.000000 0.000000
vn -0.100000 0.000000 0.000000
vn -0.100000 0.000000 0.000000
vn -0.100000 0.000000 0.000000
vn -0.100000 0.000000 0.000000
vn -0.100000 0.000000 0.000000
vn -0.100000 0.000000 0.000000
vn -0.100000 0.000000 0.000000
vn -0.100000 0.000000 0.000000
vn -0.100000 0.000000 0.000000
vn -0.100000 0.000000 0.000000
vn -0.100000 0.000000 0.000000
vn -0.100000 0.000000 0.000000
vn -0.100000 0.000000 0.000000
vn -0.100000 0.000000 0.000000
vn -0.100000 0.000000 0.000000
vn -0.100000 0.000000 0.000000
vn -0.100000 0.000000 0.000000
vn -0.100000 0.000000 0.000000
vn -0.100000 0.000000 0.000000
vn -0.100000 0.000000 0.000000
vn -0.100000 0.000000 0.000000
vn -0.100000 0.000000 0.000000
vn -0.100000 0.000000 0.000000
vn -0.100000 0.000000 0.000000
vn -0.100000 0.000000 0.000000
vn -0.100000 0.000000 0.000000
vn -0.100000 0.000000 0.000000
vn -0.100000 0.000000 0.000000
vn -0.100000 0.000000 0.000000
vn -0.100000 0.000000 0.000000
vn -0.100000 0.000000 0.000000
vn -0.100000 0.000000 0.000000
vn -0.100000 0.000000 0.000000
vn -0.100000 0.000000 0.000000
vn -0.100000 0.000000 0.000000
vn -0.100000 0.000000 0.000000
vn -0.100000 0.000000 0.000000
vn -0.100000 0.000000 0.000000
vn -0.100000 0.000000 0.000000
vn -0.100000 0.000000 0.000000
vn -0.100000 0.000000 0.000000
vn -0.100000 0.000000 0.000000
vn -0.100000 0.000000 0.000000
vn -0.100000 0.000000 0.000000
vn -0.100000 0.000000 0.000000
vn -0.100000 0.000000 0.000000
vn -0.100000 0.000000 0.000000
vn -0.100000 0.000000 0.000000
vn -0.100000 0.000000 0.000000
vn 0.000000 -0.065593 0.075482
vn 0.000000 -0.065235 0.075791
vn 0.000000 -0.066569 0.074623
vn 0.000000 -0.070716 0.070705
vn 0.000000 -0.071913 0.069488
vn 0.000000 -0.075802 0.065223
vn 0.000000 -0.076862 0.063970
vn 0.000000 -0.080464 0.059377
vn 0.000000 -0.081389 0.058102
vn 0.000000 -0.084675 0.053198
vn 0.000000 -0.085469 0.051914
vn 0.000000 -0.088414 0.046722
vn 0.000000 -0.089079 0.045441
vn 0.000000 -0.091658 0.039985
vn 0.000000 -0.092200 0.038718
vn 0.000000 -0.094389 0.033025
vn 0.000000 -0.094815 0.031782
vn 0.000000 -0.096593 0.025879
vn 0.000000 -0.096909 0.024672
vn 0.000000 -0.098257 0.018589
vn 0.000000 -0.098470 0.017427
vn 0.000000 -0.099371 0.011195
vn 0.000000 -0.099490 0.010086
vn 0.000000 -0.099930 0.003739
vn 0.000000 -0.099964 0.002689
vn 0.000000 -0.099930 -0.003739
vn 0.000000 -0.099888 -0.004723
vn 0.000000 -0.099371 -0.011195
vn 0.000000 -0.099264 -0.012108
vn 0.000000 -0.098257 -0.018589
vn 0.000000 -0.098095 -0.019427
vn 0.000000 -0.096593 -0.025879
vn 0.000000 -0.096386 -0.026640
vn 0.000000 -0.094389 -0.033025
vn 0.000000 -0.094149 -0.033705
vn 0.000000 -0.091658 -0.039985
vn 0.000000 -0.091393 -0.040586
vn 0.000000 -0.088414 -0.046722
vn 0.000000 -0.088136 -0.047244
vn 0.000000 -0.084675 -0.053198
vn 0.000000 -0.084395 -0.053642
vn 0.000000 -0.080464 -0.059377
vn 0.000000 -0.080190 -0.059746
vn 0.000000 -0.075802 -0.065223
vn 0.000000 -0.075544 -0.065521
vn 0.000000 -0.070716 -0.070705
vn 0.000000 -0.070484 -0.070937
vn 0.000000 -0.065235 -0.075791
vn 0.000000 -0.065036 -0.075963
vn 0.000000 -0.059390 -0.080454
vn 0.000000 -0.059231 -0.080571
vn 0.000000 -0.053212 -0.084667
vn 0.000000 -0.053101 -0.084737
vn 0.000000 -0.046690 -0.088431
vn 0.000000 -0.046679 -0.088437
vn 0.000000 -0.040000 -0.091652
vn 0.000000 -0.046702 -0.088425
vn 0.000000 -0.040000 -0.091652
vn 0.000000 -0.046713 -0.088419
vn 0.000000 -0.046725 -0.088413
vn 0.000000 -0.053212 -0.084667
vn 0.000000 -0.053212 -0.084667
vn 0.000000 -0.059390 -0.080454
vn 0.000000 -0.059390 -0.080454
vn 0.000000 -0.065235 -0.075791
vn 0.000000 -0.065235 -0.075791
vn 0.000000 -0.070716 -0.070705
vn 0.000000 -0.070716 -0.070705
vn 0.000000 -0.075802 -0.065223
vn 0.000000 -0.075802 -0.065223
vn 0.000000 -0.080464 -0.059377
vn 0.000000 -0.080464 -0.059377
vn 0.000000 -0.084675 -0.053198
vn 0.000000 -0.084675 -0.053198
vn 0.000000 -0.088414 -0.046722
vn 0.000000 -0.088414 -0.046722
vn 0.000000 -0.091658 -0.039985
vn 0.000000 -0.091658 -0.039985
vn 0.000000 -0.094389 -0.033025
vn 0.000000 -0.094389 -0.033025
vn 0.000000 -0.096593 -0.025879
vn 0.000000 -0.096593 -0.025879
vn 0.000000 -0.098257 -0.018589
vn 0.000000 -0.098257 -0.018589
vn 0.000000 -0.099371 -0.011195
vn 0.000000 -0.099371 -0.011195
vn 0.000000 -0.099930 -0.003739
vn 0.000000 -0.099930 -0.003739
vn 0.000000 -0.099930 0.003739
vn 0.000000 -0.099930 0.003739
vn 0.000000 -0.099371 0.011195
vn 0.000000 -0.099371 0.011195
vn 0.000000 -0.098257 0.018589
vn 0.000000 -0.098257 0.018589
vn 0.000000 -0.096593 0.025879
vn 0.000000 -0.096593 0.025879
vn 0.000000 -0.094389 0.033025
vn 0.000000 -0.094389 0.033025
vn 0.000000 -0.091658 0.039985
vn 0.000000 -0.091658 0.039985
vn 0.000000 -0.088414 0.046722
vn 0.000000 -0.088414 0.046722
vn 0.000000 -0.084675 0.053198
vn 0.000000 -0.084675 0.053198
vn 0.000000 -0.080464 0.059377
vn 0.000000 -0.080464 0.059377
vn 0.000000 -0.075802 0.065223
vn 0.000000 -0.075802 0.065223
vn 0.000000 -0.070716 0.070705
vn 0.000000 -0.070716 0.070705
vn 0.000000 -0.065235 0.075791
vn 0.000000 -0.065235 0.075791
vn 0.000000 -0.059390 0.080454
vn 0.000000 -0.059390 0.080454
vn 0.000000 -0.053212 0.084667
vn 0.000000 -0.053212 0.084667
vn 0.000000 -0.046737 0.088406
vn 0.000000 -0.046737 0.088406
vn 0.000000 -0.040000 0.091652
vn 0.000000 -0.046737 0.088406
vn 0.000000 -0.046737 0.088406
vn 0.000000 -0.053212 0.084667
vn 0.000000 -0.053212 0.084667
vn 0.000000 -0.059390 0.080454
vn 0.000000 -0.055949 0.082884
vn 0.000000 -0.059141 0.080637
vn 0.000000 -0.062013 0.078450
vn 0.000000 -0.064505 0.076414
vn 0.000000 -0.052502 0.085109
vn 0.000000 -0.048722 0.087328
vn 0.000000 -0.046737 0.088406
vn 0.000000 -0.044542 0.089532
vn 0.000000 -0.040000 0.091652
vn 0.000000 -0.053212 -0.084667
vn 0.000000 -0.046737 -0.088406
vn 0.000000 -0.070716 0.070705
vn 0.000000 -0.065235 0.075791
vn 0.000000 -0.059390 0.080454
vn 0.000000 -0.053212 0.084667
vn 0.000000 -0.070716 0.070705
vn 0.000000 -0.065235 0.075791
vn 0.000000 -0.059390 0.080454
vn 0.000000 -0.075802 0.065223
vn 0.000000 -0.080464 0.059377
vn 0.000000 -0.084675 0.053198
vn 0.000000 -0.088414 0.046722
vn 0.000000 -0.091658 0.039985
vn 0.000000 -0.094389 0.033025
vn 0.000000 -0.096593 0.025879
vn 0.000000 -0.098257 0.018589
vn 0.000000 -0.099371 0.011195
vn 0.000000 -0.099930 0.003739
vn 0.000000 -0.099930 -0.003739
vn 0.000000 -0.099371 -0.011195
vn 0.000000 -0.098257 -0.018589
vn 0.000000 -0.096593 -0.025879
vn 0.000000 -0.094389 -0.033025
vn 0.000000 -0.091658 -0.039985
vn 0.000000 -0.088414 -0.046722
vn 0.000000 -0.084675 -0.053198
vn 0.000000 -0.080464 -0.059377
vn 0.000000 -0.075802 -0.065223
vn 0.000000 -0.070716 -0.070705
vn 0.000000 -0.065235 -0.075791
vn 0.000000 -0.059390 -0.080454
vn 0.000000 -0.075802 0.065223
vn 0.000000 -0.080464 0.059377
vn 0.000000 -0.084675 0.053198
vn 0.000000 -0.088414 0.046722
vn 0.000000 -0.091658 0.039985
vn 0.000000 -0.094389 0.033025
vn 0.000000 -0.096593 0.025879
vn 0.000000 -0.098257 0.018589
vn 0.000000 -0.099371 0.011195
vn 0.000000 -0.099930 0.003739
vn 0.000000 -0.099930 -0.003739
vn 0.000000 -0.099371 -0.011195
vn 0.000000 -0.098257 -0.018589
vn 0.000000 -0.096593 -0.025879
vn 0.000000 -0.094389 -0.033025
vn 0.000000 -0.091658 -0.039985
vn 0.000000 -0.088414 -0.046722
vn 0.000000 -0.084675 -0.053198
vn 0.000000 -0.080464 -0.059377
vn 0.000000 -0.075802 -0.065223
vn 0.000000 -0.070716 -0.070705
vn 0.000000 -0.065235 -0.075791
vn 0.000000 -0.059390 -0.080454
vn 0.000000 -0.053212 -0.084667
vn -0.063398 0.035758 0.068572
vn -0.063439 0.036849 0.067953
vn -0.066667 0.034848 0.065888
vn -0.070711 0.033708 0.062159
vn -0.072998 0.032711 0.060011
vn -0.070711 0.037301 0.060072
vn -0.077301 0.033465 0.053895
vn -0.077301 0.036573 0.051836
vn -0.083147 0.032029 0.045396
vn -0.083147 0.034640 0.043436
vn -0.088192 0.029392 0.036855
vn -0.088192 0.031506 0.035065
vn -0.092388 0.025576 0.028466
vn -0.092388 0.027204 0.026915
vn -0.095694 0.020636 0.020416
vn -0.095694 0.021799 0.019169
vn -0.098079 0.014651 0.012883
vn -0.098079 0.015377 0.012006
vn -0.099518 0.007726 0.006032
vn -0.099518 0.008069 0.005565
vn -0.100000 -0.000000 -0.000000
vn -0.100000 -0.000000 -0.000000
vn -0.099518 0.008382 0.005081
vn -0.100000 -0.000000 -0.000000
vn -0.099518 0.008666 0.004580
vn -0.100000 -0.000000 -0.000000
vn -0.099518 0.008920 0.004063
vn -0.100000 -0.000000 -0.000000
vn -0.099518 0.009145 0.003527
vn -0.099518 0.009335 0.002989
vn -0.098079 0.018580 0.005949
vn -0.099518 0.009494 0.002435
vn -0.098079 0.018897 0.004848
vn -0.099518 0.009621 0.001874
vn -0.098079 0.019149 0.003729
vn -0.099518 0.009714 0.001305
vn -0.098079 0.019335 0.002598
vn -0.099518 0.009774 0.000732
vn -0.098079 0.019454 0.001458
vn -0.099518 0.009800 0.000157
vn -0.098079 0.019507 0.000313
vn -0.099518 0.009793 -0.000419
vn -0.098079 0.019491 -0.000834
vn -0.099518 0.009751 -0.000993
vn -0.098079 0.019409 -0.001977
vn -0.099518 0.009676 -0.001564
vn -0.098079 0.019259 -0.003114
vn -0.099518 0.009567 -0.002130
vn -0.098079 0.019043 -0.004240
vn -0.099518 0.009426 -0.002688
vn -0.098079 0.018761 -0.005351
vn -0.099518 0.009252 -0.003237
vn -0.098079 0.018414 -0.006444
vn -0.099518 0.009046 -0.003775
vn -0.098079 0.018004 -0.007514
vn -0.099518 0.008808 -0.004300
vn -0.098079 0.017532 -0.008559
vn -0.099518 0.008540 -0.004810
vn -0.098079 0.016999 -0.009574
vn -0.099518 0.008243 -0.005303
vn -0.098079 0.016407 -0.010555
vn -0.099518 0.007917 -0.005778
vn -0.098079 0.015759 -0.011501
vn -0.099518 0.007564 -0.006233
vn -0.098079 0.015056 -0.012407
vn -0.099518 0.007185 -0.006667
vn -0.098079 0.014301 -0.013270
vn -0.099518 0.006781 -0.007077
vn -0.098079 0.013497 -0.014087
vn -0.099518 0.006354 -0.007463
vn -0.098079 0.012646 -0.014855
vn -0.099518 0.005904 -0.007824
vn -0.098079 0.011752 -0.015572
vn -0.099518 0.005435 -0.008157
vn -0.098079 0.010817 -0.016236
vn -0.099518 0.004946 -0.008462
vn -0.098079 0.009845 -0.016843
vn -0.099518 0.004441 -0.008738
vn -0.098079 0.008838 -0.017392
vn -0.099518 0.003920 -0.008984
vn -0.098079 0.007801 -0.017881
vn -0.099128 0.004668 -0.012322
vn -0.098079 0.006738 -0.018309
vn -0.097978 0.006842 -0.018804
vn -0.096347 0.008849 -0.025277
vn -0.095694 0.010025 -0.027242
vn -0.094284 0.010665 -0.031572
vn -0.092388 0.013216 -0.035914
vn -0.091870 0.012276 -0.037540
vn -0.088192 0.016280 -0.044239
vn -0.089014 0.013775 -0.043438
vn -0.085604 0.015202 -0.049405
vn -0.083147 0.019187 -0.052139
vn -0.083147 0.016092 -0.053176
vn -0.077301 0.021910 -0.059536
vn -0.077301 0.018375 -0.060720
vn -0.070711 0.024421 -0.066360
vn -0.070711 0.020481 -0.067680
vn -0.063439 0.026697 -0.072545
vn -0.063439 0.022390 -0.073987
vn -0.055557 0.028716 -0.078031
vn -0.055557 0.024083 -0.079583
vn -0.047140 0.030458 -0.082766
vn -0.047140 0.025544 -0.084412
vn -0.038268 0.031907 -0.086703
vn -0.038268 0.026760 -0.088428
vn -0.029028 0.033049 -0.089806
vn -0.029028 0.027717 -0.091592
vn -0.019509 0.033873 -0.092044
vn -0.019509 0.028408 -0.093874
vn -0.009802 0.034370 -0.093395
vn -0.009802 0.028825 -0.095253
vn -0.059896 0.036632 0.071208
vn -0.055557 0.039636 0.073092
vn -0.063439 0.040777 0.065671
vn -0.055557 0.043861 0.070637
vn -0.063439 0.044564 0.063162
vn -0.055557 0.047934 0.067939
vn -0.063439 0.048197 0.060436
vn -0.055557 0.051842 0.065006
vn -0.063439 0.051664 0.057501
vn -0.055557 0.055571 0.061849
vn -0.063439 0.054952 0.054367
vn -0.055557 0.059108 0.058478
vn -0.063439 0.058050 0.051045
vn -0.055557 0.062440 0.054905
vn -0.063439 0.060939 0.047559
vn -0.055557 0.065549 0.051154
vn -0.063439 0.063636 0.043885
vn -0.055557 0.068448 0.047204
vn -0.063439 0.066104 0.040072
vn -0.055557 0.071103 0.043102
vn -0.063439 0.068343 0.036120
vn -0.055557 0.073512 0.038851
vn -0.063439 0.070347 0.032043
vn -0.055557 0.075667 0.034466
vn -0.055557 0.077567 0.029946
vn -0.047140 0.082273 0.031766
vn -0.047140 0.083992 0.026893
vn -0.038268 0.087988 0.028173
vn -0.047140 0.085426 0.021914
vn -0.038268 0.089491 0.022956
vn -0.047140 0.086566 0.016858
vn -0.038268 0.090684 0.017660
vn -0.047140 0.087407 0.011744
vn -0.038268 0.091565 0.012303
vn -0.047140 0.087946 0.006590
vn -0.038268 0.092130 0.006903
vn -0.047140 0.088181 0.001413
vn -0.038268 0.092376 0.001480
vn -0.047140 0.088112 -0.003769
vn -0.038268 0.092304 -0.003948
vn -0.047140 0.087738 -0.008938
vn -0.038268 0.091912 -0.009363
vn -0.047140 0.087062 -0.014076
vn -0.038268 0.091204 -0.014746
vn -0.047140 0.086084 -0.019165
vn -0.038268 0.090180 -0.020077
vn -0.047140 0.084810 -0.024189
vn -0.038268 0.088845 -0.025340
vn -0.047140 0.083243 -0.029128
vn -0.038268 0.087203 -0.030514
vn -0.047140 0.081388 -0.033968
vn -0.038268 0.085260 -0.035584
vn -0.047140 0.079253 -0.038690
vn -0.038268 0.083023 -0.040530
vn -0.047140 0.076843 -0.043278
vn -0.038268 0.080499 -0.045337
vn -0.047140 0.074169 -0.047717
vn -0.038268 0.077697 -0.049987
vn -0.047140 0.071238 -0.051991
vn -0.038268 0.074627 -0.054464
vn -0.047140 0.068061 -0.056085
vn -0.038268 0.071299 -0.058754
vn -0.047140 0.064649 -0.059986
vn -0.038268 0.067725 -0.062840
vn -0.047140 0.061014 -0.063680
vn -0.038268 0.063917 -0.066709
vn -0.047140 0.057168 -0.067154
vn -0.038268 0.059888 -0.070349
vn -0.047140 0.053125 -0.070396
vn -0.038268 0.055653 -0.073745
vn -0.047140 0.048899 -0.073395
vn -0.038268 0.051225 -0.076886
vn -0.047140 0.044503 -0.076140
vn -0.038268 0.046621 -0.079762
vn -0.047140 0.039954 -0.078623
vn -0.038268 0.041855 -0.082363
vn -0.047140 0.035267 -0.080834
vn -0.038268 0.036945 -0.084679
vn -0.052322 0.038218 0.076170
vn -0.047140 0.042041 0.077527
vn -0.047140 0.046522 0.074924
vn -0.047140 0.050843 0.072062
vn -0.047140 0.054988 0.068951
vn -0.047140 0.058943 0.065602
vn -0.047140 0.062694 0.062027
vn -0.047140 0.066229 0.058237
vn -0.047140 0.069528 0.054256
vn -0.047140 0.072602 0.050068
vn -0.047140 0.075417 0.045717
vn -0.047140 0.077972 0.041209
vn -0.047140 0.080258 0.036558
vn -0.038268 0.086186 0.033280
vn -0.029028 0.091136 0.029181
vn -0.029028 0.092693 0.023778
vn -0.029028 0.093929 0.018292
vn -0.029028 0.094842 0.012743
vn -0.029028 0.095427 0.007151
vn -0.029028 0.095682 0.001533
vn -0.029028 0.095607 -0.004090
vn -0.029028 0.095201 -0.009698
vn -0.029028 0.094467 -0.015273
vn -0.029028 0.093407 -0.020796
vn -0.029028 0.092024 -0.026246
vn -0.029028 0.090324 -0.031606
vn -0.029028 0.088311 -0.036857
vn -0.029028 0.085994 -0.041981
vn -0.029028 0.083380 -0.046959
vn -0.029028 0.080478 -0.051776
vn -0.029028 0.077297 -0.056413
vn -0.029028 0.073850 -0.060856
vn -0.029028 0.070148 -0.065089
vn -0.029028 0.066204 -0.069097
vn -0.029028 0.062031 -0.072866
vn -0.029028 0.057644 -0.076384
vn -0.029028 0.053058 -0.079638
vn -0.029028 0.048289 -0.082617
vn -0.029028 0.043353 -0.085310
vn -0.029028 0.038267 -0.087710
vn -0.044271 0.039532 0.080482
vn -0.038268 0.044041 0.081215
vn -0.038268 0.048736 0.078488
vn -0.038268 0.053262 0.075490
vn -0.038268 0.057604 0.072231
vn -0.038268 0.061747 0.068723
vn -0.038268 0.065677 0.064978
vn -0.038268 0.069380 0.061008
vn -0.038268 0.072837 0.056835
vn -0.038268 0.076056 0.052450
vn -0.038268 0.079005 0.047892
vn -0.038268 0.081682 0.043169
vn -0.038268 0.084077 0.038297
vn -0.029028 0.089269 0.034474
vn -0.019509 0.093407 0.029908
vn -0.019509 0.095003 0.024370
vn -0.019509 0.096270 0.018748
vn -0.019509 0.097205 0.013061
vn -0.019509 0.097804 0.007329
vn -0.019509 0.098066 0.001571
vn -0.019509 0.097989 -0.004192
vn -0.019509 0.097574 -0.009940
vn -0.019509 0.096821 -0.015654
vn -0.019509 0.095735 -0.021314
vn -0.019509 0.094317 -0.026900
vn -0.019509 0.092575 -0.032394
vn -0.019509 0.090512 -0.037775
vn -0.019509 0.088137 -0.043027
vn -0.019509 0.085457 -0.048129
vn -0.019509 0.082483 -0.053066
vn -0.019509 0.079224 -0.057819
vn -0.019509 0.075691 -0.062372
vn -0.019509 0.071896 -0.066711
vn -0.019509 0.067854 -0.070818
vn -0.019509 0.063577 -0.074682
vn -0.019509 0.059081 -0.078287
vn -0.019509 0.054380 -0.081622
vn -0.019509 0.049492 -0.084675
vn -0.019509 0.044433 -0.087436
vn -0.019509 0.039221 -0.089895
vn -0.040191 0.040078 0.082331
vn -0.036143 0.040553 0.083959
vn -0.029028 0.045617 0.084121
vn -0.031987 0.040981 0.085425
vn -0.027616 0.041368 0.086753
vn -0.019509 0.046754 0.086218
vn -0.018436 0.041975 0.088872
vn -0.009802 0.047440 0.087483
vn -0.009067 0.042322 0.090148
vn -0.004466 0.042400 0.090456
vn -0.009802 0.052497 0.084546
vn -0.009802 0.057372 0.081316
vn -0.009802 0.062050 0.077806
vn -0.009802 0.066513 0.074027
vn -0.009802 0.070746 0.069992
vn -0.009802 0.074735 0.065716
vn -0.009802 0.078464 0.061215
vn -0.009802 0.081926 0.056498
vn -0.009802 0.085103 0.051589
vn -0.009802 0.087986 0.046501
vn -0.009802 0.090566 0.041253
vn -0.009802 0.092834 0.035859
vn -0.009802 0.094779 0.030347
vn -0.009802 0.096397 0.024728
vn -0.009802 0.097683 0.019023
vn -0.009802 0.098632 0.013253
vn -0.009802 0.099240 0.007436
vn -0.009802 0.099506 0.001594
vn -0.009802 0.099428 -0.004253
vn -0.009802 0.099006 -0.010086
vn -0.009802 0.098243 -0.015884
vn -0.009802 0.097140 -0.021627
vn -0.009802 0.095702 -0.027295
vn -0.009802 0.093934 -0.032869
vn -0.009802 0.091841 -0.038330
vn -0.009802 0.089431 -0.043658
vn -0.009802 0.086712 -0.048836
vn -0.009802 0.083694 -0.053845
vn -0.009802 0.080387 -0.058668
vn -0.009802 0.076802 -0.063288
vn -0.009802 0.072952 -0.067690
vn -0.009802 0.068850 -0.071858
vn -0.009802 0.064510 -0.075778
vn -0.009802 0.059948 -0.079436
vn -0.009802 0.055179 -0.082821
vn -0.009802 0.050219 -0.085919
vn -0.009802 0.045085 -0.088720
vn -0.009802 0.039796 -0.091215
vn -0.009802 0.023180 -0.096781
vn -0.009802 0.017456 -0.097976
vn -0.009802 0.011671 -0.098832
vn -0.009802 0.005845 -0.099347
vn -0.009802 -0.000000 -0.099518
vn -0.009802 -0.005845 -0.099347
vn -0.009802 -0.011671 -0.098832
vn -0.009802 -0.017456 -0.097976
vn -0.009802 -0.023180 -0.096781
vn -0.009802 -0.028825 -0.095253
vn -0.009802 -0.034370 -0.093395
vn -0.009802 -0.039796 -0.091215
vn -0.009802 -0.045085 -0.088720
vn -0.009802 -0.050219 -0.085919
vn -0.009802 -0.055179 -0.082821
vn -0.009802 -0.059948 -0.079436
vn -0.009802 -0.064510 -0.075778
vn -0.009802 -0.068850 -0.071858
vn -0.009802 -0.072952 -0.067690
vn -0.009802 -0.076802 -0.063288
vn -0.009802 -0.080387 -0.058668
vn -0.009802 -0.083694 -0.053845
vn -0.009802 -0.086712 -0.048836
vn -0.009802 -0.089431 -0.043658
vn -0.009802 -0.091841 -0.038330
vn -0.009802 -0.093934 -0.032869
vn -0.009802 -0.095702 -0.027295
vn -0.009802 -0.097140 -0.021627
vn -0.009802 -0.098243 -0.015884
vn -0.009802 -0.099006 -0.010086
vn -0.009802 -0.099428 -0.004253
vn -0.009802 -0.099506 0.001594
vn -0.009802 -0.099240 0.007436
vn -0.009802 -0.098632 0.013253
vn -0.009802 -0.097683 0.019023
vn -0.009802 -0.096397 0.024728
vn -0.009802 -0.094779 0.030347
vn -0.009802 -0.092834 0.035859
vn -0.009802 -0.090566 0.041253
vn -0.009802 -0.087986 0.046501
vn -0.009802 -0.085103 0.051589
vn -0.009802 -0.081926 0.056498
vn -0.009802 -0.078464 0.061215
vn -0.009802 -0.074735 0.065716
vn -0.009802 -0.070746 0.069992
vn -0.019509 -0.069722 0.068980
vn -0.019509 -0.065550 0.072956
vn -0.029028 -0.063957 0.071182
vn -0.029028 -0.059665 0.074816
vn -0.038268 -0.057604 0.072231
vn -0.038268 -0.053262 0.075490
vn -0.047140 -0.050843 0.072062
vn -0.047140 -0.046522 0.074924
vn -0.055557 -0.043861 0.070637
vn -0.055557 -0.039636 0.073092
vn -0.063439 -0.036849 0.067953
vn -0.059896 -0.036632 0.071208
vn -0.063398 -0.035758 0.068572
vn -0.009802 -0.066513 0.074027
vn -0.019509 -0.061152 0.076680
vn -0.029028 -0.055168 0.078191
vn -0.038268 -0.048736 0.078488
vn -0.047140 -0.042041 0.077527
vn -0.052322 -0.038218 0.076170
vn -0.009802 -0.062050 0.077806
vn -0.019509 -0.056542 0.080140
vn -0.029028 -0.050480 0.081297
vn -0.038268 -0.044041 0.081215
vn -0.044271 -0.039532 0.080482
vn -0.009802 -0.057372 0.081316
vn -0.019509 -0.051737 0.083322
vn -0.029028 -0.045617 0.084121
vn -0.031987 -0.040981 0.085425
vn -0.036143 -0.040553 0.083959
vn -0.009802 -0.052497 0.084546
vn -0.019509 -0.046754 0.086218
vn -0.027616 -0.041368 0.086753
vn -0.009802 -0.047440 0.087483
vn -0.018436 -0.041975 0.088872
vn -0.009067 -0.042322 0.090148
vn -0.004466 -0.042400 0.090456
vn -0.040191 -0.040078 0.082331
vn -0.066667 -0.034848 0.065888
vn -0.070711 -0.033708 0.062159
vn -0.063439 -0.040777 0.065671
vn -0.070711 -0.037301 0.060072
vn -0.063439 -0.044564 0.063162
vn -0.070711 -0.040765 0.057778
vn -0.063439 -0.048197 0.060436
vn -0.070711 -0.044088 0.055283
vn -0.063439 -0.051664 0.057501
vn -0.070711 -0.047259 0.052598
vn -0.063439 -0.054952 0.054367
vn -0.070711 -0.050267 0.049732
vn -0.063439 -0.058050 0.051045
vn -0.070711 -0.053101 0.046693
vn -0.070711 -0.055742 0.043506
vn -0.077301 -0.050009 0.039034
vn -0.077301 -0.052225 0.036016
vn -0.083147 -0.045736 0.031541
vn -0.077301 -0.054250 0.032886
vn -0.083147 -0.047509 0.028800
vn -0.077301 -0.056088 0.029643
vn -0.083147 -0.049119 0.025960
vn -0.077301 -0.057732 0.026297
vn -0.083147 -0.050559 0.023030
vn -0.077301 -0.059184 0.022842
vn -0.083147 -0.051832 0.020002
vn -0.077301 -0.060418 0.019345
vn -0.083147 -0.052911 0.016942
vn -0.077301 -0.061450 0.015763
vn -0.083147 -0.053815 0.013805
vn -0.077301 -0.062270 0.012126
vn -0.083147 -0.054533 0.010620
vn -0.077301 -0.062874 0.008448
vn -0.083147 -0.055062 0.007398
vn -0.077301 -0.063262 0.004740
vn -0.083147 -0.055402 0.004151
vn -0.077301 -0.063431 0.001016
vn -0.083147 -0.055550 0.000890
vn -0.077301 -0.063381 -0.002711
vn -0.083147 -0.055506 -0.002374
vn -0.077301 -0.063113 -0.006429
vn -0.083147 -0.055271 -0.005630
vn -0.077301 -0.062626 -0.010125
vn -0.083147 -0.054845 -0.008867
vn -0.077301 -0.061923 -0.013786
vn -0.083147 -0.054229 -0.012073
vn -0.077301 -0.061007 -0.017400
vn -0.083147 -0.053427 -0.015238
vn -0.077301 -0.059879 -0.020953
vn -0.083147 -0.052439 -0.018350
vn -0.077301 -0.058545 -0.024434
vn -0.083147 -0.051271 -0.021398
vn -0.077301 -0.057009 -0.027831
vn -0.083147 -0.049926 -0.024373
vn -0.077301 -0.055276 -0.031131
vn -0.083147 -0.048408 -0.027263
vn -0.077301 -0.053352 -0.034324
vn -0.083147 -0.046723 -0.030059
vn -0.077301 -0.051244 -0.037399
vn -0.083147 -0.044877 -0.032752
vn -0.077301 -0.048958 -0.040344
vn -0.083147 -0.042875 -0.035331
vn -0.077301 -0.046504 -0.043150
vn -0.083147 -0.040726 -0.037789
vn -0.077301 -0.043889 -0.045807
vn -0.083147 -0.038436 -0.040115
vn -0.077301 -0.041123 -0.048306
vn -0.083147 -0.036014 -0.042304
vn -0.077301 -0.038215 -0.050638
vn -0.083147 -0.033467 -0.044346
vn -0.077301 -0.035174 -0.052795
vn -0.083147 -0.030804 -0.046235
vn -0.077301 -0.032013 -0.054770
vn -0.083147 -0.028035 -0.047965
vn -0.077301 -0.028740 -0.056556
vn -0.083147 -0.025169 -0.049529
vn -0.077301 -0.025369 -0.058146
vn -0.083147 -0.022217 -0.050922
vn -0.077301 -0.021910 -0.059536
vn -0.083147 -0.019187 -0.052139
vn -0.077301 -0.018375 -0.060720
vn -0.083147 -0.016092 -0.053176
vn -0.077301 -0.014777 -0.061694
vn -0.083147 -0.012941 -0.054029
vn -0.077301 -0.011127 -0.062456
vn -0.083147 -0.009745 -0.054696
vn -0.077301 -0.007440 -0.063002
vn -0.083147 -0.006515 -0.055174
vn -0.077301 -0.003726 -0.063330
vn -0.083147 -0.003263 -0.055461
vn -0.077301 -0.000000 -0.063439
vn -0.083147 -0.000000 -0.055557
vn -0.077301 0.003726 -0.063330
vn -0.083147 0.003263 -0.055461
vn -0.077301 0.007440 -0.063002
vn -0.083147 0.006515 -0.055174
vn -0.077301 0.011127 -0.062456
vn -0.083147 0.009745 -0.054696
vn -0.077301 0.014777 -0.061694
vn -0.083147 0.012941 -0.054029
vn -0.073009 -0.032707 0.059999
vn -0.077301 -0.033465 0.053895
vn -0.078751 -0.030196 0.053726
vn -0.083147 -0.029307 0.047198
vn -0.083864 -0.027340 0.047110
vn -0.088192 -0.024867 0.040047
vn -0.088319 -0.024158 0.040202
vn -0.090404 -0.022340 0.036442
vn -0.092495 -0.020209 0.032192
vn -0.092388 -0.022062 0.031269
vn -0.088192 -0.027176 0.038518
vn -0.083147 -0.032029 0.045396
vn -0.077301 -0.036573 0.051836
vn -0.094500 -0.017746 0.027476
vn -0.095694 -0.016735 0.023719
vn -0.092388 -0.023860 0.029919
vn -0.095694 -0.018099 0.022695
vn -0.092388 -0.025576 0.028466
vn -0.095694 -0.019401 0.021593
vn -0.092388 -0.027204 0.026915
vn -0.095694 -0.020636 0.020416
vn -0.092388 -0.028738 0.025270
vn -0.095694 -0.021799 0.019169
vn -0.095694 -0.022881 0.017863
vn -0.098079 -0.015377 0.012006
vn -0.098079 -0.016060 0.011076
vn -0.099518 -0.008069 0.005565
vn -0.098079 -0.016683 0.010113
vn -0.099518 -0.008382 0.005081
vn -0.098079 -0.017248 0.009116
vn -0.099518 -0.008666 0.004580
vn -0.098079 -0.017754 0.008087
vn -0.099518 -0.008920 0.004063
vn -0.098079 -0.018202 0.007021
vn -0.099518 -0.009145 0.003527
vn -0.098079 -0.018580 0.005949
vn -0.099518 -0.009335 0.002989
vn -0.098079 -0.018897 0.004848
vn -0.099518 -0.009494 0.002435
vn -0.098079 -0.019149 0.003729
vn -0.099518 -0.009621 0.001874
vn -0.098079 -0.019335 0.002598
vn -0.099518 -0.009714 0.001305
vn -0.098079 -0.019454 0.001458
vn -0.099518 -0.009774 0.000732
vn -0.098079 -0.019507 0.000313
vn -0.099518 -0.009800 0.000157
vn -0.098079 -0.019491 -0.000834
vn -0.099518 -0.009793 -0.000419
vn -0.098079 -0.019409 -0.001977
vn -0.099518 -0.009751 -0.000993
vn -0.098079 -0.019259 -0.003114
vn -0.099518 -0.009676 -0.001564
vn -0.098079 -0.019043 -0.004240
vn -0.099518 -0.009567 -0.002130
vn -0.098079 -0.018761 -0.005351
vn -0.099518 -0.009426 -0.002688
vn -0.098079 -0.018414 -0.006444
vn -0.099518 -0.009252 -0.003237
vn -0.098079 -0.018004 -0.007514
vn -0.099518 -0.009046 -0.003775
vn -0.098079 -0.017532 -0.008559
vn -0.099518 -0.008808 -0.004300
vn -0.098079 -0.016999 -0.009574
vn -0.099518 -0.008540 -0.004810
vn -0.098079 -0.016407 -0.010555
vn -0.099518 -0.008243 -0.005303
vn -0.098079 -0.015759 -0.011501
vn -0.099518 -0.007917 -0.005778
vn -0.098079 -0.015056 -0.012407
vn -0.099518 -0.007564 -0.006233
vn -0.098079 -0.014301 -0.013270
vn -0.099518 -0.007185 -0.006667
vn -0.098079 -0.013497 -0.014087
vn -0.099518 -0.006781 -0.007077
vn -0.098079 -0.012646 -0.014855
vn -0.099518 -0.006354 -0.007463
vn -0.098079 -0.011752 -0.015572
vn -0.099518 -0.005904 -0.007824
vn -0.098079 -0.010817 -0.016236
vn -0.099518 -0.005435 -0.008157
vn -0.098079 -0.009845 -0.016843
vn -0.099518 -0.004946 -0.008462
vn -0.098079 -0.008838 -0.017392
vn -0.099518 -0.004441 -0.008738
vn -0.098079 -0.007801 -0.017881
vn -0.099518 -0.003920 -0.008984
vn -0.099128 -0.004668 -0.012322
vn -0.099792 -0.002371 -0.006001
vn -0.096326 -0.014922 0.022331
vn -0.098079 -0.011247 0.015941
vn -0.098079 -0.012164 0.015253
vn -0.098079 -0.013039 0.014512
vn -0.098079 -0.013869 0.013721
vn -0.098079 -0.014651 0.012883
vn -0.099518 -0.007726 0.006032
vn -0.097880 -0.011700 0.016812
vn -0.099068 -0.008035 0.010997
vn -0.099518 -0.006111 0.007663
vn -0.099518 -0.006551 0.007291
vn -0.099518 -0.006968 0.006894
vn -0.099518 -0.007361 0.006472
vn -0.099776 -0.004088 0.005295
vn -0.098079 -0.006738 -0.018309
vn -0.097978 -0.006842 -0.018804
vn -0.095694 -0.010025 -0.027242
vn -0.096347 -0.008849 -0.025277
vn -0.094284 -0.010665 -0.031572
vn -0.092388 -0.013216 -0.035914
vn -0.091870 -0.012276 -0.037540
vn -0.088192 -0.016280 -0.044239
vn -0.089013 -0.013774 -0.043439
vn -0.085604 -0.015202 -0.049405
vn -0.088104 -0.010588 -0.046104
vn -0.089735 -0.006610 -0.043635
vn -0.088192 -0.008268 -0.046409
vn -0.088192 -0.005528 -0.046814
vn -0.090630 -0.003139 -0.042147
vn -0.088192 -0.002769 -0.047058
vn -0.090906 -0.000000 -0.041667
vn -0.088192 -0.000000 -0.047140
vn -0.088192 0.002769 -0.047058
vn -0.090630 0.003139 -0.042147
vn -0.088192 0.005528 -0.046814
vn -0.089735 0.006610 -0.043635
vn -0.088192 0.008268 -0.046409
vn -0.088104 0.010588 -0.046104
vn -0.099792 0.002371 -0.006001
vn -0.100000 -0.000000 0.000000
vn -0.100000 -0.000000 0.000000
vn -0.100000 -0.000000 0.000000
vn -0.100000 -0.000000 0.000000
vn -0.100000 -0.000000 0.000000
vn -0.100000 -0.000000 0.000000
vn -0.100000 -0.000000 0.000000
vn -0.100000 -0.000000 0.000000
vn -0.100000 -0.000000 0.000000
vn -0.100000 -0.000000 0.000000
vn -0.100000 -0.000000 0.000000
vn -0.100000 -0.000000 0.000000
vn -0.100000 -0.000000 0.000000
vn -0.100000 -0.000000 0.000000
vn -0.100000 -0.000000 0.000000
vn -0.100000 -0.000000 0.000000
vn -0.100000 -0.000000 0.000000
vn -0.100000 -0.000000 -0.000000
vn -0.100000 -0.000000 -0.000000
vn -0.100000 -0.000000 -0.000000
vn -0.100000 -0.000000 -0.000000
vn -0.099518 0.007361 0.006472
vn -0.100000 -0.000000 -0.000000
vn -0.099518 0.006968 0.006894
vn -0.100000 -0.000000 -0.000000
vn -0.099518 0.006551 0.007291
vn -0.100000 -0.000000 -0.000000
vn -0.099518 0.006111 0.007663
vn -0.099739 0.004400 0.005725
vn -0.098967 0.008428 0.011598
vn -0.097773 0.011961 0.017247
vn -0.098079 0.011247 0.015941
vn -0.098079 0.012164 0.015253
vn -0.095694 0.016735 0.023719
vn -0.096247 0.015059 0.022576
vn -0.094481 0.017771 0.027523
vn -0.092388 0.022062 0.031269
vn -0.092562 0.020136 0.032045
vn -0.090574 0.022181 0.036116
vn -0.088544 0.023974 0.039816
vn -0.088192 0.024867 0.040047
vn -0.088192 0.027176 0.038518
vn -0.092388 0.023860 0.029919
vn -0.095694 0.018099 0.022695
vn -0.095694 0.019401 0.021593
vn -0.098079 0.013039 0.014512
vn -0.098079 0.013869 0.013721
vn -0.083988 0.027260 0.046934
vn -0.083147 0.029307 0.047198
vn -0.078789 0.030176 0.053682
vn -0.019509 0.051737 0.083322
vn -0.019509 0.056542 0.080140
vn -0.019509 0.061152 0.076680
vn -0.019509 0.065550 0.072956
vn -0.019509 0.069722 0.068980
vn -0.019509 0.073654 0.064765
vn -0.019509 0.077327 0.060332
vn -0.019509 0.080740 0.055681
vn -0.019509 0.083872 0.050842
vn -0.019509 0.086713 0.045828
vn -0.019509 0.089255 0.040656
vn -0.029028 0.050480 0.081297
vn -0.029028 0.055168 0.078191
vn -0.029028 0.059665 0.074816
vn -0.029028 0.063957 0.071182
vn -0.029028 0.068027 0.067303
vn -0.029028 0.071863 0.063191
vn -0.029028 0.075446 0.058867
vn -0.029028 0.078777 0.054327
vn -0.029028 0.081833 0.049606
vn -0.029028 0.084605 0.044714
vn -0.029028 0.087085 0.039667
vn -0.019509 0.091492 0.035337
vn -0.070711 0.040765 0.057778
vn -0.070711 0.044088 0.055283
vn -0.070711 0.047259 0.052598
vn -0.070711 0.050267 0.049732
vn -0.070711 0.053101 0.046693
vn -0.070711 0.055742 0.043506
vn -0.070711 0.058211 0.040144
vn -0.070711 0.060468 0.036655
vn -0.070711 0.062517 0.033040
vn -0.070711 0.064349 0.029311
vn -0.063439 0.072115 0.027838
vn -0.055557 0.079187 0.025355
vn -0.055557 0.080539 0.020660
vn -0.055557 0.081614 0.015894
vn -0.055557 0.082406 0.011072
vn -0.055557 0.082915 0.006213
vn -0.055557 0.083136 0.001332
vn -0.055557 0.083071 -0.003553
vn -0.055557 0.082719 -0.008427
vn -0.055557 0.082081 -0.013271
vn -0.055557 0.081160 -0.018069
vn -0.055557 0.079958 -0.022805
vn -0.055557 0.078481 -0.027462
vn -0.055557 0.076732 -0.032024
vn -0.055557 0.074719 -0.036476
vn -0.055557 0.072447 -0.040802
vn -0.055557 0.069926 -0.044987
vn -0.055557 0.067163 -0.049016
vn -0.055557 0.064167 -0.052877
vn -0.055557 0.060951 -0.056555
vn -0.055557 0.057524 -0.060037
vn -0.055557 0.053898 -0.063312
vn -0.055557 0.050086 -0.066369
vn -0.055557 0.046101 -0.069196
vn -0.055557 0.041957 -0.071784
vn -0.055557 0.037669 -0.074125
vn -0.055557 0.033250 -0.076209
vn -0.077301 0.039554 0.049598
vn -0.083147 0.037131 0.041326
vn -0.088192 0.033511 0.033154
vn -0.092388 0.028738 0.025270
vn -0.095694 0.022881 0.017863
vn -0.098079 0.016060 0.011076
vn -0.077301 0.042399 0.047189
vn -0.077301 0.045098 0.044618
vn -0.077301 0.047641 0.041892
vn -0.077301 0.050009 0.039034
vn -0.077301 0.052225 0.036016
vn -0.077301 0.054250 0.032886
vn -0.077301 0.056088 0.029643
vn -0.077301 0.057732 0.026297
vn -0.070711 0.065967 0.025462
vn -0.063439 0.073619 0.023572
vn -0.063439 0.074877 0.019207
vn -0.063439 0.075876 0.014776
vn -0.063439 0.076613 0.010294
vn -0.063439 0.077085 0.005776
vn -0.063439 0.077291 0.001238
vn -0.063439 0.077230 -0.003304
vn -0.063439 0.076903 -0.007834
vn -0.063439 0.076310 -0.012338
vn -0.063439 0.075454 -0.016799
vn -0.063439 0.074337 -0.021202
vn -0.063439 0.072963 -0.025531
vn -0.063439 0.071337 -0.029773
vn -0.063439 0.069465 -0.033912
vn -0.063439 0.067354 -0.037933
vn -0.063439 0.065009 -0.041824
vn -0.063439 0.062440 -0.045570
vn -0.063439 0.059656 -0.049159
vn -0.063439 0.056665 -0.052578
vn -0.063439 0.053479 -0.055816
vn -0.063439 0.050109 -0.058861
vn -0.063439 0.046565 -0.061702
vn -0.063439 0.042860 -0.064331
vn -0.063439 0.039007 -0.066737
vn -0.063439 0.035020 -0.068913
vn -0.063439 0.030912 -0.070851
vn -0.083147 0.039494 0.039074
vn -0.088192 0.035400 0.031128
vn -0.092388 0.030165 0.023549
vn -0.095694 0.023897 0.016480
vn -0.098079 0.016683 0.010113
vn -0.083147 0.041721 0.036687
vn -0.083147 0.043795 0.034185
vn -0.083147 0.045736 0.031541
vn -0.083147 0.047509 0.028800
vn -0.083147 0.049119 0.025960
vn -0.083147 0.050559 0.023030
vn -0.077301 0.059184 0.022842
vn -0.070711 0.067343 0.021563
vn -0.070711 0.068493 0.017570
vn -0.070711 0.069407 0.013516
vn -0.070711 0.070081 0.009416
vn -0.070711 0.070513 0.005284
vn -0.070711 0.070702 0.001133
vn -0.070711 0.070646 -0.003022
vn -0.070711 0.070347 -0.007166
vn -0.070711 0.069804 -0.011286
vn -0.070711 0.069021 -0.015366
vn -0.070711 0.067999 -0.019394
vn -0.070711 0.066743 -0.023355
vn -0.070711 0.065255 -0.027235
vn -0.070711 0.063543 -0.031020
vn -0.070711 0.061611 -0.034699
vn -0.070711 0.059467 -0.038258
vn -0.070711 0.057117 -0.041685
vn -0.070711 0.054570 -0.044968
vn -0.070711 0.051834 -0.048096
vn -0.070711 0.048920 -0.051057
vn -0.070711 0.045837 -0.053843
vn -0.070711 0.042595 -0.056442
vn -0.070711 0.039206 -0.058846
vn -0.070711 0.035682 -0.061048
vn -0.070711 0.032035 -0.063038
vn -0.070711 0.028277 -0.064811
vn -0.088192 0.037159 0.029007
vn -0.092388 0.031503 0.021726
vn -0.095694 0.024824 0.015048
vn -0.098079 0.017248 0.009116
vn -0.088192 0.038806 0.026762
vn -0.088192 0.040311 0.024436
vn -0.088192 0.041677 0.022027
vn -0.088192 0.042899 0.019540
vn -0.083147 0.051832 0.020002
vn -0.077301 0.060418 0.019345
vn -0.077301 0.061450 0.015763
vn -0.077301 0.062270 0.012126
vn -0.077301 0.062874 0.008448
vn -0.077301 0.063262 0.004740
vn -0.077301 0.063431 0.001016
vn -0.077301 0.063381 -0.002711
vn -0.077301 0.063113 -0.006429
vn -0.077301 0.062626 -0.010125
vn -0.077301 0.061923 -0.013786
vn -0.077301 0.061007 -0.017400
vn -0.077301 0.059879 -0.020953
vn -0.077301 0.058545 -0.024434
vn -0.077301 0.057009 -0.027831
vn -0.077301 0.055276 -0.031131
vn -0.077301 0.053352 -0.034324
vn -0.077301 0.051244 -0.037399
vn -0.077301 0.048958 -0.040344
vn -0.077301 0.046504 -0.043150
vn -0.077301 0.043889 -0.045807
vn -0.077301 0.041123 -0.048306
vn -0.077301 0.038215 -0.050638
vn -0.077301 0.035174 -0.052795
vn -0.077301 0.032013 -0.054770
vn -0.077301 0.028740 -0.056556
vn -0.077301 0.025369 -0.058146
vn -0.092388 0.032725 0.019838
vn -0.095694 0.025665 0.013564
vn -0.098079 0.017754 0.008087
vn -0.098079 0.018202 0.007021
vn -0.092388 0.033834 0.017881
vn -0.092388 0.034826 0.015863
vn -0.088192 0.043979 0.016970
vn -0.083147 0.052911 0.016942
vn -0.083147 0.053815 0.013805
vn -0.083147 0.054533 0.010620
vn -0.083147 0.055062 0.007398
vn -0.083147 0.055402 0.004151
vn -0.083147 0.055550 0.000890
vn -0.083147 0.055506 -0.002374
vn -0.083147 0.055271 -0.005630
vn -0.083147 0.054845 -0.008867
vn -0.083147 0.054229 -0.012073
vn -0.083147 0.053427 -0.015238
vn -0.083147 0.052439 -0.018350
vn -0.083147 0.051271 -0.021398
vn -0.083147 0.049926 -0.024373
vn -0.083147 0.048408 -0.027263
vn -0.083147 0.046723 -0.030059
vn -0.083147 0.044877 -0.032752
vn -0.083147 0.042875 -0.035331
vn -0.083147 0.040726 -0.037789
vn -0.083147 0.038436 -0.040115
vn -0.083147 0.036014 -0.042304
vn -0.083147 0.033467 -0.044346
vn -0.083147 0.030804 -0.046235
vn -0.083147 0.028035 -0.047965
vn -0.083147 0.025169 -0.049529
vn -0.083147 0.022217 -0.050922
vn -0.095694 0.026417 0.012033
vn -0.095694 0.027083 0.010448
vn -0.095694 0.027646 0.008852
vn -0.092388 0.035703 0.013775
vn -0.088192 0.044894 0.014375
vn -0.088192 0.045661 0.011713
vn -0.088192 0.046270 0.009011
vn -0.088192 0.046720 0.006277
vn -0.088192 0.047008 0.003522
vn -0.088192 0.047134 0.000755
vn -0.088192 0.047097 -0.002015
vn -0.088192 0.046897 -0.004777
vn -0.088192 0.046535 -0.007524
vn -0.088192 0.046013 -0.010244
vn -0.088192 0.045332 -0.012929
vn -0.088192 0.044494 -0.015569
vn -0.088192 0.043503 -0.018156
vn -0.088192 0.042361 -0.020680
vn -0.088192 0.041074 -0.023132
vn -0.088192 0.039644 -0.025505
vn -0.088192 0.038077 -0.027790
vn -0.088192 0.036379 -0.029978
vn -0.088192 0.034556 -0.032063
vn -0.088192 0.032613 -0.034038
vn -0.088192 0.030557 -0.035894
vn -0.088192 0.028396 -0.037627
vn -0.088192 0.026137 -0.039230
vn -0.088192 0.023788 -0.040698
vn -0.088192 0.021356 -0.042025
vn -0.088192 0.018851 -0.043206
vn -0.092388 0.036446 0.011670
vn -0.095694 0.028118 0.007213
vn -0.092388 0.037068 0.009509
vn -0.092388 0.037563 0.007315
vn -0.092388 0.037928 0.005096
vn -0.092388 0.038161 0.002860
vn -0.092388 0.038263 0.000613
vn -0.092388 0.038233 -0.001635
vn -0.092388 0.038071 -0.003878
vn -0.092388 0.037778 -0.006108
vn -0.092388 0.037354 -0.008316
vn -0.092388 0.036801 -0.010496
vn -0.092388 0.036121 -0.012639
vn -0.092388 0.035316 -0.014739
vn -0.092388 0.034389 -0.016788
vn -0.092388 0.033344 -0.018779
vn -0.092388 0.032183 -0.020705
vn -0.092388 0.030912 -0.022560
vn -0.092388 0.029533 -0.024337
vn -0.092388 0.028053 -0.026029
vn -0.092388 0.026475 -0.027632
vn -0.092388 0.024807 -0.029139
vn -0.092388 0.023052 -0.030546
vn -0.092388 0.021218 -0.031847
vn -0.092388 0.019311 -0.033039
vn -0.092388 0.017337 -0.034116
vn -0.092388 0.015303 -0.035075
vn -0.095694 0.028493 0.005549
vn -0.095694 0.028770 0.003866
vn -0.095694 0.028947 0.002169
vn -0.095694 0.029025 0.000465
vn -0.095694 0.029002 -0.001241
vn -0.095694 0.028879 -0.002942
vn -0.095694 0.028656 -0.004633
vn -0.095694 0.028335 -0.006308
vn -0.095694 0.027915 -0.007962
vn -0.095694 0.027399 -0.009588
vn -0.095694 0.026789 -0.011180
vn -0.095694 0.026086 -0.012735
vn -0.095694 0.025293 -0.014245
vn -0.095694 0.024413 -0.015706
vn -0.095694 0.023448 -0.017113
vn -0.095694 0.022402 -0.018460
vn -0.095694 0.021279 -0.019744
vn -0.095694 0.020083 -0.020960
vn -0.095694 0.018817 -0.022104
vn -0.095694 0.017486 -0.023171
vn -0.095694 0.016095 -0.024158
vn -0.095694 0.014648 -0.025062
vn -0.095694 0.013151 -0.025879
vn -0.095694 0.011608 -0.026606
vn -0.019509 0.022845 -0.095381
vn -0.019509 0.017203 -0.096558
vn -0.019509 0.011502 -0.097402
vn -0.019509 0.005761 -0.097909
vn -0.019509 -0.000000 -0.098079
vn -0.019509 -0.005761 -0.097909
vn -0.019509 -0.011502 -0.097402
vn -0.019509 -0.017203 -0.096558
vn -0.019509 -0.022845 -0.095381
vn -0.019509 -0.028408 -0.093874
vn -0.019509 -0.033873 -0.092044
vn -0.019509 -0.039221 -0.089895
vn -0.019509 -0.044433 -0.087436
vn -0.019509 -0.049492 -0.084675
vn -0.019509 -0.054380 -0.081622
vn -0.019509 -0.059081 -0.078287
vn -0.019509 -0.063577 -0.074682
vn -0.019509 -0.067854 -0.070818
vn -0.019509 -0.071896 -0.066711
vn -0.019509 -0.075691 -0.062372
vn -0.019509 -0.079224 -0.057819
vn -0.019509 -0.082483 -0.053066
vn -0.019509 -0.085457 -0.048129
vn -0.019509 -0.088137 -0.043027
vn -0.019509 -0.090512 -0.037775
vn -0.019509 -0.092575 -0.032394
vn -0.019509 -0.094317 -0.026900
vn -0.019509 -0.095735 -0.021314
vn -0.019509 -0.096821 -0.015654
vn -0.019509 -0.097574 -0.009940
vn -0.019509 -0.097989 -0.004192
vn -0.019509 -0.098066 0.001571
vn -0.019509 -0.097804 0.007329
vn -0.019509 -0.097205 0.013061
vn -0.019509 -0.096270 0.018748
vn -0.019509 -0.095003 0.024370
vn -0.019509 -0.093407 0.029908
vn -0.019509 -0.091492 0.035337
vn -0.019509 -0.089255 0.040656
vn -0.019509 -0.086713 0.045828
vn -0.019509 -0.083872 0.050842
vn -0.019509 -0.080740 0.055681
vn -0.029028 0.022290 -0.093062
vn -0.029028 0.016785 -0.094210
vn -0.029028 0.011222 -0.095034
vn -0.029028 0.005621 -0.095529
vn -0.029028 -0.000000 -0.095694
vn -0.029028 -0.005621 -0.095529
vn -0.029028 -0.011222 -0.095034
vn -0.029028 -0.016785 -0.094210
vn -0.029028 -0.022290 -0.093062
vn -0.029028 -0.027717 -0.091592
vn -0.029028 -0.033049 -0.089806
vn -0.029028 -0.038267 -0.087710
vn -0.029028 -0.043353 -0.085310
vn -0.029028 -0.048289 -0.082617
vn -0.029028 -0.053058 -0.079638
vn -0.029028 -0.057644 -0.076384
vn -0.029028 -0.062031 -0.072866
vn -0.029028 -0.066204 -0.069097
vn -0.029028 -0.070148 -0.065089
vn -0.029028 -0.073850 -0.060856
vn -0.029028 -0.077297 -0.056413
vn -0.029028 -0.080478 -0.051776
vn -0.029028 -0.083380 -0.046959
vn -0.029028 -0.085994 -0.041981
vn -0.029028 -0.088311 -0.036857
vn -0.029028 -0.090324 -0.031606
vn -0.029028 -0.092024 -0.026246
vn -0.029028 -0.093407 -0.020796
vn -0.029028 -0.094467 -0.015273
vn -0.029028 -0.095201 -0.009698
vn -0.029028 -0.095607 -0.004090
vn -0.029028 -0.095682 0.001533
vn -0.029028 -0.095427 0.007151
vn -0.029028 -0.094842 0.012743
vn -0.029028 -0.093929 0.018292
vn -0.029028 -0.092693 0.023778
vn -0.029028 -0.091136 0.029181
vn -0.029028 -0.089269 0.034474
vn -0.029028 -0.087085 0.039667
vn -0.029028 -0.084605 0.044714
vn -0.029028 -0.081833 0.049606
vn -0.029028 -0.078777 0.054327
vn -0.019509 -0.077327 0.060332
vn -0.038268 0.021519 -0.089847
vn -0.038268 0.016205 -0.090956
vn -0.038268 0.010834 -0.091750
vn -0.038268 0.005427 -0.092228
vn -0.038268 -0.000000 -0.092388
vn -0.038268 -0.005427 -0.092228
vn -0.038268 -0.010834 -0.091750
vn -0.038268 -0.016205 -0.090956
vn -0.038268 -0.021519 -0.089847
vn -0.038268 -0.026760 -0.088428
vn -0.038268 -0.031907 -0.086703
vn -0.038268 -0.036945 -0.084679
vn -0.038268 -0.041855 -0.082363
vn -0.038268 -0.046621 -0.079762
vn -0.038268 -0.051225 -0.076886
vn -0.038268 -0.055653 -0.073745
vn -0.038268 -0.059888 -0.070349
vn -0.038268 -0.063917 -0.066709
vn -0.038268 -0.067725 -0.062840
vn -0.038268 -0.071299 -0.058754
vn -0.038268 -0.074627 -0.054464
vn -0.038268 -0.077697 -0.049987
vn -0.038268 -0.080499 -0.045337
vn -0.038268 -0.083023 -0.040530
vn -0.038268 -0.085260 -0.035584
vn -0.038268 -0.087203 -0.030514
vn -0.038268 -0.088845 -0.025340
vn -0.038268 -0.090180 -0.020077
vn -0.038268 -0.091204 -0.014746
vn -0.038268 -0.091912 -0.009363
vn -0.038268 -0.092304 -0.003948
vn -0.038268 -0.092376 0.001480
vn -0.038268 -0.092130 0.006903
vn -0.038268 -0.091565 0.012303
vn -0.038268 -0.090684 0.017660
vn -0.038268 -0.089491 0.022956
vn -0.038268 -0.087988 0.028173
vn -0.038268 -0.086186 0.033280
vn -0.038268 -0.084077 0.038297
vn -0.038268 -0.081682 0.043169
vn -0.038268 -0.079005 0.047892
vn -0.038268 -0.076056 0.052450
vn -0.029028 -0.075446 0.058867
vn -0.019509 -0.073654 0.064765
vn -0.047140 0.020542 -0.085766
vn -0.047140 0.015469 -0.086825
vn -0.047140 0.010342 -0.087584
vn -0.047140 0.005180 -0.088040
vn -0.047140 -0.000000 -0.088192
vn -0.047140 -0.005180 -0.088040
vn -0.047140 -0.010342 -0.087584
vn -0.047140 -0.015469 -0.086825
vn -0.047140 -0.020542 -0.085766
vn -0.047140 -0.025544 -0.084412
vn -0.047140 -0.030458 -0.082766
vn -0.047140 -0.035267 -0.080834
vn -0.047140 -0.039954 -0.078623
vn -0.047140 -0.044503 -0.076140
vn -0.047140 -0.048899 -0.073395
vn -0.047140 -0.053125 -0.070396
vn -0.047140 -0.057168 -0.067154
vn -0.047140 -0.061014 -0.063680
vn -0.047140 -0.064649 -0.059986
vn -0.047140 -0.068061 -0.056085
vn -0.047140 -0.071238 -0.051991
vn -0.047140 -0.074169 -0.047717
vn -0.047140 -0.076843 -0.043278
vn -0.047140 -0.079253 -0.038690
vn -0.047140 -0.081388 -0.033968
vn -0.047140 -0.083243 -0.029128
vn -0.047140 -0.084810 -0.024189
vn -0.047140 -0.086084 -0.019165
vn -0.047140 -0.087062 -0.014076
vn -0.047140 -0.087738 -0.008938
vn -0.047140 -0.088112 -0.003769
vn -0.047140 -0.088181 0.001413
vn -0.047140 -0.087946 0.006590
vn -0.047140 -0.087407 0.011744
vn -0.047140 -0.086566 0.016858
vn -0.047140 -0.085426 0.021914
vn -0.047140 -0.083992 0.026893
vn -0.047140 -0.082273 0.031766
vn -0.047140 -0.080258 0.036558
vn -0.047140 -0.077972 0.041209
vn -0.047140 -0.075417 0.045717
vn -0.047140 -0.072602 0.050068
vn -0.038268 -0.072837 0.056835
vn -0.029028 -0.071863 0.063191
vn -0.029028 -0.068027 0.067303
vn -0.055557 0.019367 -0.080860
vn -0.055557 0.014584 -0.081858
vn -0.055557 0.009751 -0.082573
vn -0.055557 0.004884 -0.083003
vn -0.055557 -0.000000 -0.083147
vn -0.055557 -0.004884 -0.083003
vn -0.055557 -0.009751 -0.082573
vn -0.055557 -0.014584 -0.081858
vn -0.055557 -0.019367 -0.080860
vn -0.055557 -0.024083 -0.079583
vn -0.055557 -0.028716 -0.078031
vn -0.055557 -0.033250 -0.076209
vn -0.055557 -0.037669 -0.074125
vn -0.055557 -0.041957 -0.071784
vn -0.055557 -0.046101 -0.069196
vn -0.055557 -0.050086 -0.066369
vn -0.055557 -0.053898 -0.063312
vn -0.055557 -0.057524 -0.060037
vn -0.055557 -0.060951 -0.056555
vn -0.055557 -0.064167 -0.052877
vn -0.055557 -0.067163 -0.049016
vn -0.055557 -0.069926 -0.044987
vn -0.055557 -0.072447 -0.040802
vn -0.055557 -0.074719 -0.036476
vn -0.055557 -0.076732 -0.032024
vn -0.055557 -0.078481 -0.027462
vn -0.055557 -0.079958 -0.022805
vn -0.055557 -0.081160 -0.018069
vn -0.055557 -0.082081 -0.013271
vn -0.055557 -0.082719 -0.008427
vn -0.055557 -0.083071 -0.003553
vn -0.055557 -0.083136 0.001332
vn -0.055557 -0.082915 0.006213
vn -0.055557 -0.082406 0.011072
vn -0.055557 -0.081614 0.015894
vn -0.055557 -0.080539 0.020660
vn -0.055557 -0.079187 0.025355
vn -0.055557 -0.077567 0.029946
vn -0.055557 -0.075667 0.034466
vn -0.055557 -0.073512 0.038851
vn -0.055557 -0.071103 0.043102
vn -0.055557 -0.068448 0.047204
vn -0.047140 -0.069528 0.054256
vn -0.038268 -0.069380 0.061008
vn -0.038268 -0.065677 0.064978
vn -0.038268 -0.061747 0.068723
vn -0.063439 0.018005 -0.075175
vn -0.063439 0.013559 -0.076103
vn -0.063439 0.009065 -0.076768
vn -0.063439 0.004540 -0.077168
vn -0.063439 -0.000000 -0.077301
vn -0.063439 -0.004540 -0.077168
vn -0.063439 -0.009065 -0.076768
vn -0.063439 -0.013559 -0.076103
vn -0.063439 -0.018005 -0.075175
vn -0.063439 -0.022390 -0.073987
vn -0.063439 -0.026697 -0.072545
vn -0.063439 -0.030912 -0.070851
vn -0.063439 -0.035020 -0.068913
vn -0.063439 -0.039007 -0.066737
vn -0.063439 -0.042860 -0.064331
vn -0.063439 -0.046565 -0.061702
vn -0.063439 -0.050109 -0.058861
vn -0.063439 -0.053479 -0.055816
vn -0.063439 -0.056665 -0.052578
vn -0.063439 -0.059656 -0.049159
vn -0.063439 -0.062440 -0.045570
vn -0.063439 -0.065009 -0.041824
vn -0.063439 -0.067354 -0.037933
vn -0.063439 -0.069465 -0.033912
vn -0.063439 -0.071337 -0.029773
vn -0.063439 -0.072963 -0.025531
vn -0.063439 -0.074337 -0.021202
vn -0.063439 -0.075454 -0.016799
vn -0.063439 -0.076310 -0.012338
vn -0.063439 -0.076903 -0.007834
vn -0.063439 -0.077230 -0.003304
vn -0.063439 -0.077291 0.001238
vn -0.063439 -0.077085 0.005776
vn -0.063439 -0.076613 0.010294
vn -0.063439 -0.075876 0.014776
vn -0.063439 -0.074877 0.019207
vn -0.063439 -0.073619 0.023572
vn -0.063439 -0.072115 0.027838
vn -0.063439 -0.070347 0.032043
vn -0.063439 -0.068343 0.036120
vn -0.063439 -0.066104 0.040072
vn -0.063439 -0.063636 0.043885
vn -0.055557 -0.065549 0.051154
vn -0.047140 -0.066229 0.058237
vn -0.047140 -0.062694 0.062027
vn -0.047140 -0.058943 0.065602
vn -0.047140 -0.054988 0.068951
vn -0.070711 0.016470 -0.068766
vn -0.070711 0.012403 -0.069614
vn -0.070711 0.008292 -0.070223
vn -0.070711 0.004153 -0.070589
vn -0.070711 -0.000000 -0.070711
vn -0.070711 -0.004153 -0.070589
vn -0.070711 -0.008292 -0.070223
vn -0.070711 -0.012403 -0.069614
vn -0.070711 -0.016470 -0.068766
vn -0.070711 -0.020481 -0.067680
vn -0.070711 -0.024421 -0.066360
vn -0.070711 -0.028277 -0.064811
vn -0.070711 -0.032035 -0.063038
vn -0.070711 -0.035682 -0.061048
vn -0.070711 -0.039206 -0.058846
vn -0.070711 -0.042595 -0.056442
vn -0.070711 -0.045837 -0.053843
vn -0.070711 -0.048920 -0.051057
vn -0.070711 -0.051834 -0.048096
vn -0.070711 -0.054570 -0.044968
vn -0.070711 -0.057117 -0.041685
vn -0.070711 -0.059467 -0.038258
vn -0.070711 -0.061611 -0.034699
vn -0.070711 -0.063543 -0.031020
vn -0.070711 -0.065255 -0.027235
vn -0.070711 -0.066743 -0.023355
vn -0.070711 -0.067999 -0.019394
vn -0.070711 -0.069021 -0.015366
vn -0.070711 -0.069804 -0.011286
vn -0.070711 -0.070347 -0.007166
vn -0.070711 -0.070646 -0.003022
vn -0.070711 -0.070702 0.001133
vn -0.070711 -0.070513 0.005284
vn -0.070711 -0.070081 0.009416
vn -0.070711 -0.069407 0.013516
vn -0.070711 -0.068493 0.017570
vn -0.070711 -0.067343 0.021563
vn -0.070711 -0.065967 0.025462
vn -0.070711 -0.064349 0.029311
vn -0.070711 -0.062517 0.033040
vn -0.070711 -0.060468 0.036655
vn -0.070711 -0.058211 0.040144
vn -0.063439 -0.060939 0.047559
vn -0.055557 -0.062440 0.054905
vn -0.055557 -0.059108 0.058478
vn -0.055557 -0.055571 0.061849
vn -0.055557 -0.051842 0.065006
vn -0.055557 -0.047934 0.067939
vn -0.088192 -0.018851 -0.043206
vn -0.092388 -0.015303 -0.035075
vn -0.092388 -0.017337 -0.034116
vn -0.095694 -0.013151 -0.025879
vn -0.095694 -0.014648 -0.025062
vn -0.095694 -0.011608 -0.026606
vn -0.088192 -0.021356 -0.042025
vn -0.088192 -0.023788 -0.040698
vn -0.088192 -0.026137 -0.039230
vn -0.088192 -0.028396 -0.037627
vn -0.088192 -0.030557 -0.035894
vn -0.088192 -0.032613 -0.034038
vn -0.088192 -0.034556 -0.032063
vn -0.088192 -0.036379 -0.029978
vn -0.088192 -0.038077 -0.027790
vn -0.088192 -0.039644 -0.025505
vn -0.088192 -0.041074 -0.023132
vn -0.088192 -0.042361 -0.020680
vn -0.088192 -0.043503 -0.018156
vn -0.088192 -0.044494 -0.015569
vn -0.088192 -0.045332 -0.012929
vn -0.088192 -0.046013 -0.010244
vn -0.088192 -0.046535 -0.007524
vn -0.088192 -0.046897 -0.004777
vn -0.088192 -0.047097 -0.002015
vn -0.088192 -0.047134 0.000755
vn -0.088192 -0.047008 0.003522
vn -0.088192 -0.046720 0.006277
vn -0.088192 -0.046270 0.009011
vn -0.088192 -0.045661 0.011713
vn -0.088192 -0.044894 0.014375
vn -0.088192 -0.043979 0.016970
vn -0.088192 -0.042899 0.019540
vn -0.088192 -0.041677 0.022027
vn -0.088192 -0.040311 0.024436
vn -0.088192 -0.038806 0.026762
vn -0.083147 -0.043795 0.034185
vn -0.077301 -0.047641 0.041892
vn -0.077301 -0.045098 0.044618
vn -0.077301 -0.042399 0.047189
vn -0.077301 -0.039554 0.049598
vn -0.092388 -0.019311 -0.033039
vn -0.095694 -0.016095 -0.024158
vn -0.092388 -0.021218 -0.031847
vn -0.092388 -0.023052 -0.030546
vn -0.092388 -0.024807 -0.029139
vn -0.092388 -0.026475 -0.027632
vn -0.092388 -0.028053 -0.026029
vn -0.092388 -0.029533 -0.024337
vn -0.092388 -0.030912 -0.022560
vn -0.092388 -0.032183 -0.020705
vn -0.092388 -0.033344 -0.018779
vn -0.092388 -0.034389 -0.016788
vn -0.092388 -0.035316 -0.014739
vn -0.092388 -0.036121 -0.012639
vn -0.092388 -0.036801 -0.010496
vn -0.092388 -0.037354 -0.008316
vn -0.092388 -0.037778 -0.006108
vn -0.092388 -0.038071 -0.003878
vn -0.092388 -0.038233 -0.001635
vn -0.092388 -0.038263 0.000613
vn -0.092388 -0.038161 0.002860
vn -0.092388 -0.037928 0.005096
vn -0.092388 -0.037563 0.007315
vn -0.092388 -0.037068 0.009509
vn -0.092388 -0.036446 0.011670
vn -0.092388 -0.035703 0.013775
vn -0.092388 -0.034826 0.015863
vn -0.092388 -0.033834 0.017881
vn -0.092388 -0.032725 0.019838
vn -0.092388 -0.031503 0.021726
vn -0.088192 -0.037159 0.029007
vn -0.083147 -0.041721 0.036687
vn -0.083147 -0.039494 0.039074
vn -0.083147 -0.037131 0.041326
vn -0.083147 -0.034640 0.043436
vn -0.095694 -0.017486 -0.023171
vn -0.095694 -0.018817 -0.022104
vn -0.095694 -0.020083 -0.020960
vn -0.095694 -0.021279 -0.019744
vn -0.095694 -0.022402 -0.018460
vn -0.095694 -0.023448 -0.017113
vn -0.095694 -0.024413 -0.015706
vn -0.095694 -0.025293 -0.014245
vn -0.095694 -0.026086 -0.012735
vn -0.095694 -0.026789 -0.011180
vn -0.095694 -0.027399 -0.009588
vn -0.095694 -0.027915 -0.007962
vn -0.095694 -0.028335 -0.006308
vn -0.095694 -0.028656 -0.004633
vn -0.095694 -0.028879 -0.002942
vn -0.095694 -0.029002 -0.001241
vn -0.095694 -0.029025 0.000465
vn -0.095694 -0.028947 0.002169
vn -0.095694 -0.028770 0.003866
vn -0.095694 -0.028493 0.005549
vn -0.095694 -0.028118 0.007213
vn -0.095694 -0.027646 0.008852
vn -0.095694 -0.027083 0.010448
vn -0.095694 -0.026417 0.012033
vn -0.095694 -0.025665 0.013564
vn -0.095694 -0.024824 0.015048
vn -0.095694 -0.023897 0.016480
vn -0.092388 -0.030165 0.023549
vn -0.088192 -0.035400 0.031128
vn -0.088192 -0.033511 0.033154
vn -0.088192 -0.031506 0.035065
vn -0.088192 -0.029392 0.036855
vn -0.100000 0.000000 0.000000
vn -0.100000 0.000000 0.000000
vn -0.100000 0.000000 0.000000
vn -0.100000 0.000000 0.000000
vn -0.100000 0.000000 0.000000
vn -0.100000 0.000000 0.000000
vn -0.100000 0.000000 0.000000
vn -0.100000 0.000000 0.000000
vn -0.100000 0.000000 0.000000
vn -0.100000 0.000000 0.000000
vn -0.100000 0.000000 0.000000
vn -0.100000 0.000000 0.000000
vn -0.100000 0.000000 0.000000
vn -0.100000 0.000000 0.000000
vn -0.100000 0.000000 0.000000
vn -0.100000 0.000000 0.000000
vn -0.100000 0.000000 0.000000
vn -0.100000 0.000000 0.000000
vn -0.100000 0.000000 0.000000
vn -0.100000 0.000000 0.000000
vn -0.100000 0.000000 0.000000
vn -0.100000 0.000000 0.000000
vn -0.100000 0.000000 0.000000
vn -0.100000 0.000000 0.000000
vn -0.100000 0.000000 0.000000
vn -0.100000 0.000000 0.000000
vn -0.100000 0.000000 0.000000
vn -0.100000 0.000000 0.000000
vn 0.000000 -0.100000 0.000000
vn 0.000000 -0.100000 0.000000
vn 0.000000 -0.100000 0.000000
vn 0.000000 -0.100000 0.000000
vn 0.000000 -0.100000 0.000000
vn 0.000000 -0.100000 0.000000
vn 0.000000 -0.100000 0.000000
vn 0.000000 -0.100000 0.000000
vn 0.000000 -0.100000 0.000000
vn 0.000000 -0.100000 0.000000
vn 0.000000 -0.100000 0.000000
vn 0.000000 -0.100000 0.000000
vn 0.000000 -0.100000 0.000000
vn 0.000000 -0.100000 0.000000
vn 0.000000 -0.100000 0.000000
vn 0.000000 -0.100000 0.000000
vn 0.000000 0.100000 0.000000
vn 0.000000 0.100000 0.000000
vn 0.000000 0.100000 0.000000
vn 0.000000 0.100000 0.000000
vn 0.000000 0.100000 0.000000
vn 0.000000 0.100000 0.000000
vn 0.000000 0.100000 0.000000
vn 0.000000 0.100000 0.000000
vn 0.000000 0.100000 0.000000
vn 0.000000 0.100000 0.000000
vn 0.000000 0.100000 0.000000
vn 0.000000 0.100000 0.000000
vn 0.000000 0.100000 0.000000
vn 0.000000 0.100000 0.000000
vn 0.000000 0.100000 0.000000
vn 0.000000 0.100000 0.000000
vn 0.000000 0.000000 -0.100000
vn 0.000000 0.000000 -0.100000
vn 0.000000 0.000000 -0.100000
vn 0.000000 0.000000 -0.100000
vn 0.000000 0.000000 -0.100000
vn 0.000000 0.000000 -0.100000
vn 0.000000 0.000000 -0.100000
vn 0.000000 0.000000 -0.100000
vn 0.000000 0.000000 -0.100000
vn 0.000000 0.000000 -0.100000
vn 0.000000 0.000000 -0.100000
vn 0.000000 0.000000 0.100000
vn 0.000000 0.000000 0.100000
vn 0.000000 0.000000 0.100000
vn 0.000000 0.000000 0.100000
vn 0.000000 0.000000 0.100000
vn 0.000000 0.000000 0.100000
vn 0.000000 0.000000 0.100000
vn 0.000000 0.000000 0.100000
vn 0.000000 0.000000 0.100000
vn 0.000000 0.000000 0.100000
vn 0.000000 0.000000 0.100000
vn 0.000000 0.000000 0.100000
vn 0.000000 0.000000 0.100000
vn 0.000000 0.000000 0.100000
vn 0.000000 0.000000 0.100000
vn 0.000000 0.000000 0.100000
vn 0.100000 0.000000 0.000000
vn 0.100000 0.000000 0.000000
vn 0.100000 0.000000 0.000000
vn 0.100000 0.000000 0.000000
vn 0.100000 0.000000 0.000000
vn 0.100000 0.000000 0.000000
vn 0.100000 0.000000 0.000000
vn 0.100000 0.000000 0.000000
vn 0.100000 0.000000 0.000000
vn 0.100000 0.000000 0.000000
vn 0.100000 0.000000 0.000000
vn 0.100000 0.000000 0.000000
vn 0.100000 0.000000 0.000000
vn 0.100000 0.000000 0.000000
vn 0.100000 0.000000 0.000000
vn 0.100000 0.000000 0.000000
vn 0.100000 0.000000 0.000000
vn 0.100000 0.000000 0.000000
vn 0.100000 0.000000 0.000000
vn 0.100000 0.000000 0.000000
vn 0.100000 0.000000 0.000000
vn 0.100000 0.000000 0.000000
vn 0.100000 0.000000 0.000000
vn 0.100000 0.000000 0.000000
vn 0.100000 0.000000 0.000000
vn 0.100000 0.000000 0.000000
vn 0.100000 0.000000 0.000000
vn 0.100000 0.000000 0.000000
vn 0.100000 0.000000 0.000000
vn 0.100000 0.000000 0.000000
vn 0.100000 0.000000 0.000000
vn 0.100000 0.000000 0.000000
vn 0.100000 0.000000 0.000000
vn 0.100000 0.000000 0.000000
vn 0.100000 0.000000 0.000000
vn 0.100000 0.000000 0.000000
vn 0.100000 0.000000 0.000000
vn 0.100000 0.000000 0.000000
vn 0.100000 0.000000 0.000000
vn 0.100000 0.000000 0.000000
vn 0.100000 0.000000 0.000000
vn 0.100000 0.000000 0.000000
vn 0.100000 0.000000 0.000000
vn 0.100000 0.000000 0.000000
vn 0.100000 0.000000 0.000000
vn 0.100000 0.000000 0.000000
vn 0.100000 0.000000 0.000000
vn 0.100000 0.000000 0.000000
vn 0.100000 0.000000 0.000000
vn 0.100000 0.000000 0.000000
vn 0.100000 0.000000 0.000000
vn 0.100000 0.000000 0.000000
vn 0.100000 0.000000 0.000000
vn 0.100000 0.000000 0.000000
vn 0.100000 0.000000 0.000000
vn 0.100000 0.000000 0.000000
vn 0.100000 0.000000 0.000000
vn 0.100000 0.000000 0.000000
vn 0.100000 0.000000 0.000000
vn 0.100000 0.000000 0.000000
vn 0.100000 0.000000 0.000000
vn 0.100000 0.000000 0.000000
vn 0.100000 0.000000 0.000000
vn 0.100000 0.000000 0.000000
vn 0.100000 0.000000 0.000000
vn 0.100000 0.000000 0.000000
vn 0.100000 0.000000 0.000000
vn 0.100000 0.000000 0.000000
vn 0.100000 0.000000 0.000000
vn 0.100000 0.000000 0.000000
vn 0.100000 0.000000 0.000000
vn 0.100000 0.000000 0.000000
vn 0.100000 0.000000 0.000000
vn 0.100000 0.000000 0.000000
vn 0.100000 0.000000 0.000000
vn 0.100000 0.000000 0.000000
vn 0.100000 0.000000 0.000000
vn 0.100000 0.000000 0.000000
vn 0.100000 0.000000 0.000000
vn 0.100000 0.000000 0.000000
vn 0.100000 0.000000 0.000000
vn 0.100000 0.000000 0.000000
vn 0.100000 0.000000 0.000000
vn 0.100000 0.000000 0.000000
vn 0.100000 0.000000 0.000000
vn 0.100000 0.000000 0.000000
vn 0.100000 0.000000 0.000000
vn 0.100000 0.000000 0.000000
vn 0.100000 0.000000 0.000000
vn 0.100000 0.000000 0.000000
vn 0.100000 0.000000 0.000000
vn 0.100000 0.000000 0.000000
vn 0.100000 0.000000 0.000000
vn 0.100000 0.000000 0.000000
vn 0.100000 0.000000 0.000000
vn 0.100000 0.000000 0.000000
vn 0.100000 0.000000 0.000000
vn 0.100000 0.000000 0.000000
vn 0.100000 0.000000 0.000000
vn 0.100000 0.000000 0.000000
vn 0.100000 0.000000 0.000000
vn 0.100000 0.000000 0.000000
vn 0.100000 0.000000 0.000000
vn 0.100000 0.000000 0.000000
vn 0.100000 0.000000 0.000000
vn 0.100000 0.000000 0.000000
vn 0.100000 0.000000 0.000000
vn 0.100000 0.000000 0.000000
vn 0.100000 0.000000 0.000000
vn 0.100000 0.000000 0.000000
vn 0.100000 0.000000 0.000000
vn 0.100000 0.000000 0.000000
vn 0.100000 0.000000 0.000000
vn 0.100000 0.000000 0.000000
vn 0.100000 0.000000 0.000000
vn 0.100000 0.000000 0.000000
vn 0.100000 0.000000 0.000000
vn 0.100000 0.000000 0.000000
vn 0.100000 0.000000 0.000000
vn 0.100000 0.000000 0.000000
vn 0.100000 0.000000 0.000000
vn 0.100000 0.000000 0.000000
vn 0.100000 0.000000 0.000000
vn 0.100000 0.000000 0.000000
vn 0.100000 0.000000 0.000000
vn 0.100000 0.000000 0.000000
vn 0.100000 0.000000 0.000000
vn 0.100000 0.000000 0.000000
vn 0.100000 0.000000 0.000000
vn 0.100000 0.000000 0.000000
vn 0.100000 0.000000 0.000000
vn 0.100000 0.000000 0.000000
vn 0.100000 0.000000 0.000000
vn 0.100000 0.000000 0.000000
vn 0.100000 0.000000 0.000000
vn 0.100000 0.000000 0.000000
vn 0.100000 0.000000 0.000000
vn 0.100000 0.000000 0.000000
vn 0.100000 0.000000 0.000000
vn 0.100000 0.000000 0.000000
vn 0.100000 0.000000 0.000000
vn 0.100000 0.000000 0.000000
vn 0.100000 0.000000 0.000000
vn 0.100000 0.000000 0.000000
vn 0.100000 0.000000 0.000000
vn 0.100000 0.000000 0.000000
vn 0.100000 0.000000 0.000000
vn 0.100000 0.000000 0.000000
vn 0.100000 0.000000 0.000000
vn 0.100000 0.000000 0.000000
vn 0.100000 0.000000 0.000000
vn 0.100000 0.000000 0.000000
vn 0.100000 0.000000 0.000000
vn 0.100000 0.000000 0.000000
vn 0.100000 0.000000 0.000000
vn 0.100000 0.000000 0.000000
vn 0.100000 0.000000 0.000000
vn 0.100000 0.000000 0.000000
vn 0.100000 0.000000 0.000000
vn 0.100000 0.000000 0.000000
vn 0.100000 0.000000 0.000000
vn 0.100000 0.000000 0.000000
vn 0.100000 0.000000 0.000000
vn 0.100000 0.000000 0.000000
vn 0.100000 0.000000 0.000000
vn 0.100000 0.000000 0.000000
vn 0.100000 0.000000 0.000000
vn 0.100000 0.000000 0.000000
vn 0.100000 0.000000 0.000000
vn 0.100000 0.000000 0.000000
vn 0.100000 0.000000 0.000000
vn 0.100000 0.000000 0.000000
vn 0.100000 0.000000 0.000000
vn 0.100000 0.000000 0.000000
vn 0.000000 0.044542 0.089532
vn 0.000000 0.046737 0.088406
vn 0.000000 0.040000 0.091652
vn 0.000000 0.046737 0.088406
vn 0.000000 0.046737 0.088406
vn 0.000000 0.053212 0.084667
vn 0.000000 0.053212 0.084667
vn 0.000000 0.059390 0.080454
vn 0.000000 0.059390 0.080454
vn 0.000000 0.065235 0.075791
vn 0.000000 0.065235 0.075791
vn 0.000000 0.070716 0.070705
vn 0.000000 0.070716 0.070705
vn 0.000000 0.075802 0.065223
vn 0.000000 0.075802 0.065223
vn 0.000000 0.080464 0.059377
vn 0.000000 0.080464 0.059377
vn 0.000000 0.084675 0.053198
vn 0.000000 0.084675 0.053198
vn 0.000000 0.088414 0.046722
vn 0.000000 0.088414 0.046722
vn 0.000000 0.091658 0.039985
vn 0.000000 0.091658 0.039985
vn 0.000000 0.094389 0.033025
vn 0.000000 0.094389 0.033025
vn 0.000000 0.096593 0.025879
vn 0.000000 0.096593 0.025879
vn 0.000000 0.098257 0.018589
vn 0.000000 0.098257 0.018589
vn 0.000000 0.099371 0.011195
vn 0.000000 0.099371 0.011195
vn 0.000000 0.099930 0.003739
vn 0.000000 0.099930 0.003739
vn 0.000000 0.099930 -0.003739
vn 0.000000 0.099930 -0.003739
vn 0.000000 0.099371 -0.011195
vn 0.000000 0.099371 -0.011195
vn 0.000000 0.098257 -0.018589
vn 0.000000 0.098257 -0.018589
vn 0.000000 0.096593 -0.025879
vn 0.000000 0.096593 -0.025879
vn 0.000000 0.094389 -0.033025
vn 0.000000 0.094389 -0.033025
vn 0.000000 0.091658 -0.039985
vn 0.000000 0.091658 -0.039985
vn 0.000000 0.088414 -0.046722
vn 0.000000 0.088414 -0.046722
vn 0.000000 0.084675 -0.053198
vn 0.000000 0.084675 -0.053198
vn 0.000000 0.080464 -0.059377
vn 0.000000 0.080464 -0.059377
vn 0.000000 0.075802 -0.065223
vn 0.000000 0.075802 -0.065223
vn 0.000000 0.070716 -0.070705
vn 0.000000 0.070716 -0.070705
vn 0.000000 0.065235 -0.075791
vn 0.000000 0.065235 -0.075791
vn 0.000000 0.059390 -0.080454
vn 0.000000 0.059390 -0.080454
vn 0.000000 0.053212 -0.084667
vn 0.000000 0.053212 -0.084667
vn 0.000000 0.046737 -0.088406
vn 0.000000 0.046725 -0.088413
vn 0.000000 0.040000 -0.091652
vn 0.000000 0.046713 -0.088419
vn 0.000000 0.046702 -0.088425
vn 0.000000 0.053212 -0.084667
vn 0.000000 0.053212 -0.084667
vn 0.000000 0.059390 -0.080454
vn 0.000000 0.059231 -0.080571
vn 0.000000 0.065036 -0.075963
vn 0.000000 0.065235 -0.075791
vn 0.000000 0.070484 -0.070937
vn 0.000000 0.070716 -0.070705
vn 0.000000 0.075544 -0.065521
vn 0.000000 0.075802 -0.065223
vn 0.000000 0.080190 -0.059746
vn 0.000000 0.080464 -0.059377
vn 0.000000 0.084395 -0.053642
vn 0.000000 0.084675 -0.053198
vn 0.000000 0.088136 -0.047244
vn 0.000000 0.088414 -0.046722
vn 0.000000 0.091393 -0.040586
vn 0.000000 0.091658 -0.039985
vn 0.000000 0.094149 -0.033705
vn 0.000000 0.094389 -0.033025
vn 0.000000 0.096386 -0.026640
vn 0.000000 0.096593 -0.025879
vn 0.000000 0.098095 -0.019427
vn 0.000000 0.098257 -0.018589
vn 0.000000 0.099264 -0.012108
vn 0.000000 0.099371 -0.011195
vn 0.000000 0.099888 -0.004723
vn 0.000000 0.099930 -0.003739
vn 0.000000 0.099964 0.002689
vn 0.000000 0.099930 0.003739
vn 0.000000 0.099490 0.010086
vn 0.000000 0.099371 0.011195
vn 0.000000 0.098470 0.017427
vn 0.000000 0.098257 0.018589
vn 0.000000 0.096909 0.024672
vn 0.000000 0.096593 0.025879
vn 0.000000 0.094815 0.031782
vn 0.000000 0.094389 0.033025
vn 0.000000 0.092200 0.038718
vn 0.000000 0.091658 0.039985
vn 0.000000 0.089079 0.045441
vn 0.000000 0.088414 0.046722
vn 0.000000 0.085469 0.051914
vn 0.000000 0.084675 0.053198
vn 0.000000 0.081389 0.058102
vn 0.000000 0.080464 0.059377
vn 0.000000 0.076862 0.063970
vn 0.000000 0.075802 0.065223
vn 0.000000 0.071913 0.069488
vn 0.000000 0.070716 0.070705
vn 0.000000 0.066569 0.074623
vn 0.000000 0.065235 0.075791
vn 0.000000 0.065593 0.075482
vn 0.000000 0.064505 0.076414
vn 0.000000 0.062013 0.078450
vn 0.000000 0.059390 0.080454
vn 0.000000 0.059141 0.080637
vn 0.000000 0.055949 0.082884
vn 0.000000 0.053212 0.084667
vn 0.000000 0.052502 0.085109
vn 0.000000 0.048722 0.087328
vn 0.000000 0.053101 -0.084737
vn 0.000000 0.046690 -0.088431
vn 0.000000 0.046679 -0.088437
vn 0.000000 0.040000 -0.091652
vn 0.000000 0.053212 0.084667
vn 0.000000 0.046737 0.088406
vn 0.000000 0.040000 0.091652
vn 0.000000 0.046737 0.088406
vn 0.000000 0.053212 0.084667
vn 0.000000 0.059390 0.080454
vn 0.000000 0.065235 0.075791
vn 0.000000 0.070716 0.070705
vn 0.000000 0.075802 0.065223
vn 0.000000 0.080464 0.059377
vn 0.000000 0.084675 0.053198
vn 0.000000 0.088414 0.046722
vn 0.000000 0.091658 0.039985
vn 0.000000 0.094389 0.033025
vn 0.000000 0.096593 0.025879
vn 0.000000 0.098257 0.018589
vn 0.000000 0.099371 0.011195
vn 0.000000 0.099930 0.003739
vn 0.000000 0.099930 -0.003739
vn 0.000000 0.099371 -0.011195
vn 0.000000 0.098257 -0.018589
vn 0.000000 0.096593 -0.025879
vn 0.000000 0.094389 -0.033025
vn 0.000000 0.091658 -0.039985
vn 0.000000 0.088414 -0.046722
vn 0.000000 0.084675 -0.053198
vn 0.000000 0.080464 -0.059377
vn 0.000000 0.075802 -0.065223
vn 0.000000 0.070716 -0.070705
vn 0.000000 0.065235 -0.075791
vn 0.000000 0.059390 -0.080454
vn 0.000000 0.059390 0.080454
vn 0.000000 0.065235 0.075791
vn 0.000000 0.070716 0.070705
vn 0.000000 0.075802 0.065223
vn 0.000000 0.080464 0.059377
vn 0.000000 0.084675 0.053198
vn 0.000000 0.088414 0.046722
vn 0.000000 0.091658 0.039985
vn 0.000000 0.094389 0.033025
vn 0.000000 0.096593 0.025879
vn 0.000000 0.098257 0.018589
vn 0.000000 0.099371 0.011195
vn 0.000000 0.099930 0.003739
vn 0.000000 0.099930 -0.003739
vn 0.000000 0.099371 -0.011195
vn 0.000000 0.098257 -0.018589
vn 0.000000 0.096593 -0.025879
vn 0.000000 0.094389 -0.033025
vn 0.000000 0.091658 -0.039985
vn 0.000000 0.088414 -0.046722
vn 0.000000 0.084675 -0.053198
vn 0.000000 0.080464 -0.059377
vn 0.000000 0.075802 -0.065223
vn 0.000000 0.070716 -0.070705
vn 0.000000 0.065235 -0.075791
vn 0.000000 0.059390 -0.080454
vn 0.000000 0.053212 -0.084667
vn 0.000000 -0.005924 -0.099824
vn 0.000000 -0.005924 -0.099824
vn 0.000000 -0.000000 -0.100000
vn 0.000000 -0.000000 -0.100000
vn -0.000000 0.005924 -0.099824
vn -0.000000 0.005924 -0.099824
vn -0.000000 0.011827 -0.099298
vn -0.000000 0.011827 -0.099298
vn -0.000000 0.017689 -0.098423
vn -0.000000 0.017689 -0.098423
vn -0.000000 0.023489 -0.097202
vn -0.000000 0.023489 -0.097202
vn -0.000000 0.029206 -0.095640
vn -0.000000 0.029206 -0.095640
vn -0.000000 0.034820 -0.093742
vn -0.000000 0.034820 -0.093742
vn -0.000000 0.040312 -0.091515
vn -0.000000 0.040312 -0.091515
vn -0.000000 0.045663 -0.088966
vn -0.000000 0.045663 -0.088966
vn -0.000000 0.050853 -0.086104
vn -0.000000 0.050853 -0.086104
vn -0.000000 0.055865 -0.082941
vn -0.000000 0.055865 -0.082941
vn -0.000000 0.060680 -0.079485
vn -0.000000 0.060680 -0.079485
vn -0.000000 0.065282 -0.075751
vn -0.000000 0.065282 -0.075751
vn -0.000000 0.069655 -0.071751
vn -0.000000 0.069655 -0.071751
vn -0.000000 0.073783 -0.067498
vn -0.000000 0.073783 -0.067498
vn -0.000000 0.077652 -0.063009
vn -0.000000 0.077652 -0.063009
vn -0.000000 0.081249 -0.058298
vn -0.000000 0.081249 -0.058298
vn -0.000000 0.084560 -0.053382
vn -0.000000 0.084560 -0.053382
vn -0.000000 0.087573 -0.048279
vn -0.000000 0.087573 -0.048279
vn -0.000000 0.090280 -0.043007
vn -0.000000 0.090280 -0.043007
vn -0.000000 0.092669 -0.037583
vn -0.000000 0.092669 -0.037583
vn -0.000000 0.094733 -0.032027
vn -0.000000 0.094733 -0.032027
vn -0.000000 0.096464 -0.026359
vn -0.000000 0.096464 -0.026359
vn -0.000000 0.097856 -0.020598
vn -0.000000 0.097856 -0.020598
vn -0.000000 0.098904 -0.014765
vn -0.000000 0.098904 -0.014765
vn -0.000000 0.099605 -0.008880
vn -0.000000 0.099605 -0.008880
vn -0.000000 0.099956 -0.002963
vn -0.000000 0.099956 -0.002963
vn 0.000000 0.099956 0.002963
vn 0.000000 0.099956 0.002963
vn 0.000000 0.099605 0.008880
vn 0.000000 0.099605 0.008880
vn 0.000000 0.098904 0.014765
vn 0.000000 0.098904 0.014765
vn 0.000000 0.097856 0.020598
vn 0.000000 0.097856 0.020598
vn 0.000000 0.096464 0.026359
vn 0.000000 0.096464 0.026359
vn 0.000000 0.094733 0.032027
vn 0.000000 0.094733 0.032027
vn 0.000000 0.092669 0.037583
vn 0.000000 0.092669 0.037583
vn 0.000000 0.090280 0.043007
vn 0.000000 0.090280 0.043007
vn 0.000000 0.087573 0.048279
vn 0.000000 0.087573 0.048279
vn 0.000000 0.084560 0.053382
vn 0.000000 0.084560 0.053382
vn 0.000000 0.081249 0.058298
vn 0.000000 0.081249 0.058298
vn 0.000000 0.077652 0.063009
vn 0.000000 0.077652 0.063009
vn 0.000000 0.073783 0.067498
vn 0.000000 0.073783 0.067498
vn 0.000000 0.069655 0.071751
vn 0.000000 0.069655 0.071751
vn 0.000000 0.065282 0.075751
vn 0.000000 0.065282 0.075751
vn 0.000000 0.060680 0.079485
vn 0.000000 0.060680 0.079485
vn 0.000000 0.055865 0.082941
vn 0.000000 0.055865 0.082941
vn 0.000000 0.050853 0.086104
vn 0.000000 0.050853 0.086104
vn 0.000000 0.045663 0.088966
vn 0.000000 0.045663 0.088966
vn 0.000000 0.040312 0.091515
vn 0.000000 0.040312 0.091515
vn 0.000000 0.034820 0.093742
vn 0.000000 0.034820 0.093742
vn 0.000000 0.029206 0.095640
vn 0.000000 0.029206 0.095640
vn 0.000000 0.023489 0.097202
vn 0.000000 0.023489 0.097202
vn 0.000000 0.017689 0.098423
vn 0.000000 0.017689 0.098423
vn 0.000000 0.011827 0.099298
vn 0.000000 0.011827 0.099298
vn 0.000000 0.005924 0.099824
vn 0.000000 0.005924 0.099824
vn 0.000000 0.000000 0.100000
vn 0.000000 0.000000 0.100000
vn 0.000000 -0.005924 0.099824
vn 0.000000 -0.005924 0.099824
vn 0.000000 -0.011827 0.099298
vn 0.000000 -0.011827 0.099298
vn 0.000000 -0.017689 0.098423
vn 0.000000 -0.017689 0.098423
vn 0.000000 -0.023489 0.097202
vn 0.000000 -0.023489 0.097202
vn 0.000000 -0.029206 0.095640
vn 0.000000 -0.029206 0.095640
vn 0.000000 -0.034820 0.093742
vn 0.000000 -0.034820 0.093742
vn 0.000000 -0.040312 0.091515
vn 0.000000 -0.040312 0.091515
vn 0.000000 -0.045663 0.088966
vn 0.000000 -0.045663 0.088966
vn 0.000000 -0.050853 0.086104
vn 0.000000 -0.050853 0.086104
vn 0.000000 -0.055865 0.082941
vn 0.000000 -0.055865 0.082941
vn 0.000000 -0.060680 0.079485
vn 0.000000 -0.060680 0.079485
vn 0.000000 -0.065282 0.075751
vn 0.000000 -0.065282 0.075751
vn 0.000000 -0.069655 0.071751
vn 0.000000 -0.069655 0.071751
vn 0.000000 -0.073783 0.067498
vn 0.000000 -0.073783 0.067498
vn 0.000000 -0.077652 0.063009
vn 0.000000 -0.077652 0.063009
vn 0.000000 -0.081249 0.058298
vn 0.000000 -0.081249 0.058298
vn 0.000000 -0.084560 0.053382
vn 0.000000 -0.084560 0.053382
vn 0.000000 -0.087573 0.048279
vn 0.000000 -0.087573 0.048279
vn 0.000000 -0.090280 0.043007
vn 0.000000 -0.090280 0.043007
vn 0.000000 -0.092669 0.037583
vn 0.000000 -0.092669 0.037583
vn 0.000000 -0.094733 0.032027
vn 0.000000 -0.094733 0.032027
vn 0.000000 -0.096464 0.026359
vn 0.000000 -0.096464 0.026359
vn 0.000000 -0.097856 0.020598
vn 0.000000 -0.097856 0.020598
vn 0.000000 -0.098904 0.014765
vn 0.000000 -0.098904 0.014765
vn 0.000000 -0.099605 0.008880
vn 0.000000 -0.099605 0.008880
vn 0.000000 -0.099956 0.002963
vn 0.000000 -0.099956 0.002963
vn 0.000000 -0.099956 -0.002963
vn 0.000000 -0.099956 -0.002963
vn 0.000000 -0.099605 -0.008880
vn 0.000000 -0.099605 -0.008880
vn 0.000000 -0.098904 -0.014765
vn 0.000000 -0.098904 -0.014765
vn 0.000000 -0.097856 -0.020598
vn 0.000000 -0.097856 -0.020598
vn 0.000000 -0.096464 -0.026359
vn 0.000000 -0.096464 -0.026359
vn 0.000000 -0.094733 -0.032027
vn 0.000000 -0.094733 -0.032027
vn 0.000000 -0.092669 -0.037583
vn 0.000000 -0.092669 -0.037583
vn 0.000000 -0.090280 -0.043007
vn 0.000000 -0.090280 -0.043007
vn 0.000000 -0.087573 -0.048279
vn 0.000000 -0.087573 -0.048279
vn 0.000000 -0.084560 -0.053382
vn 0.000000 -0.084560 -0.053382
vn 0.000000 -0.081249 -0.058298
vn 0.000000 -0.081249 -0.058298
vn 0.000000 -0.077652 -0.063009
vn 0.000000 -0.077652 -0.063009
vn 0.000000 -0.073783 -0.067498
vn 0.000000 -0.073783 -0.067498
vn 0.000000 -0.069655 -0.071751
vn 0.000000 -0.069655 -0.071751
vn 0.000000 -0.065282 -0.075751
vn 0.000000 -0.065282 -0.075751
vn 0.000000 -0.060680 -0.079485
vn 0.000000 -0.060680 -0.079485
vn 0.000000 -0.055865 -0.082941
vn 0.000000 -0.055865 -0.082941
vn 0.000000 -0.050853 -0.086104
vn 0.000000 -0.050853 -0.086104
vn 0.000000 -0.045663 -0.088966
vn 0.000000 -0.045663 -0.088966
vn 0.000000 -0.040312 -0.091515
vn 0.000000 -0.040312 -0.091515
vn 0.000000 -0.034820 -0.093742
vn 0.000000 -0.034820 -0.093742
vn 0.000000 -0.029206 -0.095640
vn 0.000000 -0.029206 -0.095640
vn 0.000000 -0.023489 -0.097202
vn 0.000000 -0.023489 -0.097202
vn 0.000000 -0.017689 -0.098423
vn 0.000000 -0.017689 -0.098423
vn 0.000000 -0.011827 -0.099298
vn 0.000000 -0.011827 -0.099298
vn -0.000000 0.005924 -0.099824
vn -0.000000 0.000000 -0.100000
vn 0.000000 -0.005924 -0.099824
vn 0.000000 -0.011827 -0.099298
vn 0.000000 -0.017689 -0.098423
vn 0.000000 -0.023489 -0.097202
vn 0.000000 -0.029206 -0.095640
vn 0.000000 -0.034820 -0.093742
vn 0.000000 -0.040312 -0.091515
vn 0.000000 -0.045663 -0.088966
vn 0.000000 -0.050853 -0.086104
vn 0.000000 -0.055865 -0.082941
vn 0.000000 -0.060680 -0.079485
vn 0.000000 -0.065282 -0.075751
vn 0.000000 -0.069655 -0.071751
vn 0.000000 -0.073783 -0.067498
vn 0.000000 -0.077652 -0.063009
vn 0.000000 -0.081249 -0.058298
vn 0.000000 -0.084560 -0.053382
vn 0.000000 -0.087573 -0.048279
vn 0.000000 -0.090280 -0.043007
vn 0.000000 -0.092669 -0.037583
vn 0.000000 -0.094733 -0.032027
vn 0.000000 -0.096464 -0.026359
vn 0.000000 -0.097856 -0.020598
vn 0.000000 -0.098904 -0.014765
vn 0.000000 -0.099605 -0.008880
vn 0.000000 -0.099956 -0.002963
vn 0.000000 -0.099956 0.002963
vn 0.000000 -0.099605 0.008880
vn 0.000000 -0.098904 0.014765
vn 0.000000 -0.097856 0.020598
vn 0.000000 -0.096464 0.026359
vn 0.000000 -0.094733 0.032027
vn 0.000000 -0.092669 0.037583
vn 0.000000 -0.090280 0.043007
vn 0.000000 -0.087573 0.048279
vn 0.000000 -0.084560 0.053382
vn 0.000000 -0.081249 0.058298
vn 0.000000 -0.077652 0.063009
vn 0.000000 -0.073783 0.067498
vn 0.000000 -0.069655 0.071751
vn 0.000000 -0.065282 0.075751
vn 0.000000 -0.060680 0.079485
vn 0.000000 -0.055865 0.082941
vn 0.000000 -0.050853 0.086104
vn 0.000000 -0.045663 0.088966
vn 0.000000 -0.040312 0.091515
vn 0.000000 -0.034820 0.093742
vn 0.000000 -0.029206 0.095640
vn 0.000000 -0.023489 0.097202
vn 0.000000 -0.017689 0.098423
vn 0.000000 -0.011827 0.099298
vn 0.000000 -0.005924 0.099824
vn 0.000000 0.000000 0.100000
vn 0.000000 0.005924 0.099824
vn 0.000000 0.011827 0.099298
vn 0.000000 0.017689 0.098423
vn 0.000000 0.023489 0.097202
vn 0.000000 0.029206 0.095640
vn 0.000000 0.034820 0.093742
vn 0.000000 0.040312 0.091515
vn 0.000000 0.045663 0.088966
vn 0.000000 0.050853 0.086104
vn 0.000000 0.055865 0.082941
vn 0.000000 0.060680 0.079485
vn 0.000000 0.065282 0.075751
vn 0.000000 0.069655 0.071751
vn 0.000000 0.073783 0.067498
vn 0.000000 0.077652 0.063009
vn 0.000000 0.081249 0.058298
vn 0.000000 0.084560 0.053382
vn 0.000000 0.087573 0.048279
vn 0.000000 0.090280 0.043007
vn 0.000000 0.092669 0.037583
vn 0.000000 0.094733 0.032027
vn 0.000000 0.096464 0.026359
vn 0.000000 0.097856 0.020598
vn 0.000000 0.098904 0.014765
vn 0.000000 0.099605 0.008880
vn 0.000000 0.099956 0.002963
vn -0.000000 0.099956 -0.002963
vn -0.000000 0.099605 -0.008880
vn -0.000000 0.098904 -0.014765
vn -0.000000 0.097856 -0.020598
vn -0.000000 0.096464 -0.026359
vn -0.000000 0.094733 -0.032027
vn -0.000000 0.092669 -0.037583
vn -0.000000 0.090280 -0.043007
vn -0.000000 0.087573 -0.048279
vn -0.000000 0.084560 -0.053382
vn -0.000000 0.081249 -0.058298
vn -0.000000 0.077652 -0.063009
vn -0.000000 0.073783 -0.067498
vn -0.000000 0.069655 -0.071751
vn -0.000000 0.065282 -0.075751
vn -0.000000 0.060680 -0.079485
vn -0.000000 0.055865 -0.082941
vn -0.000000 0.050853 -0.086104
vn -0.000000 0.045663 -0.088966
vn -0.000000 0.040312 -0.091515
vn -0.000000 0.034820 -0.093742
vn -0.000000 0.029206 -0.095640
vn -0.000000 0.023489 -0.097202
vn -0.000000 0.017689 -0.098423
vn -0.000000 0.011827 -0.099298
vn -0.000000 0.100000 0.000000
vn -0.009561 0.099542 0.000000
vn -0.000000 0.100000 0.000000
vn -0.009575 0.099541 0.000000
vn -0.019254 0.098129 0.000000
vn -0.019277 0.098124 0.000000
vn -0.028893 0.095735 0.000000
vn -0.028920 0.095727 0.000000
vn -0.038299 0.092375 0.000000
vn -0.038326 0.092364 0.000000
vn -0.047319 0.088096 0.000000
vn -0.047342 0.088084 0.000000
vn -0.055813 0.082975 0.000000
vn -0.055828 0.082965 0.000000
vn -0.063647 0.077130 0.000000
vn -0.063654 0.077124 0.000000
vn -0.070710 0.070711 0.000000
vn -0.070708 0.070713 0.000000
vn -0.077120 0.063659 0.000000
vn -0.077129 0.063648 0.000000
vn -0.082962 0.055833 0.000000
vn -0.082974 0.055814 0.000000
vn -0.088082 0.047346 0.000000
vn -0.088095 0.047320 0.000000
vn -0.092363 0.038329 0.000000
vn -0.092375 0.038300 0.000000
vn -0.095726 0.028922 0.000000
vn -0.095735 0.028893 0.000000
vn -0.098124 0.019278 0.000000
vn -0.098129 0.019254 0.000000
vn -0.099540 0.009576 0.000000
vn -0.099542 0.009561 0.000000
vn -0.100000 0.000000 0.000000
vn -0.100000 0.000000 0.000000
vn -0.099542 -0.009561 0.000000
vn -0.099540 -0.009576 0.000000
vn -0.098129 -0.019254 0.000000
vn -0.098124 -0.019278 0.000000
vn -0.095735 -0.028893 0.000000
vn -0.095726 -0.028922 0.000000
vn -0.092375 -0.038300 0.000000
vn -0.092363 -0.038329 0.000000
vn -0.088095 -0.047320 0.000000
vn -0.088082 -0.047346 0.000000
vn -0.082974 -0.055814 0.000000
vn -0.082962 -0.055833 0.000000
vn -0.077129 -0.063648 0.000000
vn -0.077120 -0.063659 0.000000
vn -0.070710 -0.070711 0.000000
vn -0.070708 -0.070713 0.000000
vn -0.063647 -0.077130 0.000000
vn -0.063654 -0.077124 0.000000
vn -0.055813 -0.082975 0.000000
vn -0.055828 -0.082965 0.000000
vn -0.047319 -0.088096 0.000000
vn -0.047342 -0.088084 0.000000
vn -0.038326 -0.092364 0.000000
vn -0.038299 -0.092375 0.000000
vn -0.028893 -0.095735 0.000000
vn -0.028920 -0.095727 0.000000
vn -0.019254 -0.098129 0.000000
vn -0.019277 -0.098124 0.000000
vn -0.009561 -0.099542 0.000000
vn -0.009575 -0.099541 0.000000
vn -0.000000 -0.100000 0.000000
vn -0.000000 -0.100000 0.000000
vn 0.100000 0.000000 0.000000
vn 0.100000 0.000000 0.000000
vn 0.100000 0.000000 0.000000
vn 0.100000 0.000000 0.000000
vn 0.100000 0.000000 0.000000
vn 0.100000 0.000000 0.000000
vn 0.100000 0.000000 0.000000
vn 0.100000 0.000000 0.000000
vn 0.100000 0.000000 0.000000
vn 0.100000 0.000000 0.000000
vn 0.100000 0.000000 0.000000
vn 0.100000 0.000000 0.000000
vn 0.100000 0.000000 0.000000
vn 0.100000 0.000000 0.000000
vn 0.100000 0.000000 0.000000
vn 0.100000 0.000000 0.000000
vn 0.100000 0.000000 0.000000
vn 0.100000 0.000000 0.000000
vn 0.100000 0.000000 0.000000
vn 0.100000 0.000000 0.000000
vn 0.100000 0.000000 0.000000
vn 0.100000 0.000000 0.000000
vn 0.100000 0.000000 0.000000
vn 0.100000 0.000000 0.000000
vn 0.100000 0.000000 0.000000
vn 0.100000 0.000000 0.000000
vn 0.100000 0.000000 0.000000
vn 0.100000 0.000000 0.000000
vn 0.100000 0.000000 0.000000
vn 0.100000 0.000000 0.000000
vn 0.100000 0.000000 0.000000
vn 0.100000 0.000000 0.000000
vn 0.100000 0.000000 0.000000
vn 0.100000 0.000000 0.000000
vn 0.100000 0.000000 0.000000
vn 0.100000 0.000000 0.000000
vn 0.100000 0.000000 0.000000
vn 0.100000 0.000000 0.000000
vn 0.100000 0.000000 0.000000
vn 0.100000 0.000000 0.000000
vn 0.100000 0.000000 0.000000
vn 0.100000 0.000000 0.000000
vn 0.100000 0.000000 0.000000
vn 0.100000 0.000000 0.000000
vn 0.100000 0.000000 0.000000
vn 0.100000 0.000000 0.000000
vn 0.100000 0.000000 0.000000
vn 0.100000 0.000000 0.000000
vn 0.100000 0.000000 0.000000
vn 0.100000 0.000000 0.000000
vn 0.100000 0.000000 0.000000
vn 0.100000 0.000000 0.000000
vn 0.100000 0.000000 0.000000
vn 0.100000 0.000000 0.000000
vn 0.100000 0.000000 0.000000
vn 0.100000 0.000000 0.000000
vn 0.100000 0.000000 0.000000
vn 0.100000 0.000000 0.000000
vn 0.100000 0.000000 0.000000
vn 0.100000 0.000000 0.000000
vn 0.100000 0.000000 0.000000
vn 0.100000 0.000000 0.000000
vn 0.100000 0.000000 0.000000
vn 0.100000 0.000000 0.000000
vn 0.100000 0.000000 0.000000
vn 0.100000 0.000000 0.000000
vn 0.100000 0.000000 0.000000
vn 0.100000 0.000000 0.000000
vn 0.100000 0.000000 0.000000
vn 0.100000 0.000000 0.000000
vn 0.100000 0.000000 0.000000
vn 0.100000 0.000000 0.000000
vn 0.100000 0.000000 0.000000
vn 0.100000 0.000000 0.000000
vn 0.100000 0.000000 0.000000
vn 0.100000 0.000000 0.000000
vn 0.100000 0.000000 0.000000
vn 0.100000 0.000000 0.000000
vn 0.100000 0.000000 0.000000
vn 0.100000 0.000000 0.000000
vn 0.100000 0.000000 0.000000
vn 0.100000 0.000000 0.000000
vn 0.100000 0.000000 0.000000
vn 0.100000 0.000000 0.000000
vn 0.100000 0.000000 0.000000
vn 0.100000 0.000000 0.000000
vn 0.100000 0.000000 0.000000
vn 0.100000 0.000000 0.000000
vn 0.100000 0.000000 0.000000
vn 0.100000 0.000000 0.000000
vn 0.100000 0.000000 0.000000
vn 0.100000 0.000000 0.000000
vn 0.100000 0.000000 0.000000
vn 0.100000 0.000000 0.000000
vn 0.100000 0.000000 0.000000
vn 0.100000 0.000000 0.000000
vn 0.100000 0.000000 0.000000
vn 0.100000 0.000000 0.000000
vn 0.100000 0.000000 0.000000
vn 0.100000 0.000000 0.000000
vn 0.100000 0.000000 0.000000
vn 0.100000 0.000000 0.000000
vn 0.100000 0.000000 0.000000
vn 0.100000 0.000000 0.000000
vn 0.100000 0.000000 0.000000
vn 0.100000 0.000000 0.000000
vn 0.100000 0.000000 0.000000
vn 0.100000 0.000000 0.000000
vn 0.100000 0.000000 0.000000
vn 0.100000 0.000000 0.000000
vn 0.100000 0.000000 0.000000
vn 0.100000 0.000000 0.000000
vn 0.100000 0.000000 0.000000
vn 0.100000 0.000000 0.000000
vn 0.100000 0.000000 0.000000
vn 0.100000 0.000000 0.000000
vn 0.100000 0.000000 0.000000
vn 0.100000 0.000000 0.000000
vn 0.100000 0.000000 0.000000
vn 0.100000 0.000000 0.000000
vn 0.100000 0.000000 0.000000
vn 0.100000 0.000000 0.000000
vn 0.100000 0.000000 0.000000
vn 0.100000 0.000000 0.000000
vn 0.100000 0.000000 0.000000
vn 0.100000 0.000000 0.000000
vn 0.100000 0.000000 0.000000
vn 0.100000 0.000000 0.000000
vn 0.100000 0.000000 0.000000
vn 0.100000 0.000000 0.000000
vn 0.100000 0.000000 0.000000
vn 0.100000 0.000000 0.000000
vn 0.100000 0.000000 0.000000
vn 0.100000 0.000000 0.000000
vn 0.100000 0.000000 0.000000
vn 0.100000 0.000000 0.000000
vn 0.100000 0.000000 0.000000
vn 0.100000 0.000000 0.000000
vn 0.100000 0.000000 0.000000
vn 0.100000 0.000000 0.000000
vn 0.100000 0.000000 0.000000
vn 0.100000 0.000000 0.000000
vn 0.100000 0.000000 0.000000
vn 0.100000 0.000000 0.000000
vn 0.100000 0.000000 0.000000
vn 0.100000 0.000000 0.000000
vn 0.100000 0.000000 0.000000
vn 0.100000 0.000000 0.000000
vn 0.100000 0.000000 0.000000
vn 0.100000 0.000000 0.000000
vn 0.100000 0.000000 0.000000
vn 0.100000 0.000000 0.000000
vn 0.100000 0.000000 0.000000
vn 0.100000 0.000000 0.000000
vn 0.100000 0.000000 0.000000
vn 0.100000 0.000000 0.000000
vn 0.100000 0.000000 0.000000
vn 0.100000 0.000000 0.000000
vn 0.100000 0.000000 0.000000
vn 0.100000 0.000000 0.000000
vn 0.100000 0.000000 0.000000
vn 0.100000 0.000000 0.000000
vn 0.100000 0.000000 0.000000
vn 0.100000 0.000000 0.000000
vn 0.100000 0.000000 0.000000
vn 0.100000 0.000000 0.000000
vn 0.100000 0.000000 0.000000
vn 0.100000 0.000000 0.000000
vn 0.100000 0.000000 0.000000
vn 0.100000 0.000000 0.000000
vn 0.100000 0.000000 0.000000
vn 0.100000 0.000000 0.000000
vn 0.100000 0.000000 0.000000
vn 0.100000 0.000000 0.000000
vn 0.100000 0.000000 0.000000
vn 0.100000 0.000000 0.000000
vn 0.100000 0.000000 0.000000
vn 0.100000 0.000000 0.000000
vn 0.100000 0.000000 0.000000
vn 0.100000 0.000000 0.000000
vn 0.100000 0.000000 0.000000
vn 0.100000 0.000000 0.000000
vn 0.100000 0.000000 0.000000
vn 0.100000 0.000000 0.000000
vn 0.100000 0.000000 0.000000
vn 0.100000 0.000000 0.000000
vn 0.100000 0.000000 0.000000
vn 0.100000 0.000000 0.000000
vn 0.100000 0.000000 0.000000
vn 0.100000 0.000000 0.000000
vn 0.100000 0.000000 0.000000
vn 0.100000 0.000000 0.000000
vn 0.100000 0.000000 0.000000
vn 0.100000 0.000000 0.000000
vn 0.100000 0.000000 0.000000
vn 0.100000 0.000000 0.000000
vn 0.100000 0.000000 0.000000
vn 0.100000 0.000000 0.000000
vn 0.100000 0.000000 0.000000
vn 0.100000 0.000000 0.000000
vn 0.100000 0.000000 0.000000
vn 0.100000 0.000000 0.000000
vn 0.100000 0.000000 0.000000
vn 0.100000 0.000000 0.000000
vn 0.100000 0.000000 0.000000
vn 0.100000 0.000000 0.000000
vn 0.100000 0.000000 0.000000
vn 0.100000 0.000000 0.000000
vn 0.100000 0.000000 0.000000
vn 0.100000 0.000000 0.000000
vn 0.100000 0.000000 0.000000
vn 0.100000 0.000000 0.000000
vn 0.100000 0.000000 0.000000
vn 0.100000 0.000000 0.000000
vn 0.100000 0.000000 0.000000
vn 0.100000 0.000000 0.000000
vn 0.100000 0.000000 0.000000
vn 0.100000 0.000000 0.000000
vn 0.100000 0.000000 0.000000
vn 0.100000 0.000000 0.000000
vn 0.100000 0.000000 0.000000
vn 0.100000 0.000000 0.000000
vn 0.100000 0.000000 0.000000
vn 0.100000 0.000000 0.000000
vn 0.100000 0.000000 0.000000
vn 0.100000 0.000000 0.000000
vn 0.100000 0.000000 0.000000
vn 0.100000 0.000000 0.000000
vn 0.100000 0.000000 0.000000
vn 0.100000 0.000000 0.000000
vn 0.100000 0.000000 0.000000
vn -0.100000 0.000000 0.000000
vn -0.100000 0.000000 0.000000
vn -0.100000 0.000000 0.000000
vn -0.100000 0.000000 0.000000
vn -0.100000 0.000000 0.000000
vn -0.100000 0.000000 0.000000
vn -0.100000 0.000000 0.000000
vn -0.100000 0.000000 0.000000
vn -0.100000 0.000000 0.000000
vn -0.100000 0.000000 0.000000
vn -0.100000 0.000000 0.000000
vn -0.100000 0.000000 0.000000
vn -0.100000 0.000000 0.000000
vn -0.100000 0.000000 0.000000
vn -0.100000 0.000000 0.000000
vn -0.100000 0.000000 0.000000
vn -0.100000 0.000000 0.000000
vn -0.100000 0.000000 0.000000
vn -0.100000 0.000000 0.000000
vn -0.100000 0.000000 0.000000
vn -0.100000 0.000000 0.000000
vn -0.100000 0.000000 0.000000
vn -0.100000 0.000000 0.000000
vn -0.100000 0.000000 0.000000
vn -0.100000 0.000000 0.000000
vn -0.100000 0.000000 0.000000
vn -0.100000 0.000000 0.000000
vn -0.100000 0.000000 0.000000
vn -0.100000 0.000000 0.000000
vn -0.100000 0.000000 0.000000
vn -0.100000 0.000000 0.000000
vn -0.100000 0.000000 0.000000
vn -0.100000 0.000000 0.000000
vn -0.100000 0.000000 0.000000
vn -0.100000 0.000000 0.000000
vn -0.100000 0.000000 0.000000
vn -0.100000 0.000000 0.000000
vn -0.100000 0.000000 0.000000
vn -0.100000 0.000000 0.000000
vn -0.100000 0.000000 0.000000
vn -0.100000 0.000000 0.000000
vn -0.100000 0.000000 0.000000
vn -0.100000 0.000000 0.000000
vn -0.100000 0.000000 0.000000
vn -0.100000 0.000000 0.000000
vn -0.100000 0.000000 0.000000
vn -0.100000 0.000000 0.000000
vn -0.100000 0.000000 0.000000
vn -0.100000 0.000000 0.000000
vn -0.100000 0.000000 0.000000
vn -0.100000 0.000000 0.000000
vn -0.100000 0.000000 0.000000
vn -0.100000 0.000000 0.000000
vn -0.100000 0.000000 0.000000
vn -0.100000 0.000000 0.000000
vn -0.100000 0.000000 0.000000
vn -0.100000 0.000000 0.000000
vn -0.100000 0.000000 0.000000
vn -0.100000 0.000000 0.000000
vn -0.100000 0.000000 0.000000
vn -0.100000 0.000000 0.000000
vn -0.100000 0.000000 0.000000
vn -0.100000 0.000000 0.000000
vn -0.100000 0.000000 0.000000
vn -0.100000 0.000000 0.000000
vn -0.100000 0.000000 0.000000
vn -0.100000 0.000000 0.000000
vn -0.100000 0.000000 0.000000
vn -0.100000 0.000000 0.000000
vn -0.100000 0.000000 0.000000
vn -0.100000 0.000000 0.000000
vn -0.100000 0.000000 0.000000
vn -0.100000 0.000000 0.000000
vn -0.100000 0.000000 0.000000
vn -0.100000 0.000000 0.000000
vn -0.100000 0.000000 0.000000
vn -0.100000 0.000000 0.000000
vn -0.100000 0.000000 0.000000
vn -0.100000 0.000000 0.000000
vn -0.100000 0.000000 0.000000
vn -0.100000 0.000000 0.000000
vn -0.100000 0.000000 0.000000
vn -0.100000 0.000000 0.000000
vn -0.100000 0.000000 0.000000
vn -0.100000 0.000000 0.000000
vn -0.100000 0.000000 0.000000
vn -0.100000 0.000000 0.000000
vn -0.100000 0.000000 0.000000
vn -0.100000 0.000000 0.000000
vn -0.100000 0.000000 0.000000
vn -0.100000 0.000000 0.000000
vn -0.100000 0.000000 0.000000
vn -0.100000 0.000000 0.000000
vn -0.100000 0.000000 0.000000
vn -0.100000 0.000000 0.000000
vn -0.100000 0.000000 0.000000
vn -0.100000 0.000000 0.000000
usemtl 204,204,204
f 16/1/1 1/2/2 15/3/3
f 15/3/3 1/2/2 2/4/4
f 15/3/3 2/4/4 14/5/5
f 14/5/5 2/4/4 13/6/6
f 13/6/6 2/4/4 12/7/7
f 12/7/7 2/4/4 11/8/8
f 11/8/8 2/4/4 10/9/9
f 10/9/9 2/4/4 9/10/10
f 9/10/10 2/4/4 8/11/11
f 8/11/11 2/4/4 7/12/12
f 7/12/12 2/4/4 6/13/13
f 6/13/13 2/4/4 5/14/14
f 5/14/14 2/4/4 4/15/15
f 4/15/15 2/4/4 3/16/16
f 2/17/4 17/18/17 3/19/16
f 3/19/16 17/18/17 73/20/18
f 73/20/18 17/18/17 75/21/19
f 73/20/18 75/21/19 72/22/20
f 72/22/20 75/21/19 71/23/21
f 71/23/21 75/21/19 74/24/22
f 71/23/21 74/24/22 70/25/23
f 70/25/23 74/24/22 69/26/24
f 69/26/24 74/24/22 76/27/25
f 69/26/24 76/27/25 68/28/26
f 68/28/26 76/27/25 67/29/27
f 67/29/27 76/27/25 66/30/28
f 66/30/28 76/27/25 65/31/29
f 65/31/29 76/27/25 64/32/30
f 64/32/30 76/27/25 63/33/31
f 63/33/31 76/27/25 77/34/32
f 63/33/31 77/34/32 60/35/33
f 60/35/33 77/34/32 59/36/34
f 59/36/34 77/34/32 78/37/35
f 59/36/34 78/37/35 58/38/36
f 58/38/36 78/37/35 79/39/37
f 58/38/36 79/39/37 57/40/38
f 57/40/38 79/39/37 80/41/39
f 57/40/38 80/41/39 56/42/40
f 56/42/40 80/41/39 81/43/41
f 56/42/40 81/43/41 55/44/42
f 55/44/42 81/43/41 54/45/43
f 54/45/43 81/43/41 82/46/44
f 54/45/43 82/46/44 53/47/45
f 53/47/45 82/46/44 83/48/46
f 53/47/45 83/48/46 52/49/47
f 52/49/47 83/48/46 51/50/48
f 51/50/48 83/48/46 84/51/49
f 51/50/48 84/51/49 50/52/50
f 50/52/50 84/51/49 35/53/51
f 50/52/50 35/53/51 88/54/52
f 88/54/52 35/53/51 36/55/53
f 88/54/52 36/55/53 37/56/54
f 17/18/17 18/57/55 75/21/19
f 75/21/19 18/57/55 19/58/56
f 75/21/19 19/58/56 74/24/22
f 74/24/22 19/58/56 20/59/57
f 74/24/22 20/59/57 21/60/58
f 74/24/22 21/60/58 76/27/25
f 76/27/25 21/60/58 22/61/59
f 76/27/25 22/61/59 23/62/60
f 76/27/25 23/62/60 77/34/32
f 77/34/32 23/62/60 24/63/61
f 77/34/32 24/63/61 25/64/62
f 77/34/32 25/64/62 78/37/35
f 78/37/35 25/64/62 26/65/63
f 78/37/35 26/65/63 27/66/64
f 78/37/35 27/66/64 79/39/37
f 79/39/37 27/66/64 28/67/65
f 79/39/37 28/67/65 80/41/39
f 80/41/39 28/67/65 29/68/66
f 80/41/39 29/68/66 81/43/41
f 81/43/41 29/68/66 30/69/67
f 81/43/41 30/69/67 31/70/68
f 81/43/41 31/70/68 82/46/44
f 82/46/44 31/70/68 32/71/69
f 82/46/44 32/71/69 83/48/46
f 83/48/46 32/71/69 33/72/70
f 83/48/46 33/72/70 84/51/49
f 84/51/49 33/72/70 34/73/71
f 84/51/49 34/73/71 35/53/51
f 38/74/72 85/75/73 37/56/54
f 37/56/54 85/75/73 49/76/74
f 37/56/54 49/76/74 88/54/52
f 88/54/52 49/76/74 50/52/50
f 38/74/72 39/77/75 85/75/73
f 85/75/73 39/77/75 86/78/76
f 85/75/73 86/78/76 48/79/77
f 48/79/77 86/78/76 47/80/78
f 47/80/78 86/78/76 87/81/79
f 47/80/78 87/81/79 46/82/80
f 46/82/80 87/81/79 45/83/81
f 45/83/81 87/81/79 43/84/82
f 45/83/81 43/84/82 44/85/83
f 39/77/75 40/86/84 86/78/76
f 86/78/76 40/86/84 41/87/85
f 86/78/76 41/87/85 87/81/79
f 87/81/79 41/87/85 42/88/86
f 87/81/79 42/88/86 43/84/82
f 48/79/77 49/76/74 85/75/73
f 61/89/87 62/90/88 60/35/33
f 60/35/33 62/90/88 63/33/31
f 44/91/83 89/92/89 45/93/81
f 45/93/81 89/92/89 90/94/90
f 45/93/81 90/94/90 92/95/91
f 92/95/91 90/94/90 91/96/92
f 94/97/93 96/98/94 93/99/95
f 93/99/95 96/98/94 97/100/96
f 93/99/95 97/100/96 98/101/97
f 94/97/93 95/102/98 96/98/94
f 98/101/97 99/103/99 93/99/95
f 93/99/95 99/103/99 100/104/100
f 93/99/95 100/104/100 101/105/101
f 101/105/101 102/106/102 93/99/95
f 93/99/95 102/106/102 103/107/103
f 93/99/95 103/107/103 104/108/104
f 104/108/104 105/109/105 93/99/95
f 93/99/95 105/109/105 106/110/106
f 93/99/95 106/110/106 107/111/107
f 107/111/107 108/112/108 93/99/95
f 109/113/109 165/114/110 91/115/92
f 91/115/92 165/114/110 163/116/111
f 91/115/92 163/116/111 92/117/91
f 109/113/109 110/118/112 165/114/110
f 165/114/110 110/118/112 111/119/113
f 165/114/110 111/119/113 164/120/114
f 164/120/114 111/119/113 112/121/115
f 164/120/114 112/121/115 113/122/116
f 164/120/114 113/122/116 166/123/117
f 166/123/117 113/122/116 114/124/118
f 166/123/117 114/124/118 115/125/119
f 116/126/120 178/127/121 115/125/119
f 115/125/119 178/127/121 160/128/122
f 115/125/119 160/128/122 166/123/117
f 166/123/117 160/128/122 161/129/123
f 166/123/117 161/129/123 164/120/114
f 164/120/114 161/129/123 162/130/124
f 164/120/114 162/130/124 165/114/110
f 165/114/110 162/130/124 163/116/111
f 116/126/120 117/131/125 178/127/121
f 178/127/121 117/131/125 159/132/126
f 178/127/121 159/132/126 160/128/122
f 159/132/126 117/131/125 168/133/127
f 168/133/127 117/131/125 118/134/128
f 168/133/127 118/134/128 119/135/129
f 168/133/127 119/135/129 167/136/130
f 167/136/130 119/135/129 120/137/131
f 167/136/130 120/137/131 169/138/132
f 169/138/132 120/137/131 121/139/133
f 169/138/132 121/139/133 122/140/134
f 169/138/132 122/140/134 170/141/135
f 170/141/135 122/140/134 123/142/136
f 170/141/135 123/142/136 171/143/137
f 171/143/137 123/142/136 124/144/138
f 171/143/137 124/144/138 172/145/139
f 172/145/139 124/144/138 125/146/140
f 172/145/139 125/146/140 173/147/141
f 173/147/141 125/146/140 126/148/142
f 173/147/141 126/148/142 127/149/143
f 173/147/141 127/149/143 174/150/144
f 174/150/144 127/149/143 128/151/145
f 174/150/144 128/151/145 129/152/146
f 174/150/144 129/152/146 175/153/147
f 175/153/147 129/152/146 130/154/148
f 175/153/147 130/154/148 131/155/149
f 175/153/147 131/155/149 176/156/150
f 176/156/150 131/155/149 132/157/151
f 176/156/150 132/157/151 133/158/152
f 176/156/150 133/158/152 177/159/153
f 177/159/153 133/158/152 134/160/154
f 177/159/153 134/160/154 135/161/155
f 93/162/95 108/163/108 135/161/155
f 135/161/155 108/163/108 136/164/156
f 135/161/155 136/164/156 177/159/153
f 177/159/153 136/164/156 137/165/157
f 177/159/153 137/165/157 176/156/150
f 176/156/150 137/165/157 138/166/158
f 176/156/150 138/166/158 139/167/159
f 139/167/159 140/168/160 176/156/150
f 176/156/150 140/168/160 175/153/147
f 140/168/160 141/169/161 175/153/147
f 175/153/147 141/169/161 142/170/162
f 175/153/147 142/170/162 143/171/163
f 143/171/163 144/172/164 175/153/147
f 175/153/147 144/172/164 174/150/144
f 144/172/164 145/173/165 174/150/144
f 174/150/144 145/173/165 146/174/166
f 174/150/144 146/174/166 149/175/167
f 149/175/167 146/174/166 147/176/168
f 149/175/167 147/176/168 148/177/169
f 149/175/167 150/178/170 174/150/144
f 174/150/144 150/178/170 173/147/141
f 150/178/170 151/179/171 173/147/141
f 173/147/141 151/179/171 172/145/139
f 151/179/171 152/180/172 172/145/139
f 172/145/139 152/180/172 171/143/137
f 152/180/172 153/181/173 171/143/137
f 171/143/137 153/181/173 170/141/135
f 153/181/173 154/182/174 170/141/135
f 170/141/135 154/182/174 155/183/175
f 170/141/135 155/183/175 169/138/132
f 169/138/132 155/183/175 156/184/176
f 169/138/132 156/184/176 167/136/130
f 167/136/130 156/184/176 157/185/177
f 167/136/130 157/185/177 158/186/178
f 167/136/130 158/186/178 168/133/127
f 168/133/127 158/186/178 159/132/126
f 180/187/179 444/188/180 179/189/181
f 179/189/181 444/188/180 449/190/182
f 179/189/181 449/190/182 303/191/183
f 303/191/183 449/190/182 789/192/184
f 303/191/183 789/192/184 302/193/185
f 302/193/185 789/192/184 786/194/186
f 302/193/185 786/194/186 301/195/187
f 301/195/187 786/194/186 783/196/188
f 301/195/187 783/196/188 300/197/189
f 300/197/189 783/196/188 780/198/190
f 300/197/189 780/198/190 299/199/191
f 299/199/191 780/198/190 777/200/192
f 299/199/191 777/200/192 298/201/193
f 298/201/193 777/200/192 774/202/194
f 298/201/193 774/202/194 297/203/195
f 297/203/195 774/202/194 771/204/196
f 297/203/195 771/204/196 296/205/197
f 296/205/197 771/204/196 768/206/198
f 296/205/197 768/206/198 295/207/199
f 295/207/199 768/206/198 765/208/200
f 295/207/199 765/208/200 294/209/201
f 294/209/201 765/208/200 762/210/202
f 294/209/201 762/210/202 293/211/203
f 293/211/203 762/210/202 759/212/204
f 293/211/203 759/212/204 292/213/205
f 292/213/205 759/212/204 756/214/206
f 292/213/205 756/214/206 291/215/207
f 291/215/207 756/214/206 753/216/208
f 291/215/207 753/216/208 290/217/209
f 290/217/209 753/216/208 750/218/210
f 290/217/209 750/218/210 289/219/211
f 289/219/211 750/218/210 747/220/212
f 289/219/211 747/220/212 288/221/213
f 288/221/213 747/220/212 744/222/214
f 288/221/213 744/222/214 287/223/215
f 287/223/215 744/222/214 741/224/216
f 287/223/215 741/224/216 286/225/217
f 286/225/217 741/224/216 738/226/218
f 286/225/217 738/226/218 285/227/219
f 285/227/219 738/226/218 735/228/220
f 285/227/219 735/228/220 284/229/221
f 284/229/221 735/228/220 732/230/222
f 284/229/221 732/230/222 283/231/223
f 283/231/223 732/230/222 729/232/224
f 283/231/223 729/232/224 282/233/225
f 282/233/225 729/232/224 726/234/226
f 282/233/225 726/234/226 281/235/227
f 281/235/227 726/234/226 723/236/228
f 281/235/227 723/236/228 280/237/229
f 280/237/229 723/236/228 720/238/230
f 280/237/229 720/238/230 279/239/231
f 279/239/231 720/238/230 717/240/232
f 279/239/231 717/240/232 278/241/233
f 278/241/233 717/240/232 714/242/234
f 278/241/233 714/242/234 277/243/235
f 277/243/235 714/242/234 711/244/236
f 277/243/235 711/244/236 276/245/237
f 276/245/237 711/244/236 708/246/238
f 276/245/237 708/246/238 275/247/239
f 275/247/239 708/246/238 705/248/240
f 275/247/239 705/248/240 274/249/241
f 274/249/241 705/248/240 702/250/242
f 274/249/241 702/250/242 273/251/243
f 273/251/243 702/250/242 699/252/244
f 273/251/243 699/252/244 272/253/245
f 272/253/245 699/252/244 696/254/246
f 272/253/245 696/254/246 271/255/247
f 271/255/247 696/254/246 693/256/248
f 271/255/247 693/256/248 270/257/249
f 270/257/249 693/256/248 690/258/250
f 270/257/249 690/258/250 269/259/251
f 269/259/251 690/258/250 687/260/252
f 269/259/251 687/260/252 268/261/253
f 268/261/253 687/260/252 684/262/254
f 268/261/253 684/262/254 267/263/255
f 267/263/255 684/262/254 681/264/256
f 267/263/255 681/264/256 266/265/257
f 266/265/257 681/264/256 678/266/258
f 266/265/257 678/266/258 265/267/259
f 265/267/259 678/266/258 675/268/260
f 265/267/259 675/268/260 264/269/261
f 264/269/261 675/268/260 672/270/262
f 264/269/261 672/270/262 263/271/263
f 263/271/263 672/270/262 669/272/264
f 263/271/263 669/272/264 262/273/265
f 262/273/265 669/272/264 666/274/266
f 262/273/265 666/274/266 261/275/267
f 261/275/267 666/274/266 663/276/268
f 261/275/267 663/276/268 260/277/269
f 260/277/269 663/276/268 660/278/270
f 260/277/269 660/278/270 259/279/271
f 259/279/271 660/278/270 657/280/272
f 259/279/271 657/280/272 258/281/273
f 258/281/273 657/280/272 654/282/274
f 258/281/273 654/282/274 257/283/275
f 257/283/275 654/282/274 651/284/276
f 257/283/275 651/284/276 256/285/277
f 256/285/277 651/284/276 648/286/278
f 256/285/277 648/286/278 255/287/279
f 255/287/279 648/286/278 645/288/280
f 255/287/279 645/288/280 254/289/281
f 254/289/281 645/288/280 642/290/282
f 254/289/281 642/290/282 253/291/283
f 253/291/283 642/290/282 639/292/284
f 253/291/283 639/292/284 252/293/285
f 252/293/285 639/292/284 636/294/286
f 252/293/285 636/294/286 251/295/287
f 251/295/287 636/294/286 633/296/288
f 251/295/287 633/296/288 250/297/289
f 250/297/289 633/296/288 630/298/290
f 250/297/289 630/298/290 249/299/291
f 249/299/291 630/298/290 627/300/292
f 249/299/291 627/300/292 248/301/293
f 248/301/293 627/300/292 624/302/294
f 248/301/293 624/302/294 247/303/295
f 247/303/295 624/302/294 621/304/296
f 247/303/295 621/304/296 246/305/297
f 246/305/297 621/304/296 618/306/298
f 246/305/297 618/306/298 245/307/299
f 245/307/299 618/306/298 615/308/300
f 245/307/299 615/308/300 244/309/301
f 244/309/301 615/308/300 612/310/302
f 244/309/301 612/310/302 243/311/303
f 243/311/303 612/310/302 609/312/304
f 243/311/303 609/312/304 242/313/305
f 242/313/305 609/312/304 441/314/306
f 242/313/305 441/314/306 241/315/307
f 241/316/307 441/317/306 606/318/308
f 241/316/307 606/318/308 240/319/309
f 240/319/309 606/318/308 603/320/310
f 240/319/309 603/320/310 239/321/311
f 239/321/311 603/320/310 600/322/312
f 239/321/311 600/322/312 238/323/313
f 238/323/313 600/322/312 597/324/314
f 238/323/313 597/324/314 237/325/315
f 237/325/315 597/324/314 594/326/316
f 237/325/315 594/326/316 236/327/317
f 236/327/317 594/326/316 591/328/318
f 236/327/317 591/328/318 235/329/319
f 235/329/319 591/328/318 588/330/320
f 235/329/319 588/330/320 234/331/321
f 234/331/321 588/330/320 585/332/322
f 234/331/321 585/332/322 233/333/323
f 233/333/323 585/332/322 582/334/324
f 233/333/323 582/334/324 232/335/325
f 232/335/325 582/334/324 579/336/326
f 232/335/325 579/336/326 231/337/327
f 231/337/327 579/336/326 576/338/328
f 231/337/327 576/338/328 230/339/329
f 230/339/329 576/338/328 573/340/330
f 230/339/329 573/340/330 229/341/331
f 229/341/331 573/340/330 570/342/332
f 229/341/331 570/342/332 228/343/333
f 228/343/333 570/342/332 567/344/334
f 228/343/333 567/344/334 227/345/335
f 227/345/335 567/344/334 564/346/336
f 227/345/335 564/346/336 226/347/337
f 226/347/337 564/346/336 561/348/338
f 226/347/337 561/348/338 225/349/339
f 225/349/339 561/348/338 558/350/340
f 225/349/339 558/350/340 224/351/341
f 224/351/341 558/350/340 555/352/342
f 224/351/341 555/352/342 223/353/343
f 223/353/343 555/352/342 552/354/344
f 223/353/343 552/354/344 222/355/345
f 222/355/345 552/354/344 549/356/346
f 222/355/345 549/356/346 221/357/347
f 221/357/347 549/356/346 546/358/348
f 221/357/347 546/358/348 220/359/349
f 220/359/349 546/358/348 543/360/350
f 220/359/349 543/360/350 219/361/351
f 219/361/351 543/360/350 540/362/352
f 219/361/351 540/362/352 218/363/353
f 218/363/353 540/362/352 537/364/354
f 218/363/353 537/364/354 217/365/355
f 217/365/355 537/364/354 534/366/356
f 217/365/355 534/366/356 216/367/357
f 216/367/357 534/366/356 533/368/358
f 216/367/357 533/368/358 215/369/359
f 215/369/359 533/368/358 532/370/360
f 215/369/359 532/370/360 214/371/361
f 214/371/361 532/370/360 531/372/362
f 214/371/361 531/372/362 213/373/363
f 213/373/363 531/372/362 530/374/364
f 213/373/363 530/374/364 212/375/365
f 212/375/365 530/374/364 529/376/366
f 212/375/365 529/376/366 211/377/367
f 211/377/367 529/376/366 528/378/368
f 211/377/367 528/378/368 210/379/369
f 210/379/369 528/378/368 527/380/370
f 210/379/369 527/380/370 209/381/371
f 209/381/371 527/380/370 526/382/372
f 209/381/371 526/382/372 208/383/373
f 208/383/373 526/382/372 525/384/374
f 208/383/373 525/384/374 207/385/375
f 207/385/375 525/384/374 524/386/376
f 207/385/375 524/386/376 206/387/377
f 206/387/377 524/386/376 523/388/378
f 206/387/377 523/388/378 205/389/379
f 205/389/379 523/388/378 522/390/380
f 205/389/379 522/390/380 204/391/381
f 204/391/381 522/390/380 519/392/382
f 204/391/381 519/392/382 203/393/383
f 203/393/383 519/392/382 516/394/384
f 203/393/383 516/394/384 202/395/385
f 202/395/385 516/394/384 513/396/386
f 202/395/385 513/396/386 201/397/387
f 201/397/387 513/396/386 510/398/388
f 201/397/387 510/398/388 200/399/389
f 200/399/389 510/398/388 507/400/390
f 200/399/389 507/400/390 199/401/391
f 199/401/391 507/400/390 504/402/392
f 199/401/391 504/402/392 198/403/393
f 198/403/393 504/402/392 501/404/394
f 198/403/393 501/404/394 197/405/395
f 197/405/395 501/404/394 498/406/396
f 197/405/395 498/406/396 196/407/397
f 196/407/397 498/406/396 495/408/398
f 196/407/397 495/408/398 195/409/399
f 195/409/399 495/408/398 492/410/400
f 195/409/399 492/410/400 194/411/401
f 194/411/401 492/410/400 489/412/402
f 194/411/401 489/412/402 193/413/403
f 193/413/403 489/412/402 486/414/404
f 193/413/403 486/414/404 192/415/405
f 192/415/405 486/414/404 483/416/406
f 192/415/405 483/416/406 191/417/407
f 191/417/407 483/416/406 480/418/408
f 191/417/407 480/418/408 190/419/409
f 190/419/409 480/418/408 477/420/410
f 190/419/409 477/420/410 189/421/411
f 189/421/411 477/420/410 474/422/412
f 189/421/411 474/422/412 188/423/413
f 188/423/413 474/422/412 471/424/414
f 188/423/413 471/424/414 187/425/415
f 187/425/415 471/424/414 468/426/416
f 187/425/415 468/426/416 186/427/417
f 186/427/417 468/426/416 465/428/418
f 186/427/417 465/428/418 185/429/419
f 185/429/419 465/428/418 462/430/420
f 185/429/419 462/430/420 184/431/421
f 184/431/421 462/430/420 459/432/422
f 184/431/421 459/432/422 183/433/423
f 183/433/423 459/432/422 456/434/424
f 183/433/423 456/434/424 182/435/425
f 182/435/425 456/434/424 453/436/426
f 182/435/425 453/436/426 181/437/427
f 181/437/427 453/436/426 450/438/428
f 181/437/427 450/438/428 180/187/179
f 180/187/179 450/438/428 444/188/180
f 440/439/429 94/440/430 536/441/431
f 536/441/431 94/440/430 93/442/432
f 536/441/431 93/442/432 535/443/433
f 535/443/433 93/442/432 534/366/356
f 535/443/433 534/366/356 538/444/434
f 538/444/434 534/366/356 537/364/354
f 538/444/434 537/364/354 541/445/435
f 541/445/435 537/364/354 540/362/352
f 541/445/435 540/362/352 544/446/436
f 544/446/436 540/362/352 543/360/350
f 544/446/436 543/360/350 547/447/437
f 547/447/437 543/360/350 546/358/348
f 547/447/437 546/358/348 550/448/438
f 550/448/438 546/358/348 549/356/346
f 550/448/438 549/356/346 553/449/439
f 553/449/439 549/356/346 552/354/344
f 553/449/439 552/354/344 556/450/440
f 556/450/440 552/354/344 555/352/342
f 556/450/440 555/352/342 559/451/441
f 559/451/441 555/352/342 558/350/340
f 559/451/441 558/350/340 562/452/442
f 562/452/442 558/350/340 561/348/338
f 562/452/442 561/348/338 565/453/443
f 565/453/443 561/348/338 564/346/336
f 565/453/443 564/346/336 568/454/444
f 568/454/444 564/346/336 567/344/334
f 568/454/444 567/344/334 571/455/445
f 571/455/445 567/344/334 570/342/332
f 571/455/445 570/342/332 574/456/446
f 574/456/446 570/342/332 573/340/330
f 574/456/446 573/340/330 577/457/447
f 577/457/447 573/340/330 576/338/328
f 577/457/447 576/338/328 580/458/448
f 580/458/448 576/338/328 579/336/326
f 580/458/448 579/336/326 583/459/449
f 583/459/449 579/336/326 582/334/324
f 583/459/449 582/334/324 586/460/450
f 586/460/450 582/334/324 585/332/322
f 586/460/450 585/332/322 589/461/451
f 589/461/451 585/332/322 588/330/320
f 589/461/451 588/330/320 592/462/452
f 592/462/452 588/330/320 591/328/318
f 592/462/452 591/328/318 595/463/453
f 595/463/453 591/328/318 594/326/316
f 595/463/453 594/326/316 598/464/454
f 598/464/454 594/326/316 597/324/314
f 598/464/454 597/324/314 601/465/455
f 601/465/455 597/324/314 600/322/312
f 601/465/455 600/322/312 604/466/456
f 604/466/456 600/322/312 603/320/310
f 604/466/456 603/320/310 607/467/457
f 607/467/457 603/320/310 606/318/308
f 607/467/457 606/318/308 442/468/458
f 442/468/458 606/318/308 441/317/306
f 442/469/458 441/314/306 610/470/459
f 610/470/459 441/314/306 609/312/304
f 610/470/459 609/312/304 613/471/460
f 613/471/460 609/312/304 612/310/302
f 613/471/460 612/310/302 616/472/461
f 616/472/461 612/310/302 615/308/300
f 616/472/461 615/308/300 619/473/462
f 619/473/462 615/308/300 618/306/298
f 619/473/462 618/306/298 622/474/463
f 622/474/463 618/306/298 621/304/296
f 622/474/463 621/304/296 625/475/464
f 625/475/464 621/304/296 624/302/294
f 625/475/464 624/302/294 628/476/465
f 628/476/465 624/302/294 627/300/292
f 628/476/465 627/300/292 631/477/466
f 631/477/466 627/300/292 630/298/290
f 631/477/466 630/298/290 634/478/467
f 634/478/467 630/298/290 633/296/288
f 634/478/467 633/296/288 637/479/468
f 637/479/468 633/296/288 636/294/286
f 637/479/468 636/294/286 640/480/469
f 640/480/469 636/294/286 639/292/284
f 640/480/469 639/292/284 643/481/470
f 643/481/470 639/292/284 642/290/282
f 643/481/470 642/290/282 646/482/471
f 646/482/471 642/290/282 645/288/280
f 646/482/471 645/288/280 649/483/472
f 649/483/472 645/288/280 648/286/278
f 649/483/472 648/286/278 652/484/473
f 652/484/473 648/286/278 651/284/276
f 652/484/473 651/284/276 655/485/474
f 655/485/474 651/284/276 654/282/274
f 655/485/474 654/282/274 658/486/475
f 658/486/475 654/282/274 657/280/272
f 658/486/475 657/280/272 661/487/476
f 661/487/476 657/280/272 660/278/270
f 661/487/476 660/278/270 664/488/477
f 664/488/477 660/278/270 663/276/268
f 664/488/477 663/276/268 667/489/478
f 667/489/478 663/276/268 666/274/266
f 667/489/478 666/274/266 670/490/479
f 670/490/479 666/274/266 669/272/264
f 670/490/479 669/272/264 673/491/480
f 673/491/480 669/272/264 672/270/262
f 673/491/480 672/270/262 676/492/481
f 676/492/481 672/270/262 675/268/260
f 676/492/481 675/268/260 679/493/482
f 679/493/482 675/268/260 678/266/258
f 679/493/482 678/266/258 682/494/483
f 682/494/483 678/266/258 681/264/256
f 682/494/483 681/264/256 685/495/484
f 685/495/484 681/264/256 684/262/254
f 685/495/484 684/262/254 688/496/485
f 688/496/485 684/262/254 687/260/252
f 688/496/485 687/260/252 690/258/250
f 93/442/432 135/497/486 534/366/356
f 534/366/356 135/497/486 134/498/487
f 534/366/356 134/498/487 133/499/488
f 133/499/488 132/500/489 534/366/356
f 534/366/356 132/500/489 131/501/490
f 534/366/356 131/501/490 130/502/491
f 130/502/491 129/503/492 534/366/356
f 534/366/356 129/503/492 128/504/493
f 534/366/356 128/504/493 127/505/494
f 534/366/356 127/505/494 533/368/358
f 533/368/358 127/505/494 126/506/495
f 533/368/358 126/506/495 125/507/496
f 125/507/496 124/508/497 533/368/358
f 533/368/358 124/508/497 123/509/498
f 533/368/358 123/509/498 122/510/499
f 533/368/358 122/510/499 532/370/360
f 532/370/360 122/510/499 121/511/500
f 532/370/360 121/511/500 120/512/501
f 532/370/360 120/512/501 531/372/362
f 531/372/362 120/512/501 119/513/502
f 531/372/362 119/513/502 118/514/503
f 118/514/503 117/515/504 531/372/362
f 531/372/362 117/515/504 116/516/505
f 531/372/362 116/516/505 115/517/506
f 531/372/362 115/517/506 530/374/364
f 530/374/364 115/517/506 114/518/507
f 530/374/364 114/518/507 113/519/508
f 113/519/508 112/520/509 530/374/364
f 530/374/364 112/520/509 111/521/510
f 530/374/364 111/521/510 529/376/366
f 529/376/366 111/521/510 110/522/511
f 529/376/366 110/522/511 109/523/512
f 109/523/512 91/524/513 529/376/366
f 529/376/366 91/524/513 528/378/368
f 91/524/513 90/525/514 528/378/368
f 528/378/368 90/525/514 89/526/515
f 528/378/368 89/526/515 527/380/370
f 527/380/370 89/526/515 44/527/516
f 527/380/370 44/527/516 43/528/517
f 527/380/370 43/528/517 526/382/372
f 526/382/372 43/528/517 42/529/518
f 526/382/372 42/529/518 41/530/519
f 41/530/519 40/531/520 526/382/372
f 526/382/372 40/531/520 39/532/521
f 526/382/372 39/532/521 525/384/374
f 525/384/374 39/532/521 38/533/522
f 525/384/374 38/533/522 37/534/523
f 37/534/523 36/535/524 525/384/374
f 525/384/374 36/535/524 35/536/525
f 525/384/374 35/536/525 524/386/376
f 524/386/376 35/536/525 34/537/526
f 524/386/376 34/537/526 33/538/527
f 33/538/527 32/539/528 524/386/376
f 524/386/376 32/539/528 31/540/529
f 524/386/376 31/540/529 523/388/378
f 523/388/378 31/540/529 30/541/530
f 523/388/378 30/541/530 29/542/531
f 29/542/531 28/543/532 523/388/378
f 523/388/378 28/543/532 522/390/380
f 28/543/532 27/544/533 522/390/380
f 522/390/380 27/544/533 26/545/534
f 522/390/380 26/545/534 25/546/535
f 25/546/535 24/547/536 522/390/380
f 522/390/380 24/547/536 23/548/537
f 522/390/380 23/548/537 22/549/538
f 22/549/538 21/550/539 522/390/380
f 522/390/380 21/550/539 20/551/540
f 522/390/380 20/551/540 19/552/541
f 19/552/541 18/553/542 522/390/380
f 522/390/380 18/553/542 17/554/543
f 522/390/380 17/554/543 519/392/382
f 519/392/382 17/554/543 2/555/544
f 519/392/382 2/555/544 520/556/545
f 520/556/545 2/555/544 521/557/546
f 520/556/545 521/557/546 517/558/547
f 517/558/547 521/557/546 518/559/548
f 517/558/547 518/559/548 514/560/549
f 514/560/549 518/559/548 515/561/550
f 514/560/549 515/561/550 511/562/551
f 511/562/551 515/561/550 512/563/552
f 511/562/551 512/563/552 508/564/553
f 508/564/553 512/563/552 509/565/554
f 508/564/553 509/565/554 505/566/555
f 505/566/555 509/565/554 506/567/556
f 505/566/555 506/567/556 502/568/557
f 502/568/557 506/567/556 503/569/558
f 502/568/557 503/569/558 499/570/559
f 499/570/559 503/569/558 500/571/560
f 499/570/559 500/571/560 496/572/561
f 496/572/561 500/571/560 497/573/562
f 496/572/561 497/573/562 493/574/563
f 493/574/563 497/573/562 494/575/564
f 493/574/563 494/575/564 490/576/565
f 490/576/565 494/575/564 491/577/566
f 490/576/565 491/577/566 487/578/567
f 487/578/567 491/577/566 488/579/568
f 487/578/567 488/579/568 484/580/569
f 484/580/569 488/579/568 485/581/570
f 484/580/569 485/581/570 481/582/571
f 481/582/571 485/581/570 482/583/572
f 481/582/571 482/583/572 478/584/573
f 478/584/573 482/583/572 479/585/574
f 478/584/573 479/585/574 475/586/575
f 475/586/575 479/585/574 476/587/576
f 475/586/575 476/587/576 472/588/577
f 472/588/577 476/587/576 473/589/578
f 472/588/577 473/589/578 469/590/579
f 469/590/579 473/589/578 470/591/580
f 469/590/579 470/591/580 466/592/581
f 466/592/581 470/591/580 467/593/582
f 466/592/581 467/593/582 463/594/583
f 463/594/583 467/593/582 464/595/584
f 463/594/583 464/595/584 460/596/585
f 460/596/585 464/595/584 461/597/586
f 460/596/585 461/597/586 457/598/587
f 457/598/587 461/597/586 458/599/588
f 457/598/587 458/599/588 454/600/589
f 454/600/589 458/599/588 455/601/590
f 454/600/589 455/601/590 451/602/591
f 451/602/591 455/601/590 452/603/592
f 451/602/591 452/603/592 445/604/593
f 445/604/593 452/603/592 446/605/594
f 445/604/593 446/605/594 448/606/595
f 448/606/595 446/605/594 447/607/596
f 448/606/595 447/607/596 790/608/597
f 790/608/597 447/607/596 791/609/598
f 790/608/597 791/609/598 787/610/599
f 787/610/599 791/609/598 788/611/600
f 787/610/599 788/611/600 784/612/601
f 784/612/601 788/611/600 785/613/602
f 784/612/601 785/613/602 781/614/603
f 781/614/603 785/613/602 782/615/604
f 781/614/603 782/615/604 778/616/605
f 778/616/605 782/615/604 779/617/606
f 778/616/605 779/617/606 775/618/607
f 775/618/607 779/617/606 776/619/608
f 775/618/607 776/619/608 772/620/609
f 772/620/609 776/619/608 773/621/610
f 772/620/609 773/621/610 769/622/611
f 769/622/611 773/621/610 770/623/612
f 769/622/611 770/623/612 766/624/613
f 766/624/613 770/623/612 767/625/614
f 766/624/613 767/625/614 763/626/615
f 763/626/615 767/625/614 764/627/616
f 763/626/615 764/627/616 760/628/617
f 760/628/617 764/627/616 761/629/618
f 760/628/617 761/629/618 757/630/619
f 757/630/619 761/629/618 758/631/620
f 757/630/619 758/631/620 754/632/621
f 754/632/621 758/631/620 755/633/622
f 754/632/621 755/633/622 751/634/623
f 751/634/623 755/633/622 752/635/624
f 751/634/623 752/635/624 748/636/625
f 748/636/625 752/635/624 749/637/626
f 748/636/625 749/637/626 745/638/627
f 745/638/627 749/637/626 746/639/628
f 745/638/627 746/639/628 742/640/629
f 742/640/629 746/639/628 743/641/630
f 742/640/629 743/641/630 739/642/631
f 739/642/631 743/641/630 740/643/632
f 739/642/631 740/643/632 736/644/633
f 736/644/633 740/643/632 737/645/634
f 736/644/633 737/645/634 733/646/635
f 733/646/635 737/645/634 734/647/636
f 733/646/635 734/647/636 730/648/637
f 730/648/637 734/647/636 731/649/638
f 730/648/637 731/649/638 727/650/639
f 727/650/639 731/649/638 728/651/640
f 727/650/639 728/651/640 724/652/641
f 724/652/641 728/651/640 725/653/642
f 724/652/641 725/653/642 721/654/643
f 721/654/643 725/653/642 722/655/644
f 721/654/643 722/655/644 718/656/645
f 718/656/645 722/655/644 719/657/646
f 718/656/645 719/657/646 715/658/647
f 715/658/647 719/657/646 716/659/648
f 715/658/647 716/659/648 712/660/649
f 712/660/649 716/659/648 713/661/650
f 712/660/649 713/661/650 709/662/651
f 709/662/651 713/661/650 710/663/652
f 709/662/651 710/663/652 706/664/653
f 706/664/653 710/663/652 707/665/654
f 706/664/653 707/665/654 703/666/655
f 703/666/655 707/665/654 704/667/656
f 703/666/655 704/667/656 700/668/657
f 700/668/657 704/667/656 701/669/658
f 700/668/657 701/669/658 698/670/659
f 698/670/659 701/669/658 374/671/660
f 698/670/659 374/671/660 375/672/661
f 2/555/544 1/673/662 521/557/546
f 521/557/546 1/673/662 304/674/663
f 521/557/546 304/674/663 518/559/548
f 518/559/548 304/674/663 305/675/664
f 518/559/548 305/675/664 515/561/550
f 515/561/550 305/675/664 306/676/665
f 515/561/550 306/676/665 512/563/552
f 512/563/552 306/676/665 307/677/666
f 512/563/552 307/677/666 509/565/554
f 509/565/554 307/677/666 308/678/667
f 509/565/554 308/678/667 506/567/556
f 506/567/556 308/678/667 309/679/668
f 506/567/556 309/679/668 503/569/558
f 503/569/558 309/679/668 310/680/669
f 503/569/558 310/680/669 500/571/560
f 500/571/560 310/680/669 311/681/670
f 500/571/560 311/681/670 497/573/562
f 497/573/562 311/681/670 312/682/671
f 497/573/562 312/682/671 494/575/564
f 494/575/564 312/682/671 313/683/672
f 494/575/564 313/683/672 491/577/566
f 491/577/566 313/683/672 314/684/673
f 491/577/566 314/684/673 488/579/568
f 488/579/568 314/684/673 315/685/674
f 488/579/568 315/685/674 485/581/570
f 485/581/570 315/685/674 316/686/675
f 485/581/570 316/686/675 482/583/572
f 482/583/572 316/686/675 317/687/676
f 482/583/572 317/687/676 479/585/574
f 479/585/574 317/687/676 318/688/677
f 479/585/574 318/688/677 476/587/576
f 476/587/576 318/688/677 319/689/678
f 476/587/576 319/689/678 473/589/578
f 473/589/578 319/689/678 320/690/679
f 473/589/578 320/690/679 470/591/580
f 470/591/580 320/690/679 321/691/680
f 470/591/580 321/691/680 467/593/582
f 467/593/582 321/691/680 322/692/681
f 467/593/582 322/692/681 464/595/584
f 464/595/584 322/692/681 323/693/682
f 464/595/584 323/693/682 461/597/586
f 461/597/586 323/693/682 324/694/683
f 461/597/586 324/694/683 458/599/588
f 458/599/588 324/694/683 325/695/684
f 458/599/588 325/695/684 455/601/590
f 455/601/590 325/695/684 326/696/685
f 455/601/590 326/696/685 452/603/592
f 452/603/592 326/696/685 327/697/686
f 452/603/592 327/697/686 446/605/594
f 446/605/594 327/697/686 328/698/687
f 446/605/594 328/698/687 447/607/596
f 447/607/596 328/698/687 329/699/688
f 447/607/596 329/699/688 791/609/598
f 791/609/598 329/699/688 330/700/689
f 791/609/598 330/700/689 788/611/600
f 788/611/600 330/700/689 331/701/690
f 788/611/600 331/701/690 785/613/602
f 785/613/602 331/701/690 332/702/691
f 785/613/602 332/702/691 782/615/604
f 782/615/604 332/702/691 333/703/692
f 782/615/604 333/703/692 779/617/606
f 779/617/606 333/703/692 334/704/693
f 779/617/606 334/704/693 776/619/608
f 776/619/608 334/704/693 335/705/694
f 776/619/608 335/705/694 773/621/610
f 773/621/610 335/705/694 336/706/695
f 773/621/610 336/706/695 770/623/612
f 770/623/612 336/706/695 337/707/696
f 770/623/612 337/707/696 767/625/614
f 767/625/614 337/707/696 338/708/697
f 767/625/614 338/708/697 764/627/616
f 764/627/616 338/708/697 339/709/698
f 764/627/616 339/709/698 761/629/618
f 761/629/618 339/709/698 340/710/699
f 761/629/618 340/710/699 758/631/620
f 758/631/620 340/710/699 341/711/700
f 758/631/620 341/711/700 755/633/622
f 755/633/622 341/711/700 342/712/701
f 755/633/622 342/712/701 752/635/624
f 752/635/624 342/712/701 343/713/702
f 752/635/624 343/713/702 749/637/626
f 749/637/626 343/713/702 344/714/703
f 749/637/626 344/714/703 746/639/628
f 746/639/628 344/714/703 345/715/704
f 746/639/628 345/715/704 743/641/630
f 743/641/630 345/715/704 346/716/705
f 743/641/630 346/716/705 740/643/632
f 740/643/632 346/716/705 347/717/706
f 740/643/632 347/717/706 737/645/634
f 737/645/634 347/717/706 348/718/707
f 737/645/634 348/718/707 734/647/636
f 734/647/636 348/718/707 349/719/708
f 734/647/636 349/719/708 731/649/638
f 731/649/638 349/719/708 350/720/709
f 731/649/638 350/720/709 728/651/640
f 728/651/640 350/720/709 351/721/710
f 728/651/640 351/721/710 725/653/642
f 725/653/642 351/721/710 352/722/711
f 725/653/642 352/722/711 722/655/644
f 722/655/644 352/722/711 353/723/712
f 722/655/644 353/723/712 719/657/646
f 719/657/646 353/723/712 354/724/713
f 719/657/646 354/724/713 716/659/648
f 716/659/648 354/724/713 355/725/714
f 716/659/648 355/725/714 713/661/650
f 713/661/650 355/725/714 356/726/715
f 713/661/650 356/726/715 357/727/716
f 357/727/716 358/728/717 713/661/650
f 713/661/650 358/728/717 359/729/718
f 713/661/650 359/729/718 710/663/652
f 710/663/652 359/729/718 360/730/719
f 710/663/652 360/730/719 361/731/720
f 361/731/720 362/732/721 710/663/652
f 710/663/652 362/732/721 363/733/722
f 710/663/652 363/733/722 364/734/723
f 710/663/652 364/734/723 707/665/654
f 707/665/654 364/734/723 365/735/724
f 707/665/654 365/735/724 366/736/725
f 366/736/725 367/737/726 707/665/654
f 707/665/654 367/737/726 368/738/727
f 707/665/654 368/738/727 704/667/656
f 704/667/656 368/738/727 369/739/728
f 704/667/656 369/739/728 370/740/729
f 370/740/729 371/741/730 704/667/656
f 704/667/656 371/741/730 701/669/658
f 371/741/730 372/742/731 701/669/658
f 701/669/658 372/742/731 373/743/732
f 701/669/658 373/743/732 374/671/660
f 375/672/661 376/744/733 698/670/659
f 698/670/659 376/744/733 377/745/734
f 698/670/659 377/745/734 378/746/735
f 698/670/659 378/746/735 695/747/736
f 695/747/736 378/746/735 379/748/737
f 695/747/736 379/748/737 380/749/738
f 380/749/738 381/750/739 695/747/736
f 695/747/736 381/750/739 382/751/740
f 695/747/736 382/751/740 692/752/741
f 692/752/741 382/751/740 383/753/742
f 692/752/741 383/753/742 384/754/743
f 384/754/743 385/755/744 692/752/741
f 692/752/741 385/755/744 386/756/745
f 692/752/741 386/756/745 387/757/746
f 387/757/746 388/758/747 692/752/741
f 692/752/741 388/758/747 689/759/748
f 692/752/741 689/759/748 691/760/749
f 691/760/749 689/759/748 688/496/485
f 691/760/749 688/496/485 690/258/250
f 388/758/747 389/761/750 689/759/748
f 689/759/748 389/761/750 686/762/751
f 689/759/748 686/762/751 685/495/484
f 685/495/484 686/762/751 682/494/483
f 389/761/750 390/763/752 686/762/751
f 686/762/751 390/763/752 683/764/753
f 686/762/751 683/764/753 682/494/483
f 682/494/483 683/764/753 679/493/482
f 390/763/752 391/765/754 683/764/753
f 683/764/753 391/765/754 680/766/755
f 683/764/753 680/766/755 679/493/482
f 679/493/482 680/766/755 676/492/481
f 391/765/754 392/767/756 680/766/755
f 680/766/755 392/767/756 677/768/757
f 680/766/755 677/768/757 676/492/481
f 676/492/481 677/768/757 673/491/480
f 392/767/756 393/769/758 677/768/757
f 677/768/757 393/769/758 674/770/759
f 677/768/757 674/770/759 673/491/480
f 673/491/480 674/770/759 670/490/479
f 393/769/758 394/771/760 674/770/759
f 674/770/759 394/771/760 671/772/761
f 674/770/759 671/772/761 670/490/479
f 670/490/479 671/772/761 667/489/478
f 394/771/760 395/773/762 671/772/761
f 671/772/761 395/773/762 668/774/763
f 671/772/761 668/774/763 667/489/478
f 667/489/478 668/774/763 664/488/477
f 395/773/762 396/775/764 668/774/763
f 668/774/763 396/775/764 665/776/765
f 668/774/763 665/776/765 664/488/477
f 664/488/477 665/776/765 661/487/476
f 396/775/764 397/777/766 665/776/765
f 665/776/765 397/777/766 662/778/767
f 665/776/765 662/778/767 661/487/476
f 661/487/476 662/778/767 658/486/475
f 397/777/766 398/779/768 662/778/767
f 662/778/767 398/779/768 659/780/769
f 662/778/767 659/780/769 658/486/475
f 658/486/475 659/780/769 655/485/474
f 398/779/768 399/781/770 659/780/769
f 659/780/769 399/781/770 656/782/771
f 659/780/769 656/782/771 655/485/474
f 655/485/474 656/782/771 652/484/473
f 399/781/770 400/783/772 656/782/771
f 656/782/771 400/783/772 653/784/773
f 656/782/771 653/784/773 652/484/473
f 652/484/473 653/784/773 649/483/472
f 400/783/772 401/785/774 653/784/773
f 653/784/773 401/785/774 650/786/775
f 653/784/773 650/786/775 649/483/472
f 649/483/472 650/786/775 646/482/471
f 401/785/774 402/787/776 650/786/775
f 650/786/775 402/787/776 647/788/777
f 650/786/775 647/788/777 646/482/471
f 646/482/471 647/788/777 643/481/470
f 402/787/776 403/789/778 647/788/777
f 647/788/777 403/789/778 644/790/779
f 647/788/777 644/790/779 643/481/470
f 643/481/470 644/790/779 640/480/469
f 403/789/778 404/791/780 644/790/779
f 644/790/779 404/791/780 641/792/781
f 644/790/779 641/792/781 640/480/469
f 640/480/469 641/792/781 637/479/468
f 404/791/780 405/793/782 641/792/781
f 641/792/781 405/793/782 638/794/783
f 641/792/781 638/794/783 637/479/468
f 637/479/468 638/794/783 634/478/467
f 405/793/782 406/795/784 638/794/783
f 638/794/783 406/795/784 635/796/785
f 638/794/783 635/796/785 634/478/467
f 634/478/467 635/796/785 631/477/466
f 406/795/784 407/797/786 635/796/785
f 635/796/785 407/797/786 632/798/787
f 635/796/785 632/798/787 631/477/466
f 631/477/466 632/798/787 628/476/465
f 407/797/786 408/799/788 632/798/787
f 632/798/787 408/799/788 629/800/789
f 632/798/787 629/800/789 628/476/465
f 628/476/465 629/800/789 625/475/464
f 408/799/788 409/801/790 629/800/789
f 629/800/789 409/801/790 626/802/791
f 629/800/789 626/802/791 625/475/464
f 625/475/464 626/802/791 622/474/463
f 409/801/790 410/803/792 626/802/791
f 626/802/791 410/803/792 623/804/793
f 626/802/791 623/804/793 622/474/463
f 622/474/463 623/804/793 619/473/462
f 410/803/792 411/805/794 623/804/793
f 623/804/793 411/805/794 620/806/795
f 623/804/793 620/806/795 619/473/462
f 619/473/462 620/806/795 616/472/461
f 411/805/794 412/807/796 620/806/795
f 620/806/795 412/807/796 617/808/797
f 620/806/795 617/808/797 616/472/461
f 616/472/461 617/808/797 613/471/460
f 412/807/796 413/809/798 617/808/797
f 617/808/797 413/809/798 614/810/799
f 617/808/797 614/810/799 613/471/460
f 613/471/460 614/810/799 610/470/459
f 413/809/798 414/811/800 614/810/799
f 614/810/799 414/811/800 611/812/801
f 614/810/799 611/812/801 610/470/459
f 610/470/459 611/812/801 442/469/458
f 414/811/800 415/813/802 611/812/801
f 611/812/801 415/813/802 443/814/803
f 611/812/801 443/814/803 442/469/458
f 442/468/458 443/815/803 607/467/457
f 415/816/802 416/817/804 443/815/803
f 443/815/803 416/817/804 608/818/805
f 443/815/803 608/818/805 607/467/457
f 607/467/457 608/818/805 604/466/456
f 416/817/804 417/819/806 608/818/805
f 608/818/805 417/819/806 605/820/807
f 608/818/805 605/820/807 604/466/456
f 604/466/456 605/820/807 601/465/455
f 417/819/806 418/821/808 605/820/807
f 605/820/807 418/821/808 602/822/809
f 605/820/807 602/822/809 601/465/455
f 601/465/455 602/822/809 598/464/454
f 418/821/808 419/823/810 602/822/809
f 602/822/809 419/823/810 599/824/811
f 602/822/809 599/824/811 598/464/454
f 598/464/454 599/824/811 595/463/453
f 419/823/810 420/825/812 599/824/811
f 599/824/811 420/825/812 596/826/813
f 599/824/811 596/826/813 595/463/453
f 595/463/453 596/826/813 592/462/452
f 420/825/812 421/827/814 596/826/813
f 596/826/813 421/827/814 593/828/815
f 596/826/813 593/828/815 592/462/452
f 592/462/452 593/828/815 589/461/451
f 421/827/814 422/829/816 593/828/815
f 593/828/815 422/829/816 590/830/817
f 593/828/815 590/830/817 589/461/451
f 589/461/451 590/830/817 586/460/450
f 422/829/816 423/831/818 590/830/817
f 590/830/817 423/831/818 587/832/819
f 590/830/817 587/832/819 586/460/450
f 586/460/450 587/832/819 583/459/449
f 423/831/818 424/833/820 587/832/819
f 587/832/819 424/833/820 584/834/821
f 587/832/819 584/834/821 583/459/449
f 583/459/449 584/834/821 580/458/448
f 424/833/820 425/835/822 584/834/821
f 584/834/821 425/835/822 581/836/823
f 584/834/821 581/836/823 580/458/448
f 580/458/448 581/836/823 577/457/447
f 425/835/822 426/837/824 581/836/823
f 581/836/823 426/837/824 578/838/825
f 581/836/823 578/838/825 577/457/447
f 577/457/447 578/838/825 574/456/446
f 426/837/824 427/839/826 578/838/825
f 578/838/825 427/839/826 575/840/827
f 578/838/825 575/840/827 574/456/446
f 574/456/446 575/840/827 571/455/445
f 427/839/826 428/841/828 575/840/827
f 575/840/827 428/841/828 572/842/829
f 575/840/827 572/842/829 571/455/445
f 571/455/445 572/842/829 568/454/444
f 428/841/828 429/843/830 572/842/829
f 572/842/829 429/843/830 569/844/831
f 572/842/829 569/844/831 568/454/444
f 568/454/444 569/844/831 565/453/443
f 429/843/830 430/845/832 569/844/831
f 569/844/831 430/845/832 566/846/833
f 569/844/831 566/846/833 565/453/443
f 565/453/443 566/846/833 562/452/442
f 430/845/832 431/847/834 566/846/833
f 566/846/833 431/847/834 563/848/835
f 566/846/833 563/848/835 562/452/442
f 562/452/442 563/848/835 559/451/441
f 431/847/834 432/849/836 563/848/835
f 563/848/835 432/849/836 560/850/837
f 563/848/835 560/850/837 559/451/441
f 559/451/441 560/850/837 556/450/440
f 432/849/836 433/851/838 560/850/837
f 560/850/837 433/851/838 557/852/839
f 560/850/837 557/852/839 556/450/440
f 556/450/440 557/852/839 553/449/439
f 433/851/838 434/853/840 557/852/839
f 557/852/839 434/853/840 554/854/841
f 557/852/839 554/854/841 553/449/439
f 553/449/439 554/854/841 550/448/438
f 434/853/840 435/855/842 554/854/841
f 554/854/841 435/855/842 551/856/843
f 554/854/841 551/856/843 550/448/438
f 550/448/438 551/856/843 547/447/437
f 435/855/842 436/857/844 551/856/843
f 551/856/843 436/857/844 548/858/845
f 551/856/843 548/858/845 547/447/437
f 547/447/437 548/858/845 544/446/436
f 436/857/844 437/859/846 548/858/845
f 548/858/845 437/859/846 545/860/847
f 548/858/845 545/860/847 544/446/436
f 544/446/436 545/860/847 541/445/435
f 437/859/846 438/861/848 545/860/847
f 545/860/847 438/861/848 542/862/849
f 545/860/847 542/862/849 541/445/435
f 541/445/435 542/862/849 538/444/434
f 438/861/848 439/863/850 542/862/849
f 542/862/849 439/863/850 539/864/851
f 542/862/849 539/864/851 538/444/434
f 538/444/434 539/864/851 535/443/433
f 439/863/850 440/439/429 539/864/851
f 539/864/851 440/439/429 536/441/431
f 539/864/851 536/441/431 535/443/433
f 444/188/180 445/604/593 449/190/182
f 449/190/182 445/604/593 448/606/595
f 449/190/182 448/606/595 789/192/184
f 789/192/184 448/606/595 790/608/597
f 789/192/184 790/608/597 786/194/186
f 786/194/186 790/608/597 787/610/599
f 786/194/186 787/610/599 783/196/188
f 783/196/188 787/610/599 784/612/601
f 783/196/188 784/612/601 780/198/190
f 780/198/190 784/612/601 781/614/603
f 780/198/190 781/614/603 777/200/192
f 777/200/192 781/614/603 778/616/605
f 777/200/192 778/616/605 774/202/194
f 774/202/194 778/616/605 775/618/607
f 774/202/194 775/618/607 771/204/196
f 771/204/196 775/618/607 772/620/609
f 771/204/196 772/620/609 768/206/198
f 768/206/198 772/620/609 769/622/611
f 768/206/198 769/622/611 765/208/200
f 765/208/200 769/622/611 766/624/613
f 765/208/200 766/624/613 762/210/202
f 762/210/202 766/624/613 763/626/615
f 762/210/202 763/626/615 759/212/204
f 759/212/204 763/626/615 760/628/617
f 759/212/204 760/628/617 756/214/206
f 756/214/206 760/628/617 757/630/619
f 756/214/206 757/630/619 753/216/208
f 753/216/208 757/630/619 754/632/621
f 753/216/208 754/632/621 750/218/210
f 750/218/210 754/632/621 751/634/623
f 750/218/210 751/634/623 747/220/212
f 747/220/212 751/634/623 748/636/625
f 747/220/212 748/636/625 744/222/214
f 744/222/214 748/636/625 745/638/627
f 744/222/214 745/638/627 741/224/216
f 741/224/216 745/638/627 742/640/629
f 741/224/216 742/640/629 738/226/218
f 738/226/218 742/640/629 739/642/631
f 738/226/218 739/642/631 735/228/220
f 735/228/220 739/642/631 736/644/633
f 735/228/220 736/644/633 732/230/222
f 732/230/222 736/644/633 733/646/635
f 732/230/222 733/646/635 729/232/224
f 729/232/224 733/646/635 730/648/637
f 729/232/224 730/648/637 726/234/226
f 726/234/226 730/648/637 727/650/639
f 726/234/226 727/650/639 723/236/228
f 723/236/228 727/650/639 724/652/641
f 723/236/228 724/652/641 720/238/230
f 720/238/230 724/652/641 721/654/643
f 720/238/230 721/654/643 717/240/232
f 717/240/232 721/654/643 718/656/645
f 717/240/232 718/656/645 714/242/234
f 714/242/234 718/656/645 715/658/647
f 714/242/234 715/658/647 711/244/236
f 711/244/236 715/658/647 712/660/649
f 711/244/236 712/660/649 708/246/238
f 708/246/238 712/660/649 709/662/651
f 708/246/238 709/662/651 705/248/240
f 705/248/240 709/662/651 706/664/653
f 705/248/240 706/664/653 702/250/242
f 702/250/242 706/664/653 703/666/655
f 702/250/242 703/666/655 699/252/244
f 699/252/244 703/666/655 700/668/657
f 699/252/244 700/668/657 697/865/852
f 697/865/852 700/668/657 698/670/659
f 697/865/852 698/670/659 695/747/736
f 445/604/593 444/188/180 451/602/591
f 451/602/591 444/188/180 450/438/428
f 451/602/591 450/438/428 454/600/589
f 454/600/589 450/438/428 453/436/426
f 454/600/589 453/436/426 457/598/587
f 457/598/587 453/436/426 456/434/424
f 457/598/587 456/434/424 460/596/585
f 460/596/585 456/434/424 459/432/422
f 460/596/585 459/432/422 463/594/583
f 463/594/583 459/432/422 462/430/420
f 463/594/583 462/430/420 466/592/581
f 466/592/581 462/430/420 465/428/418
f 466/592/581 465/428/418 469/590/579
f 469/590/579 465/428/418 468/426/416
f 469/590/579 468/426/416 472/588/577
f 472/588/577 468/426/416 471/424/414
f 472/588/577 471/424/414 475/586/575
f 475/586/575 471/424/414 474/422/412
f 475/586/575 474/422/412 478/584/573
f 478/584/573 474/422/412 477/420/410
f 478/584/573 477/420/410 481/582/571
f 481/582/571 477/420/410 480/418/408
f 481/582/571 480/418/408 484/580/569
f 484/580/569 480/418/408 483/416/406
f 484/580/569 483/416/406 487/578/567
f 487/578/567 483/416/406 486/414/404
f 487/578/567 486/414/404 490/576/565
f 490/576/565 486/414/404 489/412/402
f 490/576/565 489/412/402 493/574/563
f 493/574/563 489/412/402 492/410/400
f 493/574/563 492/410/400 496/572/561
f 496/572/561 492/410/400 495/408/398
f 496/572/561 495/408/398 499/570/559
f 499/570/559 495/408/398 498/406/396
f 499/570/559 498/406/396 502/568/557
f 502/568/557 498/406/396 501/404/394
f 502/568/557 501/404/394 505/566/555
f 505/566/555 501/404/394 504/402/392
f 505/566/555 504/402/392 508/564/553
f 508/564/553 504/402/392 507/400/390
f 508/564/553 507/400/390 511/562/551
f 511/562/551 507/400/390 510/398/388
f 511/562/551 510/398/388 514/560/549
f 514/560/549 510/398/388 513/396/386
f 514/560/549 513/396/386 517/558/547
f 517/558/547 513/396/386 516/394/384
f 517/558/547 516/394/384 520/556/545
f 520/556/545 516/394/384 519/392/382
f 689/759/748 685/495/484 688/496/485
f 690/258/250 693/256/248 691/760/749
f 691/760/749 693/256/248 694/866/853
f 691/760/749 694/866/853 692/752/741
f 692/752/741 694/866/853 695/747/736
f 697/865/852 695/747/736 694/866/853
f 697/865/852 694/866/853 696/254/246
f 696/254/246 694/866/853 693/256/248
f 699/252/244 697/865/852 696/254/246
f 1/867/854 16/868/855 304/869/856
f 304/869/856 16/868/855 792/870/857
f 304/869/856 792/870/857 305/871/858
f 305/871/858 792/870/857 793/872/859
f 305/871/858 793/872/859 306/873/860
f 306/873/860 793/872/859 794/874/861
f 306/873/860 794/874/861 307/875/862
f 307/875/862 794/874/861 795/876/863
f 307/875/862 795/876/863 308/877/864
f 308/877/864 795/876/863 796/878/865
f 308/877/864 796/878/865 797/879/866
f 308/877/864 797/879/866 309/880/867
f 309/880/867 797/879/866 798/881/868
f 309/880/867 798/881/868 310/882/869
f 310/882/869 798/881/868 799/883/870
f 310/882/869 799/883/870 311/884/871
f 311/884/871 799/883/870 800/885/872
f 311/884/871 800/885/872 312/886/873
f 312/886/873 800/885/872 801/887/874
f 312/886/873 801/887/874 313/888/875
f 313/888/875 801/887/874 802/889/876
f 313/888/875 802/889/876 314/890/877
f 314/890/877 802/889/876 803/891/878
f 314/890/877 803/891/878 315/892/879
f 315/892/879 803/891/878 804/893/880
f 315/892/879 804/893/880 316/894/881
f 316/894/881 804/893/880 805/895/882
f 316/894/881 805/895/882 317/896/883
f 317/896/883 805/895/882 806/897/884
f 317/896/883 806/897/884 318/898/885
f 318/898/885 806/897/884 319/899/886
f 319/899/886 806/897/884 807/900/887
f 319/899/886 807/900/887 320/901/888
f 320/901/888 807/900/887 808/902/889
f 320/901/888 808/902/889 321/903/890
f 321/903/890 808/902/889 322/904/891
f 322/904/891 808/902/889 809/905/892
f 322/904/891 809/905/892 323/906/893
f 323/906/893 809/905/892 324/907/894
f 324/907/894 809/905/892 325/908/895
f 325/908/895 809/905/892 810/909/896
f 325/908/895 810/909/896 326/910/897
f 326/910/897 810/909/896 327/911/898
f 327/911/898 810/909/896 328/912/899
f 328/912/899 810/909/896 329/913/900
f 329/913/900 810/909/896 811/914/901
f 329/913/900 811/914/901 330/915/902
f 330/915/902 811/914/901 331/916/903
f 331/916/903 811/914/901 332/917/904
f 332/917/904 811/914/901 333/918/905
f 333/918/905 811/914/901 812/919/906
f 333/918/905 812/919/906 334/920/907
f 334/920/907 812/919/906 335/921/908
f 335/921/908 812/919/906 813/922/909
f 335/921/908 813/922/909 336/923/910
f 336/923/910 813/922/909 337/924/911
f 337/924/911 813/922/909 814/925/912
f 337/924/911 814/925/912 338/926/913
f 338/926/913 814/925/912 815/927/914
f 338/926/913 815/927/914 339/928/915
f 339/928/915 815/927/914 816/929/916
f 339/928/915 816/929/916 340/930/917
f 340/930/917 816/929/916 341/931/918
f 341/931/918 816/929/916 817/932/919
f 341/931/918 817/932/919 342/933/920
f 342/933/920 817/932/919 818/934/921
f 342/933/920 818/934/921 343/935/922
f 343/935/922 818/934/921 819/936/923
f 343/935/922 819/936/923 344/937/924
f 344/937/924 819/936/923 820/938/925
f 344/937/924 820/938/925 821/939/926
f 344/937/924 821/939/926 345/940/927
f 345/940/927 821/939/926 822/941/928
f 345/940/927 822/941/928 346/942/929
f 346/942/929 822/941/928 823/943/930
f 346/942/929 823/943/930 347/944/931
f 347/944/931 823/943/930 824/945/932
f 347/944/931 824/945/932 348/946/933
f 348/946/933 824/945/932 825/947/934
f 348/946/933 825/947/934 349/948/935
f 349/948/935 825/947/934 826/949/936
f 349/948/935 826/949/936 350/950/937
f 350/950/937 826/949/936 827/951/938
f 350/950/937 827/951/938 351/952/939
f 351/952/939 827/951/938 828/953/940
f 351/952/939 828/953/940 352/954/941
f 352/954/941 828/953/940 829/955/942
f 352/954/941 829/955/942 353/956/943
f 353/956/943 829/955/942 830/957/944
f 353/956/943 830/957/944 831/958/945
f 353/956/943 831/958/945 354/959/946
f 354/959/946 831/958/945 832/960/947
f 354/959/946 832/960/947 355/961/948
f 355/961/948 832/960/947 833/962/949
f 355/961/948 833/962/949 356/963/950
f 96/964/951 95/965/952 997/966/953
f 997/966/953 95/965/952 999/967/954
f 997/966/953 999/967/954 996/968/955
f 996/968/955 999/967/954 1001/969/956
f 996/968/955 1001/969/956 995/970/957
f 995/970/957 1001/969/956 1003/971/958
f 995/970/957 1003/971/958 994/972/959
f 994/972/959 1003/971/958 1005/973/960
f 994/972/959 1005/973/960 993/974/961
f 993/974/961 1005/973/960 1007/975/962
f 993/974/961 1007/975/962 992/976/963
f 992/976/963 1007/975/962 1009/977/964
f 992/976/963 1009/977/964 991/978/965
f 991/978/965 1009/977/964 1011/979/966
f 991/978/965 1011/979/966 990/980/967
f 990/980/967 1011/979/966 1013/981/968
f 990/980/967 1013/981/968 989/982/969
f 989/982/969 1013/981/968 1015/983/970
f 989/982/969 1015/983/970 988/984/971
f 988/984/971 1015/983/970 1017/985/972
f 988/984/971 1017/985/972 987/986/973
f 987/986/973 1017/985/972 1019/987/974
f 987/986/973 1019/987/974 986/988/975
f 986/988/975 1019/987/974 1021/989/976
f 986/988/975 1021/989/976 985/990/977
f 985/990/977 1021/989/976 1023/991/978
f 985/990/977 1023/991/978 984/992/979
f 984/992/979 1023/991/978 1025/993/980
f 984/992/979 1025/993/980 983/994/981
f 983/994/981 1025/993/980 1027/995/982
f 983/994/981 1027/995/982 982/996/983
f 982/996/983 1027/995/982 1029/997/984
f 982/996/983 1029/997/984 981/998/985
f 981/998/985 1029/997/984 1031/999/986
f 981/998/985 1031/999/986 980/1000/987
f 980/1000/987 1031/999/986 1033/1001/988
f 980/1000/987 1033/1001/988 979/1002/989
f 979/1002/989 1033/1001/988 1035/1003/990
f 979/1002/989 1035/1003/990 978/1004/991
f 978/1004/991 1035/1003/990 1037/1005/992
f 978/1004/991 1037/1005/992 977/1006/993
f 977/1006/993 1037/1005/992 1039/1007/994
f 977/1006/993 1039/1007/994 976/1008/995
f 976/1008/995 1039/1007/994 1041/1009/996
f 976/1008/995 1041/1009/996 975/1010/997
f 975/1010/997 1041/1009/996 1043/1011/998
f 975/1010/997 1043/1011/998 974/1012/999
f 974/1012/999 1043/1011/998 1045/1013/1000
f 974/1012/999 1045/1013/1000 973/1014/1001
f 973/1014/1001 1045/1013/1000 1047/1015/1002
f 973/1014/1001 1047/1015/1002 972/1016/1003
f 972/1016/1003 1047/1015/1002 1049/1017/1004
f 972/1016/1003 1049/1017/1004 971/1018/1005
f 971/1018/1005 1049/1017/1004 1051/1019/1006
f 971/1018/1005 1051/1019/1006 970/1020/1007
f 970/1020/1007 1051/1019/1006 1053/1021/1008
f 970/1020/1007 1053/1021/1008 969/1022/1009
f 969/1022/1009 1053/1021/1008 1055/1023/1010
f 969/1022/1009 1055/1023/1010 968/1024/1011
f 968/1024/1011 1055/1023/1010 1057/1025/1012
f 968/1024/1011 1057/1025/1012 967/1026/1013
f 967/1026/1013 1057/1025/1012 1059/1027/1014
f 967/1026/1013 1059/1027/1014 966/1028/1015
f 966/1028/1015 1059/1027/1014 1061/1029/1016
f 966/1028/1015 1061/1029/1016 965/1030/1017
f 965/1030/1017 1061/1029/1016 1063/1031/1018
f 965/1030/1017 1063/1031/1018 964/1032/1019
f 964/1032/1019 1063/1031/1018 1065/1033/1020
f 964/1032/1019 1065/1033/1020 963/1034/1021
f 963/1034/1021 1065/1033/1020 1067/1035/1022
f 963/1034/1021 1067/1035/1022 962/1036/1023
f 962/1036/1023 1067/1035/1022 1069/1037/1024
f 962/1036/1023 1069/1037/1024 961/1038/1025
f 961/1038/1025 1069/1037/1024 1071/1039/1026
f 961/1038/1025 1071/1039/1026 960/1040/1027
f 960/1040/1027 1071/1039/1026 1073/1041/1028
f 960/1040/1027 1073/1041/1028 959/1042/1029
f 959/1042/1029 1073/1041/1028 1075/1043/1030
f 959/1042/1029 1075/1043/1030 958/1044/1031
f 958/1044/1031 1075/1043/1030 1077/1045/1032
f 958/1044/1031 1077/1045/1032 957/1046/1033
f 957/1046/1033 1077/1045/1032 1079/1047/1034
f 957/1046/1033 1079/1047/1034 956/1048/1035
f 956/1048/1035 1079/1047/1034 1081/1049/1036
f 956/1048/1035 1081/1049/1036 955/1050/1037
f 955/1050/1037 1081/1049/1036 1083/1051/1038
f 955/1050/1037 1083/1051/1038 954/1052/1039
f 954/1052/1039 1083/1051/1038 1085/1053/1040
f 954/1052/1039 1085/1053/1040 953/1054/1041
f 953/1054/1041 1085/1053/1040 1087/1055/1042
f 953/1054/1041 1087/1055/1042 952/1056/1043
f 952/1056/1043 1087/1055/1042 1089/1057/1044
f 952/1056/1043 1089/1057/1044 951/1058/1045
f 951/1058/1045 1089/1057/1044 1091/1059/1046
f 951/1058/1045 1091/1059/1046 950/1060/1047
f 950/1060/1047 1091/1059/1046 1093/1061/1048
f 950/1060/1047 1093/1061/1048 949/1062/1049
f 949/1062/1049 1093/1061/1048 1095/1063/1050
f 949/1062/1049 1095/1063/1050 948/1064/1051
f 948/1064/1051 1095/1063/1050 1097/1065/1052
f 948/1064/1051 1097/1065/1052 947/1066/1053
f 947/1066/1053 1097/1065/1052 1099/1067/1054
f 947/1066/1053 1099/1067/1054 946/1068/1055
f 946/1068/1055 1099/1067/1054 1101/1069/1056
f 946/1068/1055 1101/1069/1056 945/1070/1057
f 945/1070/1057 1101/1069/1056 1103/1071/1058
f 945/1070/1057 1103/1071/1058 944/1072/1059
f 944/1072/1059 1103/1071/1058 1105/1073/1060
f 944/1072/1059 1105/1073/1060 943/1074/1061
f 943/1074/1061 1105/1073/1060 1107/1075/1062
f 943/1074/1061 1107/1075/1062 942/1076/1063
f 942/1076/1063 1107/1075/1062 1109/1077/1064
f 942/1076/1063 1109/1077/1064 941/1078/1065
f 941/1078/1065 1109/1077/1064 1111/1079/1066
f 941/1078/1065 1111/1079/1066 940/1080/1067
f 940/1080/1067 1111/1079/1066 1113/1081/1068
f 940/1080/1067 1113/1081/1068 939/1082/1069
f 939/1082/1069 1113/1081/1068 1115/1083/1070
f 939/1082/1069 1115/1083/1070 938/1084/1071
f 938/1084/1071 1115/1083/1070 1117/1085/1072
f 938/1084/1071 1117/1085/1072 937/1086/1073
f 937/1086/1073 1117/1085/1072 1119/1087/1074
f 937/1086/1073 1119/1087/1074 936/1088/1075
f 936/1088/1075 1119/1087/1074 1121/1089/1076
f 936/1088/1075 1121/1089/1076 935/1090/1077
f 935/1090/1077 1121/1089/1076 1123/1091/1078
f 935/1090/1077 1123/1091/1078 934/1092/1079
f 934/1092/1079 1123/1091/1078 1125/1093/1080
f 934/1092/1079 1125/1093/1080 933/1094/1081
f 933/1094/1081 1125/1093/1080 1127/1095/1082
f 933/1094/1081 1127/1095/1082 932/1096/1083
f 932/1096/1083 1127/1095/1082 1129/1097/1084
f 932/1096/1083 1129/1097/1084 931/1098/1085
f 931/1098/1085 1129/1097/1084 1131/1099/1086
f 931/1098/1085 1131/1099/1086 930/1100/1087
f 930/1100/1087 1131/1099/1086 1133/1101/1088
f 930/1100/1087 1133/1101/1088 929/1102/1089
f 929/1102/1089 1133/1101/1088 1135/1103/1090
f 929/1102/1089 1135/1103/1090 928/1104/1091
f 928/1104/1091 1135/1103/1090 1137/1105/1092
f 928/1104/1091 1137/1105/1092 927/1106/1093
f 927/1106/1093 1137/1105/1092 1139/1107/1094
f 927/1106/1093 1139/1107/1094 926/1108/1095
f 926/1108/1095 1139/1107/1094 1141/1109/1096
f 926/1108/1095 1141/1109/1096 925/1110/1097
f 925/1110/1097 1141/1109/1096 1143/1111/1098
f 925/1110/1097 1143/1111/1098 924/1112/1099
f 924/1112/1099 1143/1111/1098 1145/1113/1100
f 924/1112/1099 1145/1113/1100 923/1114/1101
f 923/1114/1101 1145/1113/1100 1147/1115/1102
f 923/1114/1101 1147/1115/1102 922/1116/1103
f 922/1116/1103 1147/1115/1102 1149/1117/1104
f 922/1116/1103 1149/1117/1104 921/1118/1105
f 921/1118/1105 1149/1117/1104 1151/1119/1106
f 921/1118/1105 1151/1119/1106 920/1120/1107
f 920/1120/1107 1151/1119/1106 1153/1121/1108
f 920/1120/1107 1153/1121/1108 919/1122/1109
f 919/1122/1109 1153/1121/1108 1155/1123/1110
f 919/1122/1109 1155/1123/1110 918/1124/1111
f 918/1124/1111 1155/1123/1110 1157/1125/1112
f 918/1124/1111 1157/1125/1112 917/1126/1113
f 917/1126/1113 1157/1125/1112 1159/1127/1114
f 917/1126/1113 1159/1127/1114 916/1128/1115
f 916/1128/1115 1159/1127/1114 1161/1129/1116
f 916/1128/1115 1161/1129/1116 915/1130/1117
f 915/1130/1117 1161/1129/1116 1163/1131/1118
f 915/1130/1117 1163/1131/1118 914/1132/1119
f 914/1132/1119 1163/1131/1118 1165/1133/1120
f 914/1132/1119 1165/1133/1120 913/1134/1121
f 913/1134/1121 1165/1133/1120 1167/1135/1122
f 913/1134/1121 1167/1135/1122 912/1136/1123
f 912/1136/1123 1167/1135/1122 1169/1137/1124
f 912/1136/1123 1169/1137/1124 911/1138/1125
f 911/1138/1125 1169/1137/1124 1171/1139/1126
f 911/1138/1125 1171/1139/1126 910/1140/1127
f 910/1140/1127 1171/1139/1126 1173/1141/1128
f 910/1140/1127 1173/1141/1128 909/1142/1129
f 909/1142/1129 1173/1141/1128 1175/1143/1130
f 909/1142/1129 1175/1143/1130 1178/1144/1131
f 1178/1144/1131 1175/1143/1130 1179/1145/1132
f 1178/1144/1131 1179/1145/1132 1176/1146/1133
f 1176/1146/1133 1179/1145/1132 792/1147/1134
f 1176/1146/1133 792/1147/1134 16/1148/1135
f 999/967/954 95/965/952 998/1149/1136
f 998/1149/1136 95/965/952 834/1150/1137
f 998/1149/1136 834/1150/1137 1000/1151/1138
f 1000/1151/1138 834/1150/1137 835/1152/1139
f 1000/1151/1138 835/1152/1139 1002/1153/1140
f 1002/1153/1140 835/1152/1139 836/1154/1141
f 1002/1153/1140 836/1154/1141 1004/1155/1142
f 1004/1155/1142 836/1154/1141 837/1156/1143
f 1004/1155/1142 837/1156/1143 1006/1157/1144
f 1006/1157/1144 837/1156/1143 838/1158/1145
f 1006/1157/1144 838/1158/1145 1008/1159/1146
f 1008/1159/1146 838/1158/1145 839/1160/1147
f 1008/1159/1146 839/1160/1147 1010/1161/1148
f 1010/1161/1148 839/1160/1147 840/1162/1149
f 1010/1161/1148 840/1162/1149 1012/1163/1150
f 1012/1163/1150 840/1162/1149 841/1164/1151
f 1012/1163/1150 841/1164/1151 1014/1165/1152
f 1014/1165/1152 841/1164/1151 842/1166/1153
f 1014/1165/1152 842/1166/1153 1016/1167/1154
f 1016/1167/1154 842/1166/1153 843/1168/1155
f 1016/1167/1154 843/1168/1155 1018/1169/1156
f 1018/1169/1156 843/1168/1155 844/1170/1157
f 1018/1169/1156 844/1170/1157 1020/1171/1158
f 1020/1171/1158 844/1170/1157 845/1172/1159
f 1020/1171/1158 845/1172/1159 1022/1173/1160
f 1022/1173/1160 845/1172/1159 846/1174/1161
f 1022/1173/1160 846/1174/1161 1024/1175/1162
f 1024/1175/1162 846/1174/1161 847/1176/1163
f 1024/1175/1162 847/1176/1163 1026/1177/1164
f 1026/1177/1164 847/1176/1163 848/1178/1165
f 1026/1177/1164 848/1178/1165 1028/1179/1166
f 1028/1179/1166 848/1178/1165 849/1180/1167
f 1028/1179/1166 849/1180/1167 1030/1181/1168
f 1030/1181/1168 849/1180/1167 850/1182/1169
f 1030/1181/1168 850/1182/1169 1032/1183/1170
f 1032/1183/1170 850/1182/1169 851/1184/1171
f 1032/1183/1170 851/1184/1171 1034/1185/1172
f 1034/1185/1172 851/1184/1171 852/1186/1173
f 1034/1185/1172 852/1186/1173 1036/1187/1174
f 1036/1187/1174 852/1186/1173 853/1188/1175
f 1036/1187/1174 853/1188/1175 1038/1189/1176
f 1038/1189/1176 853/1188/1175 854/1190/1177
f 1038/1189/1176 854/1190/1177 1040/1191/1178
f 1040/1191/1178 854/1190/1177 855/1192/1179
f 1040/1191/1178 855/1192/1179 1042/1193/1180
f 1042/1193/1180 855/1192/1179 856/1194/1181
f 1042/1193/1180 856/1194/1181 1044/1195/1182
f 1044/1195/1182 856/1194/1181 857/1196/1183
f 1044/1195/1182 857/1196/1183 1046/1197/1184
f 1046/1197/1184 857/1196/1183 858/1198/1185
f 1046/1197/1184 858/1198/1185 1048/1199/1186
f 1048/1199/1186 858/1198/1185 859/1200/1187
f 1048/1199/1186 859/1200/1187 1050/1201/1188
f 1050/1201/1188 859/1200/1187 860/1202/1189
f 1050/1201/1188 860/1202/1189 1052/1203/1190
f 1052/1203/1190 860/1202/1189 861/1204/1191
f 1052/1203/1190 861/1204/1191 1054/1205/1192
f 1054/1205/1192 861/1204/1191 862/1206/1193
f 1054/1205/1192 862/1206/1193 1056/1207/1194
f 1056/1207/1194 862/1206/1193 863/1208/1195
f 1056/1207/1194 863/1208/1195 1058/1209/1196
f 1058/1209/1196 863/1208/1195 864/1210/1197
f 1058/1209/1196 864/1210/1197 1060/1211/1198
f 1060/1211/1198 864/1210/1197 865/1212/1199
f 1060/1211/1198 865/1212/1199 1062/1213/1200
f 1062/1213/1200 865/1212/1199 866/1214/1201
f 1062/1213/1200 866/1214/1201 1064/1215/1202
f 1064/1215/1202 866/1214/1201 867/1216/1203
f 1064/1215/1202 867/1216/1203 1066/1217/1204
f 1066/1217/1204 867/1216/1203 868/1218/1205
f 1066/1217/1204 868/1218/1205 1068/1219/1206
f 1068/1219/1206 868/1218/1205 869/1220/1207
f 1068/1219/1206 869/1220/1207 1070/1221/1208
f 1070/1221/1208 869/1220/1207 870/1222/1209
f 1070/1221/1208 870/1222/1209 1072/1223/1210
f 1072/1223/1210 870/1222/1209 871/1224/1211
f 1072/1223/1210 871/1224/1211 1074/1225/1212
f 1074/1225/1212 871/1224/1211 872/1226/1213
f 1074/1225/1212 872/1226/1213 1076/1227/1214
f 1076/1227/1214 872/1226/1213 873/1228/1215
f 1076/1227/1214 873/1228/1215 1078/1229/1216
f 1078/1229/1216 873/1228/1215 874/1230/1217
f 1078/1229/1216 874/1230/1217 1080/1231/1218
f 1080/1231/1218 874/1230/1217 876/1232/1219
f 1080/1231/1218 876/1232/1219 877/1233/1220
f 874/1230/1217 875/1234/1221 876/1232/1219
f 877/1233/1220 878/1235/1222 1080/1231/1218
f 1080/1231/1218 878/1235/1222 879/1236/1223
f 1080/1231/1218 879/1236/1223 1082/1237/1224
f 1082/1237/1224 879/1236/1223 880/1238/1225
f 1082/1237/1224 880/1238/1225 881/1239/1226
f 881/1239/1226 882/1240/1227 1082/1237/1224
f 1082/1237/1224 882/1240/1227 883/1241/1228
f 1082/1237/1224 883/1241/1228 884/1242/1229
f 1082/1237/1224 884/1242/1229 1084/1243/1230
f 1084/1243/1230 884/1242/1229 885/1244/1231
f 1084/1243/1230 885/1244/1231 886/1245/1232
f 886/1245/1232 887/1246/1233 1084/1243/1230
f 1084/1243/1230 887/1246/1233 1086/1247/1234
f 1084/1243/1230 1086/1247/1234 1087/1055/1042
f 1087/1055/1042 1086/1247/1234 1089/1057/1044
f 887/1246/1233 888/1248/1235 1086/1247/1234
f 1086/1247/1234 888/1248/1235 889/1249/1236
f 1086/1247/1234 889/1249/1236 890/1250/1237
f 1086/1247/1234 890/1250/1237 1088/1251/1238
f 1088/1251/1238 890/1250/1237 891/1252/1239
f 1088/1251/1238 891/1252/1239 892/1253/1240
f 1088/1251/1238 892/1253/1240 1090/1254/1241
f 1090/1254/1241 892/1253/1240 893/1255/1242
f 1090/1254/1241 893/1255/1242 894/1256/1243
f 894/1256/1243 895/1257/1244 1090/1254/1241
f 1090/1254/1241 895/1257/1244 1092/1258/1245
f 1090/1254/1241 1092/1258/1245 1093/1061/1048
f 1093/1061/1048 1092/1258/1245 1095/1063/1050
f 895/1257/1244 896/1259/1246 1092/1258/1245
f 1092/1258/1245 896/1259/1246 897/1260/1247
f 1092/1258/1245 897/1260/1247 898/1261/1248
f 1092/1258/1245 898/1261/1248 1094/1262/1249
f 1094/1262/1249 898/1261/1248 899/1263/1250
f 1094/1262/1249 899/1263/1250 900/1264/1251
f 900/1264/1251 901/1265/1252 1094/1262/1249
f 1094/1262/1249 901/1265/1252 902/1266/1253
f 1094/1262/1249 902/1266/1253 1096/1267/1254
f 1096/1267/1254 902/1266/1253 903/1268/1255
f 1096/1267/1254 903/1268/1255 904/1269/1256
f 904/1269/1256 905/1270/1257 1096/1267/1254
f 1096/1267/1254 905/1270/1257 906/1271/1258
f 1096/1267/1254 906/1271/1258 833/1272/1259
f 833/1272/1259 832/1273/1260 1096/1267/1254
f 1096/1267/1254 832/1273/1260 1098/1274/1261
f 1096/1267/1254 1098/1274/1261 1099/1067/1054
f 1099/1067/1054 1098/1274/1261 1101/1069/1056
f 832/1273/1260 831/1275/1262 1098/1274/1261
f 1098/1274/1261 831/1275/1262 1100/1276/1263
f 1098/1274/1261 1100/1276/1263 1101/1069/1056
f 1101/1069/1056 1100/1276/1263 1103/1071/1058
f 831/1275/1262 830/1277/1264 1100/1276/1263
f 1100/1276/1263 830/1277/1264 1102/1278/1265
f 1100/1276/1263 1102/1278/1265 1103/1071/1058
f 1103/1071/1058 1102/1278/1265 1105/1073/1060
f 830/1277/1264 829/1279/1266 1102/1278/1265
f 1102/1278/1265 829/1279/1266 1104/1280/1267
f 1102/1278/1265 1104/1280/1267 1105/1073/1060
f 1105/1073/1060 1104/1280/1267 1107/1075/1062
f 829/1279/1266 828/1281/1268 1104/1280/1267
f 1104/1280/1267 828/1281/1268 1106/1282/1269
f 1104/1280/1267 1106/1282/1269 1107/1075/1062
f 1107/1075/1062 1106/1282/1269 1109/1077/1064
f 828/1281/1268 827/1283/1270 1106/1282/1269
f 1106/1282/1269 827/1283/1270 1108/1284/1271
f 1106/1282/1269 1108/1284/1271 1109/1077/1064
f 1109/1077/1064 1108/1284/1271 1111/1079/1066
f 827/1283/1270 826/1285/1272 1108/1284/1271
f 1108/1284/1271 826/1285/1272 1110/1286/1273
f 1108/1284/1271 1110/1286/1273 1111/1079/1066
f 1111/1079/1066 1110/1286/1273 1113/1081/1068
f 826/1285/1272 825/1287/1274 1110/1286/1273
f 1110/1286/1273 825/1287/1274 1112/1288/1275
f 1110/1286/1273 1112/1288/1275 1113/1081/1068
f 1113/1081/1068 1112/1288/1275 1115/1083/1070
f 825/1287/1274 824/1289/1276 1112/1288/1275
f 1112/1288/1275 824/1289/1276 1114/1290/1277
f 1112/1288/1275 1114/1290/1277 1115/1083/1070
f 1115/1083/1070 1114/1290/1277 1117/1085/1072
f 824/1289/1276 823/1291/1278 1114/1290/1277
f 1114/1290/1277 823/1291/1278 1116/1292/1279
f 1114/1290/1277 1116/1292/1279 1117/1085/1072
f 1117/1085/1072 1116/1292/1279 1119/1087/1074
f 823/1291/1278 822/1293/1280 1116/1292/1279
f 1116/1292/1279 822/1293/1280 1118/1294/1281
f 1116/1292/1279 1118/1294/1281 1119/1087/1074
f 1119/1087/1074 1118/1294/1281 1121/1089/1076
f 822/1293/1280 821/1295/1282 1118/1294/1281
f 1118/1294/1281 821/1295/1282 1120/1296/1283
f 1118/1294/1281 1120/1296/1283 1121/1089/1076
f 1121/1089/1076 1120/1296/1283 1123/1091/1078
f 821/1295/1282 820/1297/1284 1120/1296/1283
f 1120/1296/1283 820/1297/1284 1122/1298/1285
f 1120/1296/1283 1122/1298/1285 1123/1091/1078
f 1123/1091/1078 1122/1298/1285 1125/1093/1080
f 820/1297/1284 819/1299/1286 1122/1298/1285
f 1122/1298/1285 819/1299/1286 1124/1300/1287
f 1122/1298/1285 1124/1300/1287 1125/1093/1080
f 1125/1093/1080 1124/1300/1287 1127/1095/1082
f 819/1299/1286 818/1301/1288 1124/1300/1287
f 1124/1300/1287 818/1301/1288 1126/1302/1289
f 1124/1300/1287 1126/1302/1289 1127/1095/1082
f 1127/1095/1082 1126/1302/1289 1129/1097/1084
f 818/1301/1288 817/1303/1290 1126/1302/1289
f 1126/1302/1289 817/1303/1290 1128/1304/1291
f 1126/1302/1289 1128/1304/1291 1129/1097/1084
f 1129/1097/1084 1128/1304/1291 1131/1099/1086
f 817/1303/1290 816/1305/1292 1128/1304/1291
f 1128/1304/1291 816/1305/1292 1130/1306/1293
f 1128/1304/1291 1130/1306/1293 1131/1099/1086
f 1131/1099/1086 1130/1306/1293 1133/1101/1088
f 816/1305/1292 815/1307/1294 1130/1306/1293
f 1130/1306/1293 815/1307/1294 1132/1308/1295
f 1130/1306/1293 1132/1308/1295 1133/1101/1088
f 1133/1101/1088 1132/1308/1295 1135/1103/1090
f 815/1307/1294 814/1309/1296 1132/1308/1295
f 1132/1308/1295 814/1309/1296 1134/1310/1297
f 1132/1308/1295 1134/1310/1297 1135/1103/1090
f 1135/1103/1090 1134/1310/1297 1137/1105/1092
f 814/1309/1296 813/1311/1298 1134/1310/1297
f 1134/1310/1297 813/1311/1298 1136/1312/1299
f 1134/1310/1297 1136/1312/1299 1137/1105/1092
f 1137/1105/1092 1136/1312/1299 1139/1107/1094
f 813/1311/1298 812/1313/1300 1136/1312/1299
f 1136/1312/1299 812/1313/1300 1138/1314/1301
f 1136/1312/1299 1138/1314/1301 1139/1107/1094
f 1139/1107/1094 1138/1314/1301 1141/1109/1096
f 812/1313/1300 811/1315/1302 1138/1314/1301
f 1138/1314/1301 811/1315/1302 1140/1316/1303
f 1138/1314/1301 1140/1316/1303 1141/1109/1096
f 1141/1109/1096 1140/1316/1303 1143/1111/1098
f 811/1315/1302 810/1317/1304 1140/1316/1303
f 1140/1316/1303 810/1317/1304 1142/1318/1305
f 1140/1316/1303 1142/1318/1305 1143/1111/1098
f 1143/1111/1098 1142/1318/1305 1145/1113/1100
f 810/1317/1304 809/1319/1306 1142/1318/1305
f 1142/1318/1305 809/1319/1306 1144/1320/1307
f 1142/1318/1305 1144/1320/1307 1145/1113/1100
f 1145/1113/1100 1144/1320/1307 1147/1115/1102
f 809/1319/1306 808/1321/1308 1144/1320/1307
f 1144/1320/1307 808/1321/1308 1146/1322/1309
f 1144/1320/1307 1146/1322/1309 1147/1115/1102
f 1147/1115/1102 1146/1322/1309 1149/1117/1104
f 808/1321/1308 807/1323/1310 1146/1322/1309
f 1146/1322/1309 807/1323/1310 1148/1324/1311
f 1146/1322/1309 1148/1324/1311 1149/1117/1104
f 1149/1117/1104 1148/1324/1311 1151/1119/1106
f 807/1323/1310 806/1325/1312 1148/1324/1311
f 1148/1324/1311 806/1325/1312 1150/1326/1313
f 1148/1324/1311 1150/1326/1313 1151/1119/1106
f 1151/1119/1106 1150/1326/1313 1153/1121/1108
f 806/1325/1312 805/1327/1314 1150/1326/1313
f 1150/1326/1313 805/1327/1314 1152/1328/1315
f 1150/1326/1313 1152/1328/1315 1153/1121/1108
f 1153/1121/1108 1152/1328/1315 1155/1123/1110
f 805/1327/1314 804/1329/1316 1152/1328/1315
f 1152/1328/1315 804/1329/1316 1154/1330/1317
f 1152/1328/1315 1154/1330/1317 1155/1123/1110
f 1155/1123/1110 1154/1330/1317 1157/1125/1112
f 804/1329/1316 803/1331/1318 1154/1330/1317
f 1154/1330/1317 803/1331/1318 1156/1332/1319
f 1154/1330/1317 1156/1332/1319 1157/1125/1112
f 1157/1125/1112 1156/1332/1319 1159/1127/1114
f 803/1331/1318 802/1333/1320 1156/1332/1319
f 1156/1332/1319 802/1333/1320 1158/1334/1321
f 1156/1332/1319 1158/1334/1321 1159/1127/1114
f 1159/1127/1114 1158/1334/1321 1161/1129/1116
f 802/1333/1320 801/1335/1322 1158/1334/1321
f 1158/1334/1321 801/1335/1322 1160/1336/1323
f 1158/1334/1321 1160/1336/1323 1161/1129/1116
f 1161/1129/1116 1160/1336/1323 1163/1131/1118
f 801/1335/1322 800/1337/1324 1160/1336/1323
f 1160/1336/1323 800/1337/1324 1162/1338/1325
f 1160/1336/1323 1162/1338/1325 1163/1131/1118
f 1163/1131/1118 1162/1338/1325 1165/1133/1120
f 800/1337/1324 799/1339/1326 1162/1338/1325
f 1162/1338/1325 799/1339/1326 1164/1340/1327
f 1162/1338/1325 1164/1340/1327 1165/1133/1120
f 1165/1133/1120 1164/1340/1327 1167/1135/1122
f 799/1339/1326 798/1341/1328 1164/1340/1327
f 1164/1340/1327 798/1341/1328 1166/1342/1329
f 1164/1340/1327 1166/1342/1329 1167/1135/1122
f 1167/1135/1122 1166/1342/1329 1169/1137/1124
f 798/1341/1328 797/1343/1330 1166/1342/1329
f 1166/1342/1329 797/1343/1330 1168/1344/1331
f 1166/1342/1329 1168/1344/1331 1169/1137/1124
f 1169/1137/1124 1168/1344/1331 1171/1139/1126
f 797/1343/1330 796/1345/1332 1168/1344/1331
f 1168/1344/1331 796/1345/1332 1170/1346/1333
f 1168/1344/1331 1170/1346/1333 1171/1139/1126
f 1171/1139/1126 1170/1346/1333 1173/1141/1128
f 796/1345/1332 795/1347/1334 1170/1346/1333
f 1170/1346/1333 795/1347/1334 1172/1348/1335
f 1170/1346/1333 1172/1348/1335 1173/1141/1128
f 1173/1141/1128 1172/1348/1335 1175/1143/1130
f 795/1347/1334 794/1349/1336 1172/1348/1335
f 1172/1348/1335 794/1349/1336 1174/1350/1337
f 1172/1348/1335 1174/1350/1337 1175/1143/1130
f 1175/1143/1130 1174/1350/1337 1179/1145/1132
f 794/1349/1336 793/1351/1338 1174/1350/1337
f 1174/1350/1337 793/1351/1338 1179/1145/1132
f 793/1351/1338 792/1147/1134 1179/1145/1132
f 1176/1146/1133 16/1148/1135 1177/1352/1339
f 1177/1352/1339 16/1148/1135 15/1353/1340
f 1177/1352/1339 15/1353/1340 907/1354/1341
f 907/1354/1341 908/1355/1342 1177/1352/1339
f 1177/1352/1339 908/1355/1342 1178/1144/1131
f 1177/1352/1339 1178/1144/1131 1176/1146/1133
f 908/1355/1342 909/1142/1129 1178/1144/1131
f 1001/969/956 999/967/954 998/1149/1136
f 1001/969/956 998/1149/1136 1000/1151/1138
f 1003/971/958 1001/969/956 1000/1151/1138
f 1003/971/958 1000/1151/1138 1002/1153/1140
f 1005/973/960 1003/971/958 1002/1153/1140
f 1007/975/962 1005/973/960 1004/1155/1142
f 1004/1155/1142 1005/973/960 1002/1153/1140
f 1009/977/964 1007/975/962 1006/1157/1144
f 1006/1157/1144 1007/975/962 1004/1155/1142
f 1011/979/966 1009/977/964 1008/1159/1146
f 1008/1159/1146 1009/977/964 1006/1157/1144
f 1013/981/968 1011/979/966 1010/1161/1148
f 1010/1161/1148 1011/979/966 1008/1159/1146
f 1015/983/970 1013/981/968 1012/1163/1150
f 1012/1163/1150 1013/981/968 1010/1161/1148
f 1017/985/972 1015/983/970 1014/1165/1152
f 1014/1165/1152 1015/983/970 1012/1163/1150
f 1019/987/974 1017/985/972 1016/1167/1154
f 1016/1167/1154 1017/985/972 1014/1165/1152
f 1021/989/976 1019/987/974 1018/1169/1156
f 1018/1169/1156 1019/987/974 1016/1167/1154
f 1023/991/978 1021/989/976 1020/1171/1158
f 1020/1171/1158 1021/989/976 1018/1169/1156
f 1025/993/980 1023/991/978 1022/1173/1160
f 1022/1173/1160 1023/991/978 1020/1171/1158
f 1027/995/982 1025/993/980 1024/1175/1162
f 1024/1175/1162 1025/993/980 1022/1173/1160
f 1029/997/984 1027/995/982 1026/1177/1164
f 1026/1177/1164 1027/995/982 1024/1175/1162
f 1031/999/986 1029/997/984 1028/1179/1166
f 1028/1179/1166 1029/997/984 1026/1177/1164
f 1033/1001/988 1031/999/986 1030/1181/1168
f 1030/1181/1168 1031/999/986 1028/1179/1166
f 1035/1003/990 1033/1001/988 1032/1183/1170
f 1032/1183/1170 1033/1001/988 1030/1181/1168
f 1037/1005/992 1035/1003/990 1034/1185/1172
f 1034/1185/1172 1035/1003/990 1032/1183/1170
f 1039/1007/994 1037/1005/992 1036/1187/1174
f 1036/1187/1174 1037/1005/992 1034/1185/1172
f 1041/1009/996 1039/1007/994 1038/1189/1176
f 1038/1189/1176 1039/1007/994 1036/1187/1174
f 1043/1011/998 1041/1009/996 1040/1191/1178
f 1040/1191/1178 1041/1009/996 1038/1189/1176
f 1045/1013/1000 1043/1011/998 1042/1193/1180
f 1042/1193/1180 1043/1011/998 1040/1191/1178
f 1047/1015/1002 1045/1013/1000 1044/1195/1182
f 1044/1195/1182 1045/1013/1000 1042/1193/1180
f 1049/1017/1004 1047/1015/1002 1046/1197/1184
f 1046/1197/1184 1047/1015/1002 1044/1195/1182
f 1051/1019/1006 1049/1017/1004 1048/1199/1186
f 1048/1199/1186 1049/1017/1004 1046/1197/1184
f 1053/1021/1008 1051/1019/1006 1050/1201/1188
f 1050/1201/1188 1051/1019/1006 1048/1199/1186
f 1055/1023/1010 1053/1021/1008 1052/1203/1190
f 1052/1203/1190 1053/1021/1008 1050/1201/1188
f 1057/1025/1012 1055/1023/1010 1054/1205/1192
f 1054/1205/1192 1055/1023/1010 1052/1203/1190
f 1059/1027/1014 1057/1025/1012 1056/1207/1194
f 1056/1207/1194 1057/1025/1012 1054/1205/1192
f 1061/1029/1016 1059/1027/1014 1058/1209/1196
f 1058/1209/1196 1059/1027/1014 1056/1207/1194
f 1063/1031/1018 1061/1029/1016 1060/1211/1198
f 1060/1211/1198 1061/1029/1016 1058/1209/1196
f 1065/1033/1020 1063/1031/1018 1062/1213/1200
f 1062/1213/1200 1063/1031/1018 1060/1211/1198
f 1067/1035/1022 1065/1033/1020 1064/1215/1202
f 1064/1215/1202 1065/1033/1020 1062/1213/1200
f 1069/1037/1024 1067/1035/1022 1066/1217/1204
f 1066/1217/1204 1067/1035/1022 1064/1215/1202
f 1071/1039/1026 1069/1037/1024 1068/1219/1206
f 1068/1219/1206 1069/1037/1024 1066/1217/1204
f 1073/1041/1028 1071/1039/1026 1070/1221/1208
f 1070/1221/1208 1071/1039/1026 1068/1219/1206
f 1075/1043/1030 1073/1041/1028 1072/1223/1210
f 1072/1223/1210 1073/1041/1028 1070/1221/1208
f 1077/1045/1032 1075/1043/1030 1074/1225/1212
f 1074/1225/1212 1075/1043/1030 1072/1223/1210
f 1079/1047/1034 1077/1045/1032 1076/1227/1214
f 1076/1227/1214 1077/1045/1032 1074/1225/1212
f 1081/1049/1036 1079/1047/1034 1078/1229/1216
f 1078/1229/1216 1079/1047/1034 1076/1227/1214
f 1083/1051/1038 1081/1049/1036 1080/1231/1218
f 1080/1231/1218 1081/1049/1036 1078/1229/1216
f 1085/1053/1040 1083/1051/1038 1082/1237/1224
f 1082/1237/1224 1083/1051/1038 1080/1231/1218
f 1087/1055/1042 1085/1053/1040 1084/1243/1230
f 1084/1243/1230 1085/1053/1040 1082/1237/1224
f 1091/1059/1046 1089/1057/1044 1088/1251/1238
f 1088/1251/1238 1089/1057/1044 1086/1247/1234
f 1093/1061/1048 1091/1059/1046 1090/1254/1241
f 1090/1254/1241 1091/1059/1046 1088/1251/1238
f 1097/1065/1052 1095/1063/1050 1094/1262/1249
f 1094/1262/1249 1095/1063/1050 1092/1258/1245
f 1099/1067/1054 1097/1065/1052 1096/1267/1254
f 1096/1267/1254 1097/1065/1052 1094/1262/1249
f 62/1356/1343 61/1357/1344 1234/1358/1345
f 1234/1358/1345 61/1357/1344 1180/1359/1346
f 1234/1358/1345 1180/1359/1346 1233/1360/1347
f 1233/1360/1347 1180/1359/1346 1181/1361/1348
f 1233/1360/1347 1181/1361/1348 1232/1362/1349
f 1232/1362/1349 1181/1361/1348 1182/1363/1350
f 1232/1362/1349 1182/1363/1350 1231/1364/1351
f 1231/1364/1351 1182/1363/1350 1183/1365/1352
f 1231/1364/1351 1183/1365/1352 1184/1366/1353
f 1231/1364/1351 1184/1366/1353 1230/1367/1354
f 1230/1367/1354 1184/1366/1353 1185/1368/1355
f 1230/1367/1354 1185/1368/1355 1229/1369/1356
f 1229/1369/1356 1185/1368/1355 1186/1370/1357
f 1229/1369/1356 1186/1370/1357 1228/1371/1358
f 1228/1371/1358 1186/1370/1357 1187/1372/1359
f 1228/1371/1358 1187/1372/1359 1227/1373/1360
f 1227/1373/1360 1187/1372/1359 1226/1374/1361
f 1226/1374/1361 1187/1372/1359 1188/1375/1362
f 1226/1374/1361 1188/1375/1362 1225/1376/1363
f 1225/1376/1363 1188/1375/1362 1189/1377/1364
f 1225/1376/1363 1189/1377/1364 1224/1378/1365
f 1224/1378/1365 1189/1377/1364 1190/1379/1366
f 1224/1378/1365 1190/1379/1366 1223/1380/1367
f 1223/1380/1367 1190/1379/1366 1191/1381/1368
f 1223/1380/1367 1191/1381/1368 1222/1382/1369
f 1222/1382/1369 1191/1381/1368 1192/1383/1370
f 1222/1382/1369 1192/1383/1370 1221/1384/1371
f 1221/1384/1371 1192/1383/1370 1220/1385/1372
f 1220/1385/1372 1192/1383/1370 1193/1386/1373
f 1220/1385/1372 1193/1386/1373 1219/1387/1374
f 1219/1387/1374 1193/1386/1373 1194/1388/1375
f 1219/1387/1374 1194/1388/1375 1218/1389/1376
f 1218/1389/1376 1194/1388/1375 1195/1390/1377
f 1218/1389/1376 1195/1390/1377 1217/1391/1378
f 1217/1391/1378 1195/1390/1377 1196/1392/1379
f 1217/1391/1378 1196/1392/1379 1216/1393/1380
f 1216/1393/1380 1196/1392/1379 1197/1394/1381
f 1216/1393/1380 1197/1394/1381 1215/1395/1382
f 1215/1395/1382 1197/1394/1381 1198/1396/1383
f 1215/1395/1382 1198/1396/1383 1214/1397/1384
f 1214/1397/1384 1198/1396/1383 1199/1398/1385
f 1214/1397/1384 1199/1398/1385 1213/1399/1386
f 1213/1399/1386 1199/1398/1385 1200/1400/1387
f 1213/1399/1386 1200/1400/1387 1212/1401/1388
f 1212/1401/1388 1200/1400/1387 1201/1402/1389
f 1212/1401/1388 1201/1402/1389 1211/1403/1390
f 1211/1403/1390 1201/1402/1389 1202/1404/1391
f 1211/1403/1390 1202/1404/1391 1210/1405/1392
f 1210/1405/1392 1202/1404/1391 1203/1406/1393
f 1210/1405/1392 1203/1406/1393 1209/1407/1394
f 1209/1407/1394 1203/1406/1393 1204/1408/1395
f 1209/1407/1394 1204/1408/1395 1208/1409/1396
f 1208/1409/1396 1204/1408/1395 1205/1410/1397
f 1208/1409/1396 1205/1410/1397 1206/1411/1398
f 1206/1411/1398 1207/1412/1399 1208/1409/1396
f 60/1413/1400 1271/1414/1401 61/1415/1402
f 61/1415/1402 1271/1414/1401 1270/1416/1403
f 61/1415/1402 1270/1416/1403 1180/1417/1404
f 1180/1417/1404 1270/1416/1403 1290/1418/1405
f 1180/1417/1404 1290/1418/1405 1181/1419/1406
f 1181/1419/1406 1290/1418/1405 1294/1420/1407
f 1181/1419/1406 1294/1420/1407 1182/1421/1408
f 1182/1421/1408 1294/1420/1407 1298/1422/1409
f 1182/1421/1408 1298/1422/1409 1183/1423/1410
f 1183/1423/1410 1298/1422/1409 1302/1424/1411
f 1183/1423/1410 1302/1424/1411 1184/1425/1412
f 1184/1425/1412 1302/1424/1411 1306/1426/1413
f 1184/1425/1412 1306/1426/1413 1185/1427/1414
f 1185/1427/1414 1306/1426/1413 1310/1428/1415
f 1185/1427/1414 1310/1428/1415 1186/1429/1416
f 1186/1429/1416 1310/1428/1415 1314/1430/1417
f 1186/1429/1416 1314/1430/1417 1187/1431/1418
f 1187/1431/1418 1314/1430/1417 1318/1432/1419
f 1187/1431/1418 1318/1432/1419 1188/1433/1420
f 1188/1433/1420 1318/1432/1419 1322/1434/1421
f 1188/1433/1420 1322/1434/1421 1189/1435/1422
f 1189/1435/1422 1322/1434/1421 1326/1436/1423
f 1189/1435/1422 1326/1436/1423 1190/1437/1424
f 1190/1437/1424 1326/1436/1423 1330/1438/1425
f 1190/1437/1424 1330/1438/1425 1191/1439/1426
f 1191/1439/1426 1330/1438/1425 1334/1440/1427
f 1191/1439/1426 1334/1440/1427 1192/1441/1428
f 1192/1441/1428 1334/1440/1427 1338/1442/1429
f 1192/1441/1428 1338/1442/1429 1193/1443/1430
f 1193/1443/1430 1338/1442/1429 1342/1444/1431
f 1193/1443/1430 1342/1444/1431 1194/1445/1432
f 1194/1445/1432 1342/1444/1431 1346/1446/1433
f 1194/1445/1432 1346/1446/1433 1195/1447/1434
f 1195/1447/1434 1346/1446/1433 1350/1448/1435
f 1195/1447/1434 1350/1448/1435 1196/1449/1436
f 1196/1449/1436 1350/1448/1435 1354/1450/1437
f 1196/1449/1436 1354/1450/1437 1197/1451/1438
f 1197/1451/1438 1354/1450/1437 1358/1452/1439
f 1197/1451/1438 1358/1452/1439 1198/1453/1440
f 1198/1453/1440 1358/1452/1439 1362/1454/1441
f 1198/1453/1440 1362/1454/1441 1199/1455/1442
f 1199/1455/1442 1362/1454/1441 1366/1456/1443
f 1199/1455/1442 1366/1456/1443 1200/1457/1444
f 1200/1457/1444 1366/1456/1443 1370/1458/1445
f 1200/1457/1444 1370/1458/1445 1201/1459/1446
f 1201/1459/1446 1370/1458/1445 1374/1460/1447
f 1201/1459/1446 1374/1460/1447 1202/1461/1448
f 1202/1461/1448 1374/1460/1447 1378/1462/1449
f 1202/1461/1448 1378/1462/1449 1203/1463/1450
f 1203/1463/1450 1378/1462/1449 1382/1464/1451
f 1203/1463/1450 1382/1464/1451 1204/1465/1452
f 1204/1465/1452 1382/1464/1451 1386/1466/1453
f 1204/1465/1452 1386/1466/1453 1205/1467/1454
f 1205/1467/1454 1386/1466/1453 1206/1468/1455
f 1206/1468/1455 1386/1466/1453 1385/1469/1456
f 1206/1468/1455 1385/1469/1456 1266/1470/1457
f 1266/1470/1457 1385/1469/1456 1384/1471/1458
f 1266/1470/1457 1384/1471/1458 1383/1472/1459
f 1383/1472/1459 1384/1471/1458 1380/1473/1460
f 1383/1472/1459 1380/1473/1460 1379/1474/1461
f 1379/1474/1461 1380/1473/1460 1375/1475/1462
f 1379/1474/1461 1375/1475/1462 1263/1476/1463
f 1263/1476/1463 1375/1475/1462 1262/1477/1464
f 1262/1477/1464 1375/1475/1462 1371/1478/1465
f 1262/1477/1464 1371/1478/1465 1261/1479/1466
f 1261/1479/1466 1371/1478/1465 1367/1480/1467
f 1261/1479/1466 1367/1480/1467 1260/1481/1468
f 1260/1481/1468 1367/1480/1467 1363/1482/1469
f 1260/1481/1468 1363/1482/1469 1259/1483/1470
f 1259/1483/1470 1363/1482/1469 1359/1484/1471
f 1259/1483/1470 1359/1484/1471 1258/1485/1472
f 1258/1485/1472 1359/1484/1471 1355/1486/1473
f 1258/1485/1472 1355/1486/1473 1257/1487/1474
f 1257/1487/1474 1355/1486/1473 1351/1488/1475
f 1257/1487/1474 1351/1488/1475 1256/1489/1476
f 1256/1489/1476 1351/1488/1475 1347/1490/1477
f 1256/1489/1476 1347/1490/1477 1255/1491/1478
f 1255/1491/1478 1347/1490/1477 1343/1492/1479
f 1255/1491/1478 1343/1492/1479 1254/1493/1480
f 1254/1493/1480 1343/1492/1479 1339/1494/1481
f 1254/1493/1480 1339/1494/1481 1253/1495/1482
f 1253/1495/1482 1339/1494/1481 1335/1496/1483
f 1253/1495/1482 1335/1496/1483 1252/1497/1484
f 1252/1497/1484 1335/1496/1483 1331/1498/1485
f 1252/1497/1484 1331/1498/1485 1251/1499/1486
f 1251/1499/1486 1331/1498/1485 1327/1500/1487
f 1251/1499/1486 1327/1500/1487 1250/1501/1488
f 1250/1501/1488 1327/1500/1487 1323/1502/1489
f 1250/1501/1488 1323/1502/1489 1249/1503/1490
f 1249/1503/1490 1323/1502/1489 1319/1504/1491
f 1249/1503/1490 1319/1504/1491 1248/1505/1492
f 1248/1505/1492 1319/1504/1491 1315/1506/1493
f 1248/1505/1492 1315/1506/1493 1247/1507/1494
f 1247/1507/1494 1315/1506/1493 1311/1508/1495
f 1247/1507/1494 1311/1508/1495 1246/1509/1496
f 1246/1509/1496 1311/1508/1495 1307/1510/1497
f 1246/1509/1496 1307/1510/1497 1245/1511/1498
f 1245/1511/1498 1307/1510/1497 1303/1512/1499
f 1245/1511/1498 1303/1512/1499 1244/1513/1500
f 1244/1513/1500 1303/1512/1499 1299/1514/1501
f 1244/1513/1500 1299/1514/1501 1243/1515/1502
f 1243/1515/1502 1299/1514/1501 1295/1516/1503
f 1243/1515/1502 1295/1516/1503 1242/1517/1504
f 1242/1517/1504 1295/1516/1503 1291/1518/1505
f 1242/1517/1504 1291/1518/1505 1241/1519/1506
f 1241/1519/1506 1291/1518/1505 1287/1520/1507
f 1241/1519/1506 1287/1520/1507 1240/1521/1508
f 1240/1521/1508 1287/1520/1507 1267/1522/1509
f 1240/1521/1508 1267/1522/1509 1239/1523/1510
f 1239/1523/1510 1267/1522/1509 1274/1524/1511
f 1239/1523/1510 1274/1524/1511 1238/1525/1512
f 1238/1525/1512 1274/1524/1511 1278/1526/1513
f 1238/1525/1512 1278/1526/1513 1237/1527/1514
f 1237/1527/1514 1278/1526/1513 1282/1528/1515
f 1237/1527/1514 1282/1528/1515 1236/1529/1516
f 1236/1529/1516 1282/1528/1515 1286/1530/1517
f 1236/1529/1516 1286/1530/1517 1235/1531/1518
f 1235/1531/1518 1286/1530/1517 1285/1532/1519
f 1235/1531/1518 1285/1532/1519 1284/1533/1520
f 1284/1533/1520 1285/1532/1519 1280/1534/1521
f 1284/1533/1520 1280/1534/1521 1279/1535/1522
f 1279/1535/1522 1280/1534/1521 1275/1536/1523
f 1279/1535/1522 1275/1536/1523 56/1537/1524
f 56/1537/1524 1275/1536/1523 57/1538/1525
f 57/1538/1525 1275/1536/1523 58/1539/1526
f 58/1539/1526 1275/1536/1523 1271/1414/1401
f 58/1539/1526 1271/1414/1401 59/1540/1527
f 59/1540/1527 1271/1414/1401 60/1413/1400
f 56/1537/1524 55/1541/1528 1279/1535/1522
f 1279/1535/1522 55/1541/1528 54/1542/1529
f 1279/1535/1522 54/1542/1529 1283/1543/1530
f 1283/1543/1530 54/1542/1529 53/1544/1531
f 1283/1543/1530 53/1544/1531 1284/1533/1520
f 1284/1533/1520 53/1544/1531 1235/1531/1518
f 53/1544/1531 52/1545/1532 1235/1531/1518
f 1263/1476/1463 1264/1546/1533 1379/1474/1461
f 1379/1474/1461 1264/1546/1533 1265/1547/1534
f 1379/1474/1461 1265/1547/1534 1383/1472/1459
f 1383/1472/1459 1265/1547/1534 1266/1470/1457
f 1267/1522/1509 1268/1548/1535 1274/1524/1511
f 1274/1524/1511 1268/1548/1535 1273/1549/1536
f 1274/1524/1511 1273/1549/1536 1278/1526/1513
f 1278/1526/1513 1273/1549/1536 1277/1550/1537
f 1278/1526/1513 1277/1550/1537 1282/1528/1515
f 1282/1528/1515 1277/1550/1537 1281/1551/1538
f 1282/1528/1515 1281/1551/1538 1286/1530/1517
f 1286/1530/1517 1281/1551/1538 1285/1532/1519
f 1268/1548/1535 1269/1552/1539 1273/1549/1536
f 1273/1549/1536 1269/1552/1539 1272/1553/1540
f 1273/1549/1536 1272/1553/1540 1277/1550/1537
f 1277/1550/1537 1272/1553/1540 1276/1554/1541
f 1277/1550/1537 1276/1554/1541 1281/1551/1538
f 1281/1551/1538 1276/1554/1541 1280/1534/1521
f 1281/1551/1538 1280/1534/1521 1285/1532/1519
f 1268/1548/1535 1267/1522/1509 1288/1555/1542
f 1288/1555/1542 1267/1522/1509 1287/1520/1507
f 1288/1555/1542 1287/1520/1507 1292/1556/1543
f 1292/1556/1543 1287/1520/1507 1291/1518/1505
f 1292/1556/1543 1291/1518/1505 1296/1557/1544
f 1296/1557/1544 1291/1518/1505 1295/1516/1503
f 1296/1557/1544 1295/1516/1503 1300/1558/1545
f 1300/1558/1545 1295/1516/1503 1299/1514/1501
f 1300/1558/1545 1299/1514/1501 1304/1559/1546
f 1304/1559/1546 1299/1514/1501 1303/1512/1499
f 1304/1559/1546 1303/1512/1499 1308/1560/1547
f 1308/1560/1547 1303/1512/1499 1307/1510/1497
f 1308/1560/1547 1307/1510/1497 1312/1561/1548
f 1312/1561/1548 1307/1510/1497 1311/1508/1495
f 1312/1561/1548 1311/1508/1495 1316/1562/1549
f 1316/1562/1549 1311/1508/1495 1315/1506/1493
f 1316/1562/1549 1315/1506/1493 1320/1563/1550
f 1320/1563/1550 1315/1506/1493 1319/1504/1491
f 1320/1563/1550 1319/1504/1491 1324/1564/1551
f 1324/1564/1551 1319/1504/1491 1323/1502/1489
f 1324/1564/1551 1323/1502/1489 1328/1565/1552
f 1328/1565/1552 1323/1502/1489 1327/1500/1487
f 1328/1565/1552 1327/1500/1487 1332/1566/1553
f 1332/1566/1553 1327/1500/1487 1331/1498/1485
f 1332/1566/1553 1331/1498/1485 1336/1567/1554
f 1336/1567/1554 1331/1498/1485 1335/1496/1483
f 1336/1567/1554 1335/1496/1483 1340/1568/1555
f 1340/1568/1555 1335/1496/1483 1339/1494/1481
f 1340/1568/1555 1339/1494/1481 1344/1569/1556
f 1344/1569/1556 1339/1494/1481 1343/1492/1479
f 1344/1569/1556 1343/1492/1479 1348/1570/1557
f 1348/1570/1557 1343/1492/1479 1347/1490/1477
f 1348/1570/1557 1347/1490/1477 1352/1571/1558
f 1352/1571/1558 1347/1490/1477 1351/1488/1475
f 1352/1571/1558 1351/1488/1475 1356/1572/1559
f 1356/1572/1559 1351/1488/1475 1355/1486/1473
f 1356/1572/1559 1355/1486/1473 1360/1573/1560
f 1360/1573/1560 1355/1486/1473 1359/1484/1471
f 1360/1573/1560 1359/1484/1471 1364/1574/1561
f 1364/1574/1561 1359/1484/1471 1363/1482/1469
f 1364/1574/1561 1363/1482/1469 1368/1575/1562
f 1368/1575/1562 1363/1482/1469 1367/1480/1467
f 1368/1575/1562 1367/1480/1467 1372/1576/1563
f 1372/1576/1563 1367/1480/1467 1371/1478/1465
f 1372/1576/1563 1371/1478/1465 1376/1577/1564
f 1376/1577/1564 1371/1478/1465 1375/1475/1462
f 1376/1577/1564 1375/1475/1462 1380/1473/1460
f 1269/1552/1539 1270/1416/1403 1272/1553/1540
f 1272/1553/1540 1270/1416/1403 1271/1414/1401
f 1272/1553/1540 1271/1414/1401 1276/1554/1541
f 1276/1554/1541 1271/1414/1401 1275/1536/1523
f 1276/1554/1541 1275/1536/1523 1280/1534/1521
f 1269/1552/1539 1268/1548/1535 1289/1578/1565
f 1289/1578/1565 1268/1548/1535 1288/1555/1542
f 1289/1578/1565 1288/1555/1542 1293/1579/1566
f 1293/1579/1566 1288/1555/1542 1292/1556/1543
f 1293/1579/1566 1292/1556/1543 1297/1580/1567
f 1297/1580/1567 1292/1556/1543 1296/1557/1544
f 1297/1580/1567 1296/1557/1544 1301/1581/1568
f 1301/1581/1568 1296/1557/1544 1300/1558/1545
f 1301/1581/1568 1300/1558/1545 1305/1582/1569
f 1305/1582/1569 1300/1558/1545 1304/1559/1546
f 1305/1582/1569 1304/1559/1546 1309/1583/1570
f 1309/1583/1570 1304/1559/1546 1308/1560/1547
f 1309/1583/1570 1308/1560/1547 1313/1584/1571
f 1313/1584/1571 1308/1560/1547 1312/1561/1548
f 1313/1584/1571 1312/1561/1548 1317/1585/1572
f 1317/1585/1572 1312/1561/1548 1316/1562/1549
f 1317/1585/1572 1316/1562/1549 1321/1586/1573
f 1321/1586/1573 1316/1562/1549 1320/1563/1550
f 1321/1586/1573 1320/1563/1550 1325/1587/1574
f 1325/1587/1574 1320/1563/1550 1324/1564/1551
f 1325/1587/1574 1324/1564/1551 1329/1588/1575
f 1329/1588/1575 1324/1564/1551 1328/1565/1552
f 1329/1588/1575 1328/1565/1552 1333/1589/1576
f 1333/1589/1576 1328/1565/1552 1332/1566/1553
f 1333/1589/1576 1332/1566/1553 1337/1590/1577
f 1337/1590/1577 1332/1566/1553 1336/1567/1554
f 1337/1590/1577 1336/1567/1554 1341/1591/1578
f 1341/1591/1578 1336/1567/1554 1340/1568/1555
f 1341/1591/1578 1340/1568/1555 1345/1592/1579
f 1345/1592/1579 1340/1568/1555 1344/1569/1556
f 1345/1592/1579 1344/1569/1556 1349/1593/1580
f 1349/1593/1580 1344/1569/1556 1348/1570/1557
f 1349/1593/1580 1348/1570/1557 1353/1594/1581
f 1353/1594/1581 1348/1570/1557 1352/1571/1558
f 1353/1594/1581 1352/1571/1558 1357/1595/1582
f 1357/1595/1582 1352/1571/1558 1356/1572/1559
f 1357/1595/1582 1356/1572/1559 1361/1596/1583
f 1361/1596/1583 1356/1572/1559 1360/1573/1560
f 1361/1596/1583 1360/1573/1560 1365/1597/1584
f 1365/1597/1584 1360/1573/1560 1364/1574/1561
f 1365/1597/1584 1364/1574/1561 1369/1598/1585
f 1369/1598/1585 1364/1574/1561 1368/1575/1562
f 1369/1598/1585 1368/1575/1562 1373/1599/1586
f 1373/1599/1586 1368/1575/1562 1372/1576/1563
f 1373/1599/1586 1372/1576/1563 1377/1600/1587
f 1377/1600/1587 1372/1576/1563 1376/1577/1564
f 1377/1600/1587 1376/1577/1564 1381/1601/1588
f 1381/1601/1588 1376/1577/1564 1380/1473/1460
f 1381/1601/1588 1380/1473/1460 1384/1471/1458
f 1270/1416/1403 1269/1552/1539 1290/1418/1405
f 1290/1418/1405 1269/1552/1539 1289/1578/1565
f 1290/1418/1405 1289/1578/1565 1294/1420/1407
f 1294/1420/1407 1289/1578/1565 1293/1579/1566
f 1294/1420/1407 1293/1579/1566 1298/1422/1409
f 1298/1422/1409 1293/1579/1566 1297/1580/1567
f 1298/1422/1409 1297/1580/1567 1302/1424/1411
f 1302/1424/1411 1297/1580/1567 1301/1581/1568
f 1302/1424/1411 1301/1581/1568 1306/1426/1413
f 1306/1426/1413 1301/1581/1568 1305/1582/1569
f 1306/1426/1413 1305/1582/1569 1310/1428/1415
f 1310/1428/1415 1305/1582/1569 1309/1583/1570
f 1310/1428/1415 1309/1583/1570 1314/1430/1417
f 1314/1430/1417 1309/1583/1570 1313/1584/1571
f 1314/1430/1417 1313/1584/1571 1318/1432/1419
f 1318/1432/1419 1313/1584/1571 1317/1585/1572
f 1318/1432/1419 1317/1585/1572 1322/1434/1421
f 1322/1434/1421 1317/1585/1572 1321/1586/1573
f 1322/1434/1421 1321/1586/1573 1326/1436/1423
f 1326/1436/1423 1321/1586/1573 1325/1587/1574
f 1326/1436/1423 1325/1587/1574 1330/1438/1425
f 1330/1438/1425 1325/1587/1574 1329/1588/1575
f 1330/1438/1425 1329/1588/1575 1334/1440/1427
f 1334/1440/1427 1329/1588/1575 1333/1589/1576
f 1334/1440/1427 1333/1589/1576 1338/1442/1429
f 1338/1442/1429 1333/1589/1576 1337/1590/1577
f 1338/1442/1429 1337/1590/1577 1342/1444/1431
f 1342/1444/1431 1337/1590/1577 1341/1591/1578
f 1342/1444/1431 1341/1591/1578 1346/1446/1433
f 1346/1446/1433 1341/1591/1578 1345/1592/1579
f 1346/1446/1433 1345/1592/1579 1350/1448/1435
f 1350/1448/1435 1345/1592/1579 1349/1593/1580
f 1350/1448/1435 1349/1593/1580 1354/1450/1437
f 1354/1450/1437 1349/1593/1580 1353/1594/1581
f 1354/1450/1437 1353/1594/1581 1358/1452/1439
f 1358/1452/1439 1353/1594/1581 1357/1595/1582
f 1358/1452/1439 1357/1595/1582 1362/1454/1441
f 1362/1454/1441 1357/1595/1582 1361/1596/1583
f 1362/1454/1441 1361/1596/1583 1366/1456/1443
f 1366/1456/1443 1361/1596/1583 1365/1597/1584
f 1366/1456/1443 1365/1597/1584 1370/1458/1445
f 1370/1458/1445 1365/1597/1584 1369/1598/1585
f 1370/1458/1445 1369/1598/1585 1374/1460/1447
f 1374/1460/1447 1369/1598/1585 1373/1599/1586
f 1374/1460/1447 1373/1599/1586 1378/1462/1449
f 1378/1462/1449 1373/1599/1586 1377/1600/1587
f 1378/1462/1449 1377/1600/1587 1382/1464/1451
f 1382/1464/1451 1377/1600/1587 1381/1601/1588
f 1382/1464/1451 1381/1601/1588 1385/1469/1456
f 1385/1469/1456 1381/1601/1588 1384/1471/1458
f 1283/1543/1530 1284/1533/1520 1279/1535/1522
f 1386/1466/1453 1382/1464/1451 1385/1469/1456
f 107/1602/1589 1456/1603/1590 108/1604/1591
f 108/1604/1591 1456/1603/1590 1457/1605/1592
f 108/1604/1591 1457/1605/1592 136/1606/1593
f 136/1606/1593 1457/1605/1592 1465/1607/1594
f 136/1606/1593 1465/1607/1594 1466/1608/1595
f 1466/1608/1595 1465/1607/1594 1477/1609/1596
f 1466/1608/1595 1477/1609/1596 1478/1610/1597
f 1478/1610/1597 1477/1609/1596 1492/1611/1598
f 1478/1610/1597 1492/1611/1598 1493/1612/1599
f 1493/1612/1599 1492/1611/1598 1508/1613/1600
f 1493/1612/1599 1508/1613/1600 1509/1614/1601
f 1509/1614/1601 1508/1613/1600 1524/1615/1602
f 1509/1614/1601 1524/1615/1602 1525/1616/1603
f 1525/1616/1603 1524/1615/1602 1540/1617/1604
f 1525/1616/1603 1540/1617/1604 1541/1618/1605
f 1541/1618/1605 1540/1617/1604 1556/1619/1606
f 1541/1618/1605 1556/1619/1606 1557/1620/1607
f 1557/1620/1607 1556/1619/1606 1572/1621/1608
f 1557/1620/1607 1572/1621/1608 1435/1622/1609
f 1435/1622/1609 1572/1621/1608 1434/1623/1610
f 1434/1623/1610 1572/1621/1608 1587/1624/1611
f 1434/1623/1610 1587/1624/1611 1433/1625/1612
f 1433/1625/1612 1587/1624/1611 1602/1626/1613
f 1433/1625/1612 1602/1626/1613 1432/1627/1614
f 1432/1627/1614 1602/1626/1613 1617/1628/1615
f 1432/1627/1614 1617/1628/1615 1431/1629/1616
f 1431/1629/1616 1617/1628/1615 1632/1630/1617
f 1431/1629/1616 1632/1630/1617 1647/1631/1618
f 1647/1631/1618 1632/1630/1617 1646/1632/1619
f 1647/1631/1618 1646/1632/1619 1662/1633/1620
f 1662/1633/1620 1646/1632/1619 1661/1634/1621
f 1662/1633/1620 1661/1634/1621 1677/1635/1622
f 1677/1635/1622 1661/1634/1621 1676/1636/1623
f 1677/1635/1622 1676/1636/1623 1449/1637/1624
f 1449/1637/1624 1676/1636/1623 1691/1638/1625
f 1449/1637/1624 1691/1638/1625 1706/1639/1626
f 1706/1639/1626 1691/1638/1625 1705/1640/1627
f 1706/1639/1626 1705/1640/1627 1721/1641/1628
f 1721/1641/1628 1705/1640/1627 1720/1642/1629
f 1721/1641/1628 1720/1642/1629 1736/1643/1630
f 1736/1643/1630 1720/1642/1629 1735/1644/1631
f 1736/1643/1630 1735/1644/1631 1751/1645/1632
f 1751/1645/1632 1735/1644/1631 1750/1646/1633
f 1751/1645/1632 1750/1646/1633 1448/1647/1634
f 1448/1647/1634 1750/1646/1633 1765/1648/1635
f 1448/1647/1634 1765/1648/1635 1780/1649/1636
f 1780/1649/1636 1765/1648/1635 1779/1650/1637
f 1780/1649/1636 1779/1650/1637 1795/1651/1638
f 1795/1651/1638 1779/1650/1637 1794/1652/1639
f 1795/1651/1638 1794/1652/1639 1810/1653/1640
f 1810/1653/1640 1794/1652/1639 1809/1654/1641
f 1810/1653/1640 1809/1654/1641 1825/1655/1642
f 1825/1655/1642 1809/1654/1641 1824/1656/1643
f 1825/1655/1642 1824/1656/1643 1447/1657/1644
f 1447/1657/1644 1824/1656/1643 1839/1658/1645
f 1447/1657/1644 1839/1658/1645 1854/1659/1646
f 1854/1659/1646 1839/1658/1645 1853/1660/1647
f 1854/1659/1646 1853/1660/1647 1869/1661/1648
f 1869/1661/1648 1853/1660/1647 1868/1662/1649
f 1869/1661/1648 1868/1662/1649 1884/1663/1650
f 1884/1663/1650 1868/1662/1649 1883/1664/1651
f 1884/1663/1650 1883/1664/1651 1899/1665/1652
f 1899/1665/1652 1883/1664/1651 1898/1666/1653
f 1899/1665/1652 1898/1666/1653 1446/1667/1654
f 1446/1667/1654 1898/1666/1653 1913/1668/1655
f 1446/1667/1654 1913/1668/1655 1928/1669/1656
f 1928/1669/1656 1913/1668/1655 1927/1670/1657
f 1928/1669/1656 1927/1670/1657 1943/1671/1658
f 1943/1671/1658 1927/1670/1657 1942/1672/1659
f 1943/1671/1658 1942/1672/1659 1958/1673/1660
f 1958/1673/1660 1942/1672/1659 1957/1674/1661
f 1958/1673/1660 1957/1674/1661 1973/1675/1662
f 1973/1675/1662 1957/1674/1661 1972/1676/1663
f 1973/1675/1662 1972/1676/1663 1445/1677/1664
f 1445/1677/1664 1972/1676/1663 1987/1678/1665
f 1445/1677/1664 1987/1678/1665 2002/1679/1666
f 2002/1679/1666 1987/1678/1665 2001/1680/1667
f 2002/1679/1666 2001/1680/1667 2017/1681/1668
f 2017/1681/1668 2001/1680/1667 2016/1682/1669
f 2017/1681/1668 2016/1682/1669 1408/1683/1670
f 1408/1683/1670 2016/1682/1669 2031/1684/1671
f 1408/1683/1670 2031/1684/1671 1407/1685/1672
f 1407/1685/1672 2031/1684/1671 1406/1686/1673
f 1406/1686/1673 2031/1684/1671 2030/1687/1674
f 1406/1686/1673 2030/1687/1674 1405/1688/1675
f 1405/1688/1675 2030/1687/1674 2029/1689/1676
f 1405/1688/1675 2029/1689/1676 1404/1690/1677
f 1404/1690/1677 2029/1689/1676 2028/1691/1678
f 1404/1690/1677 2028/1691/1678 1403/1692/1679
f 1403/1692/1679 2028/1691/1678 1402/1693/1680
f 1402/1693/1680 2028/1691/1678 2027/1694/1681
f 1402/1693/1680 2027/1694/1681 2041/1695/1682
f 2041/1695/1682 2027/1694/1681 2026/1696/1683
f 2041/1695/1682 2026/1696/1683 2040/1697/1684
f 2040/1697/1684 2026/1696/1683 2025/1698/1685
f 2040/1697/1684 2025/1698/1685 2039/1699/1686
f 2039/1699/1686 2025/1698/1685 2024/1700/1687
f 2039/1699/1686 2024/1700/1687 2038/1701/1688
f 2038/1701/1688 2024/1700/1687 2023/1702/1689
f 2038/1701/1688 2023/1702/1689 2037/1703/1690
f 2037/1703/1690 2023/1702/1689 2022/1704/1691
f 2037/1703/1690 2022/1704/1691 2036/1705/1692
f 2036/1705/1692 2022/1704/1691 2021/1706/1693
f 2036/1705/1692 2021/1706/1693 2035/1707/1694
f 2035/1707/1694 2021/1706/1693 2020/1708/1695
f 2035/1707/1694 2020/1708/1695 2034/1709/1696
f 2034/1709/1696 2020/1708/1695 2019/1710/1697
f 2034/1709/1696 2019/1710/1697 2033/1711/1698
f 2033/1711/1698 2019/1710/1697 2018/1712/1699
f 2033/1711/1698 2018/1712/1699 2032/1713/1700
f 2032/1713/1700 2018/1712/1699 958/1714/1031
f 2032/1713/1700 958/1714/1031 957/1715/1033
f 107/1602/1589 106/1716/1701 1456/1603/1590
f 1456/1603/1590 106/1716/1701 1455/1717/1702
f 1456/1603/1590 1455/1717/1702 1464/1718/1703
f 1464/1718/1703 1455/1717/1702 1463/1719/1704
f 1464/1718/1703 1463/1719/1704 1475/1720/1705
f 1475/1720/1705 1463/1719/1704 1474/1721/1706
f 1475/1720/1705 1474/1721/1706 1489/1722/1707
f 1489/1722/1707 1474/1721/1706 1488/1723/1708
f 1489/1722/1707 1488/1723/1708 1504/1724/1709
f 1504/1724/1709 1488/1723/1708 1503/1725/1710
f 1504/1724/1709 1503/1725/1710 1519/1726/1711
f 1519/1726/1711 1503/1725/1710 1518/1727/1712
f 1519/1726/1711 1518/1727/1712 1534/1728/1713
f 1534/1728/1713 1518/1727/1712 1533/1729/1714
f 1534/1728/1713 1533/1729/1714 1549/1730/1715
f 1549/1730/1715 1533/1729/1714 1548/1731/1716
f 1549/1730/1715 1548/1731/1716 1564/1732/1717
f 1564/1732/1717 1548/1731/1716 1563/1733/1718
f 1564/1732/1717 1563/1733/1718 1579/1734/1719
f 1579/1734/1719 1563/1733/1718 1578/1735/1720
f 1579/1734/1719 1578/1735/1720 1594/1736/1721
f 1594/1736/1721 1578/1735/1720 1593/1737/1722
f 1594/1736/1721 1593/1737/1722 1609/1738/1723
f 1609/1738/1723 1593/1737/1722 1608/1739/1724
f 1609/1738/1723 1608/1739/1724 1623/1740/1725
f 1623/1740/1725 1608/1739/1724 1622/1741/1726
f 1623/1740/1725 1622/1741/1726 1637/1742/1727
f 1637/1742/1727 1622/1741/1726 1636/1743/1728
f 1637/1742/1727 1636/1743/1728 1652/1744/1729
f 1652/1744/1729 1636/1743/1728 1651/1745/1730
f 1652/1744/1729 1651/1745/1730 1667/1746/1731
f 1667/1746/1731 1651/1745/1730 1666/1747/1732
f 1667/1746/1731 1666/1747/1732 1682/1748/1733
f 1682/1748/1733 1666/1747/1732 1681/1749/1734
f 1682/1748/1733 1681/1749/1734 1696/1750/1735
f 1696/1750/1735 1681/1749/1734 1695/1751/1736
f 1696/1750/1735 1695/1751/1736 1711/1752/1737
f 1711/1752/1737 1695/1751/1736 1710/1753/1738
f 1711/1752/1737 1710/1753/1738 1726/1754/1739
f 1726/1754/1739 1710/1753/1738 1725/1755/1740
f 1726/1754/1739 1725/1755/1740 1741/1756/1741
f 1741/1756/1741 1725/1755/1740 1740/1757/1742
f 1741/1756/1741 1740/1757/1742 1756/1758/1743
f 1756/1758/1743 1740/1757/1742 1755/1759/1744
f 1756/1758/1743 1755/1759/1744 1770/1760/1745
f 1770/1760/1745 1755/1759/1744 1769/1761/1746
f 1770/1760/1745 1769/1761/1746 1785/1762/1747
f 1785/1762/1747 1769/1761/1746 1784/1763/1748
f 1785/1762/1747 1784/1763/1748 1800/1764/1749
f 1800/1764/1749 1784/1763/1748 1799/1765/1750
f 1800/1764/1749 1799/1765/1750 1815/1766/1751
f 1815/1766/1751 1799/1765/1750 1814/1767/1752
f 1815/1766/1751 1814/1767/1752 1830/1768/1753
f 1830/1768/1753 1814/1767/1752 1829/1769/1754
f 1830/1768/1753 1829/1769/1754 1844/1770/1755
f 1844/1770/1755 1829/1769/1754 1843/1771/1756
f 1844/1770/1755 1843/1771/1756 1859/1772/1757
f 1859/1772/1757 1843/1771/1756 1858/1773/1758
f 1859/1772/1757 1858/1773/1758 1874/1774/1759
f 1874/1774/1759 1858/1773/1758 1873/1775/1760
f 1874/1774/1759 1873/1775/1760 1889/1776/1761
f 1889/1776/1761 1873/1775/1760 1888/1777/1762
f 1889/1776/1761 1888/1777/1762 1904/1778/1763
f 1904/1778/1763 1888/1777/1762 1903/1779/1764
f 1904/1778/1763 1903/1779/1764 1918/1780/1765
f 1918/1780/1765 1903/1779/1764 1917/1781/1766
f 1918/1780/1765 1917/1781/1766 1933/1782/1767
f 1933/1782/1767 1917/1781/1766 1932/1783/1768
f 1933/1782/1767 1932/1783/1768 1948/1784/1769
f 1948/1784/1769 1932/1783/1768 1947/1785/1770
f 1948/1784/1769 1947/1785/1770 1963/1786/1771
f 1963/1786/1771 1947/1785/1770 1962/1787/1772
f 1963/1786/1771 1962/1787/1772 1978/1788/1773
f 1978/1788/1773 1962/1787/1772 1977/1789/1774
f 1978/1788/1773 1977/1789/1774 1992/1790/1775
f 1992/1790/1775 1977/1789/1774 1991/1791/1776
f 1992/1790/1775 1991/1791/1776 2007/1792/1777
f 2007/1792/1777 1991/1791/1776 2006/1793/1778
f 2007/1792/1777 2006/1793/1778 2022/1704/1691
f 2022/1704/1691 2006/1793/1778 2021/1706/1693
f 106/1716/1701 105/1794/1779 1455/1717/1702
f 1455/1717/1702 105/1794/1779 1454/1795/1780
f 1455/1717/1702 1454/1795/1780 1463/1719/1704
f 1463/1719/1704 1454/1795/1780 1462/1796/1781
f 1463/1719/1704 1462/1796/1781 1474/1721/1706
f 1474/1721/1706 1462/1796/1781 1473/1797/1782
f 1474/1721/1706 1473/1797/1782 1488/1723/1708
f 1488/1723/1708 1473/1797/1782 1487/1798/1783
f 1488/1723/1708 1487/1798/1783 1503/1725/1710
f 1503/1725/1710 1487/1798/1783 1502/1799/1784
f 1503/1725/1710 1502/1799/1784 1518/1727/1712
f 1518/1727/1712 1502/1799/1784 1517/1800/1785
f 1518/1727/1712 1517/1800/1785 1533/1729/1714
f 1533/1729/1714 1517/1800/1785 1532/1801/1786
f 1533/1729/1714 1532/1801/1786 1548/1731/1716
f 1548/1731/1716 1532/1801/1786 1547/1802/1787
f 1548/1731/1716 1547/1802/1787 1563/1733/1718
f 1563/1733/1718 1547/1802/1787 1562/1803/1788
f 1563/1733/1718 1562/1803/1788 1578/1735/1720
f 1578/1735/1720 1562/1803/1788 1577/1804/1789
f 1578/1735/1720 1577/1804/1789 1593/1737/1722
f 1593/1737/1722 1577/1804/1789 1592/1805/1790
f 1593/1737/1722 1592/1805/1790 1608/1739/1724
f 1608/1739/1724 1592/1805/1790 1607/1806/1791
f 1608/1739/1724 1607/1806/1791 1622/1741/1726
f 1622/1741/1726 1607/1806/1791 1621/1807/1792
f 1622/1741/1726 1621/1807/1792 1636/1743/1728
f 1636/1743/1728 1621/1807/1792 1635/1808/1793
f 1636/1743/1728 1635/1808/1793 1651/1745/1730
f 1651/1745/1730 1635/1808/1793 1650/1809/1794
f 1651/1745/1730 1650/1809/1794 1666/1747/1732
f 1666/1747/1732 1650/1809/1794 1665/1810/1795
f 1666/1747/1732 1665/1810/1795 1681/1749/1734
f 1681/1749/1734 1665/1810/1795 1680/1811/1796
f 1681/1749/1734 1680/1811/1796 1695/1751/1736
f 1695/1751/1736 1680/1811/1796 1694/1812/1797
f 1695/1751/1736 1694/1812/1797 1710/1753/1738
f 1710/1753/1738 1694/1812/1797 1709/1813/1798
f 1710/1753/1738 1709/1813/1798 1725/1755/1740
f 1725/1755/1740 1709/1813/1798 1724/1814/1799
f 1725/1755/1740 1724/1814/1799 1740/1757/1742
f 1740/1757/1742 1724/1814/1799 1739/1815/1800
f 1740/1757/1742 1739/1815/1800 1755/1759/1744
f 1755/1759/1744 1739/1815/1800 1754/1816/1801
f 1755/1759/1744 1754/1816/1801 1769/1761/1746
f 1769/1761/1746 1754/1816/1801 1768/1817/1802
f 1769/1761/1746 1768/1817/1802 1784/1763/1748
f 1784/1763/1748 1768/1817/1802 1783/1818/1803
f 1784/1763/1748 1783/1818/1803 1799/1765/1750
f 1799/1765/1750 1783/1818/1803 1798/1819/1804
f 1799/1765/1750 1798/1819/1804 1814/1767/1752
f 1814/1767/1752 1798/1819/1804 1813/1820/1805
f 1814/1767/1752 1813/1820/1805 1829/1769/1754
f 1829/1769/1754 1813/1820/1805 1828/1821/1806
f 1829/1769/1754 1828/1821/1806 1843/1771/1756
f 1843/1771/1756 1828/1821/1806 1842/1822/1807
f 1843/1771/1756 1842/1822/1807 1858/1773/1758
f 1858/1773/1758 1842/1822/1807 1857/1823/1808
f 1858/1773/1758 1857/1823/1808 1873/1775/1760
f 1873/1775/1760 1857/1823/1808 1872/1824/1809
f 1873/1775/1760 1872/1824/1809 1888/1777/1762
f 1888/1777/1762 1872/1824/1809 1887/1825/1810
f 1888/1777/1762 1887/1825/1810 1903/1779/1764
f 1903/1779/1764 1887/1825/1810 1902/1826/1811
f 1903/1779/1764 1902/1826/1811 1917/1781/1766
f 1917/1781/1766 1902/1826/1811 1916/1827/1812
f 1917/1781/1766 1916/1827/1812 1932/1783/1768
f 1932/1783/1768 1916/1827/1812 1931/1828/1813
f 1932/1783/1768 1931/1828/1813 1947/1785/1770
f 1947/1785/1770 1931/1828/1813 1946/1829/1814
f 1947/1785/1770 1946/1829/1814 1962/1787/1772
f 1962/1787/1772 1946/1829/1814 1961/1830/1815
f 1962/1787/1772 1961/1830/1815 1977/1789/1774
f 1977/1789/1774 1961/1830/1815 1976/1831/1816
f 1977/1789/1774 1976/1831/1816 1991/1791/1776
f 1991/1791/1776 1976/1831/1816 1990/1832/1817
f 1991/1791/1776 1990/1832/1817 2006/1793/1778
f 2006/1793/1778 1990/1832/1817 2005/1833/1818
f 2006/1793/1778 2005/1833/1818 2021/1706/1693
f 2021/1706/1693 2005/1833/1818 2020/1708/1695
f 105/1794/1779 104/1834/1819 1454/1795/1780
f 1454/1795/1780 104/1834/1819 1453/1835/1820
f 1454/1795/1780 1453/1835/1820 1462/1796/1781
f 1462/1796/1781 1453/1835/1820 1461/1836/1821
f 1462/1796/1781 1461/1836/1821 1473/1797/1782
f 1473/1797/1782 1461/1836/1821 1472/1837/1822
f 1473/1797/1782 1472/1837/1822 1487/1798/1783
f 1487/1798/1783 1472/1837/1822 1486/1838/1823
f 1487/1798/1783 1486/1838/1823 1502/1799/1784
f 1502/1799/1784 1486/1838/1823 1501/1839/1824
f 1502/1799/1784 1501/1839/1824 1517/1800/1785
f 1517/1800/1785 1501/1839/1824 1516/1840/1825
f 1517/1800/1785 1516/1840/1825 1532/1801/1786
f 1532/1801/1786 1516/1840/1825 1531/1841/1826
f 1532/1801/1786 1531/1841/1826 1547/1802/1787
f 1547/1802/1787 1531/1841/1826 1546/1842/1827
f 1547/1802/1787 1546/1842/1827 1562/1803/1788
f 1562/1803/1788 1546/1842/1827 1561/1843/1828
f 1562/1803/1788 1561/1843/1828 1577/1804/1789
f 1577/1804/1789 1561/1843/1828 1576/1844/1829
f 1577/1804/1789 1576/1844/1829 1592/1805/1790
f 1592/1805/1790 1576/1844/1829 1591/1845/1830
f 1592/1805/1790 1591/1845/1830 1607/1806/1791
f 1607/1806/1791 1591/1845/1830 1606/1846/1831
f 1607/1806/1791 1606/1846/1831 1621/1807/1792
f 1621/1807/1792 1606/1846/1831 1620/1847/1832
f 1621/1807/1792 1620/1847/1832 1635/1808/1793
f 1635/1808/1793 1620/1847/1832 1634/1848/1833
f 1635/1808/1793 1634/1848/1833 1650/1809/1794
f 1650/1809/1794 1634/1848/1833 1649/1849/1834
f 1650/1809/1794 1649/1849/1834 1665/1810/1795
f 1665/1810/1795 1649/1849/1834 1664/1850/1835
f 1665/1810/1795 1664/1850/1835 1680/1811/1796
f 1680/1811/1796 1664/1850/1835 1679/1851/1836
f 1680/1811/1796 1679/1851/1836 1694/1812/1797
f 1694/1812/1797 1679/1851/1836 1693/1852/1837
f 1694/1812/1797 1693/1852/1837 1709/1813/1798
f 1709/1813/1798 1693/1852/1837 1708/1853/1838
f 1709/1813/1798 1708/1853/1838 1724/1814/1799
f 1724/1814/1799 1708/1853/1838 1723/1854/1839
f 1724/1814/1799 1723/1854/1839 1739/1815/1800
f 1739/1815/1800 1723/1854/1839 1738/1855/1840
f 1739/1815/1800 1738/1855/1840 1754/1816/1801
f 1754/1816/1801 1738/1855/1840 1753/1856/1841
f 1754/1816/1801 1753/1856/1841 1768/1817/1802
f 1768/1817/1802 1753/1856/1841 1767/1857/1842
f 1768/1817/1802 1767/1857/1842 1783/1818/1803
f 1783/1818/1803 1767/1857/1842 1782/1858/1843
f 1783/1818/1803 1782/1858/1843 1798/1819/1804
f 1798/1819/1804 1782/1858/1843 1797/1859/1844
f 1798/1819/1804 1797/1859/1844 1813/1820/1805
f 1813/1820/1805 1797/1859/1844 1812/1860/1845
f 1813/1820/1805 1812/1860/1845 1828/1821/1806
f 1828/1821/1806 1812/1860/1845 1827/1861/1846
f 1828/1821/1806 1827/1861/1846 1842/1822/1807
f 1842/1822/1807 1827/1861/1846 1841/1862/1847
f 1842/1822/1807 1841/1862/1847 1857/1823/1808
f 1857/1823/1808 1841/1862/1847 1856/1863/1848
f 1857/1823/1808 1856/1863/1848 1872/1824/1809
f 1872/1824/1809 1856/1863/1848 1871/1864/1849
f 1872/1824/1809 1871/1864/1849 1887/1825/1810
f 1887/1825/1810 1871/1864/1849 1886/1865/1850
f 1887/1825/1810 1886/1865/1850 1902/1826/1811
f 1902/1826/1811 1886/1865/1850 1901/1866/1851
f 1902/1826/1811 1901/1866/1851 1916/1827/1812
f 1916/1827/1812 1901/1866/1851 1915/1867/1852
f 1916/1827/1812 1915/1867/1852 1931/1828/1813
f 1931/1828/1813 1915/1867/1852 1930/1868/1853
f 1931/1828/1813 1930/1868/1853 1946/1829/1814
f 1946/1829/1814 1930/1868/1853 1945/1869/1854
f 1946/1829/1814 1945/1869/1854 1961/1830/1815
f 1961/1830/1815 1945/1869/1854 1960/1870/1855
f 1961/1830/1815 1960/1870/1855 1976/1831/1816
f 1976/1831/1816 1960/1870/1855 1975/1871/1856
f 1976/1831/1816 1975/1871/1856 1990/1832/1817
f 1990/1832/1817 1975/1871/1856 1989/1872/1857
f 1990/1832/1817 1989/1872/1857 2005/1833/1818
f 2005/1833/1818 1989/1872/1857 2004/1873/1858
f 2005/1833/1818 2004/1873/1858 2020/1708/1695
f 2020/1708/1695 2004/1873/1858 2019/1710/1697
f 104/1834/1819 103/1874/1859 1453/1835/1820
f 1453/1835/1820 103/1874/1859 102/1875/1860
f 1453/1835/1820 102/1875/1860 1452/1876/1861
f 1452/1876/1861 102/1875/1860 101/1877/1862
f 1452/1876/1861 101/1877/1862 100/1878/1863
f 1452/1876/1861 100/1878/1863 1451/1879/1864
f 1451/1879/1864 100/1878/1863 99/1880/1865
f 1451/1879/1864 99/1880/1865 1450/1881/1866
f 1450/1881/1866 99/1880/1865 98/1882/1867
f 1450/1881/1866 98/1882/1867 97/1883/1868
f 96/1884/951 997/1885/953 97/1883/1868
f 97/1883/1868 997/1885/953 1450/1881/1866
f 1450/1881/1866 997/1885/953 1458/1886/1869
f 1458/1886/1869 997/1885/953 996/1887/955
f 1458/1886/1869 996/1887/955 1469/1888/1870
f 1469/1888/1870 996/1887/955 995/1889/957
f 1469/1888/1870 995/1889/957 1483/1890/1871
f 1483/1890/1871 995/1889/957 994/1891/959
f 1483/1890/1871 994/1891/959 1498/1892/1872
f 1498/1892/1872 994/1891/959 993/1893/961
f 1498/1892/1872 993/1893/961 1513/1894/1873
f 1513/1894/1873 993/1893/961 992/1895/963
f 1513/1894/1873 992/1895/963 1528/1896/1874
f 1528/1896/1874 992/1895/963 991/1897/965
f 1528/1896/1874 991/1897/965 1543/1898/1875
f 1543/1898/1875 991/1897/965 990/1899/967
f 1543/1898/1875 990/1899/967 1558/1900/1876
f 1558/1900/1876 990/1899/967 989/1901/969
f 1558/1900/1876 989/1901/969 1573/1902/1877
f 1573/1902/1877 989/1901/969 988/1903/971
f 1573/1902/1877 988/1903/971 1588/1904/1878
f 1588/1904/1878 988/1903/971 987/1905/973
f 1588/1904/1878 987/1905/973 1603/1906/1879
f 1603/1906/1879 987/1905/973 986/1907/975
f 1603/1906/1879 986/1907/975 985/1908/977
f 1603/1906/1879 985/1908/977 1618/1909/1880
f 1618/1909/1880 985/1908/977 984/1910/979
f 1618/1909/1880 984/1910/979 1633/1911/1881
f 1633/1911/1881 984/1910/979 1648/1912/1882
f 1633/1911/1881 1648/1912/1882 1649/1849/1834
f 1649/1849/1834 1648/1912/1882 1664/1850/1835
f 984/1910/979 983/1913/981 1648/1912/1882
f 1648/1912/1882 983/1913/981 1663/1914/1883
f 1648/1912/1882 1663/1914/1883 1664/1850/1835
f 1664/1850/1835 1663/1914/1883 1679/1851/1836
f 983/1913/981 982/1915/983 1663/1914/1883
f 1663/1914/1883 982/1915/983 1678/1916/1884
f 1663/1914/1883 1678/1916/1884 1679/1851/1836
f 1679/1851/1836 1678/1916/1884 1693/1852/1837
f 982/1915/983 981/1917/985 1678/1916/1884
f 1678/1916/1884 981/1917/985 1692/1918/1885
f 1678/1916/1884 1692/1918/1885 1693/1852/1837
f 1693/1852/1837 1692/1918/1885 1708/1853/1838
f 981/1917/985 980/1919/987 1692/1918/1885
f 1692/1918/1885 980/1919/987 1707/1920/1886
f 1692/1918/1885 1707/1920/1886 1708/1853/1838
f 1708/1853/1838 1707/1920/1886 1723/1854/1839
f 980/1919/987 979/1921/989 1707/1920/1886
f 1707/1920/1886 979/1921/989 1722/1922/1887
f 1707/1920/1886 1722/1922/1887 1723/1854/1839
f 1723/1854/1839 1722/1922/1887 1738/1855/1840
f 979/1921/989 978/1923/991 1722/1922/1887
f 1722/1922/1887 978/1923/991 1737/1924/1888
f 1722/1922/1887 1737/1924/1888 1738/1855/1840
f 1738/1855/1840 1737/1924/1888 1753/1856/1841
f 978/1923/991 977/1925/993 1737/1924/1888
f 1737/1924/1888 977/1925/993 1752/1926/1889
f 1737/1924/1888 1752/1926/1889 1753/1856/1841
f 1753/1856/1841 1752/1926/1889 1767/1857/1842
f 977/1925/993 976/1927/995 1752/1926/1889
f 1752/1926/1889 976/1927/995 1766/1928/1890
f 1752/1926/1889 1766/1928/1890 1767/1857/1842
f 1767/1857/1842 1766/1928/1890 1782/1858/1843
f 976/1927/995 975/1929/997 1766/1928/1890
f 1766/1928/1890 975/1929/997 1781/1930/1891
f 1766/1928/1890 1781/1930/1891 1782/1858/1843
f 1782/1858/1843 1781/1930/1891 1797/1859/1844
f 975/1929/997 974/1931/999 1781/1930/1891
f 1781/1930/1891 974/1931/999 1796/1932/1892
f 1781/1930/1891 1796/1932/1892 1797/1859/1844
f 1797/1859/1844 1796/1932/1892 1812/1860/1845
f 974/1931/999 973/1933/1001 1796/1932/1892
f 1796/1932/1892 973/1933/1001 1811/1934/1893
f 1796/1932/1892 1811/1934/1893 1812/1860/1845
f 1812/1860/1845 1811/1934/1893 1827/1861/1846
f 973/1933/1001 972/1935/1003 1811/1934/1893
f 1811/1934/1893 972/1935/1003 1826/1936/1894
f 1811/1934/1893 1826/1936/1894 1827/1861/1846
f 1827/1861/1846 1826/1936/1894 1841/1862/1847
f 972/1935/1003 971/1937/1005 1826/1936/1894
f 1826/1936/1894 971/1937/1005 1840/1938/1895
f 1826/1936/1894 1840/1938/1895 1841/1862/1847
f 1841/1862/1847 1840/1938/1895 1856/1863/1848
f 971/1937/1005 970/1939/1007 1840/1938/1895
f 1840/1938/1895 970/1939/1007 1855/1940/1896
f 1840/1938/1895 1855/1940/1896 1856/1863/1848
f 1856/1863/1848 1855/1940/1896 1871/1864/1849
f 970/1939/1007 969/1941/1009 1855/1940/1896
f 1855/1940/1896 969/1941/1009 1870/1942/1897
f 1855/1940/1896 1870/1942/1897 1871/1864/1849
f 1871/1864/1849 1870/1942/1897 1886/1865/1850
f 969/1941/1009 968/1943/1011 1870/1942/1897
f 1870/1942/1897 968/1943/1011 1885/1944/1898
f 1870/1942/1897 1885/1944/1898 1886/1865/1850
f 1886/1865/1850 1885/1944/1898 1901/1866/1851
f 968/1943/1011 967/1945/1013 1885/1944/1898
f 1885/1944/1898 967/1945/1013 1900/1946/1899
f 1885/1944/1898 1900/1946/1899 1901/1866/1851
f 1901/1866/1851 1900/1946/1899 1915/1867/1852
f 967/1945/1013 966/1947/1015 1900/1946/1899
f 1900/1946/1899 966/1947/1015 1914/1948/1900
f 1900/1946/1899 1914/1948/1900 1915/1867/1852
f 1915/1867/1852 1914/1948/1900 1930/1868/1853
f 966/1947/1015 965/1949/1017 1914/1948/1900
f 1914/1948/1900 965/1949/1017 1929/1950/1901
f 1914/1948/1900 1929/1950/1901 1930/1868/1853
f 1930/1868/1853 1929/1950/1901 1945/1869/1854
f 965/1949/1017 964/1951/1019 1929/1950/1901
f 1929/1950/1901 964/1951/1019 1944/1952/1902
f 1929/1950/1901 1944/1952/1902 1945/1869/1854
f 1945/1869/1854 1944/1952/1902 1960/1870/1855
f 964/1951/1019 963/1953/1021 1944/1952/1902
f 1944/1952/1902 963/1953/1021 1959/1954/1903
f 1944/1952/1902 1959/1954/1903 1960/1870/1855
f 1960/1870/1855 1959/1954/1903 1975/1871/1856
f 963/1953/1021 962/1955/1023 1959/1954/1903
f 1959/1954/1903 962/1955/1023 1974/1956/1904
f 1959/1954/1903 1974/1956/1904 1975/1871/1856
f 1975/1871/1856 1974/1956/1904 1989/1872/1857
f 962/1955/1023 961/1957/1025 1974/1956/1904
f 1974/1956/1904 961/1957/1025 1988/1958/1905
f 1974/1956/1904 1988/1958/1905 1989/1872/1857
f 1989/1872/1857 1988/1958/1905 2004/1873/1858
f 961/1957/1025 960/1959/1027 1988/1958/1905
f 1988/1958/1905 960/1959/1027 2003/1960/1906
f 1988/1958/1905 2003/1960/1906 2004/1873/1858
f 2004/1873/1858 2003/1960/1906 2019/1710/1697
f 960/1959/1027 959/1961/1029 2003/1960/1906
f 2003/1960/1906 959/1961/1029 2018/1712/1699
f 2003/1960/1906 2018/1712/1699 2019/1710/1697
f 959/1961/1029 958/1714/1031 2018/1712/1699
f 2032/1713/1700 957/1715/1033 2042/1962/1907
f 2042/1962/1907 957/1715/1033 956/1963/1035
f 2042/1962/1907 956/1963/1035 2051/1964/1908
f 2051/1964/1908 956/1963/1035 955/1965/1037
f 2051/1964/1908 955/1965/1037 2062/1966/1909
f 2062/1966/1909 955/1965/1037 954/1967/1039
f 2062/1966/1909 954/1967/1039 2073/1968/1910
f 2073/1968/1910 954/1967/1039 953/1969/1041
f 2073/1968/1910 953/1969/1041 2084/1970/1911
f 2084/1970/1911 953/1969/1041 952/1971/1043
f 2084/1970/1911 952/1971/1043 2095/1972/1912
f 2095/1972/1912 952/1971/1043 951/1973/1045
f 2095/1972/1912 951/1973/1045 2106/1974/1913
f 2106/1974/1913 951/1973/1045 950/1975/1047
f 2106/1974/1913 950/1975/1047 2117/1976/1914
f 2117/1976/1914 950/1975/1047 949/1977/1049
f 2117/1976/1914 949/1977/1049 2128/1978/1915
f 2128/1978/1915 949/1977/1049 948/1979/1051
f 2128/1978/1915 948/1979/1051 2137/1980/1916
f 2137/1980/1916 948/1979/1051 947/1981/1053
f 2137/1980/1916 947/1981/1053 2147/1982/1917
f 2147/1982/1917 947/1981/1053 946/1983/1055
f 2147/1982/1917 946/1983/1055 2161/1984/1918
f 2161/1984/1918 946/1983/1055 945/1985/1057
f 2161/1984/1918 945/1985/1057 2176/1986/1919
f 2176/1986/1919 945/1985/1057 944/1987/1059
f 2176/1986/1919 944/1987/1059 2191/1988/1920
f 2191/1988/1920 944/1987/1059 943/1989/1061
f 2191/1988/1920 943/1989/1061 2205/1990/1921
f 2205/1990/1921 943/1989/1061 942/1991/1063
f 2205/1990/1921 942/1991/1063 2220/1992/1922
f 2220/1992/1922 942/1991/1063 941/1993/1065
f 2220/1992/1922 941/1993/1065 2235/1994/1923
f 2235/1994/1923 941/1993/1065 940/1995/1067
f 2235/1994/1923 940/1995/1067 2250/1996/1924
f 2250/1996/1924 940/1995/1067 939/1997/1069
f 2250/1996/1924 939/1997/1069 2265/1998/1925
f 2265/1998/1925 939/1997/1069 938/1999/1071
f 2265/1998/1925 938/1999/1071 2279/2000/1926
f 2279/2000/1926 938/1999/1071 937/2001/1073
f 2279/2000/1926 937/2001/1073 2294/2002/1927
f 2294/2002/1927 937/2001/1073 936/2003/1075
f 2294/2002/1927 936/2003/1075 2309/2004/1928
f 2309/2004/1928 936/2003/1075 935/2005/1077
f 2309/2004/1928 935/2005/1077 2324/2006/1929
f 2324/2006/1929 935/2005/1077 934/2007/1079
f 2324/2006/1929 934/2007/1079 2339/2008/1930
f 2339/2008/1930 934/2007/1079 933/2009/1081
f 2339/2008/1930 933/2009/1081 2353/2010/1931
f 2353/2010/1931 933/2009/1081 932/2011/1083
f 2353/2010/1931 932/2011/1083 2368/2012/1932
f 2368/2012/1932 932/2011/1083 931/2013/1085
f 2368/2012/1932 931/2013/1085 2383/2014/1933
f 2383/2014/1933 931/2013/1085 930/2015/1087
f 2383/2014/1933 930/2015/1087 2398/2016/1934
f 2398/2016/1934 930/2015/1087 929/2017/1089
f 2398/2016/1934 929/2017/1089 2413/2018/1935
f 2413/2018/1935 929/2017/1089 928/2019/1091
f 2413/2018/1935 928/2019/1091 2427/2020/1936
f 2427/2020/1936 928/2019/1091 927/2021/1093
f 2427/2020/1936 927/2021/1093 2442/2022/1937
f 2442/2022/1937 927/2021/1093 926/2023/1095
f 2442/2022/1937 926/2023/1095 2457/2024/1938
f 2457/2024/1938 926/2023/1095 925/2025/1097
f 2457/2024/1938 925/2025/1097 2472/2026/1939
f 2472/2026/1939 925/2025/1097 924/2027/1099
f 2472/2026/1939 924/2027/1099 2487/2028/1940
f 2487/2028/1940 924/2027/1099 923/2029/1101
f 2487/2028/1940 923/2029/1101 2501/2030/1941
f 2501/2030/1941 923/2029/1101 922/2031/1103
f 2501/2030/1941 922/2031/1103 2516/2032/1942
f 2516/2032/1942 922/2031/1103 921/2033/1105
f 2516/2032/1942 921/2033/1105 2531/2034/1943
f 2531/2034/1943 921/2033/1105 920/2035/1107
f 2531/2034/1943 920/2035/1107 2546/2036/1944
f 2546/2036/1944 920/2035/1107 919/2037/1109
f 2546/2036/1944 919/2037/1109 2561/2038/1945
f 2561/2038/1945 919/2037/1109 918/2039/1111
f 2561/2038/1945 918/2039/1111 2576/2040/1946
f 2576/2040/1946 918/2039/1111 917/2041/1113
f 2576/2040/1946 917/2041/1113 2591/2042/1947
f 2591/2042/1947 917/2041/1113 916/2043/1115
f 2591/2042/1947 916/2043/1115 2606/2044/1948
f 2606/2044/1948 916/2043/1115 915/2045/1117
f 2606/2044/1948 915/2045/1117 914/2046/1119
f 2606/2044/1948 914/2046/1119 2621/2047/1949
f 2621/2047/1949 914/2046/1119 913/2048/1121
f 2621/2047/1949 913/2048/1121 2636/2049/1950
f 2636/2049/1950 913/2048/1121 2651/2050/1951
f 2636/2049/1950 2651/2050/1951 2652/2051/1952
f 2652/2051/1952 2651/2050/1951 2667/2052/1953
f 2652/2051/1952 2667/2052/1953 2668/2053/1954
f 2668/2053/1954 2667/2052/1953 2683/2054/1955
f 2668/2053/1954 2683/2054/1955 2684/2055/1956
f 2684/2055/1956 2683/2054/1955 2699/2056/1957
f 2684/2055/1956 2699/2056/1957 2700/2057/1958
f 2700/2057/1958 2699/2056/1957 2714/2058/1959
f 2700/2057/1958 2714/2058/1959 2715/2059/1960
f 2715/2059/1960 2714/2058/1959 2726/2060/1961
f 2715/2059/1960 2726/2060/1961 2727/2061/1962
f 2727/2061/1962 2726/2060/1961 5/2062/1963
f 2727/2061/1962 5/2062/1963 4/2063/1964
f 913/2048/1121 912/2064/1123 2651/2050/1951
f 2651/2050/1951 912/2064/1123 2666/2065/1965
f 2651/2050/1951 2666/2065/1965 2667/2052/1953
f 2667/2052/1953 2666/2065/1965 2682/2066/1966
f 2667/2052/1953 2682/2066/1966 2683/2054/1955
f 2683/2054/1955 2682/2066/1966 2698/2067/1967
f 2683/2054/1955 2698/2067/1967 2699/2056/1957
f 2699/2056/1957 2698/2067/1967 2713/2068/1968
f 2699/2056/1957 2713/2068/1968 2714/2058/1959
f 2714/2058/1959 2713/2068/1968 2725/2069/1969
f 2714/2058/1959 2725/2069/1969 2726/2060/1961
f 2726/2060/1961 2725/2069/1969 6/2070/1970
f 2726/2060/1961 6/2070/1970 5/2062/1963
f 912/2064/1123 911/2071/1125 2666/2065/1965
f 2666/2065/1965 911/2071/1125 2681/2072/1971
f 2666/2065/1965 2681/2072/1971 2682/2066/1966
f 2682/2066/1966 2681/2072/1971 2697/2073/1972
f 2682/2066/1966 2697/2073/1972 2698/2067/1967
f 2698/2067/1967 2697/2073/1972 2712/2074/1973
f 2698/2067/1967 2712/2074/1973 2713/2068/1968
f 2713/2068/1968 2712/2074/1973 2724/2075/1974
f 2713/2068/1968 2724/2075/1974 2725/2069/1969
f 2725/2069/1969 2724/2075/1974 7/2076/1975
f 2725/2069/1969 7/2076/1975 6/2070/1970
f 911/2071/1125 910/2077/1127 2681/2072/1971
f 2681/2072/1971 910/2077/1127 2696/2078/1976
f 2681/2072/1971 2696/2078/1976 2697/2073/1972
f 2697/2073/1972 2696/2078/1976 2711/2079/1977
f 2697/2073/1972 2711/2079/1977 2712/2074/1973
f 2712/2074/1973 2711/2079/1977 2723/2080/1978
f 2712/2074/1973 2723/2080/1978 2724/2075/1974
f 2724/2075/1974 2723/2080/1978 10/2081/1979
f 2724/2075/1974 10/2081/1979 9/2082/1980
f 910/2077/1127 909/2083/1129 2696/2078/1976
f 2696/2078/1976 909/2083/1129 2710/2084/1981
f 2696/2078/1976 2710/2084/1981 2711/2079/1977
f 2711/2079/1977 2710/2084/1981 2722/2085/1982
f 2711/2079/1977 2722/2085/1982 2723/2080/1978
f 2723/2080/1978 2722/2085/1982 11/2086/1983
f 2723/2080/1978 11/2086/1983 10/2081/1979
f 909/2083/1129 908/2087/1342 2710/2084/1981
f 2710/2084/1981 908/2087/1342 2721/2088/1984
f 2710/2084/1981 2721/2088/1984 2722/2085/1982
f 2722/2085/1982 2721/2088/1984 12/2089/1985
f 2722/2085/1982 12/2089/1985 11/2086/1983
f 908/2087/1342 907/2090/1341 2721/2088/1984
f 2721/2088/1984 907/2090/1341 13/2091/1986
f 2721/2088/1984 13/2091/1986 12/2089/1985
f 907/2090/1341 15/2092/1340 13/2091/1986
f 13/2091/1986 15/2092/1340 14/2093/1987
f 9/2082/1980 8/2094/1988 2724/2075/1974
f 2724/2075/1974 8/2094/1988 7/2076/1975
f 4/2063/1964 3/2095/1989 2727/2061/1962
f 2727/2061/1962 3/2095/1989 2728/2096/1990
f 2727/2061/1962 2728/2096/1990 2716/2097/1991
f 2716/2097/1991 2728/2096/1990 2717/2098/1992
f 2716/2097/1991 2717/2098/1992 2702/2099/1993
f 2702/2099/1993 2717/2098/1992 2703/2100/1994
f 2702/2099/1993 2703/2100/1994 2687/2101/1995
f 2687/2101/1995 2703/2100/1994 2688/2102/1996
f 2687/2101/1995 2688/2102/1996 2672/2103/1997
f 2672/2103/1997 2688/2102/1996 2673/2104/1998
f 2672/2103/1997 2673/2104/1998 2657/2105/1999
f 2657/2105/1999 2673/2104/1998 2658/2106/2000
f 2657/2105/1999 2658/2106/2000 2642/2107/2001
f 2642/2107/2001 2658/2106/2000 2643/2108/2002
f 2642/2107/2001 2643/2108/2002 2628/2109/2003
f 2628/2109/2003 2643/2108/2002 2629/2110/2004
f 2628/2109/2003 2629/2110/2004 2614/2111/2005
f 2614/2111/2005 2629/2110/2004 2615/2112/2006
f 2614/2111/2005 2615/2112/2006 2599/2113/2007
f 2599/2113/2007 2615/2112/2006 2600/2114/2008
f 2599/2113/2007 2600/2114/2008 2584/2115/2009
f 2584/2115/2009 2600/2114/2008 2585/2116/2010
f 2584/2115/2009 2585/2116/2010 2569/2117/2011
f 2569/2117/2011 2585/2116/2010 2570/2118/2012
f 2569/2117/2011 2570/2118/2012 2554/2119/2013
f 2554/2119/2013 2570/2118/2012 2555/2120/2014
f 2554/2119/2013 2555/2120/2014 2539/2121/2015
f 2539/2121/2015 2555/2120/2014 2540/2122/2016
f 2539/2121/2015 2540/2122/2016 2524/2123/2017
f 2524/2123/2017 2540/2122/2016 2525/2124/2018
f 2524/2123/2017 2525/2124/2018 2509/2125/2019
f 2509/2125/2019 2525/2124/2018 2510/2126/2020
f 2509/2125/2019 2510/2126/2020 2495/2127/2021
f 2495/2127/2021 2510/2126/2020 2496/2128/2022
f 2495/2127/2021 2496/2128/2022 2480/2129/2023
f 2480/2129/2023 2496/2128/2022 2481/2130/2024
f 2480/2129/2023 2481/2130/2024 2465/2131/2025
f 2465/2131/2025 2481/2130/2024 2466/2132/2026
f 2465/2131/2025 2466/2132/2026 2450/2133/2027
f 2450/2133/2027 2466/2132/2026 2451/2134/2028
f 2450/2133/2027 2451/2134/2028 2435/2135/2029
f 2435/2135/2029 2451/2134/2028 2436/2136/2030
f 2435/2135/2029 2436/2136/2030 2421/2137/2031
f 2421/2137/2031 2436/2136/2030 2422/2138/2032
f 2421/2137/2031 2422/2138/2032 2406/2139/2033
f 2406/2139/2033 2422/2138/2032 2407/2140/2034
f 2406/2139/2033 2407/2140/2034 2391/2141/2035
f 2391/2141/2035 2407/2140/2034 2392/2142/2036
f 2391/2141/2035 2392/2142/2036 2376/2143/2037
f 2376/2143/2037 2392/2142/2036 2377/2144/2038
f 2376/2143/2037 2377/2144/2038 2361/2145/2039
f 2361/2145/2039 2377/2144/2038 2362/2146/2040
f 2361/2145/2039 2362/2146/2040 2347/2147/2041
f 2347/2147/2041 2362/2146/2040 2348/2148/2042
f 2347/2147/2041 2348/2148/2042 2332/2149/2043
f 2332/2149/2043 2348/2148/2042 2333/2150/2044
f 2332/2149/2043 2333/2150/2044 2317/2151/2045
f 2317/2151/2045 2333/2150/2044 2318/2152/2046
f 2317/2151/2045 2318/2152/2046 2302/2153/2047
f 2302/2153/2047 2318/2152/2046 2303/2154/2048
f 2302/2153/2047 2303/2154/2048 2287/2155/2049
f 2287/2155/2049 2303/2154/2048 2288/2156/2050
f 2287/2155/2049 2288/2156/2050 2273/2157/2051
f 2273/2157/2051 2288/2156/2050 2274/2158/2052
f 2273/2157/2051 2274/2158/2052 2258/2159/2053
f 2258/2159/2053 2274/2158/2052 2259/2160/2054
f 2258/2159/2053 2259/2160/2054 2243/2161/2055
f 2243/2161/2055 2259/2160/2054 2244/2162/2056
f 2243/2161/2055 2244/2162/2056 2228/2163/2057
f 2228/2163/2057 2244/2162/2056 2229/2164/2058
f 2228/2163/2057 2229/2164/2058 2213/2165/2059
f 2213/2165/2059 2229/2164/2058 2214/2166/2060
f 2213/2165/2059 2214/2166/2060 2199/2167/2061
f 2199/2167/2061 2214/2166/2060 2200/2168/2062
f 2199/2167/2061 2200/2168/2062 2184/2169/2063
f 2184/2169/2063 2200/2168/2062 2185/2170/2064
f 2184/2169/2063 2185/2170/2064 2169/2171/2065
f 2169/2171/2065 2185/2170/2064 2170/2172/2066
f 2169/2171/2065 2170/2172/2066 2155/2173/2067
f 2155/2173/2067 2170/2172/2066 2156/2174/2068
f 2155/2173/2067 2156/2174/2068 2145/2175/2069
f 2145/2175/2069 2156/2174/2068 2146/2176/2070
f 2145/2175/2069 2146/2176/2070 2136/2177/2071
f 2136/2177/2071 2146/2176/2070 1443/2178/2072
f 2136/2177/2071 1443/2178/2072 2125/2179/2073
f 2125/2179/2073 1443/2178/2072 2126/2180/2074
f 2125/2179/2073 2126/2180/2074 2114/2181/2075
f 2114/2181/2075 2126/2180/2074 2115/2182/2076
f 2114/2181/2075 2115/2182/2076 2103/2183/2077
f 2103/2183/2077 2115/2182/2076 2104/2184/2078
f 2103/2183/2077 2104/2184/2078 2092/2185/2079
f 2092/2185/2079 2104/2184/2078 2093/2186/2080
f 2092/2185/2079 2093/2186/2080 2081/2187/2081
f 2081/2187/2081 2093/2186/2080 2082/2188/2082
f 2081/2187/2081 2082/2188/2082 2070/2189/2083
f 2070/2189/2083 2082/2188/2082 2071/2190/2084
f 2070/2189/2083 2071/2190/2084 2059/2191/2085
f 2059/2191/2085 2071/2190/2084 2060/2192/2086
f 2059/2191/2085 2060/2192/2086 2050/2193/2087
f 2050/2193/2087 2060/2192/2086 1444/2194/2088
f 2050/2193/2087 1444/2194/2088 2040/1697/1684
f 2040/1697/1684 1444/2194/2088 2041/1695/1682
f 3/2095/1989 73/2195/2089 2728/2096/1990
f 2728/2096/1990 73/2195/2089 2717/2098/1992
f 2717/2098/1992 73/2195/2089 2718/2196/2090
f 2718/2196/2090 73/2195/2089 72/2197/2091
f 2718/2196/2090 72/2197/2091 2719/2198/2092
f 2719/2198/2092 72/2197/2091 71/2199/2093
f 2719/2198/2092 71/2199/2093 2720/2200/2094
f 2720/2200/2094 71/2199/2093 70/2201/2095
f 2720/2200/2094 70/2201/2095 69/2202/2096
f 68/2203/2097 2707/2204/2098 69/2202/2096
f 69/2202/2096 2707/2204/2098 2706/2205/2099
f 69/2202/2096 2706/2205/2099 2720/2200/2094
f 2720/2200/2094 2706/2205/2099 2705/2206/2100
f 2720/2200/2094 2705/2206/2100 2719/2198/2092
f 2719/2198/2092 2705/2206/2100 2704/2207/2101
f 2719/2198/2092 2704/2207/2101 2718/2196/2090
f 2718/2196/2090 2704/2207/2101 2703/2100/1994
f 2718/2196/2090 2703/2100/1994 2717/2098/1992
f 68/2203/2097 67/2208/2102 2707/2204/2098
f 2707/2204/2098 67/2208/2102 2708/2209/2103
f 2707/2204/2098 2708/2209/2103 2692/2210/2104
f 2692/2210/2104 2708/2209/2103 2693/2211/2105
f 2692/2210/2104 2693/2211/2105 2677/2212/2106
f 2677/2212/2106 2693/2211/2105 2678/2213/2107
f 2677/2212/2106 2678/2213/2107 2662/2214/2108
f 2662/2214/2108 2678/2213/2107 2663/2215/2109
f 2662/2214/2108 2663/2215/2109 2647/2216/2110
f 2647/2216/2110 2663/2215/2109 2648/2217/2111
f 2647/2216/2110 2648/2217/2111 2633/2218/2112
f 2633/2218/2112 2648/2217/2111 2634/2219/2113
f 2633/2218/2112 2634/2219/2113 2619/2220/2114
f 2619/2220/2114 2634/2219/2113 2620/2221/2115
f 2619/2220/2114 2620/2221/2115 2604/2222/2116
f 2604/2222/2116 2620/2221/2115 2605/2223/2117
f 2604/2222/2116 2605/2223/2117 2589/2224/2118
f 2589/2224/2118 2605/2223/2117 2590/2225/2119
f 2589/2224/2118 2590/2225/2119 2574/2226/2120
f 2574/2226/2120 2590/2225/2119 2575/2227/2121
f 2574/2226/2120 2575/2227/2121 2559/2228/2122
f 2559/2228/2122 2575/2227/2121 2560/2229/2123
f 2559/2228/2122 2560/2229/2123 2544/2230/2124
f 2544/2230/2124 2560/2229/2123 2545/2231/2125
f 2544/2230/2124 2545/2231/2125 2529/2232/2126
f 2529/2232/2126 2545/2231/2125 2530/2233/2127
f 2529/2232/2126 2530/2233/2127 2514/2234/2128
f 2514/2234/2128 2530/2233/2127 2515/2235/2129
f 2514/2234/2128 2515/2235/2129 2500/2236/2130
f 2500/2236/2130 2515/2235/2129 1438/2237/2131
f 2500/2236/2130 1438/2237/2131 2485/2238/2132
f 2485/2238/2132 1438/2237/2131 2486/2239/2133
f 2485/2238/2132 2486/2239/2133 2470/2240/2134
f 2470/2240/2134 2486/2239/2133 2471/2241/2135
f 2470/2240/2134 2471/2241/2135 2455/2242/2136
f 2455/2242/2136 2471/2241/2135 2456/2243/2137
f 2455/2242/2136 2456/2243/2137 2440/2244/2138
f 2440/2244/2138 2456/2243/2137 2441/2245/2139
f 2440/2244/2138 2441/2245/2139 2426/2246/2140
f 2426/2246/2140 2441/2245/2139 1439/2247/2141
f 2426/2246/2140 1439/2247/2141 2411/2248/2142
f 2411/2248/2142 1439/2247/2141 2412/2249/2143
f 2411/2248/2142 2412/2249/2143 2396/2250/2144
f 2396/2250/2144 2412/2249/2143 2397/2251/2145
f 2396/2250/2144 2397/2251/2145 2381/2252/2146
f 2381/2252/2146 2397/2251/2145 2382/2253/2147
f 2381/2252/2146 2382/2253/2147 2366/2254/2148
f 2366/2254/2148 2382/2253/2147 2367/2255/2149
f 2366/2254/2148 2367/2255/2149 2352/2256/2150
f 2352/2256/2150 2367/2255/2149 1440/2257/2151
f 2352/2256/2150 1440/2257/2151 2337/2258/2152
f 2337/2258/2152 1440/2257/2151 2338/2259/2153
f 2337/2258/2152 2338/2259/2153 2322/2260/2154
f 2322/2260/2154 2338/2259/2153 2323/2261/2155
f 2322/2260/2154 2323/2261/2155 2307/2262/2156
f 2307/2262/2156 2323/2261/2155 2308/2263/2157
f 2307/2262/2156 2308/2263/2157 2292/2264/2158
f 2292/2264/2158 2308/2263/2157 2293/2265/2159
f 2292/2264/2158 2293/2265/2159 2278/2266/2160
f 2278/2266/2160 2293/2265/2159 1441/2267/2161
f 2278/2266/2160 1441/2267/2161 2263/2268/2162
f 2263/2268/2162 1441/2267/2161 2264/2269/2163
f 2263/2268/2162 2264/2269/2163 2248/2270/2164
f 2248/2270/2164 2264/2269/2163 2249/2271/2165
f 2248/2270/2164 2249/2271/2165 2233/2272/2166
f 2233/2272/2166 2249/2271/2165 2234/2273/2167
f 2233/2272/2166 2234/2273/2167 2218/2274/2168
f 2218/2274/2168 2234/2273/2167 2219/2275/2169
f 2218/2274/2168 2219/2275/2169 2204/2276/2170
f 2204/2276/2170 2219/2275/2169 1442/2277/2171
f 2204/2276/2170 1442/2277/2171 2189/2278/2172
f 2189/2278/2172 1442/2277/2171 2190/2279/2173
f 2189/2278/2172 2190/2279/2173 2174/2280/2174
f 2174/2280/2174 2190/2279/2173 2175/2281/2175
f 2174/2280/2174 2175/2281/2175 1388/2282/2176
f 1388/2282/2176 2175/2281/2175 1387/2283/2177
f 1387/2283/2177 2175/2281/2175 1207/2284/1399
f 1207/2284/1399 2175/2281/2175 1208/2285/1396
f 1208/2285/1396 2175/2281/2175 2190/2279/2173
f 1208/2285/1396 2190/2279/2173 1442/2277/2171
f 67/2208/2102 66/2286/2178 2708/2209/2103
f 2708/2209/2103 66/2286/2178 2709/2287/2179
f 2708/2209/2103 2709/2287/2179 2693/2211/2105
f 2693/2211/2105 2709/2287/2179 2694/2288/2180
f 2693/2211/2105 2694/2288/2180 2678/2213/2107
f 2678/2213/2107 2694/2288/2180 2679/2289/2181
f 2678/2213/2107 2679/2289/2181 2663/2215/2109
f 2663/2215/2109 2679/2289/2181 2664/2290/2182
f 2663/2215/2109 2664/2290/2182 2648/2217/2111
f 2648/2217/2111 2664/2290/2182 2649/2291/2183
f 2648/2217/2111 2649/2291/2183 2634/2219/2113
f 2634/2219/2113 2649/2291/2183 2635/2292/2184
f 2634/2219/2113 2635/2292/2184 2620/2221/2115
f 2620/2221/2115 2635/2292/2184 1232/2293/1349
f 2620/2221/2115 1232/2293/1349 1231/2294/1351
f 66/2286/2178 65/2295/2185 2709/2287/2179
f 2709/2287/2179 65/2295/2185 64/2296/2186
f 2709/2287/2179 64/2296/2186 2694/2288/2180
f 2694/2288/2180 64/2296/2186 2695/2297/2187
f 2694/2288/2180 2695/2297/2187 2679/2289/2181
f 2679/2289/2181 2695/2297/2187 2680/2298/2188
f 2679/2289/2181 2680/2298/2188 2664/2290/2182
f 2664/2290/2182 2680/2298/2188 2665/2299/2189
f 2664/2290/2182 2665/2299/2189 2649/2291/2183
f 2649/2291/2183 2665/2299/2189 2650/2300/2190
f 2649/2291/2183 2650/2300/2190 2635/2292/2184
f 2635/2292/2184 2650/2300/2190 1232/2293/1349
f 64/2296/2186 63/2301/2191 2695/2297/2187
f 2695/2297/2187 63/2301/2191 62/2302/1343
f 2695/2297/2187 62/2302/1343 2680/2298/2188
f 2680/2298/2188 62/2302/1343 1234/2303/1345
f 2680/2298/2188 1234/2303/1345 2665/2299/2189
f 2665/2299/2189 1234/2303/1345 1233/2304/1347
f 2665/2299/2189 1233/2304/1347 2650/2300/2190
f 2650/2300/2190 1233/2304/1347 1232/2293/1349
f 2620/2221/2115 1231/2294/1351 2605/2223/2117
f 2605/2223/2117 1231/2294/1351 1230/2305/1354
f 2605/2223/2117 1230/2305/1354 2590/2225/2119
f 2590/2225/2119 1230/2305/1354 1229/2306/1356
f 2590/2225/2119 1229/2306/1356 2575/2227/2121
f 2575/2227/2121 1229/2306/1356 1228/2307/1358
f 2575/2227/2121 1228/2307/1358 2560/2229/2123
f 2560/2229/2123 1228/2307/1358 2545/2231/2125
f 1228/2307/1358 1227/2308/1360 2545/2231/2125
f 2545/2231/2125 1227/2308/1360 2530/2233/2127
f 1227/2308/1360 1226/2309/1361 2530/2233/2127
f 2530/2233/2127 1226/2309/1361 2515/2235/2129
f 1226/2309/1361 1225/2310/1363 2515/2235/2129
f 2515/2235/2129 1225/2310/1363 1438/2237/2131
f 1225/2310/1363 1224/2311/1365 1438/2237/2131
f 1438/2237/2131 1224/2311/1365 2486/2239/2133
f 2486/2239/2133 1224/2311/1365 2471/2241/2135
f 2471/2241/2135 1224/2311/1365 1223/2312/1367
f 2471/2241/2135 1223/2312/1367 2456/2243/2137
f 2456/2243/2137 1223/2312/1367 1222/2313/1369
f 2456/2243/2137 1222/2313/1369 2441/2245/2139
f 2441/2245/2139 1222/2313/1369 1221/2314/1371
f 2441/2245/2139 1221/2314/1371 1439/2247/2141
f 1439/2247/2141 1221/2314/1371 1220/2315/1372
f 1439/2247/2141 1220/2315/1372 2412/2249/2143
f 2412/2249/2143 1220/2315/1372 2397/2251/2145
f 1220/2315/1372 1219/2316/1374 2397/2251/2145
f 2397/2251/2145 1219/2316/1374 2382/2253/2147
f 1219/2316/1374 1218/2317/1376 2382/2253/2147
f 2382/2253/2147 1218/2317/1376 2367/2255/2149
f 1218/2317/1376 1217/2318/1378 2367/2255/2149
f 2367/2255/2149 1217/2318/1378 1440/2257/2151
f 1217/2318/1378 1216/2319/1380 1440/2257/2151
f 1440/2257/2151 1216/2319/1380 2338/2259/2153
f 2338/2259/2153 1216/2319/1380 2323/2261/2155
f 2323/2261/2155 1216/2319/1380 1215/2320/1382
f 2323/2261/2155 1215/2320/1382 2308/2263/2157
f 2308/2263/2157 1215/2320/1382 1214/2321/1384
f 2308/2263/2157 1214/2321/1384 2293/2265/2159
f 2293/2265/2159 1214/2321/1384 1213/2322/1386
f 2293/2265/2159 1213/2322/1386 1441/2267/2161
f 1441/2267/2161 1213/2322/1386 1212/2323/1388
f 1441/2267/2161 1212/2323/1388 2264/2269/2163
f 2264/2269/2163 1212/2323/1388 2249/2271/2165
f 1212/2323/1388 1211/2324/1390 2249/2271/2165
f 2249/2271/2165 1211/2324/1390 2234/2273/2167
f 1211/2324/1390 1210/2325/1392 2234/2273/2167
f 2234/2273/2167 1210/2325/1392 2219/2275/2169
f 1210/2325/1392 1209/2326/1394 2219/2275/2169
f 2219/2275/2169 1209/2326/1394 1442/2277/2171
f 1209/2326/1394 1208/2285/1396 1442/2277/2171
f 2174/2280/2174 1388/2282/2176 2160/2327/2192
f 2160/2327/2192 1388/2282/2176 1389/2328/2193
f 2160/2327/2192 1389/2328/2193 2159/2329/2194
f 2159/2329/2194 1389/2328/2193 1390/2330/2195
f 2159/2329/2194 1390/2330/2195 1391/2331/2196
f 2159/2329/2194 1391/2331/2196 2158/2332/2197
f 2158/2332/2197 1391/2331/2196 1392/2333/2198
f 2158/2332/2197 1392/2333/2198 2157/2334/2199
f 2157/2334/2199 1392/2333/2198 1393/2335/2200
f 2157/2334/2199 1393/2335/2200 1394/2336/2201
f 1395/2337/2202 1443/2178/2072 1394/2336/2201
f 1394/2336/2201 1443/2178/2072 2146/2176/2070
f 1394/2336/2201 2146/2176/2070 2156/2174/2068
f 1396/2338/2203 2127/2339/2204 1395/2337/2202
f 1395/2337/2202 2127/2339/2204 2126/2180/2074
f 1395/2337/2202 2126/2180/2074 1443/2178/2072
f 2127/2339/2204 1396/2338/2203 2116/2340/2205
f 2116/2340/2205 1396/2338/2203 1397/2341/2206
f 2116/2340/2205 1397/2341/2206 2105/2342/2207
f 2105/2342/2207 1397/2341/2206 1398/2343/2208
f 2105/2342/2207 1398/2343/2208 2094/2344/2209
f 2094/2344/2209 1398/2343/2208 2083/2345/2210
f 2094/2344/2209 2083/2345/2210 2082/2188/2082
f 2082/2188/2082 2083/2345/2210 2071/2190/2084
f 1398/2343/2208 1399/2346/2211 2083/2345/2210
f 2083/2345/2210 1399/2346/2211 2072/2347/2212
f 2083/2345/2210 2072/2347/2212 2071/2190/2084
f 2071/2190/2084 2072/2347/2212 2060/2192/2086
f 1399/2346/2211 1400/2348/2213 2072/2347/2212
f 2072/2347/2212 1400/2348/2213 2061/2349/2214
f 2072/2347/2212 2061/2349/2214 2060/2192/2086
f 2060/2192/2086 2061/2349/2214 1401/2350/2215
f 2060/2192/2086 1401/2350/2215 1444/2194/2088
f 1444/2194/2088 1401/2350/2215 1402/1693/1680
f 1444/2194/2088 1402/1693/1680 2041/1695/1682
f 1400/2348/2213 1401/2350/2215 2061/2349/2214
f 1408/1683/1670 1409/2351/2216 2017/1681/1668
f 2017/1681/1668 1409/2351/2216 1410/2352/2217
f 2017/1681/1668 1410/2352/2217 1411/2353/2218
f 1412/2354/2219 1445/1677/1664 1411/2353/2218
f 1411/2353/2218 1445/1677/1664 2002/1679/1666
f 1411/2353/2218 2002/1679/1666 2017/1681/1668
f 1445/1677/1664 1412/2354/2219 1973/1675/1662
f 1973/1675/1662 1412/2354/2219 1413/2355/2220
f 1973/1675/1662 1413/2355/2220 1958/1673/1660
f 1958/1673/1660 1413/2355/2220 1414/2356/2221
f 1958/1673/1660 1414/2356/2221 1943/1671/1658
f 1943/1671/1658 1414/2356/2221 1415/2357/2222
f 1943/1671/1658 1415/2357/2222 1928/1669/1656
f 1928/1669/1656 1415/2357/2222 1446/1667/1654
f 1415/2357/2222 1416/2358/2223 1446/1667/1654
f 1446/1667/1654 1416/2358/2223 1899/1665/1652
f 1416/2358/2223 1417/2359/2224 1899/1665/1652
f 1899/1665/1652 1417/2359/2224 1884/1663/1650
f 1417/2359/2224 1418/2360/2225 1884/1663/1650
f 1884/1663/1650 1418/2360/2225 1869/1661/1648
f 1418/2360/2225 1419/2361/2226 1869/1661/1648
f 1869/1661/1648 1419/2361/2226 1854/1659/1646
f 1854/1659/1646 1419/2361/2226 1447/1657/1644
f 1447/1657/1644 1419/2361/2226 1420/2362/2227
f 1447/1657/1644 1420/2362/2227 1825/1655/1642
f 1825/1655/1642 1420/2362/2227 1421/2363/2228
f 1825/1655/1642 1421/2363/2228 1810/1653/1640
f 1810/1653/1640 1421/2363/2228 1422/2364/2229
f 1810/1653/1640 1422/2364/2229 1795/1651/1638
f 1795/1651/1638 1422/2364/2229 1423/2365/2230
f 1795/1651/1638 1423/2365/2230 1780/1649/1636
f 1780/1649/1636 1423/2365/2230 1448/1647/1634
f 1423/2365/2230 1424/2366/2231 1448/1647/1634
f 1448/1647/1634 1424/2366/2231 1751/1645/1632
f 1424/2366/2231 1425/2367/2232 1751/1645/1632
f 1751/1645/1632 1425/2367/2232 1736/1643/1630
f 1425/2367/2232 1426/2368/2233 1736/1643/1630
f 1736/1643/1630 1426/2368/2233 1721/1641/1628
f 1426/2368/2233 1427/2369/2234 1721/1641/1628
f 1721/1641/1628 1427/2369/2234 1706/1639/1626
f 1706/1639/1626 1427/2369/2234 1449/1637/1624
f 1449/1637/1624 1427/2369/2234 1428/2370/2235
f 1449/1637/1624 1428/2370/2235 1677/1635/1622
f 1677/1635/1622 1428/2370/2235 1429/2371/2236
f 1677/1635/1622 1429/2371/2236 1662/1633/1620
f 1662/1633/1620 1429/2371/2236 1430/2372/2237
f 1662/1633/1620 1430/2372/2237 1647/1631/1618
f 1647/1631/1618 1430/2372/2237 1431/1629/1616
f 1557/1620/1607 1435/1622/1609 1542/2373/2238
f 1542/2373/2238 1435/1622/1609 1436/2374/2239
f 1542/2373/2238 1436/2374/2239 1527/2375/2240
f 1527/2375/2240 1436/2374/2239 1437/2376/2241
f 1527/2375/2240 1437/2376/2241 1512/2377/2242
f 1512/2377/2242 1437/2376/2241 147/2378/2243
f 1512/2377/2242 147/2378/2243 1497/2379/2244
f 1497/2379/2244 147/2378/2243 146/2380/2245
f 1497/2379/2244 146/2380/2245 145/2381/2246
f 144/2382/2247 1482/2383/2248 145/2381/2246
f 145/2381/2246 1482/2383/2248 1496/2384/2249
f 145/2381/2246 1496/2384/2249 1497/2379/2244
f 1497/2379/2244 1496/2384/2249 1512/2377/2242
f 1482/2383/2248 144/2382/2247 1481/2385/2250
f 1481/2385/2250 144/2382/2247 143/2386/2251
f 1481/2385/2250 143/2386/2251 142/2387/2252
f 1481/2385/2250 142/2387/2252 1480/2388/2253
f 1480/2388/2253 142/2387/2252 141/2389/2254
f 1480/2388/2253 141/2389/2254 140/2390/2255
f 139/2391/2256 1468/2392/2257 140/2390/2255
f 140/2390/2255 1468/2392/2257 1479/2393/2258
f 140/2390/2255 1479/2393/2258 1480/2388/2253
f 1480/2388/2253 1479/2393/2258 1494/2394/2259
f 1480/2388/2253 1494/2394/2259 1495/2395/2260
f 1495/2395/2260 1494/2394/2259 1510/2396/2261
f 1495/2395/2260 1510/2396/2261 1511/2397/2262
f 1511/2397/2262 1510/2396/2261 1526/2398/2263
f 1511/2397/2262 1526/2398/2263 1527/2375/2240
f 1527/2375/2240 1526/2398/2263 1542/2373/2238
f 139/2391/2256 138/2399/2264 1468/2392/2257
f 1468/2392/2257 138/2399/2264 1467/2400/2265
f 1468/2392/2257 1467/2400/2265 1479/2393/2258
f 1479/2393/2258 1467/2400/2265 1478/1610/1597
f 1479/2393/2258 1478/1610/1597 1493/1612/1599
f 138/2399/2264 137/2401/2266 1467/2400/2265
f 1467/2400/2265 137/2401/2266 1466/1608/1595
f 1467/2400/2265 1466/1608/1595 1478/1610/1597
f 137/2401/2266 136/1606/1593 1466/1608/1595
f 1451/1879/1864 1450/1881/1866 1459/2402/2267
f 1459/2402/2267 1450/1881/1866 1458/1886/1869
f 1459/2402/2267 1458/1886/1869 1470/2403/2268
f 1470/2403/2268 1458/1886/1869 1469/1888/1870
f 1470/2403/2268 1469/1888/1870 1484/2404/2269
f 1484/2404/2269 1469/1888/1870 1483/1890/1871
f 1484/2404/2269 1483/1890/1871 1499/2405/2270
f 1499/2405/2270 1483/1890/1871 1498/1892/1872
f 1499/2405/2270 1498/1892/1872 1514/2406/2271
f 1514/2406/2271 1498/1892/1872 1513/1894/1873
f 1514/2406/2271 1513/1894/1873 1529/2407/2272
f 1529/2407/2272 1513/1894/1873 1528/1896/1874
f 1529/2407/2272 1528/1896/1874 1544/2408/2273
f 1544/2408/2273 1528/1896/1874 1543/1898/1875
f 1544/2408/2273 1543/1898/1875 1559/2409/2274
f 1559/2409/2274 1543/1898/1875 1558/1900/1876
f 1559/2409/2274 1558/1900/1876 1574/2410/2275
f 1574/2410/2275 1558/1900/1876 1573/1902/1877
f 1574/2410/2275 1573/1902/1877 1589/2411/2276
f 1589/2411/2276 1573/1902/1877 1588/1904/1878
f 1589/2411/2276 1588/1904/1878 1604/2412/2277
f 1604/2412/2277 1588/1904/1878 1603/1906/1879
f 1604/2412/2277 1603/1906/1879 1618/1909/1880
f 1461/1836/1821 1453/1835/1820 1452/1876/1861
f 1452/1876/1861 1451/1879/1864 1460/2413/2278
f 1460/2413/2278 1451/1879/1864 1459/2402/2267
f 1460/2413/2278 1459/2402/2267 1471/2414/2279
f 1471/2414/2279 1459/2402/2267 1470/2403/2268
f 1471/2414/2279 1470/2403/2268 1485/2415/2280
f 1485/2415/2280 1470/2403/2268 1484/2404/2269
f 1485/2415/2280 1484/2404/2269 1500/2416/2281
f 1500/2416/2281 1484/2404/2269 1499/2405/2270
f 1500/2416/2281 1499/2405/2270 1515/2417/2282
f 1515/2417/2282 1499/2405/2270 1514/2406/2271
f 1515/2417/2282 1514/2406/2271 1530/2418/2283
f 1530/2418/2283 1514/2406/2271 1529/2407/2272
f 1530/2418/2283 1529/2407/2272 1545/2419/2284
f 1545/2419/2284 1529/2407/2272 1544/2408/2273
f 1545/2419/2284 1544/2408/2273 1560/2420/2285
f 1560/2420/2285 1544/2408/2273 1559/2409/2274
f 1560/2420/2285 1559/2409/2274 1575/2421/2286
f 1575/2421/2286 1559/2409/2274 1574/2410/2275
f 1575/2421/2286 1574/2410/2275 1590/2422/2287
f 1590/2422/2287 1574/2410/2275 1589/2411/2276
f 1590/2422/2287 1589/2411/2276 1605/2423/2288
f 1605/2423/2288 1589/2411/2276 1604/2412/2277
f 1605/2423/2288 1604/2412/2277 1619/2424/2289
f 1619/2424/2289 1604/2412/2277 1618/1909/1880
f 1619/2424/2289 1618/1909/1880 1633/1911/1881
f 1465/1607/1594 1457/1605/1592 1456/1603/1590
f 1465/1607/1594 1456/1603/1590 1464/1718/1703
f 1472/1837/1822 1461/1836/1821 1460/2413/2278
f 1460/2413/2278 1461/1836/1821 1452/1876/1861
f 1472/1837/1822 1460/2413/2278 1471/2414/2279
f 1465/1607/1594 1464/1718/1703 1476/2425/2290
f 1476/2425/2290 1464/1718/1703 1475/1720/1705
f 1476/2425/2290 1475/1720/1705 1490/2426/2291
f 1490/2426/2291 1475/1720/1705 1489/1722/1707
f 1490/2426/2291 1489/1722/1707 1505/2427/2292
f 1505/2427/2292 1489/1722/1707 1504/1724/1709
f 1505/2427/2292 1504/1724/1709 1520/2428/2293
f 1520/2428/2293 1504/1724/1709 1519/1726/1711
f 1520/2428/2293 1519/1726/1711 1535/2429/2294
f 1535/2429/2294 1519/1726/1711 1534/1728/1713
f 1535/2429/2294 1534/1728/1713 1550/2430/2295
f 1550/2430/2295 1534/1728/1713 1549/1730/1715
f 1550/2430/2295 1549/1730/1715 1565/2431/2296
f 1565/2431/2296 1549/1730/1715 1564/1732/1717
f 1565/2431/2296 1564/1732/1717 1580/2432/2297
f 1580/2432/2297 1564/1732/1717 1579/1734/1719
f 1580/2432/2297 1579/1734/1719 1595/2433/2298
f 1595/2433/2298 1579/1734/1719 1594/1736/1721
f 1595/2433/2298 1594/1736/1721 1610/2434/2299
f 1610/2434/2299 1594/1736/1721 1609/1738/1723
f 1610/2434/2299 1609/1738/1723 1624/2435/2300
f 1624/2435/2300 1609/1738/1723 1623/1740/1725
f 1624/2435/2300 1623/1740/1725 1638/2436/2301
f 1638/2436/2301 1623/1740/1725 1637/1742/1727
f 1638/2436/2301 1637/1742/1727 1653/2437/2302
f 1653/2437/2302 1637/1742/1727 1652/1744/1729
f 1653/2437/2302 1652/1744/1729 1668/2438/2303
f 1668/2438/2303 1652/1744/1729 1667/1746/1731
f 1668/2438/2303 1667/1746/1731 1683/2439/2304
f 1683/2439/2304 1667/1746/1731 1682/1748/1733
f 1683/2439/2304 1682/1748/1733 1697/2440/2305
f 1697/2440/2305 1682/1748/1733 1696/1750/1735
f 1697/2440/2305 1696/1750/1735 1712/2441/2306
f 1712/2441/2306 1696/1750/1735 1711/1752/1737
f 1712/2441/2306 1711/1752/1737 1727/2442/2307
f 1727/2442/2307 1711/1752/1737 1726/1754/1739
f 1727/2442/2307 1726/1754/1739 1742/2443/2308
f 1742/2443/2308 1726/1754/1739 1741/1756/1741
f 1742/2443/2308 1741/1756/1741 1757/2444/2309
f 1757/2444/2309 1741/1756/1741 1756/1758/1743
f 1757/2444/2309 1756/1758/1743 1771/2445/2310
f 1771/2445/2310 1756/1758/1743 1770/1760/1745
f 1771/2445/2310 1770/1760/1745 1786/2446/2311
f 1786/2446/2311 1770/1760/1745 1785/1762/1747
f 1786/2446/2311 1785/1762/1747 1801/2447/2312
f 1801/2447/2312 1785/1762/1747 1800/1764/1749
f 1801/2447/2312 1800/1764/1749 1816/2448/2313
f 1816/2448/2313 1800/1764/1749 1815/1766/1751
f 1816/2448/2313 1815/1766/1751 1831/2449/2314
f 1831/2449/2314 1815/1766/1751 1830/1768/1753
f 1831/2449/2314 1830/1768/1753 1845/2450/2315
f 1845/2450/2315 1830/1768/1753 1844/1770/1755
f 1845/2450/2315 1844/1770/1755 1860/2451/2316
f 1860/2451/2316 1844/1770/1755 1859/1772/1757
f 1860/2451/2316 1859/1772/1757 1875/2452/2317
f 1875/2452/2317 1859/1772/1757 1874/1774/1759
f 1875/2452/2317 1874/1774/1759 1890/2453/2318
f 1890/2453/2318 1874/1774/1759 1889/1776/1761
f 1890/2453/2318 1889/1776/1761 1905/2454/2319
f 1905/2454/2319 1889/1776/1761 1904/1778/1763
f 1905/2454/2319 1904/1778/1763 1919/2455/2320
f 1919/2455/2320 1904/1778/1763 1918/1780/1765
f 1919/2455/2320 1918/1780/1765 1934/2456/2321
f 1934/2456/2321 1918/1780/1765 1933/1782/1767
f 1934/2456/2321 1933/1782/1767 1949/2457/2322
f 1949/2457/2322 1933/1782/1767 1948/1784/1769
f 1949/2457/2322 1948/1784/1769 1964/2458/2323
f 1964/2458/2323 1948/1784/1769 1963/1786/1771
f 1964/2458/2323 1963/1786/1771 1979/2459/2324
f 1979/2459/2324 1963/1786/1771 1978/1788/1773
f 1979/2459/2324 1978/1788/1773 1993/2460/2325
f 1993/2460/2325 1978/1788/1773 1992/1790/1775
f 1993/2460/2325 1992/1790/1775 2008/2461/2326
f 2008/2461/2326 1992/1790/1775 2007/1792/1777
f 2008/2461/2326 2007/1792/1777 2023/1702/1689
f 2023/1702/1689 2007/1792/1777 2022/1704/1691
f 1486/1838/1823 1472/1837/1822 1471/2414/2279
f 1486/1838/1823 1471/2414/2279 1485/2415/2280
f 1465/1607/1594 1476/2425/2290 1477/1609/1596
f 1477/1609/1596 1476/2425/2290 1491/2462/2327
f 1477/1609/1596 1491/2462/2327 1492/1611/1598
f 1492/1611/1598 1491/2462/2327 1507/2463/2328
f 1492/1611/1598 1507/2463/2328 1508/1613/1600
f 1508/1613/1600 1507/2463/2328 1523/2464/2329
f 1508/1613/1600 1523/2464/2329 1524/1615/1602
f 1524/1615/1602 1523/2464/2329 1539/2465/2330
f 1524/1615/1602 1539/2465/2330 1540/1617/1604
f 1540/1617/1604 1539/2465/2330 1555/2466/2331
f 1540/1617/1604 1555/2466/2331 1556/1619/1606
f 1556/1619/1606 1555/2466/2331 1571/2467/2332
f 1556/1619/1606 1571/2467/2332 1572/1621/1608
f 1572/1621/1608 1571/2467/2332 1587/1624/1611
f 1491/2462/2327 1476/2425/2290 1490/2426/2291
f 1494/2394/2259 1479/2393/2258 1493/1612/1599
f 1496/2384/2249 1482/2383/2248 1481/2385/2250
f 1496/2384/2249 1481/2385/2250 1495/2395/2260
f 1495/2395/2260 1481/2385/2250 1480/2388/2253
f 1501/1839/1824 1486/1838/1823 1485/2415/2280
f 1501/1839/1824 1485/2415/2280 1500/2416/2281
f 1491/2462/2327 1490/2426/2291 1506/2468/2333
f 1506/2468/2333 1490/2426/2291 1505/2427/2292
f 1506/2468/2333 1505/2427/2292 1521/2469/2334
f 1521/2469/2334 1505/2427/2292 1520/2428/2293
f 1521/2469/2334 1520/2428/2293 1536/2470/2335
f 1536/2470/2335 1520/2428/2293 1535/2429/2294
f 1536/2470/2335 1535/2429/2294 1551/2471/2336
f 1551/2471/2336 1535/2429/2294 1550/2430/2295
f 1551/2471/2336 1550/2430/2295 1566/2472/2337
f 1566/2472/2337 1550/2430/2295 1565/2431/2296
f 1566/2472/2337 1565/2431/2296 1581/2473/2338
f 1581/2473/2338 1565/2431/2296 1580/2432/2297
f 1581/2473/2338 1580/2432/2297 1596/2474/2339
f 1596/2474/2339 1580/2432/2297 1595/2433/2298
f 1596/2474/2339 1595/2433/2298 1611/2475/2340
f 1611/2475/2340 1595/2433/2298 1610/2434/2299
f 1611/2475/2340 1610/2434/2299 1625/2476/2341
f 1625/2476/2341 1610/2434/2299 1624/2435/2300
f 1625/2476/2341 1624/2435/2300 1639/2477/2342
f 1639/2477/2342 1624/2435/2300 1638/2436/2301
f 1639/2477/2342 1638/2436/2301 1654/2478/2343
f 1654/2478/2343 1638/2436/2301 1653/2437/2302
f 1654/2478/2343 1653/2437/2302 1669/2479/2344
f 1669/2479/2344 1653/2437/2302 1668/2438/2303
f 1669/2479/2344 1668/2438/2303 1684/2480/2345
f 1684/2480/2345 1668/2438/2303 1683/2439/2304
f 1684/2480/2345 1683/2439/2304 1698/2481/2346
f 1698/2481/2346 1683/2439/2304 1697/2440/2305
f 1698/2481/2346 1697/2440/2305 1713/2482/2347
f 1713/2482/2347 1697/2440/2305 1712/2441/2306
f 1713/2482/2347 1712/2441/2306 1728/2483/2348
f 1728/2483/2348 1712/2441/2306 1727/2442/2307
f 1728/2483/2348 1727/2442/2307 1743/2484/2349
f 1743/2484/2349 1727/2442/2307 1742/2443/2308
f 1743/2484/2349 1742/2443/2308 1758/2485/2350
f 1758/2485/2350 1742/2443/2308 1757/2444/2309
f 1758/2485/2350 1757/2444/2309 1772/2486/2351
f 1772/2486/2351 1757/2444/2309 1771/2445/2310
f 1772/2486/2351 1771/2445/2310 1787/2487/2352
f 1787/2487/2352 1771/2445/2310 1786/2446/2311
f 1787/2487/2352 1786/2446/2311 1802/2488/2353
f 1802/2488/2353 1786/2446/2311 1801/2447/2312
f 1802/2488/2353 1801/2447/2312 1817/2489/2354
f 1817/2489/2354 1801/2447/2312 1816/2448/2313
f 1817/2489/2354 1816/2448/2313 1832/2490/2355
f 1832/2490/2355 1816/2448/2313 1831/2449/2314
f 1832/2490/2355 1831/2449/2314 1846/2491/2356
f 1846/2491/2356 1831/2449/2314 1845/2450/2315
f 1846/2491/2356 1845/2450/2315 1861/2492/2357
f 1861/2492/2357 1845/2450/2315 1860/2451/2316
f 1861/2492/2357 1860/2451/2316 1876/2493/2358
f 1876/2493/2358 1860/2451/2316 1875/2452/2317
f 1876/2493/2358 1875/2452/2317 1891/2494/2359
f 1891/2494/2359 1875/2452/2317 1890/2453/2318
f 1891/2494/2359 1890/2453/2318 1906/2495/2360
f 1906/2495/2360 1890/2453/2318 1905/2454/2319
f 1906/2495/2360 1905/2454/2319 1920/2496/2361
f 1920/2496/2361 1905/2454/2319 1919/2455/2320
f 1920/2496/2361 1919/2455/2320 1935/2497/2362
f 1935/2497/2362 1919/2455/2320 1934/2456/2321
f 1935/2497/2362 1934/2456/2321 1950/2498/2363
f 1950/2498/2363 1934/2456/2321 1949/2457/2322
f 1950/2498/2363 1949/2457/2322 1965/2499/2364
f 1965/2499/2364 1949/2457/2322 1964/2458/2323
f 1965/2499/2364 1964/2458/2323 1980/2500/2365
f 1980/2500/2365 1964/2458/2323 1979/2459/2324
f 1980/2500/2365 1979/2459/2324 1994/2501/2366
f 1994/2501/2366 1979/2459/2324 1993/2460/2325
f 1994/2501/2366 1993/2460/2325 2009/2502/2367
f 2009/2502/2367 1993/2460/2325 2008/2461/2326
f 2009/2502/2367 2008/2461/2326 2024/1700/1687
f 2024/1700/1687 2008/2461/2326 2023/1702/1689
f 1510/2396/2261 1494/2394/2259 1509/1614/1601
f 1509/1614/1601 1494/2394/2259 1493/1612/1599
f 1512/2377/2242 1496/2384/2249 1511/2397/2262
f 1511/2397/2262 1496/2384/2249 1495/2395/2260
f 1516/1840/1825 1501/1839/1824 1500/2416/2281
f 1516/1840/1825 1500/2416/2281 1515/2417/2282
f 1491/2462/2327 1506/2468/2333 1507/2463/2328
f 1507/2463/2328 1506/2468/2333 1522/2503/2368
f 1507/2463/2328 1522/2503/2368 1523/2464/2329
f 1523/2464/2329 1522/2503/2368 1538/2504/2369
f 1523/2464/2329 1538/2504/2369 1539/2465/2330
f 1539/2465/2330 1538/2504/2369 1554/2505/2370
f 1539/2465/2330 1554/2505/2370 1555/2466/2331
f 1555/2466/2331 1554/2505/2370 1570/2506/2371
f 1555/2466/2331 1570/2506/2371 1571/2467/2332
f 1571/2467/2332 1570/2506/2371 1586/2507/2372
f 1571/2467/2332 1586/2507/2372 1587/1624/1611
f 1587/1624/1611 1586/2507/2372 1602/1626/1613
f 1522/2503/2368 1506/2468/2333 1521/2469/2334
f 1526/2398/2263 1510/2396/2261 1525/1616/1603
f 1525/1616/1603 1510/2396/2261 1509/1614/1601
f 1527/2375/2240 1512/2377/2242 1511/2397/2262
f 1531/1841/1826 1516/1840/1825 1515/2417/2282
f 1531/1841/1826 1515/2417/2282 1530/2418/2283
f 1522/2503/2368 1521/2469/2334 1537/2508/2373
f 1537/2508/2373 1521/2469/2334 1536/2470/2335
f 1537/2508/2373 1536/2470/2335 1552/2509/2374
f 1552/2509/2374 1536/2470/2335 1551/2471/2336
f 1552/2509/2374 1551/2471/2336 1567/2510/2375
f 1567/2510/2375 1551/2471/2336 1566/2472/2337
f 1567/2510/2375 1566/2472/2337 1582/2511/2376
f 1582/2511/2376 1566/2472/2337 1581/2473/2338
f 1582/2511/2376 1581/2473/2338 1597/2512/2377
f 1597/2512/2377 1581/2473/2338 1596/2474/2339
f 1597/2512/2377 1596/2474/2339 1612/2513/2378
f 1612/2513/2378 1596/2474/2339 1611/2475/2340
f 1612/2513/2378 1611/2475/2340 1626/2514/2379
f 1626/2514/2379 1611/2475/2340 1625/2476/2341
f 1626/2514/2379 1625/2476/2341 1640/2515/2380
f 1640/2515/2380 1625/2476/2341 1639/2477/2342
f 1640/2515/2380 1639/2477/2342 1655/2516/2381
f 1655/2516/2381 1639/2477/2342 1654/2478/2343
f 1655/2516/2381 1654/2478/2343 1670/2517/2382
f 1670/2517/2382 1654/2478/2343 1669/2479/2344
f 1670/2517/2382 1669/2479/2344 1685/2518/2383
f 1685/2518/2383 1669/2479/2344 1684/2480/2345
f 1685/2518/2383 1684/2480/2345 1699/2519/2384
f 1699/2519/2384 1684/2480/2345 1698/2481/2346
f 1699/2519/2384 1698/2481/2346 1714/2520/2385
f 1714/2520/2385 1698/2481/2346 1713/2482/2347
f 1714/2520/2385 1713/2482/2347 1729/2521/2386
f 1729/2521/2386 1713/2482/2347 1728/2483/2348
f 1729/2521/2386 1728/2483/2348 1744/2522/2387
f 1744/2522/2387 1728/2483/2348 1743/2484/2349
f 1744/2522/2387 1743/2484/2349 1759/2523/2388
f 1759/2523/2388 1743/2484/2349 1758/2485/2350
f 1759/2523/2388 1758/2485/2350 1773/2524/2389
f 1773/2524/2389 1758/2485/2350 1772/2486/2351
f 1773/2524/2389 1772/2486/2351 1788/2525/2390
f 1788/2525/2390 1772/2486/2351 1787/2487/2352
f 1788/2525/2390 1787/2487/2352 1803/2526/2391
f 1803/2526/2391 1787/2487/2352 1802/2488/2353
f 1803/2526/2391 1802/2488/2353 1818/2527/2392
f 1818/2527/2392 1802/2488/2353 1817/2489/2354
f 1818/2527/2392 1817/2489/2354 1833/2528/2393
f 1833/2528/2393 1817/2489/2354 1832/2490/2355
f 1833/2528/2393 1832/2490/2355 1847/2529/2394
f 1847/2529/2394 1832/2490/2355 1846/2491/2356
f 1847/2529/2394 1846/2491/2356 1862/2530/2395
f 1862/2530/2395 1846/2491/2356 1861/2492/2357
f 1862/2530/2395 1861/2492/2357 1877/2531/2396
f 1877/2531/2396 1861/2492/2357 1876/2493/2358
f 1877/2531/2396 1876/2493/2358 1892/2532/2397
f 1892/2532/2397 1876/2493/2358 1891/2494/2359
f 1892/2532/2397 1891/2494/2359 1907/2533/2398
f 1907/2533/2398 1891/2494/2359 1906/2495/2360
f 1907/2533/2398 1906/2495/2360 1921/2534/2399
f 1921/2534/2399 1906/2495/2360 1920/2496/2361
f 1921/2534/2399 1920/2496/2361 1936/2535/2400
f 1936/2535/2400 1920/2496/2361 1935/2497/2362
f 1936/2535/2400 1935/2497/2362 1951/2536/2401
f 1951/2536/2401 1935/2497/2362 1950/2498/2363
f 1951/2536/2401 1950/2498/2363 1966/2537/2402
f 1966/2537/2402 1950/2498/2363 1965/2499/2364
f 1966/2537/2402 1965/2499/2364 1981/2538/2403
f 1981/2538/2403 1965/2499/2364 1980/2500/2365
f 1981/2538/2403 1980/2500/2365 1995/2539/2404
f 1995/2539/2404 1980/2500/2365 1994/2501/2366
f 1995/2539/2404 1994/2501/2366 2010/2540/2405
f 2010/2540/2405 1994/2501/2366 2009/2502/2367
f 2010/2540/2405 2009/2502/2367 2025/1698/1685
f 2025/1698/1685 2009/2502/2367 2024/1700/1687
f 1542/2373/2238 1526/2398/2263 1541/1618/1605
f 1541/1618/1605 1526/2398/2263 1525/1616/1603
f 1546/1842/1827 1531/1841/1826 1530/2418/2283
f 1546/1842/1827 1530/2418/2283 1545/2419/2284
f 1522/2503/2368 1537/2508/2373 1538/2504/2369
f 1538/2504/2369 1537/2508/2373 1553/2541/2406
f 1538/2504/2369 1553/2541/2406 1554/2505/2370
f 1554/2505/2370 1553/2541/2406 1569/2542/2407
f 1554/2505/2370 1569/2542/2407 1570/2506/2371
f 1570/2506/2371 1569/2542/2407 1585/2543/2408
f 1570/2506/2371 1585/2543/2408 1586/2507/2372
f 1586/2507/2372 1585/2543/2408 1601/2544/2409
f 1586/2507/2372 1601/2544/2409 1602/1626/1613
f 1602/1626/1613 1601/2544/2409 1617/1628/1615
f 1553/2541/2406 1537/2508/2373 1552/2509/2374
f 1557/1620/1607 1542/2373/2238 1541/1618/1605
f 1561/1843/1828 1546/1842/1827 1545/2419/2284
f 1561/1843/1828 1545/2419/2284 1560/2420/2285
f 1553/2541/2406 1552/2509/2374 1568/2545/2410
f 1568/2545/2410 1552/2509/2374 1567/2510/2375
f 1568/2545/2410 1567/2510/2375 1583/2546/2411
f 1583/2546/2411 1567/2510/2375 1582/2511/2376
f 1583/2546/2411 1582/2511/2376 1598/2547/2412
f 1598/2547/2412 1582/2511/2376 1597/2512/2377
f 1598/2547/2412 1597/2512/2377 1613/2548/2413
f 1613/2548/2413 1597/2512/2377 1612/2513/2378
f 1613/2548/2413 1612/2513/2378 1627/2549/2414
f 1627/2549/2414 1612/2513/2378 1626/2514/2379
f 1627/2549/2414 1626/2514/2379 1641/2550/2415
f 1641/2550/2415 1626/2514/2379 1640/2515/2380
f 1641/2550/2415 1640/2515/2380 1656/2551/2416
f 1656/2551/2416 1640/2515/2380 1655/2516/2381
f 1656/2551/2416 1655/2516/2381 1671/2552/2417
f 1671/2552/2417 1655/2516/2381 1670/2517/2382
f 1671/2552/2417 1670/2517/2382 1686/2553/2418
f 1686/2553/2418 1670/2517/2382 1685/2518/2383
f 1686/2553/2418 1685/2518/2383 1700/2554/2419
f 1700/2554/2419 1685/2518/2383 1699/2519/2384
f 1700/2554/2419 1699/2519/2384 1715/2555/2420
f 1715/2555/2420 1699/2519/2384 1714/2520/2385
f 1715/2555/2420 1714/2520/2385 1730/2556/2421
f 1730/2556/2421 1714/2520/2385 1729/2521/2386
f 1730/2556/2421 1729/2521/2386 1745/2557/2422
f 1745/2557/2422 1729/2521/2386 1744/2522/2387
f 1745/2557/2422 1744/2522/2387 1760/2558/2423
f 1760/2558/2423 1744/2522/2387 1759/2523/2388
f 1760/2558/2423 1759/2523/2388 1774/2559/2424
f 1774/2559/2424 1759/2523/2388 1773/2524/2389
f 1774/2559/2424 1773/2524/2389 1789/2560/2425
f 1789/2560/2425 1773/2524/2389 1788/2525/2390
f 1789/2560/2425 1788/2525/2390 1804/2561/2426
f 1804/2561/2426 1788/2525/2390 1803/2526/2391
f 1804/2561/2426 1803/2526/2391 1819/2562/2427
f 1819/2562/2427 1803/2526/2391 1818/2527/2392
f 1819/2562/2427 1818/2527/2392 1834/2563/2428
f 1834/2563/2428 1818/2527/2392 1833/2528/2393
f 1834/2563/2428 1833/2528/2393 1848/2564/2429
f 1848/2564/2429 1833/2528/2393 1847/2529/2394
f 1848/2564/2429 1847/2529/2394 1863/2565/2430
f 1863/2565/2430 1847/2529/2394 1862/2530/2395
f 1863/2565/2430 1862/2530/2395 1878/2566/2431
f 1878/2566/2431 1862/2530/2395 1877/2531/2396
f 1878/2566/2431 1877/2531/2396 1893/2567/2432
f 1893/2567/2432 1877/2531/2396 1892/2532/2397
f 1893/2567/2432 1892/2532/2397 1908/2568/2433
f 1908/2568/2433 1892/2532/2397 1907/2533/2398
f 1908/2568/2433 1907/2533/2398 1922/2569/2434
f 1922/2569/2434 1907/2533/2398 1921/2534/2399
f 1922/2569/2434 1921/2534/2399 1937/2570/2435
f 1937/2570/2435 1921/2534/2399 1936/2535/2400
f 1937/2570/2435 1936/2535/2400 1952/2571/2436
f 1952/2571/2436 1936/2535/2400 1951/2536/2401
f 1952/2571/2436 1951/2536/2401 1967/2572/2437
f 1967/2572/2437 1951/2536/2401 1966/2537/2402
f 1967/2572/2437 1966/2537/2402 1982/2573/2438
f 1982/2573/2438 1966/2537/2402 1981/2538/2403
f 1982/2573/2438 1981/2538/2403 1996/2574/2439
f 1996/2574/2439 1981/2538/2403 1995/2539/2404
f 1996/2574/2439 1995/2539/2404 2011/2575/2440
f 2011/2575/2440 1995/2539/2404 2010/2540/2405
f 2011/2575/2440 2010/2540/2405 2026/1696/1683
f 2026/1696/1683 2010/2540/2405 2025/1698/1685
f 1576/1844/1829 1561/1843/1828 1560/2420/2285
f 1576/1844/1829 1560/2420/2285 1575/2421/2286
f 1553/2541/2406 1568/2545/2410 1569/2542/2407
f 1569/2542/2407 1568/2545/2410 1584/2576/2441
f 1569/2542/2407 1584/2576/2441 1585/2543/2408
f 1585/2543/2408 1584/2576/2441 1600/2577/2442
f 1585/2543/2408 1600/2577/2442 1601/2544/2409
f 1601/2544/2409 1600/2577/2442 1616/2578/2443
f 1601/2544/2409 1616/2578/2443 1617/1628/1615
f 1617/1628/1615 1616/2578/2443 1631/2579/2444
f 1617/1628/1615 1631/2579/2444 1632/1630/1617
f 1632/1630/1617 1631/2579/2444 1646/1632/1619
f 1584/2576/2441 1568/2545/2410 1583/2546/2411
f 1591/1845/1830 1576/1844/1829 1575/2421/2286
f 1591/1845/1830 1575/2421/2286 1590/2422/2287
f 1584/2576/2441 1583/2546/2411 1599/2580/2445
f 1599/2580/2445 1583/2546/2411 1598/2547/2412
f 1599/2580/2445 1598/2547/2412 1614/2581/2446
f 1614/2581/2446 1598/2547/2412 1613/2548/2413
f 1614/2581/2446 1613/2548/2413 1628/2582/2447
f 1628/2582/2447 1613/2548/2413 1627/2549/2414
f 1628/2582/2447 1627/2549/2414 1642/2583/2448
f 1642/2583/2448 1627/2549/2414 1641/2550/2415
f 1642/2583/2448 1641/2550/2415 1657/2584/2449
f 1657/2584/2449 1641/2550/2415 1656/2551/2416
f 1657/2584/2449 1656/2551/2416 1672/2585/2450
f 1672/2585/2450 1656/2551/2416 1671/2552/2417
f 1672/2585/2450 1671/2552/2417 1687/2586/2451
f 1687/2586/2451 1671/2552/2417 1686/2553/2418
f 1687/2586/2451 1686/2553/2418 1701/2587/2452
f 1701/2587/2452 1686/2553/2418 1700/2554/2419
f 1701/2587/2452 1700/2554/2419 1716/2588/2453
f 1716/2588/2453 1700/2554/2419 1715/2555/2420
f 1716/2588/2453 1715/2555/2420 1731/2589/2454
f 1731/2589/2454 1715/2555/2420 1730/2556/2421
f 1731/2589/2454 1730/2556/2421 1746/2590/2455
f 1746/2590/2455 1730/2556/2421 1745/2557/2422
f 1746/2590/2455 1745/2557/2422 1761/2591/2456
f 1761/2591/2456 1745/2557/2422 1760/2558/2423
f 1761/2591/2456 1760/2558/2423 1775/2592/2457
f 1775/2592/2457 1760/2558/2423 1774/2559/2424
f 1775/2592/2457 1774/2559/2424 1790/2593/2458
f 1790/2593/2458 1774/2559/2424 1789/2560/2425
f 1790/2593/2458 1789/2560/2425 1805/2594/2459
f 1805/2594/2459 1789/2560/2425 1804/2561/2426
f 1805/2594/2459 1804/2561/2426 1820/2595/2460
f 1820/2595/2460 1804/2561/2426 1819/2562/2427
f 1820/2595/2460 1819/2562/2427 1835/2596/2461
f 1835/2596/2461 1819/2562/2427 1834/2563/2428
f 1835/2596/2461 1834/2563/2428 1849/2597/2462
f 1849/2597/2462 1834/2563/2428 1848/2564/2429
f 1849/2597/2462 1848/2564/2429 1864/2598/2463
f 1864/2598/2463 1848/2564/2429 1863/2565/2430
f 1864/2598/2463 1863/2565/2430 1879/2599/2464
f 1879/2599/2464 1863/2565/2430 1878/2566/2431
f 1879/2599/2464 1878/2566/2431 1894/2600/2465
f 1894/2600/2465 1878/2566/2431 1893/2567/2432
f 1894/2600/2465 1893/2567/2432 1909/2601/2466
f 1909/2601/2466 1893/2567/2432 1908/2568/2433
f 1909/2601/2466 1908/2568/2433 1923/2602/2467
f 1923/2602/2467 1908/2568/2433 1922/2569/2434
f 1923/2602/2467 1922/2569/2434 1938/2603/2468
f 1938/2603/2468 1922/2569/2434 1937/2570/2435
f 1938/2603/2468 1937/2570/2435 1953/2604/2469
f 1953/2604/2469 1937/2570/2435 1952/2571/2436
f 1953/2604/2469 1952/2571/2436 1968/2605/2470
f 1968/2605/2470 1952/2571/2436 1967/2572/2437
f 1968/2605/2470 1967/2572/2437 1983/2606/2471
f 1983/2606/2471 1967/2572/2437 1982/2573/2438
f 1983/2606/2471 1982/2573/2438 1997/2607/2472
f 1997/2607/2472 1982/2573/2438 1996/2574/2439
f 1997/2607/2472 1996/2574/2439 2012/2608/2473
f 2012/2608/2473 1996/2574/2439 2011/2575/2440
f 2012/2608/2473 2011/2575/2440 2027/1694/1681
f 2027/1694/1681 2011/2575/2440 2026/1696/1683
f 1606/1846/1831 1591/1845/1830 1590/2422/2287
f 1606/1846/1831 1590/2422/2287 1605/2423/2288
f 1584/2576/2441 1599/2580/2445 1600/2577/2442
f 1600/2577/2442 1599/2580/2445 1615/2609/2474
f 1600/2577/2442 1615/2609/2474 1616/2578/2443
f 1616/2578/2443 1615/2609/2474 1630/2610/2475
f 1616/2578/2443 1630/2610/2475 1631/2579/2444
f 1631/2579/2444 1630/2610/2475 1645/2611/2476
f 1631/2579/2444 1645/2611/2476 1646/1632/1619
f 1646/1632/1619 1645/2611/2476 1661/1634/1621
f 1615/2609/2474 1599/2580/2445 1614/2581/2446
f 1620/1847/1832 1606/1846/1831 1605/2423/2288
f 1620/1847/1832 1605/2423/2288 1619/2424/2289
f 1615/2609/2474 1614/2581/2446 1629/2612/2477
f 1629/2612/2477 1614/2581/2446 1628/2582/2447
f 1629/2612/2477 1628/2582/2447 1643/2613/2478
f 1643/2613/2478 1628/2582/2447 1642/2583/2448
f 1643/2613/2478 1642/2583/2448 1658/2614/2479
f 1658/2614/2479 1642/2583/2448 1657/2584/2449
f 1658/2614/2479 1657/2584/2449 1673/2615/2480
f 1673/2615/2480 1657/2584/2449 1672/2585/2450
f 1673/2615/2480 1672/2585/2450 1688/2616/2481
f 1688/2616/2481 1672/2585/2450 1687/2586/2451
f 1688/2616/2481 1687/2586/2451 1702/2617/2482
f 1702/2617/2482 1687/2586/2451 1701/2587/2452
f 1702/2617/2482 1701/2587/2452 1717/2618/2483
f 1717/2618/2483 1701/2587/2452 1716/2588/2453
f 1717/2618/2483 1716/2588/2453 1732/2619/2484
f 1732/2619/2484 1716/2588/2453 1731/2589/2454
f 1732/2619/2484 1731/2589/2454 1747/2620/2485
f 1747/2620/2485 1731/2589/2454 1746/2590/2455
f 1747/2620/2485 1746/2590/2455 1762/2621/2486
f 1762/2621/2486 1746/2590/2455 1761/2591/2456
f 1762/2621/2486 1761/2591/2456 1776/2622/2487
f 1776/2622/2487 1761/2591/2456 1775/2592/2457
f 1776/2622/2487 1775/2592/2457 1791/2623/2488
f 1791/2623/2488 1775/2592/2457 1790/2593/2458
f 1791/2623/2488 1790/2593/2458 1806/2624/2489
f 1806/2624/2489 1790/2593/2458 1805/2594/2459
f 1806/2624/2489 1805/2594/2459 1821/2625/2490
f 1821/2625/2490 1805/2594/2459 1820/2595/2460
f 1821/2625/2490 1820/2595/2460 1836/2626/2491
f 1836/2626/2491 1820/2595/2460 1835/2596/2461
f 1836/2626/2491 1835/2596/2461 1850/2627/2492
f 1850/2627/2492 1835/2596/2461 1849/2597/2462
f 1850/2627/2492 1849/2597/2462 1865/2628/2493
f 1865/2628/2493 1849/2597/2462 1864/2598/2463
f 1865/2628/2493 1864/2598/2463 1880/2629/2494
f 1880/2629/2494 1864/2598/2463 1879/2599/2464
f 1880/2629/2494 1879/2599/2464 1895/2630/2495
f 1895/2630/2495 1879/2599/2464 1894/2600/2465
f 1895/2630/2495 1894/2600/2465 1910/2631/2496
f 1910/2631/2496 1894/2600/2465 1909/2601/2466
f 1910/2631/2496 1909/2601/2466 1924/2632/2497
f 1924/2632/2497 1909/2601/2466 1923/2602/2467
f 1924/2632/2497 1923/2602/2467 1939/2633/2498
f 1939/2633/2498 1923/2602/2467 1938/2603/2468
f 1939/2633/2498 1938/2603/2468 1954/2634/2499
f 1954/2634/2499 1938/2603/2468 1953/2604/2469
f 1954/2634/2499 1953/2604/2469 1969/2635/2500
f 1969/2635/2500 1953/2604/2469 1968/2605/2470
f 1969/2635/2500 1968/2605/2470 1984/2636/2501
f 1984/2636/2501 1968/2605/2470 1983/2606/2471
f 1984/2636/2501 1983/2606/2471 1998/2637/2502
f 1998/2637/2502 1983/2606/2471 1997/2607/2472
f 1998/2637/2502 1997/2607/2472 2013/2638/2503
f 2013/2638/2503 1997/2607/2472 2012/2608/2473
f 2013/2638/2503 2012/2608/2473 2028/1691/1678
f 2028/1691/1678 2012/2608/2473 2027/1694/1681
f 1634/1848/1833 1620/1847/1832 1619/2424/2289
f 1634/1848/1833 1619/2424/2289 1633/1911/1881
f 1615/2609/2474 1629/2612/2477 1630/2610/2475
f 1630/2610/2475 1629/2612/2477 1644/2639/2504
f 1630/2610/2475 1644/2639/2504 1645/2611/2476
f 1645/2611/2476 1644/2639/2504 1660/2640/2505
f 1645/2611/2476 1660/2640/2505 1661/1634/1621
f 1661/1634/1621 1660/2640/2505 1676/1636/1623
f 1644/2639/2504 1629/2612/2477 1643/2613/2478
f 1649/1849/1834 1634/1848/1833 1633/1911/1881
f 1644/2639/2504 1643/2613/2478 1659/2641/2506
f 1659/2641/2506 1643/2613/2478 1658/2614/2479
f 1659/2641/2506 1658/2614/2479 1674/2642/2507
f 1674/2642/2507 1658/2614/2479 1673/2615/2480
f 1674/2642/2507 1673/2615/2480 1689/2643/2508
f 1689/2643/2508 1673/2615/2480 1688/2616/2481
f 1689/2643/2508 1688/2616/2481 1703/2644/2509
f 1703/2644/2509 1688/2616/2481 1702/2617/2482
f 1703/2644/2509 1702/2617/2482 1718/2645/2510
f 1718/2645/2510 1702/2617/2482 1717/2618/2483
f 1718/2645/2510 1717/2618/2483 1733/2646/2511
f 1733/2646/2511 1717/2618/2483 1732/2619/2484
f 1733/2646/2511 1732/2619/2484 1748/2647/2512
f 1748/2647/2512 1732/2619/2484 1747/2620/2485
f 1748/2647/2512 1747/2620/2485 1763/2648/2513
f 1763/2648/2513 1747/2620/2485 1762/2621/2486
f 1763/2648/2513 1762/2621/2486 1777/2649/2514
f 1777/2649/2514 1762/2621/2486 1776/2622/2487
f 1777/2649/2514 1776/2622/2487 1792/2650/2515
f 1792/2650/2515 1776/2622/2487 1791/2623/2488
f 1792/2650/2515 1791/2623/2488 1807/2651/2516
f 1807/2651/2516 1791/2623/2488 1806/2624/2489
f 1807/2651/2516 1806/2624/2489 1822/2652/2517
f 1822/2652/2517 1806/2624/2489 1821/2625/2490
f 1822/2652/2517 1821/2625/2490 1837/2653/2518
f 1837/2653/2518 1821/2625/2490 1836/2626/2491
f 1837/2653/2518 1836/2626/2491 1851/2654/2519
f 1851/2654/2519 1836/2626/2491 1850/2627/2492
f 1851/2654/2519 1850/2627/2492 1866/2655/2520
f 1866/2655/2520 1850/2627/2492 1865/2628/2493
f 1866/2655/2520 1865/2628/2493 1881/2656/2521
f 1881/2656/2521 1865/2628/2493 1880/2629/2494
f 1881/2656/2521 1880/2629/2494 1896/2657/2522
f 1896/2657/2522 1880/2629/2494 1895/2630/2495
f 1896/2657/2522 1895/2630/2495 1911/2658/2523
f 1911/2658/2523 1895/2630/2495 1910/2631/2496
f 1911/2658/2523 1910/2631/2496 1925/2659/2524
f 1925/2659/2524 1910/2631/2496 1924/2632/2497
f 1925/2659/2524 1924/2632/2497 1940/2660/2525
f 1940/2660/2525 1924/2632/2497 1939/2633/2498
f 1940/2660/2525 1939/2633/2498 1955/2661/2526
f 1955/2661/2526 1939/2633/2498 1954/2634/2499
f 1955/2661/2526 1954/2634/2499 1970/2662/2527
f 1970/2662/2527 1954/2634/2499 1969/2635/2500
f 1970/2662/2527 1969/2635/2500 1985/2663/2528
f 1985/2663/2528 1969/2635/2500 1984/2636/2501
f 1985/2663/2528 1984/2636/2501 1999/2664/2529
f 1999/2664/2529 1984/2636/2501 1998/2637/2502
f 1999/2664/2529 1998/2637/2502 2014/2665/2530
f 2014/2665/2530 1998/2637/2502 2013/2638/2503
f 2014/2665/2530 2013/2638/2503 2029/1689/1676
f 2029/1689/1676 2013/2638/2503 2028/1691/1678
f 1644/2639/2504 1659/2641/2506 1660/2640/2505
f 1660/2640/2505 1659/2641/2506 1675/2666/2531
f 1660/2640/2505 1675/2666/2531 1676/1636/1623
f 1676/1636/1623 1675/2666/2531 1691/1638/1625
f 1675/2666/2531 1659/2641/2506 1674/2642/2507
f 1675/2666/2531 1674/2642/2507 1690/2667/2532
f 1690/2667/2532 1674/2642/2507 1689/2643/2508
f 1690/2667/2532 1689/2643/2508 1704/2668/2533
f 1704/2668/2533 1689/2643/2508 1703/2644/2509
f 1704/2668/2533 1703/2644/2509 1719/2669/2534
f 1719/2669/2534 1703/2644/2509 1718/2645/2510
f 1719/2669/2534 1718/2645/2510 1734/2670/2535
f 1734/2670/2535 1718/2645/2510 1733/2646/2511
f 1734/2670/2535 1733/2646/2511 1749/2671/2536
f 1749/2671/2536 1733/2646/2511 1748/2647/2512
f 1749/2671/2536 1748/2647/2512 1764/2672/2537
f 1764/2672/2537 1748/2647/2512 1763/2648/2513
f 1764/2672/2537 1763/2648/2513 1778/2673/2538
f 1778/2673/2538 1763/2648/2513 1777/2649/2514
f 1778/2673/2538 1777/2649/2514 1793/2674/2539
f 1793/2674/2539 1777/2649/2514 1792/2650/2515
f 1793/2674/2539 1792/2650/2515 1808/2675/2540
f 1808/2675/2540 1792/2650/2515 1807/2651/2516
f 1808/2675/2540 1807/2651/2516 1823/2676/2541
f 1823/2676/2541 1807/2651/2516 1822/2652/2517
f 1823/2676/2541 1822/2652/2517 1838/2677/2542
f 1838/2677/2542 1822/2652/2517 1837/2653/2518
f 1838/2677/2542 1837/2653/2518 1852/2678/2543
f 1852/2678/2543 1837/2653/2518 1851/2654/2519
f 1852/2678/2543 1851/2654/2519 1867/2679/2544
f 1867/2679/2544 1851/2654/2519 1866/2655/2520
f 1867/2679/2544 1866/2655/2520 1882/2680/2545
f 1882/2680/2545 1866/2655/2520 1881/2656/2521
f 1882/2680/2545 1881/2656/2521 1897/2681/2546
f 1897/2681/2546 1881/2656/2521 1896/2657/2522
f 1897/2681/2546 1896/2657/2522 1912/2682/2547
f 1912/2682/2547 1896/2657/2522 1911/2658/2523
f 1912/2682/2547 1911/2658/2523 1926/2683/2548
f 1926/2683/2548 1911/2658/2523 1925/2659/2524
f 1926/2683/2548 1925/2659/2524 1941/2684/2549
f 1941/2684/2549 1925/2659/2524 1940/2660/2525
f 1941/2684/2549 1940/2660/2525 1956/2685/2550
f 1956/2685/2550 1940/2660/2525 1955/2661/2526
f 1956/2685/2550 1955/2661/2526 1971/2686/2551
f 1971/2686/2551 1955/2661/2526 1970/2662/2527
f 1971/2686/2551 1970/2662/2527 1986/2687/2552
f 1986/2687/2552 1970/2662/2527 1985/2663/2528
f 1986/2687/2552 1985/2663/2528 2000/2688/2553
f 2000/2688/2553 1985/2663/2528 1999/2664/2529
f 2000/2688/2553 1999/2664/2529 2015/2689/2554
f 2015/2689/2554 1999/2664/2529 2014/2665/2530
f 2015/2689/2554 2014/2665/2530 2030/1687/1674
f 2030/1687/1674 2014/2665/2530 2029/1689/1676
f 1705/1640/1627 1691/1638/1625 1690/2667/2532
f 1690/2667/2532 1691/1638/1625 1675/2666/2531
f 1705/1640/1627 1690/2667/2532 1704/2668/2533
f 1720/1642/1629 1705/1640/1627 1704/2668/2533
f 1720/1642/1629 1704/2668/2533 1719/2669/2534
f 1735/1644/1631 1720/1642/1629 1719/2669/2534
f 1735/1644/1631 1719/2669/2534 1734/2670/2535
f 1750/1646/1633 1735/1644/1631 1734/2670/2535
f 1750/1646/1633 1734/2670/2535 1749/2671/2536
f 1765/1648/1635 1750/1646/1633 1749/2671/2536
f 1765/1648/1635 1749/2671/2536 1764/2672/2537
f 1779/1650/1637 1765/1648/1635 1764/2672/2537
f 1779/1650/1637 1764/2672/2537 1778/2673/2538
f 1794/1652/1639 1779/1650/1637 1778/2673/2538
f 1794/1652/1639 1778/2673/2538 1793/2674/2539
f 1809/1654/1641 1794/1652/1639 1793/2674/2539
f 1809/1654/1641 1793/2674/2539 1808/2675/2540
f 1824/1656/1643 1809/1654/1641 1808/2675/2540
f 1824/1656/1643 1808/2675/2540 1823/2676/2541
f 1839/1658/1645 1824/1656/1643 1823/2676/2541
f 1839/1658/1645 1823/2676/2541 1838/2677/2542
f 1853/1660/1647 1839/1658/1645 1838/2677/2542
f 1853/1660/1647 1838/2677/2542 1852/2678/2543
f 1868/1662/1649 1853/1660/1647 1852/2678/2543
f 1868/1662/1649 1852/2678/2543 1867/2679/2544
f 1883/1664/1651 1868/1662/1649 1867/2679/2544
f 1883/1664/1651 1867/2679/2544 1882/2680/2545
f 1898/1666/1653 1883/1664/1651 1882/2680/2545
f 1898/1666/1653 1882/2680/2545 1897/2681/2546
f 1913/1668/1655 1898/1666/1653 1897/2681/2546
f 1913/1668/1655 1897/2681/2546 1912/2682/2547
f 1927/1670/1657 1913/1668/1655 1912/2682/2547
f 1927/1670/1657 1912/2682/2547 1926/2683/2548
f 1942/1672/1659 1927/1670/1657 1926/2683/2548
f 1942/1672/1659 1926/2683/2548 1941/2684/2549
f 1957/1674/1661 1942/1672/1659 1941/2684/2549
f 1957/1674/1661 1941/2684/2549 1956/2685/2550
f 1972/1676/1663 1957/1674/1661 1956/2685/2550
f 1972/1676/1663 1956/2685/2550 1971/2686/2551
f 1987/1678/1665 1972/1676/1663 1971/2686/2551
f 1987/1678/1665 1971/2686/2551 1986/2687/2552
f 2001/1680/1667 1987/1678/1665 1986/2687/2552
f 2001/1680/1667 1986/2687/2552 2000/2688/2553
f 2016/1682/1669 2001/1680/1667 2000/2688/2553
f 2016/1682/1669 2000/2688/2553 2015/2689/2554
f 2031/1684/1671 2016/1682/1669 2015/2689/2554
f 2031/1684/1671 2015/2689/2554 2030/1687/1674
f 2033/1711/1698 2032/1713/1700 2043/2690/2555
f 2043/2690/2555 2032/1713/1700 2042/1962/1907
f 2043/2690/2555 2042/1962/1907 2052/2691/2556
f 2052/2691/2556 2042/1962/1907 2051/1964/1908
f 2052/2691/2556 2051/1964/1908 2063/2692/2557
f 2063/2692/2557 2051/1964/1908 2062/1966/1909
f 2063/2692/2557 2062/1966/1909 2074/2693/2558
f 2074/2693/2558 2062/1966/1909 2073/1968/1910
f 2074/2693/2558 2073/1968/1910 2085/2694/2559
f 2085/2694/2559 2073/1968/1910 2084/1970/1911
f 2085/2694/2559 2084/1970/1911 2096/2695/2560
f 2096/2695/2560 2084/1970/1911 2095/1972/1912
f 2096/2695/2560 2095/1972/1912 2107/2696/2561
f 2107/2696/2561 2095/1972/1912 2106/1974/1913
f 2107/2696/2561 2106/1974/1913 2118/2697/2562
f 2118/2697/2562 2106/1974/1913 2117/1976/1914
f 2118/2697/2562 2117/1976/1914 2129/2698/2563
f 2129/2698/2563 2117/1976/1914 2128/1978/1915
f 2129/2698/2563 2128/1978/1915 2138/2699/2564
f 2138/2699/2564 2128/1978/1915 2137/1980/1916
f 2138/2699/2564 2137/1980/1916 2148/2700/2565
f 2148/2700/2565 2137/1980/1916 2147/1982/1917
f 2148/2700/2565 2147/1982/1917 2162/2701/2566
f 2162/2701/2566 2147/1982/1917 2161/1984/1918
f 2162/2701/2566 2161/1984/1918 2177/2702/2567
f 2177/2702/2567 2161/1984/1918 2176/1986/1919
f 2177/2702/2567 2176/1986/1919 2192/2703/2568
f 2192/2703/2568 2176/1986/1919 2191/1988/1920
f 2192/2703/2568 2191/1988/1920 2206/2704/2569
f 2206/2704/2569 2191/1988/1920 2205/1990/1921
f 2206/2704/2569 2205/1990/1921 2221/2705/2570
f 2221/2705/2570 2205/1990/1921 2220/1992/1922
f 2221/2705/2570 2220/1992/1922 2236/2706/2571
f 2236/2706/2571 2220/1992/1922 2235/1994/1923
f 2236/2706/2571 2235/1994/1923 2251/2707/2572
f 2251/2707/2572 2235/1994/1923 2250/1996/1924
f 2251/2707/2572 2250/1996/1924 2266/2708/2573
f 2266/2708/2573 2250/1996/1924 2265/1998/1925
f 2266/2708/2573 2265/1998/1925 2280/2709/2574
f 2280/2709/2574 2265/1998/1925 2279/2000/1926
f 2280/2709/2574 2279/2000/1926 2295/2710/2575
f 2295/2710/2575 2279/2000/1926 2294/2002/1927
f 2295/2710/2575 2294/2002/1927 2310/2711/2576
f 2310/2711/2576 2294/2002/1927 2309/2004/1928
f 2310/2711/2576 2309/2004/1928 2325/2712/2577
f 2325/2712/2577 2309/2004/1928 2324/2006/1929
f 2325/2712/2577 2324/2006/1929 2340/2713/2578
f 2340/2713/2578 2324/2006/1929 2339/2008/1930
f 2340/2713/2578 2339/2008/1930 2354/2714/2579
f 2354/2714/2579 2339/2008/1930 2353/2010/1931
f 2354/2714/2579 2353/2010/1931 2369/2715/2580
f 2369/2715/2580 2353/2010/1931 2368/2012/1932
f 2369/2715/2580 2368/2012/1932 2384/2716/2581
f 2384/2716/2581 2368/2012/1932 2383/2014/1933
f 2384/2716/2581 2383/2014/1933 2399/2717/2582
f 2399/2717/2582 2383/2014/1933 2398/2016/1934
f 2399/2717/2582 2398/2016/1934 2414/2718/2583
f 2414/2718/2583 2398/2016/1934 2413/2018/1935
f 2414/2718/2583 2413/2018/1935 2428/2719/2584
f 2428/2719/2584 2413/2018/1935 2427/2020/1936
f 2428/2719/2584 2427/2020/1936 2443/2720/2585
f 2443/2720/2585 2427/2020/1936 2442/2022/1937
f 2443/2720/2585 2442/2022/1937 2458/2721/2586
f 2458/2721/2586 2442/2022/1937 2457/2024/1938
f 2458/2721/2586 2457/2024/1938 2473/2722/2587
f 2473/2722/2587 2457/2024/1938 2472/2026/1939
f 2473/2722/2587 2472/2026/1939 2488/2723/2588
f 2488/2723/2588 2472/2026/1939 2487/2028/1940
f 2488/2723/2588 2487/2028/1940 2502/2724/2589
f 2502/2724/2589 2487/2028/1940 2501/2030/1941
f 2502/2724/2589 2501/2030/1941 2517/2725/2590
f 2517/2725/2590 2501/2030/1941 2516/2032/1942
f 2517/2725/2590 2516/2032/1942 2532/2726/2591
f 2532/2726/2591 2516/2032/1942 2531/2034/1943
f 2532/2726/2591 2531/2034/1943 2547/2727/2592
f 2547/2727/2592 2531/2034/1943 2546/2036/1944
f 2547/2727/2592 2546/2036/1944 2562/2728/2593
f 2562/2728/2593 2546/2036/1944 2561/2038/1945
f 2562/2728/2593 2561/2038/1945 2577/2729/2594
f 2577/2729/2594 2561/2038/1945 2576/2040/1946
f 2577/2729/2594 2576/2040/1946 2592/2730/2595
f 2592/2730/2595 2576/2040/1946 2591/2042/1947
f 2592/2730/2595 2591/2042/1947 2607/2731/2596
f 2607/2731/2596 2591/2042/1947 2606/2044/1948
f 2607/2731/2596 2606/2044/1948 2621/2047/1949
f 2034/1709/1696 2033/1711/1698 2044/2732/2597
f 2044/2732/2597 2033/1711/1698 2043/2690/2555
f 2044/2732/2597 2043/2690/2555 2053/2733/2598
f 2053/2733/2598 2043/2690/2555 2052/2691/2556
f 2053/2733/2598 2052/2691/2556 2064/2734/2599
f 2064/2734/2599 2052/2691/2556 2063/2692/2557
f 2064/2734/2599 2063/2692/2557 2075/2735/2600
f 2075/2735/2600 2063/2692/2557 2074/2693/2558
f 2075/2735/2600 2074/2693/2558 2086/2736/2601
f 2086/2736/2601 2074/2693/2558 2085/2694/2559
f 2086/2736/2601 2085/2694/2559 2097/2737/2602
f 2097/2737/2602 2085/2694/2559 2096/2695/2560
f 2097/2737/2602 2096/2695/2560 2108/2738/2603
f 2108/2738/2603 2096/2695/2560 2107/2696/2561
f 2108/2738/2603 2107/2696/2561 2119/2739/2604
f 2119/2739/2604 2107/2696/2561 2118/2697/2562
f 2119/2739/2604 2118/2697/2562 2130/2740/2605
f 2130/2740/2605 2118/2697/2562 2129/2698/2563
f 2130/2740/2605 2129/2698/2563 2139/2741/2606
f 2139/2741/2606 2129/2698/2563 2138/2699/2564
f 2139/2741/2606 2138/2699/2564 2149/2742/2607
f 2149/2742/2607 2138/2699/2564 2148/2700/2565
f 2149/2742/2607 2148/2700/2565 2163/2743/2608
f 2163/2743/2608 2148/2700/2565 2162/2701/2566
f 2163/2743/2608 2162/2701/2566 2178/2744/2609
f 2178/2744/2609 2162/2701/2566 2177/2702/2567
f 2178/2744/2609 2177/2702/2567 2193/2745/2610
f 2193/2745/2610 2177/2702/2567 2192/2703/2568
f 2193/2745/2610 2192/2703/2568 2207/2746/2611
f 2207/2746/2611 2192/2703/2568 2206/2704/2569
f 2207/2746/2611 2206/2704/2569 2222/2747/2612
f 2222/2747/2612 2206/2704/2569 2221/2705/2570
f 2222/2747/2612 2221/2705/2570 2237/2748/2613
f 2237/2748/2613 2221/2705/2570 2236/2706/2571
f 2237/2748/2613 2236/2706/2571 2252/2749/2614
f 2252/2749/2614 2236/2706/2571 2251/2707/2572
f 2252/2749/2614 2251/2707/2572 2267/2750/2615
f 2267/2750/2615 2251/2707/2572 2266/2708/2573
f 2267/2750/2615 2266/2708/2573 2281/2751/2616
f 2281/2751/2616 2266/2708/2573 2280/2709/2574
f 2281/2751/2616 2280/2709/2574 2296/2752/2617
f 2296/2752/2617 2280/2709/2574 2295/2710/2575
f 2296/2752/2617 2295/2710/2575 2311/2753/2618
f 2311/2753/2618 2295/2710/2575 2310/2711/2576
f 2311/2753/2618 2310/2711/2576 2326/2754/2619
f 2326/2754/2619 2310/2711/2576 2325/2712/2577
f 2326/2754/2619 2325/2712/2577 2341/2755/2620
f 2341/2755/2620 2325/2712/2577 2340/2713/2578
f 2341/2755/2620 2340/2713/2578 2355/2756/2621
f 2355/2756/2621 2340/2713/2578 2354/2714/2579
f 2355/2756/2621 2354/2714/2579 2370/2757/2622
f 2370/2757/2622 2354/2714/2579 2369/2715/2580
f 2370/2757/2622 2369/2715/2580 2385/2758/2623
f 2385/2758/2623 2369/2715/2580 2384/2716/2581
f 2385/2758/2623 2384/2716/2581 2400/2759/2624
f 2400/2759/2624 2384/2716/2581 2399/2717/2582
f 2400/2759/2624 2399/2717/2582 2415/2760/2625
f 2415/2760/2625 2399/2717/2582 2414/2718/2583
f 2415/2760/2625 2414/2718/2583 2429/2761/2626
f 2429/2761/2626 2414/2718/2583 2428/2719/2584
f 2429/2761/2626 2428/2719/2584 2444/2762/2627
f 2444/2762/2627 2428/2719/2584 2443/2720/2585
f 2444/2762/2627 2443/2720/2585 2459/2763/2628
f 2459/2763/2628 2443/2720/2585 2458/2721/2586
f 2459/2763/2628 2458/2721/2586 2474/2764/2629
f 2474/2764/2629 2458/2721/2586 2473/2722/2587
f 2474/2764/2629 2473/2722/2587 2489/2765/2630
f 2489/2765/2630 2473/2722/2587 2488/2723/2588
f 2489/2765/2630 2488/2723/2588 2503/2766/2631
f 2503/2766/2631 2488/2723/2588 2502/2724/2589
f 2503/2766/2631 2502/2724/2589 2518/2767/2632
f 2518/2767/2632 2502/2724/2589 2517/2725/2590
f 2518/2767/2632 2517/2725/2590 2533/2768/2633
f 2533/2768/2633 2517/2725/2590 2532/2726/2591
f 2533/2768/2633 2532/2726/2591 2548/2769/2634
f 2548/2769/2634 2532/2726/2591 2547/2727/2592
f 2548/2769/2634 2547/2727/2592 2563/2770/2635
f 2563/2770/2635 2547/2727/2592 2562/2728/2593
f 2563/2770/2635 2562/2728/2593 2578/2771/2636
f 2578/2771/2636 2562/2728/2593 2577/2729/2594
f 2578/2771/2636 2577/2729/2594 2593/2772/2637
f 2593/2772/2637 2577/2729/2594 2592/2730/2595
f 2593/2772/2637 2592/2730/2595 2608/2773/2638
f 2608/2773/2638 2592/2730/2595 2607/2731/2596
f 2608/2773/2638 2607/2731/2596 2622/2774/2639
f 2622/2774/2639 2607/2731/2596 2621/2047/1949
f 2622/2774/2639 2621/2047/1949 2636/2049/1950
f 2035/1707/1694 2034/1709/1696 2045/2775/2640
f 2045/2775/2640 2034/1709/1696 2044/2732/2597
f 2045/2775/2640 2044/2732/2597 2054/2776/2641
f 2054/2776/2641 2044/2732/2597 2053/2733/2598
f 2054/2776/2641 2053/2733/2598 2065/2777/2642
f 2065/2777/2642 2053/2733/2598 2064/2734/2599
f 2065/2777/2642 2064/2734/2599 2076/2778/2643
f 2076/2778/2643 2064/2734/2599 2075/2735/2600
f 2076/2778/2643 2075/2735/2600 2087/2779/2644
f 2087/2779/2644 2075/2735/2600 2086/2736/2601
f 2087/2779/2644 2086/2736/2601 2098/2780/2645
f 2098/2780/2645 2086/2736/2601 2097/2737/2602
f 2098/2780/2645 2097/2737/2602 2109/2781/2646
f 2109/2781/2646 2097/2737/2602 2108/2738/2603
f 2109/2781/2646 2108/2738/2603 2120/2782/2647
f 2120/2782/2647 2108/2738/2603 2119/2739/2604
f 2120/2782/2647 2119/2739/2604 2131/2783/2648
f 2131/2783/2648 2119/2739/2604 2130/2740/2605
f 2131/2783/2648 2130/2740/2605 2140/2784/2649
f 2140/2784/2649 2130/2740/2605 2139/2741/2606
f 2140/2784/2649 2139/2741/2606 2150/2785/2650
f 2150/2785/2650 2139/2741/2606 2149/2742/2607
f 2150/2785/2650 2149/2742/2607 2164/2786/2651
f 2164/2786/2651 2149/2742/2607 2163/2743/2608
f 2164/2786/2651 2163/2743/2608 2179/2787/2652
f 2179/2787/2652 2163/2743/2608 2178/2744/2609
f 2179/2787/2652 2178/2744/2609 2194/2788/2653
f 2194/2788/2653 2178/2744/2609 2193/2745/2610
f 2194/2788/2653 2193/2745/2610 2208/2789/2654
f 2208/2789/2654 2193/2745/2610 2207/2746/2611
f 2208/2789/2654 2207/2746/2611 2223/2790/2655
f 2223/2790/2655 2207/2746/2611 2222/2747/2612
f 2223/2790/2655 2222/2747/2612 2238/2791/2656
f 2238/2791/2656 2222/2747/2612 2237/2748/2613
f 2238/2791/2656 2237/2748/2613 2253/2792/2657
f 2253/2792/2657 2237/2748/2613 2252/2749/2614
f 2253/2792/2657 2252/2749/2614 2268/2793/2658
f 2268/2793/2658 2252/2749/2614 2267/2750/2615
f 2268/2793/2658 2267/2750/2615 2282/2794/2659
f 2282/2794/2659 2267/2750/2615 2281/2751/2616
f 2282/2794/2659 2281/2751/2616 2297/2795/2660
f 2297/2795/2660 2281/2751/2616 2296/2752/2617
f 2297/2795/2660 2296/2752/2617 2312/2796/2661
f 2312/2796/2661 2296/2752/2617 2311/2753/2618
f 2312/2796/2661 2311/2753/2618 2327/2797/2662
f 2327/2797/2662 2311/2753/2618 2326/2754/2619
f 2327/2797/2662 2326/2754/2619 2342/2798/2663
f 2342/2798/2663 2326/2754/2619 2341/2755/2620
f 2342/2798/2663 2341/2755/2620 2356/2799/2664
f 2356/2799/2664 2341/2755/2620 2355/2756/2621
f 2356/2799/2664 2355/2756/2621 2371/2800/2665
f 2371/2800/2665 2355/2756/2621 2370/2757/2622
f 2371/2800/2665 2370/2757/2622 2386/2801/2666
f 2386/2801/2666 2370/2757/2622 2385/2758/2623
f 2386/2801/2666 2385/2758/2623 2401/2802/2667
f 2401/2802/2667 2385/2758/2623 2400/2759/2624
f 2401/2802/2667 2400/2759/2624 2416/2803/2668
f 2416/2803/2668 2400/2759/2624 2415/2760/2625
f 2416/2803/2668 2415/2760/2625 2430/2804/2669
f 2430/2804/2669 2415/2760/2625 2429/2761/2626
f 2430/2804/2669 2429/2761/2626 2445/2805/2670
f 2445/2805/2670 2429/2761/2626 2444/2762/2627
f 2445/2805/2670 2444/2762/2627 2460/2806/2671
f 2460/2806/2671 2444/2762/2627 2459/2763/2628
f 2460/2806/2671 2459/2763/2628 2475/2807/2672
f 2475/2807/2672 2459/2763/2628 2474/2764/2629
f 2475/2807/2672 2474/2764/2629 2490/2808/2673
f 2490/2808/2673 2474/2764/2629 2489/2765/2630
f 2490/2808/2673 2489/2765/2630 2504/2809/2674
f 2504/2809/2674 2489/2765/2630 2503/2766/2631
f 2504/2809/2674 2503/2766/2631 2519/2810/2675
f 2519/2810/2675 2503/2766/2631 2518/2767/2632
f 2519/2810/2675 2518/2767/2632 2534/2811/2676
f 2534/2811/2676 2518/2767/2632 2533/2768/2633
f 2534/2811/2676 2533/2768/2633 2549/2812/2677
f 2549/2812/2677 2533/2768/2633 2548/2769/2634
f 2549/2812/2677 2548/2769/2634 2564/2813/2678
f 2564/2813/2678 2548/2769/2634 2563/2770/2635
f 2564/2813/2678 2563/2770/2635 2579/2814/2679
f 2579/2814/2679 2563/2770/2635 2578/2771/2636
f 2579/2814/2679 2578/2771/2636 2594/2815/2680
f 2594/2815/2680 2578/2771/2636 2593/2772/2637
f 2594/2815/2680 2593/2772/2637 2609/2816/2681
f 2609/2816/2681 2593/2772/2637 2608/2773/2638
f 2609/2816/2681 2608/2773/2638 2623/2817/2682
f 2623/2817/2682 2608/2773/2638 2622/2774/2639
f 2623/2817/2682 2622/2774/2639 2637/2818/2683
f 2637/2818/2683 2622/2774/2639 2636/2049/1950
f 2637/2818/2683 2636/2049/1950 2652/2051/1952
f 2036/1705/1692 2035/1707/1694 2046/2819/2684
f 2046/2819/2684 2035/1707/1694 2045/2775/2640
f 2046/2819/2684 2045/2775/2640 2055/2820/2685
f 2055/2820/2685 2045/2775/2640 2054/2776/2641
f 2055/2820/2685 2054/2776/2641 2066/2821/2686
f 2066/2821/2686 2054/2776/2641 2065/2777/2642
f 2066/2821/2686 2065/2777/2642 2077/2822/2687
f 2077/2822/2687 2065/2777/2642 2076/2778/2643
f 2077/2822/2687 2076/2778/2643 2088/2823/2688
f 2088/2823/2688 2076/2778/2643 2087/2779/2644
f 2088/2823/2688 2087/2779/2644 2099/2824/2689
f 2099/2824/2689 2087/2779/2644 2098/2780/2645
f 2099/2824/2689 2098/2780/2645 2110/2825/2690
f 2110/2825/2690 2098/2780/2645 2109/2781/2646
f 2110/2825/2690 2109/2781/2646 2121/2826/2691
f 2121/2826/2691 2109/2781/2646 2120/2782/2647
f 2121/2826/2691 2120/2782/2647 2132/2827/2692
f 2132/2827/2692 2120/2782/2647 2131/2783/2648
f 2132/2827/2692 2131/2783/2648 2141/2828/2693
f 2141/2828/2693 2131/2783/2648 2140/2784/2649
f 2141/2828/2693 2140/2784/2649 2151/2829/2694
f 2151/2829/2694 2140/2784/2649 2150/2785/2650
f 2151/2829/2694 2150/2785/2650 2165/2830/2695
f 2165/2830/2695 2150/2785/2650 2164/2786/2651
f 2165/2830/2695 2164/2786/2651 2180/2831/2696
f 2180/2831/2696 2164/2786/2651 2179/2787/2652
f 2180/2831/2696 2179/2787/2652 2195/2832/2697
f 2195/2832/2697 2179/2787/2652 2194/2788/2653
f 2195/2832/2697 2194/2788/2653 2209/2833/2698
f 2209/2833/2698 2194/2788/2653 2208/2789/2654
f 2209/2833/2698 2208/2789/2654 2224/2834/2699
f 2224/2834/2699 2208/2789/2654 2223/2790/2655
f 2224/2834/2699 2223/2790/2655 2239/2835/2700
f 2239/2835/2700 2223/2790/2655 2238/2791/2656
f 2239/2835/2700 2238/2791/2656 2254/2836/2701
f 2254/2836/2701 2238/2791/2656 2253/2792/2657
f 2254/2836/2701 2253/2792/2657 2269/2837/2702
f 2269/2837/2702 2253/2792/2657 2268/2793/2658
f 2269/2837/2702 2268/2793/2658 2283/2838/2703
f 2283/2838/2703 2268/2793/2658 2282/2794/2659
f 2283/2838/2703 2282/2794/2659 2298/2839/2704
f 2298/2839/2704 2282/2794/2659 2297/2795/2660
f 2298/2839/2704 2297/2795/2660 2313/2840/2705
f 2313/2840/2705 2297/2795/2660 2312/2796/2661
f 2313/2840/2705 2312/2796/2661 2328/2841/2706
f 2328/2841/2706 2312/2796/2661 2327/2797/2662
f 2328/2841/2706 2327/2797/2662 2343/2842/2707
f 2343/2842/2707 2327/2797/2662 2342/2798/2663
f 2343/2842/2707 2342/2798/2663 2357/2843/2708
f 2357/2843/2708 2342/2798/2663 2356/2799/2664
f 2357/2843/2708 2356/2799/2664 2372/2844/2709
f 2372/2844/2709 2356/2799/2664 2371/2800/2665
f 2372/2844/2709 2371/2800/2665 2387/2845/2710
f 2387/2845/2710 2371/2800/2665 2386/2801/2666
f 2387/2845/2710 2386/2801/2666 2402/2846/2711
f 2402/2846/2711 2386/2801/2666 2401/2802/2667
f 2402/2846/2711 2401/2802/2667 2417/2847/2712
f 2417/2847/2712 2401/2802/2667 2416/2803/2668
f 2417/2847/2712 2416/2803/2668 2431/2848/2713
f 2431/2848/2713 2416/2803/2668 2430/2804/2669
f 2431/2848/2713 2430/2804/2669 2446/2849/2714
f 2446/2849/2714 2430/2804/2669 2445/2805/2670
f 2446/2849/2714 2445/2805/2670 2461/2850/2715
f 2461/2850/2715 2445/2805/2670 2460/2806/2671
f 2461/2850/2715 2460/2806/2671 2476/2851/2716
f 2476/2851/2716 2460/2806/2671 2475/2807/2672
f 2476/2851/2716 2475/2807/2672 2491/2852/2717
f 2491/2852/2717 2475/2807/2672 2490/2808/2673
f 2491/2852/2717 2490/2808/2673 2505/2853/2718
f 2505/2853/2718 2490/2808/2673 2504/2809/2674
f 2505/2853/2718 2504/2809/2674 2520/2854/2719
f 2520/2854/2719 2504/2809/2674 2519/2810/2675
f 2520/2854/2719 2519/2810/2675 2535/2855/2720
f 2535/2855/2720 2519/2810/2675 2534/2811/2676
f 2535/2855/2720 2534/2811/2676 2550/2856/2721
f 2550/2856/2721 2534/2811/2676 2549/2812/2677
f 2550/2856/2721 2549/2812/2677 2565/2857/2722
f 2565/2857/2722 2549/2812/2677 2564/2813/2678
f 2565/2857/2722 2564/2813/2678 2580/2858/2723
f 2580/2858/2723 2564/2813/2678 2579/2814/2679
f 2580/2858/2723 2579/2814/2679 2595/2859/2724
f 2595/2859/2724 2579/2814/2679 2594/2815/2680
f 2595/2859/2724 2594/2815/2680 2610/2860/2725
f 2610/2860/2725 2594/2815/2680 2609/2816/2681
f 2610/2860/2725 2609/2816/2681 2624/2861/2726
f 2624/2861/2726 2609/2816/2681 2623/2817/2682
f 2624/2861/2726 2623/2817/2682 2638/2862/2727
f 2638/2862/2727 2623/2817/2682 2637/2818/2683
f 2638/2862/2727 2637/2818/2683 2653/2863/2728
f 2653/2863/2728 2637/2818/2683 2652/2051/1952
f 2653/2863/2728 2652/2051/1952 2668/2053/1954
f 2037/1703/1690 2036/1705/1692 2047/2864/2729
f 2047/2864/2729 2036/1705/1692 2046/2819/2684
f 2047/2864/2729 2046/2819/2684 2056/2865/2730
f 2056/2865/2730 2046/2819/2684 2055/2820/2685
f 2056/2865/2730 2055/2820/2685 2067/2866/2731
f 2067/2866/2731 2055/2820/2685 2066/2821/2686
f 2067/2866/2731 2066/2821/2686 2078/2867/2732
f 2078/2867/2732 2066/2821/2686 2077/2822/2687
f 2078/2867/2732 2077/2822/2687 2089/2868/2733
f 2089/2868/2733 2077/2822/2687 2088/2823/2688
f 2089/2868/2733 2088/2823/2688 2100/2869/2734
f 2100/2869/2734 2088/2823/2688 2099/2824/2689
f 2100/2869/2734 2099/2824/2689 2111/2870/2735
f 2111/2870/2735 2099/2824/2689 2110/2825/2690
f 2111/2870/2735 2110/2825/2690 2122/2871/2736
f 2122/2871/2736 2110/2825/2690 2121/2826/2691
f 2122/2871/2736 2121/2826/2691 2133/2872/2737
f 2133/2872/2737 2121/2826/2691 2132/2827/2692
f 2133/2872/2737 2132/2827/2692 2142/2873/2738
f 2142/2873/2738 2132/2827/2692 2141/2828/2693
f 2142/2873/2738 2141/2828/2693 2152/2874/2739
f 2152/2874/2739 2141/2828/2693 2151/2829/2694
f 2152/2874/2739 2151/2829/2694 2166/2875/2740
f 2166/2875/2740 2151/2829/2694 2165/2830/2695
f 2166/2875/2740 2165/2830/2695 2181/2876/2741
f 2181/2876/2741 2165/2830/2695 2180/2831/2696
f 2181/2876/2741 2180/2831/2696 2196/2877/2742
f 2196/2877/2742 2180/2831/2696 2195/2832/2697
f 2196/2877/2742 2195/2832/2697 2210/2878/2743
f 2210/2878/2743 2195/2832/2697 2209/2833/2698
f 2210/2878/2743 2209/2833/2698 2225/2879/2744
f 2225/2879/2744 2209/2833/2698 2224/2834/2699
f 2225/2879/2744 2224/2834/2699 2240/2880/2745
f 2240/2880/2745 2224/2834/2699 2239/2835/2700
f 2240/2880/2745 2239/2835/2700 2255/2881/2746
f 2255/2881/2746 2239/2835/2700 2254/2836/2701
f 2255/2881/2746 2254/2836/2701 2270/2882/2747
f 2270/2882/2747 2254/2836/2701 2269/2837/2702
f 2270/2882/2747 2269/2837/2702 2284/2883/2748
f 2284/2883/2748 2269/2837/2702 2283/2838/2703
f 2284/2883/2748 2283/2838/2703 2299/2884/2749
f 2299/2884/2749 2283/2838/2703 2298/2839/2704
f 2299/2884/2749 2298/2839/2704 2314/2885/2750
f 2314/2885/2750 2298/2839/2704 2313/2840/2705
f 2314/2885/2750 2313/2840/2705 2329/2886/2751
f 2329/2886/2751 2313/2840/2705 2328/2841/2706
f 2329/2886/2751 2328/2841/2706 2344/2887/2752
f 2344/2887/2752 2328/2841/2706 2343/2842/2707
f 2344/2887/2752 2343/2842/2707 2358/2888/2753
f 2358/2888/2753 2343/2842/2707 2357/2843/2708
f 2358/2888/2753 2357/2843/2708 2373/2889/2754
f 2373/2889/2754 2357/2843/2708 2372/2844/2709
f 2373/2889/2754 2372/2844/2709 2388/2890/2755
f 2388/2890/2755 2372/2844/2709 2387/2845/2710
f 2388/2890/2755 2387/2845/2710 2403/2891/2756
f 2403/2891/2756 2387/2845/2710 2402/2846/2711
f 2403/2891/2756 2402/2846/2711 2418/2892/2757
f 2418/2892/2757 2402/2846/2711 2417/2847/2712
f 2418/2892/2757 2417/2847/2712 2432/2893/2758
f 2432/2893/2758 2417/2847/2712 2431/2848/2713
f 2432/2893/2758 2431/2848/2713 2447/2894/2759
f 2447/2894/2759 2431/2848/2713 2446/2849/2714
f 2447/2894/2759 2446/2849/2714 2462/2895/2760
f 2462/2895/2760 2446/2849/2714 2461/2850/2715
f 2462/2895/2760 2461/2850/2715 2477/2896/2761
f 2477/2896/2761 2461/2850/2715 2476/2851/2716
f 2477/2896/2761 2476/2851/2716 2492/2897/2762
f 2492/2897/2762 2476/2851/2716 2491/2852/2717
f 2492/2897/2762 2491/2852/2717 2506/2898/2763
f 2506/2898/2763 2491/2852/2717 2505/2853/2718
f 2506/2898/2763 2505/2853/2718 2521/2899/2764
f 2521/2899/2764 2505/2853/2718 2520/2854/2719
f 2521/2899/2764 2520/2854/2719 2536/2900/2765
f 2536/2900/2765 2520/2854/2719 2535/2855/2720
f 2536/2900/2765 2535/2855/2720 2551/2901/2766
f 2551/2901/2766 2535/2855/2720 2550/2856/2721
f 2551/2901/2766 2550/2856/2721 2566/2902/2767
f 2566/2902/2767 2550/2856/2721 2565/2857/2722
f 2566/2902/2767 2565/2857/2722 2581/2903/2768
f 2581/2903/2768 2565/2857/2722 2580/2858/2723
f 2581/2903/2768 2580/2858/2723 2596/2904/2769
f 2596/2904/2769 2580/2858/2723 2595/2859/2724
f 2596/2904/2769 2595/2859/2724 2611/2905/2770
f 2611/2905/2770 2595/2859/2724 2610/2860/2725
f 2611/2905/2770 2610/2860/2725 2625/2906/2771
f 2625/2906/2771 2610/2860/2725 2624/2861/2726
f 2625/2906/2771 2624/2861/2726 2639/2907/2772
f 2639/2907/2772 2624/2861/2726 2638/2862/2727
f 2639/2907/2772 2638/2862/2727 2654/2908/2773
f 2654/2908/2773 2638/2862/2727 2653/2863/2728
f 2654/2908/2773 2653/2863/2728 2669/2909/2774
f 2669/2909/2774 2653/2863/2728 2668/2053/1954
f 2669/2909/2774 2668/2053/1954 2684/2055/1956
f 2038/1701/1688 2037/1703/1690 2048/2910/2775
f 2048/2910/2775 2037/1703/1690 2047/2864/2729
f 2048/2910/2775 2047/2864/2729 2057/2911/2776
f 2057/2911/2776 2047/2864/2729 2056/2865/2730
f 2057/2911/2776 2056/2865/2730 2068/2912/2777
f 2068/2912/2777 2056/2865/2730 2067/2866/2731
f 2068/2912/2777 2067/2866/2731 2079/2913/2778
f 2079/2913/2778 2067/2866/2731 2078/2867/2732
f 2079/2913/2778 2078/2867/2732 2090/2914/2779
f 2090/2914/2779 2078/2867/2732 2089/2868/2733
f 2090/2914/2779 2089/2868/2733 2101/2915/2780
f 2101/2915/2780 2089/2868/2733 2100/2869/2734
f 2101/2915/2780 2100/2869/2734 2112/2916/2781
f 2112/2916/2781 2100/2869/2734 2111/2870/2735
f 2112/2916/2781 2111/2870/2735 2123/2917/2782
f 2123/2917/2782 2111/2870/2735 2122/2871/2736
f 2123/2917/2782 2122/2871/2736 2134/2918/2783
f 2134/2918/2783 2122/2871/2736 2133/2872/2737
f 2134/2918/2783 2133/2872/2737 2143/2919/2784
f 2143/2919/2784 2133/2872/2737 2142/2873/2738
f 2143/2919/2784 2142/2873/2738 2153/2920/2785
f 2153/2920/2785 2142/2873/2738 2152/2874/2739
f 2153/2920/2785 2152/2874/2739 2167/2921/2786
f 2167/2921/2786 2152/2874/2739 2166/2875/2740
f 2167/2921/2786 2166/2875/2740 2182/2922/2787
f 2182/2922/2787 2166/2875/2740 2181/2876/2741
f 2182/2922/2787 2181/2876/2741 2197/2923/2788
f 2197/2923/2788 2181/2876/2741 2196/2877/2742
f 2197/2923/2788 2196/2877/2742 2211/2924/2789
f 2211/2924/2789 2196/2877/2742 2210/2878/2743
f 2211/2924/2789 2210/2878/2743 2226/2925/2790
f 2226/2925/2790 2210/2878/2743 2225/2879/2744
f 2226/2925/2790 2225/2879/2744 2241/2926/2791
f 2241/2926/2791 2225/2879/2744 2240/2880/2745
f 2241/2926/2791 2240/2880/2745 2256/2927/2792
f 2256/2927/2792 2240/2880/2745 2255/2881/2746
f 2256/2927/2792 2255/2881/2746 2271/2928/2793
f 2271/2928/2793 2255/2881/2746 2270/2882/2747
f 2271/2928/2793 2270/2882/2747 2285/2929/2794
f 2285/2929/2794 2270/2882/2747 2284/2883/2748
f 2285/2929/2794 2284/2883/2748 2300/2930/2795
f 2300/2930/2795 2284/2883/2748 2299/2884/2749
f 2300/2930/2795 2299/2884/2749 2315/2931/2796
f 2315/2931/2796 2299/2884/2749 2314/2885/2750
f 2315/2931/2796 2314/2885/2750 2330/2932/2797
f 2330/2932/2797 2314/2885/2750 2329/2886/2751
f 2330/2932/2797 2329/2886/2751 2345/2933/2798
f 2345/2933/2798 2329/2886/2751 2344/2887/2752
f 2345/2933/2798 2344/2887/2752 2359/2934/2799
f 2359/2934/2799 2344/2887/2752 2358/2888/2753
f 2359/2934/2799 2358/2888/2753 2374/2935/2800
f 2374/2935/2800 2358/2888/2753 2373/2889/2754
f 2374/2935/2800 2373/2889/2754 2389/2936/2801
f 2389/2936/2801 2373/2889/2754 2388/2890/2755
f 2389/2936/2801 2388/2890/2755 2404/2937/2802
f 2404/2937/2802 2388/2890/2755 2403/2891/2756
f 2404/2937/2802 2403/2891/2756 2419/2938/2803
f 2419/2938/2803 2403/2891/2756 2418/2892/2757
f 2419/2938/2803 2418/2892/2757 2433/2939/2804
f 2433/2939/2804 2418/2892/2757 2432/2893/2758
f 2433/2939/2804 2432/2893/2758 2448/2940/2805
f 2448/2940/2805 2432/2893/2758 2447/2894/2759
f 2448/2940/2805 2447/2894/2759 2463/2941/2806
f 2463/2941/2806 2447/2894/2759 2462/2895/2760
f 2463/2941/2806 2462/2895/2760 2478/2942/2807
f 2478/2942/2807 2462/2895/2760 2477/2896/2761
f 2478/2942/2807 2477/2896/2761 2493/2943/2808
f 2493/2943/2808 2477/2896/2761 2492/2897/2762
f 2493/2943/2808 2492/2897/2762 2507/2944/2809
f 2507/2944/2809 2492/2897/2762 2506/2898/2763
f 2507/2944/2809 2506/2898/2763 2522/2945/2810
f 2522/2945/2810 2506/2898/2763 2521/2899/2764
f 2522/2945/2810 2521/2899/2764 2537/2946/2811
f 2537/2946/2811 2521/2899/2764 2536/2900/2765
f 2537/2946/2811 2536/2900/2765 2552/2947/2812
f 2552/2947/2812 2536/2900/2765 2551/2901/2766
f 2552/2947/2812 2551/2901/2766 2567/2948/2813
f 2567/2948/2813 2551/2901/2766 2566/2902/2767
f 2567/2948/2813 2566/2902/2767 2582/2949/2814
f 2582/2949/2814 2566/2902/2767 2581/2903/2768
f 2582/2949/2814 2581/2903/2768 2597/2950/2815
f 2597/2950/2815 2581/2903/2768 2596/2904/2769
f 2597/2950/2815 2596/2904/2769 2612/2951/2816
f 2612/2951/2816 2596/2904/2769 2611/2905/2770
f 2612/2951/2816 2611/2905/2770 2626/2952/2817
f 2626/2952/2817 2611/2905/2770 2625/2906/2771
f 2626/2952/2817 2625/2906/2771 2640/2953/2818
f 2640/2953/2818 2625/2906/2771 2639/2907/2772
f 2640/2953/2818 2639/2907/2772 2655/2954/2819
f 2655/2954/2819 2639/2907/2772 2654/2908/2773
f 2655/2954/2819 2654/2908/2773 2670/2955/2820
f 2670/2955/2820 2654/2908/2773 2669/2909/2774
f 2670/2955/2820 2669/2909/2774 2685/2956/2821
f 2685/2956/2821 2669/2909/2774 2684/2055/1956
f 2685/2956/2821 2684/2055/1956 2700/2057/1958
f 2050/2193/2087 2040/1697/1684 2039/1699/1686
f 2039/1699/1686 2038/1701/1688 2049/2957/2822
f 2049/2957/2822 2038/1701/1688 2048/2910/2775
f 2049/2957/2822 2048/2910/2775 2058/2958/2823
f 2058/2958/2823 2048/2910/2775 2057/2911/2776
f 2058/2958/2823 2057/2911/2776 2069/2959/2824
f 2069/2959/2824 2057/2911/2776 2068/2912/2777
f 2069/2959/2824 2068/2912/2777 2080/2960/2825
f 2080/2960/2825 2068/2912/2777 2079/2913/2778
f 2080/2960/2825 2079/2913/2778 2091/2961/2826
f 2091/2961/2826 2079/2913/2778 2090/2914/2779
f 2091/2961/2826 2090/2914/2779 2102/2962/2827
f 2102/2962/2827 2090/2914/2779 2101/2915/2780
f 2102/2962/2827 2101/2915/2780 2113/2963/2828
f 2113/2963/2828 2101/2915/2780 2112/2916/2781
f 2113/2963/2828 2112/2916/2781 2124/2964/2829
f 2124/2964/2829 2112/2916/2781 2123/2917/2782
f 2124/2964/2829 2123/2917/2782 2135/2965/2830
f 2135/2965/2830 2123/2917/2782 2134/2918/2783
f 2135/2965/2830 2134/2918/2783 2144/2966/2831
f 2144/2966/2831 2134/2918/2783 2143/2919/2784
f 2144/2966/2831 2143/2919/2784 2154/2967/2832
f 2154/2967/2832 2143/2919/2784 2153/2920/2785
f 2154/2967/2832 2153/2920/2785 2168/2968/2833
f 2168/2968/2833 2153/2920/2785 2167/2921/2786
f 2168/2968/2833 2167/2921/2786 2183/2969/2834
f 2183/2969/2834 2167/2921/2786 2182/2922/2787
f 2183/2969/2834 2182/2922/2787 2198/2970/2835
f 2198/2970/2835 2182/2922/2787 2197/2923/2788
f 2198/2970/2835 2197/2923/2788 2212/2971/2836
f 2212/2971/2836 2197/2923/2788 2211/2924/2789
f 2212/2971/2836 2211/2924/2789 2227/2972/2837
f 2227/2972/2837 2211/2924/2789 2226/2925/2790
f 2227/2972/2837 2226/2925/2790 2242/2973/2838
f 2242/2973/2838 2226/2925/2790 2241/2926/2791
f 2242/2973/2838 2241/2926/2791 2257/2974/2839
f 2257/2974/2839 2241/2926/2791 2256/2927/2792
f 2257/2974/2839 2256/2927/2792 2272/2975/2840
f 2272/2975/2840 2256/2927/2792 2271/2928/2793
f 2272/2975/2840 2271/2928/2793 2286/2976/2841
f 2286/2976/2841 2271/2928/2793 2285/2929/2794
f 2286/2976/2841 2285/2929/2794 2301/2977/2842
f 2301/2977/2842 2285/2929/2794 2300/2930/2795
f 2301/2977/2842 2300/2930/2795 2316/2978/2843
f 2316/2978/2843 2300/2930/2795 2315/2931/2796
f 2316/2978/2843 2315/2931/2796 2331/2979/2844
f 2331/2979/2844 2315/2931/2796 2330/2932/2797
f 2331/2979/2844 2330/2932/2797 2346/2980/2845
f 2346/2980/2845 2330/2932/2797 2345/2933/2798
f 2346/2980/2845 2345/2933/2798 2360/2981/2846
f 2360/2981/2846 2345/2933/2798 2359/2934/2799
f 2360/2981/2846 2359/2934/2799 2375/2982/2847
f 2375/2982/2847 2359/2934/2799 2374/2935/2800
f 2375/2982/2847 2374/2935/2800 2390/2983/2848
f 2390/2983/2848 2374/2935/2800 2389/2936/2801
f 2390/2983/2848 2389/2936/2801 2405/2984/2849
f 2405/2984/2849 2389/2936/2801 2404/2937/2802
f 2405/2984/2849 2404/2937/2802 2420/2985/2850
f 2420/2985/2850 2404/2937/2802 2419/2938/2803
f 2420/2985/2850 2419/2938/2803 2434/2986/2851
f 2434/2986/2851 2419/2938/2803 2433/2939/2804
f 2434/2986/2851 2433/2939/2804 2449/2987/2852
f 2449/2987/2852 2433/2939/2804 2448/2940/2805
f 2449/2987/2852 2448/2940/2805 2464/2988/2853
f 2464/2988/2853 2448/2940/2805 2463/2941/2806
f 2464/2988/2853 2463/2941/2806 2479/2989/2854
f 2479/2989/2854 2463/2941/2806 2478/2942/2807
f 2479/2989/2854 2478/2942/2807 2494/2990/2855
f 2494/2990/2855 2478/2942/2807 2493/2943/2808
f 2494/2990/2855 2493/2943/2808 2508/2991/2856
f 2508/2991/2856 2493/2943/2808 2507/2944/2809
f 2508/2991/2856 2507/2944/2809 2523/2992/2857
f 2523/2992/2857 2507/2944/2809 2522/2945/2810
f 2523/2992/2857 2522/2945/2810 2538/2993/2858
f 2538/2993/2858 2522/2945/2810 2537/2946/2811
f 2538/2993/2858 2537/2946/2811 2553/2994/2859
f 2553/2994/2859 2537/2946/2811 2552/2947/2812
f 2553/2994/2859 2552/2947/2812 2568/2995/2860
f 2568/2995/2860 2552/2947/2812 2567/2948/2813
f 2568/2995/2860 2567/2948/2813 2583/2996/2861
f 2583/2996/2861 2567/2948/2813 2582/2949/2814
f 2583/2996/2861 2582/2949/2814 2598/2997/2862
f 2598/2997/2862 2582/2949/2814 2597/2950/2815
f 2598/2997/2862 2597/2950/2815 2613/2998/2863
f 2613/2998/2863 2597/2950/2815 2612/2951/2816
f 2613/2998/2863 2612/2951/2816 2627/2999/2864
f 2627/2999/2864 2612/2951/2816 2626/2952/2817
f 2627/2999/2864 2626/2952/2817 2641/3000/2865
f 2641/3000/2865 2626/2952/2817 2640/2953/2818
f 2641/3000/2865 2640/2953/2818 2656/3001/2866
f 2656/3001/2866 2640/2953/2818 2655/2954/2819
f 2656/3001/2866 2655/2954/2819 2671/3002/2867
f 2671/3002/2867 2655/2954/2819 2670/2955/2820
f 2671/3002/2867 2670/2955/2820 2686/3003/2868
f 2686/3003/2868 2670/2955/2820 2685/2956/2821
f 2686/3003/2868 2685/2956/2821 2701/3004/2869
f 2701/3004/2869 2685/2956/2821 2700/2057/1958
f 2701/3004/2869 2700/2057/1958 2715/2059/1960
f 2059/2191/2085 2050/2193/2087 2049/2957/2822
f 2049/2957/2822 2050/2193/2087 2039/1699/1686
f 2059/2191/2085 2049/2957/2822 2058/2958/2823
f 2070/2189/2083 2059/2191/2085 2058/2958/2823
f 2070/2189/2083 2058/2958/2823 2069/2959/2824
f 2081/2187/2081 2070/2189/2083 2069/2959/2824
f 2081/2187/2081 2069/2959/2824 2080/2960/2825
f 2092/2185/2079 2081/2187/2081 2080/2960/2825
f 2092/2185/2079 2080/2960/2825 2091/2961/2826
f 2094/2344/2209 2082/2188/2082 2093/2186/2080
f 2103/2183/2077 2092/2185/2079 2091/2961/2826
f 2103/2183/2077 2091/2961/2826 2102/2962/2827
f 2105/2342/2207 2094/2344/2209 2093/2186/2080
f 2105/2342/2207 2093/2186/2080 2104/2184/2078
f 2114/2181/2075 2103/2183/2077 2102/2962/2827
f 2114/2181/2075 2102/2962/2827 2113/2963/2828
f 2116/2340/2205 2105/2342/2207 2104/2184/2078
f 2116/2340/2205 2104/2184/2078 2115/2182/2076
f 2125/2179/2073 2114/2181/2075 2113/2963/2828
f 2125/2179/2073 2113/2963/2828 2124/2964/2829
f 2127/2339/2204 2116/2340/2205 2115/2182/2076
f 2127/2339/2204 2115/2182/2076 2126/2180/2074
f 2136/2177/2071 2125/2179/2073 2124/2964/2829
f 2136/2177/2071 2124/2964/2829 2135/2965/2830
f 2145/2175/2069 2136/2177/2071 2135/2965/2830
f 2145/2175/2069 2135/2965/2830 2144/2966/2831
f 2155/2173/2067 2145/2175/2069 2144/2966/2831
f 2155/2173/2067 2144/2966/2831 2154/2967/2832
f 2169/2171/2065 2155/2173/2067 2154/2967/2832
f 2169/2171/2065 2154/2967/2832 2168/2968/2833
f 1394/2336/2201 2156/2174/2068 2157/2334/2199
f 2157/2334/2199 2156/2174/2068 2171/3005/2870
f 2157/2334/2199 2171/3005/2870 2172/3006/2871
f 2172/3006/2871 2171/3005/2870 2187/3007/2872
f 2172/3006/2871 2187/3007/2872 2188/3008/2873
f 2188/3008/2873 2187/3007/2872 2203/3009/2874
f 2188/3008/2873 2203/3009/2874 2204/2276/2170
f 2204/2276/2170 2203/3009/2874 2218/2274/2168
f 2171/3005/2870 2156/2174/2068 2170/2172/2066
f 2157/2334/2199 2172/3006/2871 2158/2332/2197
f 2158/2332/2197 2172/3006/2871 2173/3010/2875
f 2158/2332/2197 2173/3010/2875 2159/2329/2194
f 2159/2329/2194 2173/3010/2875 2174/2280/2174
f 2159/2329/2194 2174/2280/2174 2160/2327/2192
f 2184/2169/2063 2169/2171/2065 2168/2968/2833
f 2184/2169/2063 2168/2968/2833 2183/2969/2834
f 2171/3005/2870 2170/2172/2066 2186/3011/2876
f 2186/3011/2876 2170/2172/2066 2185/2170/2064
f 2186/3011/2876 2185/2170/2064 2201/3012/2877
f 2201/3012/2877 2185/2170/2064 2200/2168/2062
f 2201/3012/2877 2200/2168/2062 2215/3013/2878
f 2215/3013/2878 2200/2168/2062 2214/2166/2060
f 2215/3013/2878 2214/2166/2060 2230/3014/2879
f 2230/3014/2879 2214/2166/2060 2229/2164/2058
f 2230/3014/2879 2229/2164/2058 2245/3015/2880
f 2245/3015/2880 2229/2164/2058 2244/2162/2056
f 2245/3015/2880 2244/2162/2056 2260/3016/2881
f 2260/3016/2881 2244/2162/2056 2259/2160/2054
f 2260/3016/2881 2259/2160/2054 2275/3017/2882
f 2275/3017/2882 2259/2160/2054 2274/2158/2052
f 2275/3017/2882 2274/2158/2052 2289/3018/2883
f 2289/3018/2883 2274/2158/2052 2288/2156/2050
f 2289/3018/2883 2288/2156/2050 2304/3019/2884
f 2304/3019/2884 2288/2156/2050 2303/2154/2048
f 2304/3019/2884 2303/2154/2048 2319/3020/2885
f 2319/3020/2885 2303/2154/2048 2318/2152/2046
f 2319/3020/2885 2318/2152/2046 2334/3021/2886
f 2334/3021/2886 2318/2152/2046 2333/2150/2044
f 2334/3021/2886 2333/2150/2044 2349/3022/2887
f 2349/3022/2887 2333/2150/2044 2348/2148/2042
f 2349/3022/2887 2348/2148/2042 2363/3023/2888
f 2363/3023/2888 2348/2148/2042 2362/2146/2040
f 2363/3023/2888 2362/2146/2040 2378/3024/2889
f 2378/3024/2889 2362/2146/2040 2377/2144/2038
f 2378/3024/2889 2377/2144/2038 2393/3025/2890
f 2393/3025/2890 2377/2144/2038 2392/2142/2036
f 2393/3025/2890 2392/2142/2036 2408/3026/2891
f 2408/3026/2891 2392/2142/2036 2407/2140/2034
f 2408/3026/2891 2407/2140/2034 2423/3027/2892
f 2423/3027/2892 2407/2140/2034 2422/2138/2032
f 2423/3027/2892 2422/2138/2032 2437/3028/2893
f 2437/3028/2893 2422/2138/2032 2436/2136/2030
f 2437/3028/2893 2436/2136/2030 2452/3029/2894
f 2452/3029/2894 2436/2136/2030 2451/2134/2028
f 2452/3029/2894 2451/2134/2028 2467/3030/2895
f 2467/3030/2895 2451/2134/2028 2466/2132/2026
f 2467/3030/2895 2466/2132/2026 2482/3031/2896
f 2482/3031/2896 2466/2132/2026 2481/2130/2024
f 2482/3031/2896 2481/2130/2024 2497/3032/2897
f 2497/3032/2897 2481/2130/2024 2496/2128/2022
f 2497/3032/2897 2496/2128/2022 2511/3033/2898
f 2511/3033/2898 2496/2128/2022 2510/2126/2020
f 2511/3033/2898 2510/2126/2020 2526/3034/2899
f 2526/3034/2899 2510/2126/2020 2525/2124/2018
f 2526/3034/2899 2525/2124/2018 2541/3035/2900
f 2541/3035/2900 2525/2124/2018 2540/2122/2016
f 2541/3035/2900 2540/2122/2016 2556/3036/2901
f 2556/3036/2901 2540/2122/2016 2555/2120/2014
f 2556/3036/2901 2555/2120/2014 2571/3037/2902
f 2571/3037/2902 2555/2120/2014 2570/2118/2012
f 2571/3037/2902 2570/2118/2012 2586/3038/2903
f 2586/3038/2903 2570/2118/2012 2585/2116/2010
f 2586/3038/2903 2585/2116/2010 2601/3039/2904
f 2601/3039/2904 2585/2116/2010 2600/2114/2008
f 2601/3039/2904 2600/2114/2008 2616/3040/2905
f 2616/3040/2905 2600/2114/2008 2615/2112/2006
f 2616/3040/2905 2615/2112/2006 2630/3041/2906
f 2630/3041/2906 2615/2112/2006 2629/2110/2004
f 2630/3041/2906 2629/2110/2004 2644/3042/2907
f 2644/3042/2907 2629/2110/2004 2643/2108/2002
f 2644/3042/2907 2643/2108/2002 2659/3043/2908
f 2659/3043/2908 2643/2108/2002 2658/2106/2000
f 2659/3043/2908 2658/2106/2000 2674/3044/2909
f 2674/3044/2909 2658/2106/2000 2673/2104/1998
f 2674/3044/2909 2673/2104/1998 2689/3045/2910
f 2689/3045/2910 2673/2104/1998 2688/2102/1996
f 2689/3045/2910 2688/2102/1996 2704/2207/2101
f 2704/2207/2101 2688/2102/1996 2703/2100/1994
f 2189/2278/2172 2174/2280/2174 2173/3010/2875
f 2189/2278/2172 2173/3010/2875 2188/3008/2873
f 2188/3008/2873 2173/3010/2875 2172/3006/2871
f 2199/2167/2061 2184/2169/2063 2183/2969/2834
f 2199/2167/2061 2183/2969/2834 2198/2970/2835
f 2171/3005/2870 2186/3011/2876 2187/3007/2872
f 2187/3007/2872 2186/3011/2876 2202/3046/2911
f 2187/3007/2872 2202/3046/2911 2203/3009/2874
f 2203/3009/2874 2202/3046/2911 2217/3047/2912
f 2203/3009/2874 2217/3047/2912 2218/2274/2168
f 2218/2274/2168 2217/3047/2912 2233/2272/2166
f 2202/3046/2911 2186/3011/2876 2201/3012/2877
f 2204/2276/2170 2189/2278/2172 2188/3008/2873
f 2213/2165/2059 2199/2167/2061 2198/2970/2835
f 2213/2165/2059 2198/2970/2835 2212/2971/2836
f 2202/3046/2911 2201/3012/2877 2216/3048/2913
f 2216/3048/2913 2201/3012/2877 2215/3013/2878
f 2216/3048/2913 2215/3013/2878 2231/3049/2914
f 2231/3049/2914 2215/3013/2878 2230/3014/2879
f 2231/3049/2914 2230/3014/2879 2246/3050/2915
f 2246/3050/2915 2230/3014/2879 2245/3015/2880
f 2246/3050/2915 2245/3015/2880 2261/3051/2916
f 2261/3051/2916 2245/3015/2880 2260/3016/2881
f 2261/3051/2916 2260/3016/2881 2276/3052/2917
f 2276/3052/2917 2260/3016/2881 2275/3017/2882
f 2276/3052/2917 2275/3017/2882 2290/3053/2918
f 2290/3053/2918 2275/3017/2882 2289/3018/2883
f 2290/3053/2918 2289/3018/2883 2305/3054/2919
f 2305/3054/2919 2289/3018/2883 2304/3019/2884
f 2305/3054/2919 2304/3019/2884 2320/3055/2920
f 2320/3055/2920 2304/3019/2884 2319/3020/2885
f 2320/3055/2920 2319/3020/2885 2335/3056/2921
f 2335/3056/2921 2319/3020/2885 2334/3021/2886
f 2335/3056/2921 2334/3021/2886 2350/3057/2922
f 2350/3057/2922 2334/3021/2886 2349/3022/2887
f 2350/3057/2922 2349/3022/2887 2364/3058/2923
f 2364/3058/2923 2349/3022/2887 2363/3023/2888
f 2364/3058/2923 2363/3023/2888 2379/3059/2924
f 2379/3059/2924 2363/3023/2888 2378/3024/2889
f 2379/3059/2924 2378/3024/2889 2394/3060/2925
f 2394/3060/2925 2378/3024/2889 2393/3025/2890
f 2394/3060/2925 2393/3025/2890 2409/3061/2926
f 2409/3061/2926 2393/3025/2890 2408/3026/2891
f 2409/3061/2926 2408/3026/2891 2424/3062/2927
f 2424/3062/2927 2408/3026/2891 2423/3027/2892
f 2424/3062/2927 2423/3027/2892 2438/3063/2928
f 2438/3063/2928 2423/3027/2892 2437/3028/2893
f 2438/3063/2928 2437/3028/2893 2453/3064/2929
f 2453/3064/2929 2437/3028/2893 2452/3029/2894
f 2453/3064/2929 2452/3029/2894 2468/3065/2930
f 2468/3065/2930 2452/3029/2894 2467/3030/2895
f 2468/3065/2930 2467/3030/2895 2483/3066/2931
f 2483/3066/2931 2467/3030/2895 2482/3031/2896
f 2483/3066/2931 2482/3031/2896 2498/3067/2932
f 2498/3067/2932 2482/3031/2896 2497/3032/2897
f 2498/3067/2932 2497/3032/2897 2512/3068/2933
f 2512/3068/2933 2497/3032/2897 2511/3033/2898
f 2512/3068/2933 2511/3033/2898 2527/3069/2934
f 2527/3069/2934 2511/3033/2898 2526/3034/2899
f 2527/3069/2934 2526/3034/2899 2542/3070/2935
f 2542/3070/2935 2526/3034/2899 2541/3035/2900
f 2542/3070/2935 2541/3035/2900 2557/3071/2936
f 2557/3071/2936 2541/3035/2900 2556/3036/2901
f 2557/3071/2936 2556/3036/2901 2572/3072/2937
f 2572/3072/2937 2556/3036/2901 2571/3037/2902
f 2572/3072/2937 2571/3037/2902 2587/3073/2938
f 2587/3073/2938 2571/3037/2902 2586/3038/2903
f 2587/3073/2938 2586/3038/2903 2602/3074/2939
f 2602/3074/2939 2586/3038/2903 2601/3039/2904
f 2602/3074/2939 2601/3039/2904 2617/3075/2940
f 2617/3075/2940 2601/3039/2904 2616/3040/2905
f 2617/3075/2940 2616/3040/2905 2631/3076/2941
f 2631/3076/2941 2616/3040/2905 2630/3041/2906
f 2631/3076/2941 2630/3041/2906 2645/3077/2942
f 2645/3077/2942 2630/3041/2906 2644/3042/2907
f 2645/3077/2942 2644/3042/2907 2660/3078/2943
f 2660/3078/2943 2644/3042/2907 2659/3043/2908
f 2660/3078/2943 2659/3043/2908 2675/3079/2944
f 2675/3079/2944 2659/3043/2908 2674/3044/2909
f 2675/3079/2944 2674/3044/2909 2690/3080/2945
f 2690/3080/2945 2674/3044/2909 2689/3045/2910
f 2690/3080/2945 2689/3045/2910 2705/2206/2100
f 2705/2206/2100 2689/3045/2910 2704/2207/2101
f 2228/2163/2057 2213/2165/2059 2212/2971/2836
f 2228/2163/2057 2212/2971/2836 2227/2972/2837
f 2202/3046/2911 2216/3048/2913 2217/3047/2912
f 2217/3047/2912 2216/3048/2913 2232/3081/2946
f 2217/3047/2912 2232/3081/2946 2233/2272/2166
f 2233/2272/2166 2232/3081/2946 2248/2270/2164
f 2232/3081/2946 2216/3048/2913 2231/3049/2914
f 2243/2161/2055 2228/2163/2057 2227/2972/2837
f 2243/2161/2055 2227/2972/2837 2242/2973/2838
f 2232/3081/2946 2231/3049/2914 2247/3082/2947
f 2247/3082/2947 2231/3049/2914 2246/3050/2915
f 2247/3082/2947 2246/3050/2915 2262/3083/2948
f 2262/3083/2948 2246/3050/2915 2261/3051/2916
f 2262/3083/2948 2261/3051/2916 2277/3084/2949
f 2277/3084/2949 2261/3051/2916 2276/3052/2917
f 2277/3084/2949 2276/3052/2917 2291/3085/2950
f 2291/3085/2950 2276/3052/2917 2290/3053/2918
f 2291/3085/2950 2290/3053/2918 2306/3086/2951
f 2306/3086/2951 2290/3053/2918 2305/3054/2919
f 2306/3086/2951 2305/3054/2919 2321/3087/2952
f 2321/3087/2952 2305/3054/2919 2320/3055/2920
f 2321/3087/2952 2320/3055/2920 2336/3088/2953
f 2336/3088/2953 2320/3055/2920 2335/3056/2921
f 2336/3088/2953 2335/3056/2921 2351/3089/2954
f 2351/3089/2954 2335/3056/2921 2350/3057/2922
f 2351/3089/2954 2350/3057/2922 2365/3090/2955
f 2365/3090/2955 2350/3057/2922 2364/3058/2923
f 2365/3090/2955 2364/3058/2923 2380/3091/2956
f 2380/3091/2956 2364/3058/2923 2379/3059/2924
f 2380/3091/2956 2379/3059/2924 2395/3092/2957
f 2395/3092/2957 2379/3059/2924 2394/3060/2925
f 2395/3092/2957 2394/3060/2925 2410/3093/2958
f 2410/3093/2958 2394/3060/2925 2409/3061/2926
f 2410/3093/2958 2409/3061/2926 2425/3094/2959
f 2425/3094/2959 2409/3061/2926 2424/3062/2927
f 2425/3094/2959 2424/3062/2927 2439/3095/2960
f 2439/3095/2960 2424/3062/2927 2438/3063/2928
f 2439/3095/2960 2438/3063/2928 2454/3096/2961
f 2454/3096/2961 2438/3063/2928 2453/3064/2929
f 2454/3096/2961 2453/3064/2929 2469/3097/2962
f 2469/3097/2962 2453/3064/2929 2468/3065/2930
f 2469/3097/2962 2468/3065/2930 2484/3098/2963
f 2484/3098/2963 2468/3065/2930 2483/3066/2931
f 2484/3098/2963 2483/3066/2931 2499/3099/2964
f 2499/3099/2964 2483/3066/2931 2498/3067/2932
f 2499/3099/2964 2498/3067/2932 2513/3100/2965
f 2513/3100/2965 2498/3067/2932 2512/3068/2933
f 2513/3100/2965 2512/3068/2933 2528/3101/2966
f 2528/3101/2966 2512/3068/2933 2527/3069/2934
f 2528/3101/2966 2527/3069/2934 2543/3102/2967
f 2543/3102/2967 2527/3069/2934 2542/3070/2935
f 2543/3102/2967 2542/3070/2935 2558/3103/2968
f 2558/3103/2968 2542/3070/2935 2557/3071/2936
f 2558/3103/2968 2557/3071/2936 2573/3104/2969
f 2573/3104/2969 2557/3071/2936 2572/3072/2937
f 2573/3104/2969 2572/3072/2937 2588/3105/2970
f 2588/3105/2970 2572/3072/2937 2587/3073/2938
f 2588/3105/2970 2587/3073/2938 2603/3106/2971
f 2603/3106/2971 2587/3073/2938 2602/3074/2939
f 2603/3106/2971 2602/3074/2939 2618/3107/2972
f 2618/3107/2972 2602/3074/2939 2617/3075/2940
f 2618/3107/2972 2617/3075/2940 2632/3108/2973
f 2632/3108/2973 2617/3075/2940 2631/3076/2941
f 2632/3108/2973 2631/3076/2941 2646/3109/2974
f 2646/3109/2974 2631/3076/2941 2645/3077/2942
f 2646/3109/2974 2645/3077/2942 2661/3110/2975
f 2661/3110/2975 2645/3077/2942 2660/3078/2943
f 2661/3110/2975 2660/3078/2943 2676/3111/2976
f 2676/3111/2976 2660/3078/2943 2675/3079/2944
f 2676/3111/2976 2675/3079/2944 2691/3112/2977
f 2691/3112/2977 2675/3079/2944 2690/3080/2945
f 2691/3112/2977 2690/3080/2945 2706/2205/2099
f 2706/2205/2099 2690/3080/2945 2705/2206/2100
f 2258/2159/2053 2243/2161/2055 2242/2973/2838
f 2258/2159/2053 2242/2973/2838 2257/2974/2839
f 2263/2268/2162 2248/2270/2164 2247/3082/2947
f 2247/3082/2947 2248/2270/2164 2232/3081/2946
f 2263/2268/2162 2247/3082/2947 2262/3083/2948
f 2273/2157/2051 2258/2159/2053 2257/2974/2839
f 2273/2157/2051 2257/2974/2839 2272/2975/2840
f 2278/2266/2160 2263/2268/2162 2262/3083/2948
f 2278/2266/2160 2262/3083/2948 2277/3084/2949
f 2287/2155/2049 2273/2157/2051 2272/2975/2840
f 2287/2155/2049 2272/2975/2840 2286/2976/2841
f 2292/2264/2158 2278/2266/2160 2277/3084/2949
f 2292/2264/2158 2277/3084/2949 2291/3085/2950
f 2302/2153/2047 2287/2155/2049 2286/2976/2841
f 2302/2153/2047 2286/2976/2841 2301/2977/2842
f 2307/2262/2156 2292/2264/2158 2291/3085/2950
f 2307/2262/2156 2291/3085/2950 2306/3086/2951
f 2317/2151/2045 2302/2153/2047 2301/2977/2842
f 2317/2151/2045 2301/2977/2842 2316/2978/2843
f 2322/2260/2154 2307/2262/2156 2306/3086/2951
f 2322/2260/2154 2306/3086/2951 2321/3087/2952
f 2332/2149/2043 2317/2151/2045 2316/2978/2843
f 2332/2149/2043 2316/2978/2843 2331/2979/2844
f 2337/2258/2152 2322/2260/2154 2321/3087/2952
f 2337/2258/2152 2321/3087/2952 2336/3088/2953
f 2347/2147/2041 2332/2149/2043 2331/2979/2844
f 2347/2147/2041 2331/2979/2844 2346/2980/2845
f 2352/2256/2150 2337/2258/2152 2336/3088/2953
f 2352/2256/2150 2336/3088/2953 2351/3089/2954
f 2361/2145/2039 2347/2147/2041 2346/2980/2845
f 2361/2145/2039 2346/2980/2845 2360/2981/2846
f 2366/2254/2148 2352/2256/2150 2351/3089/2954
f 2366/2254/2148 2351/3089/2954 2365/3090/2955
f 2376/2143/2037 2361/2145/2039 2360/2981/2846
f 2376/2143/2037 2360/2981/2846 2375/2982/2847
f 2381/2252/2146 2366/2254/2148 2365/3090/2955
f 2381/2252/2146 2365/3090/2955 2380/3091/2956
f 2391/2141/2035 2376/2143/2037 2375/2982/2847
f 2391/2141/2035 2375/2982/2847 2390/2983/2848
f 2396/2250/2144 2381/2252/2146 2380/3091/2956
f 2396/2250/2144 2380/3091/2956 2395/3092/2957
f 2406/2139/2033 2391/2141/2035 2390/2983/2848
f 2406/2139/2033 2390/2983/2848 2405/2984/2849
f 2411/2248/2142 2396/2250/2144 2395/3092/2957
f 2411/2248/2142 2395/3092/2957 2410/3093/2958
f 2421/2137/2031 2406/2139/2033 2405/2984/2849
f 2421/2137/2031 2405/2984/2849 2420/2985/2850
f 2426/2246/2140 2411/2248/2142 2410/3093/2958
f 2426/2246/2140 2410/3093/2958 2425/3094/2959
f 2435/2135/2029 2421/2137/2031 2420/2985/2850
f 2435/2135/2029 2420/2985/2850 2434/2986/2851
f 2440/2244/2138 2426/2246/2140 2425/3094/2959
f 2440/2244/2138 2425/3094/2959 2439/3095/2960
f 2450/2133/2027 2435/2135/2029 2434/2986/2851
f 2450/2133/2027 2434/2986/2851 2449/2987/2852
f 2455/2242/2136 2440/2244/2138 2439/3095/2960
f 2455/2242/2136 2439/3095/2960 2454/3096/2961
f 2465/2131/2025 2450/2133/2027 2449/2987/2852
f 2465/2131/2025 2449/2987/2852 2464/2988/2853
f 2470/2240/2134 2455/2242/2136 2454/3096/2961
f 2470/2240/2134 2454/3096/2961 2469/3097/2962
f 2480/2129/2023 2465/2131/2025 2464/2988/2853
f 2480/2129/2023 2464/2988/2853 2479/2989/2854
f 2485/2238/2132 2470/2240/2134 2469/3097/2962
f 2485/2238/2132 2469/3097/2962 2484/3098/2963
f 2495/2127/2021 2480/2129/2023 2479/2989/2854
f 2495/2127/2021 2479/2989/2854 2494/2990/2855
f 2500/2236/2130 2485/2238/2132 2484/3098/2963
f 2500/2236/2130 2484/3098/2963 2499/3099/2964
f 2509/2125/2019 2495/2127/2021 2494/2990/2855
f 2509/2125/2019 2494/2990/2855 2508/2991/2856
f 2514/2234/2128 2500/2236/2130 2499/3099/2964
f 2514/2234/2128 2499/3099/2964 2513/3100/2965
f 2524/2123/2017 2509/2125/2019 2508/2991/2856
f 2524/2123/2017 2508/2991/2856 2523/2992/2857
f 2529/2232/2126 2514/2234/2128 2513/3100/2965
f 2529/2232/2126 2513/3100/2965 2528/3101/2966
f 2539/2121/2015 2524/2123/2017 2523/2992/2857
f 2539/2121/2015 2523/2992/2857 2538/2993/2858
f 2544/2230/2124 2529/2232/2126 2528/3101/2966
f 2544/2230/2124 2528/3101/2966 2543/3102/2967
f 2554/2119/2013 2539/2121/2015 2538/2993/2858
f 2554/2119/2013 2538/2993/2858 2553/2994/2859
f 2559/2228/2122 2544/2230/2124 2543/3102/2967
f 2559/2228/2122 2543/3102/2967 2558/3103/2968
f 2569/2117/2011 2554/2119/2013 2553/2994/2859
f 2569/2117/2011 2553/2994/2859 2568/2995/2860
f 2574/2226/2120 2559/2228/2122 2558/3103/2968
f 2574/2226/2120 2558/3103/2968 2573/3104/2969
f 2584/2115/2009 2569/2117/2011 2568/2995/2860
f 2584/2115/2009 2568/2995/2860 2583/2996/2861
f 2589/2224/2118 2574/2226/2120 2573/3104/2969
f 2589/2224/2118 2573/3104/2969 2588/3105/2970
f 2599/2113/2007 2584/2115/2009 2583/2996/2861
f 2599/2113/2007 2583/2996/2861 2598/2997/2862
f 2604/2222/2116 2589/2224/2118 2588/3105/2970
f 2604/2222/2116 2588/3105/2970 2603/3106/2971
f 2614/2111/2005 2599/2113/2007 2598/2997/2862
f 2614/2111/2005 2598/2997/2862 2613/2998/2863
f 2619/2220/2114 2604/2222/2116 2603/3106/2971
f 2619/2220/2114 2603/3106/2971 2618/3107/2972
f 2628/2109/2003 2614/2111/2005 2613/2998/2863
f 2628/2109/2003 2613/2998/2863 2627/2999/2864
f 2633/2218/2112 2619/2220/2114 2618/3107/2972
f 2633/2218/2112 2618/3107/2972 2632/3108/2973
f 2642/2107/2001 2628/2109/2003 2627/2999/2864
f 2642/2107/2001 2627/2999/2864 2641/3000/2865
f 2647/2216/2110 2633/2218/2112 2632/3108/2973
f 2647/2216/2110 2632/3108/2973 2646/3109/2974
f 2657/2105/1999 2642/2107/2001 2641/3000/2865
f 2657/2105/1999 2641/3000/2865 2656/3001/2866
f 2662/2214/2108 2647/2216/2110 2646/3109/2974
f 2662/2214/2108 2646/3109/2974 2661/3110/2975
f 2672/2103/1997 2657/2105/1999 2656/3001/2866
f 2672/2103/1997 2656/3001/2866 2671/3002/2867
f 2677/2212/2106 2662/2214/2108 2661/3110/2975
f 2677/2212/2106 2661/3110/2975 2676/3111/2976
f 2687/2101/1995 2672/2103/1997 2671/3002/2867
f 2687/2101/1995 2671/3002/2867 2686/3003/2868
f 2692/2210/2104 2677/2212/2106 2676/3111/2976
f 2692/2210/2104 2676/3111/2976 2691/3112/2977
f 2702/2099/1993 2687/2101/1995 2686/3003/2868
f 2702/2099/1993 2686/3003/2868 2701/3004/2869
f 2707/2204/2098 2692/2210/2104 2691/3112/2977
f 2707/2204/2098 2691/3112/2977 2706/2205/2099
f 2716/2097/1991 2702/2099/1993 2701/3004/2869
f 2716/2097/1991 2701/3004/2869 2715/2059/1960
f 2727/2061/1962 2716/2097/1991 2715/2059/1960
f 147/3113/2243 1437/3114/2241 148/3115/2978
f 148/3115/2978 1437/3114/2241 2755/3116/2979
f 2755/3116/2979 1437/3114/2241 1436/3117/2239
f 2755/3116/2979 1436/3117/2239 2754/3118/2980
f 2754/3118/2980 1436/3117/2239 1435/3119/1609
f 2754/3118/2980 1435/3119/1609 2753/3120/2981
f 2753/3120/2981 1435/3119/1609 1434/3121/1610
f 2753/3120/2981 1434/3121/1610 2752/3122/2982
f 2752/3122/2982 1434/3121/1610 2751/3123/2983
f 2751/3123/2983 1434/3121/1610 1433/3124/1612
f 2751/3123/2983 1433/3124/1612 2750/3125/2984
f 2750/3125/2984 1433/3124/1612 1432/3126/1614
f 2750/3125/2984 1432/3126/1614 2749/3127/2985
f 2749/3127/2985 1432/3126/1614 1431/3128/1616
f 2749/3127/2985 1431/3128/1616 2748/3129/2986
f 2748/3129/2986 1431/3128/1616 1430/3130/2237
f 2748/3129/2986 1430/3130/2237 1429/3131/2236
f 2748/3129/2986 1429/3131/2236 2747/3132/2987
f 2747/3132/2987 1429/3131/2236 1428/3133/2235
f 2747/3132/2987 1428/3133/2235 2746/3134/2988
f 2746/3134/2988 1428/3133/2235 1427/3135/2234
f 2746/3134/2988 1427/3135/2234 2745/3136/2989
f 2745/3136/2989 1427/3135/2234 1426/3137/2233
f 2745/3136/2989 1426/3137/2233 2744/3138/2990
f 2744/3138/2990 1426/3137/2233 1425/3139/2232
f 2744/3138/2990 1425/3139/2232 2743/3140/2991
f 2743/3140/2991 1425/3139/2232 1424/3141/2231
f 2743/3140/2991 1424/3141/2231 1423/3142/2230
f 2743/3140/2991 1423/3142/2230 2742/3143/2992
f 2742/3143/2992 1423/3142/2230 1422/3144/2229
f 2742/3143/2992 1422/3144/2229 2741/3145/2993
f 2741/3145/2993 1422/3144/2229 1421/3146/2228
f 2741/3145/2993 1421/3146/2228 2740/3147/2994
f 2740/3147/2994 1421/3146/2228 1420/3148/2227
f 2740/3147/2994 1420/3148/2227 2739/3149/2995
f 2739/3149/2995 1420/3148/2227 1419/3150/2226
f 2739/3149/2995 1419/3150/2226 2738/3151/2996
f 2738/3151/2996 1419/3150/2226 1418/3152/2225
f 2738/3151/2996 1418/3152/2225 2737/3153/2997
f 2737/3153/2997 1418/3152/2225 1417/3154/2224
f 2737/3153/2997 1417/3154/2224 2736/3155/2998
f 2736/3155/2998 1417/3154/2224 1416/3156/2223
f 2736/3155/2998 1416/3156/2223 2735/3157/2999
f 2735/3157/2999 1416/3156/2223 1415/3158/2222
f 2735/3157/2999 1415/3158/2222 2734/3159/3000
f 2734/3159/3000 1415/3158/2222 1414/3160/2221
f 2734/3159/3000 1414/3160/2221 2733/3161/3001
f 2733/3161/3001 1414/3160/2221 1413/3162/2220
f 2733/3161/3001 1413/3162/2220 2732/3163/3002
f 2732/3163/3002 1413/3162/2220 1412/3164/2219
f 2732/3163/3002 1412/3164/2219 2731/3165/3003
f 2731/3165/3003 1412/3164/2219 1411/3166/2218
f 2731/3165/3003 1411/3166/2218 2730/3167/3004
f 2730/3167/3004 1411/3166/2218 2729/3168/3005
f 2729/3168/3005 1411/3166/2218 1410/3169/2217
f 52/3170/3006 51/3171/3007 1235/3172/3008
f 1235/3172/3008 51/3171/3007 2756/3173/3009
f 1206/3174/3010 1266/3175/3011 1207/3176/3012
f 1207/3176/3012 1266/3175/3011 1387/3177/3013
f 1387/3177/3013 1266/3175/3011 1388/3178/3014
f 1388/3178/3014 1266/3175/3011 1389/3179/3015
f 1389/3179/3015 1266/3175/3011 2757/3180/3016
f 1389/3179/3015 2757/3180/3016 1390/3181/3017
f 1390/3181/3017 2757/3180/3016 1391/3182/3018
f 1391/3182/3018 2757/3180/3016 1392/3183/3019
f 1392/3183/3019 2757/3180/3016 1393/3184/3020
f 1393/3184/3020 2757/3180/3016 1394/3185/3021
f 158/3186/3022 157/3187/3023 2759/3188/3024
f 2759/3188/3024 157/3187/3023 2758/3189/3025
f 2729/3190/3026 1410/3191/3027 2760/3192/3028
f 2760/3192/3028 1410/3191/3027 1409/3193/3029
f 2760/3192/3028 1409/3193/3029 1408/3194/3030
f 1408/3194/3030 1407/3195/3031 2760/3192/3028
f 2760/3192/3028 1407/3195/3031 2761/3196/3032
f 2761/3196/3032 1407/3195/3031 1406/3197/3033
f 2761/3196/3032 1406/3197/3033 1405/3198/3034
f 1405/3198/3034 1404/3199/3035 2761/3196/3032
f 2761/3196/3032 1404/3199/3035 1403/3200/3036
f 2761/3196/3032 1403/3200/3036 1402/3201/3037
f 1394/3202/3038 2757/3203/3039 1395/3204/3040
f 1395/3204/3040 2757/3203/3039 1396/3205/3041
f 1396/3205/3041 2757/3203/3039 1397/3206/3042
f 1397/3206/3042 2757/3203/3039 1398/3207/3043
f 1398/3207/3043 2757/3203/3039 2761/3208/3044
f 1398/3207/3043 2761/3208/3044 1399/3209/3045
f 1399/3209/3045 2761/3208/3044 1400/3210/3046
f 1400/3210/3046 2761/3208/3044 1401/3211/3047
f 1401/3211/3047 2761/3208/3044 1402/3212/3048
f 163/3213/3049 2759/3214/3050 92/3215/3051
f 92/3215/3051 2759/3214/3050 2756/3216/3052
f 92/3215/3051 2756/3216/3052 45/3217/3053
f 45/3217/3053 2756/3216/3052 46/3218/3054
f 46/3218/3054 2756/3216/3052 47/3219/3055
f 47/3219/3055 2756/3216/3052 48/3220/3056
f 48/3220/3056 2756/3216/3052 49/3221/3057
f 49/3221/3057 2756/3216/3052 50/3222/3058
f 50/3222/3058 2756/3216/3052 51/3223/3059
f 163/3213/3049 162/3224/3060 2759/3214/3050
f 2759/3214/3050 162/3224/3060 161/3225/3061
f 2759/3214/3050 161/3225/3061 160/3226/3062
f 160/3226/3062 159/3227/3063 2759/3214/3050
f 2759/3214/3050 159/3227/3063 158/3228/3064
f 2760/3229/3065 2761/3230/3066 2791/3231/3067
f 2791/3231/3067 2761/3230/3066 2790/3232/3068
f 2790/3232/3068 2761/3230/3066 2854/3233/3069
f 2790/3232/3068 2854/3233/3069 2855/3234/3070
f 2757/3235/3071 2845/3236/3072 2761/3230/3066
f 2761/3230/3066 2845/3236/3072 2846/3237/3073
f 2761/3230/3066 2846/3237/3073 2847/3238/3074
f 1266/3239/3075 1265/3240/3076 2757/3235/3071
f 2757/3235/3071 1265/3240/3076 1264/3241/3077
f 2757/3235/3071 1264/3241/3077 2836/3242/3078
f 2836/3242/3078 1264/3241/3077 2835/3243/3079
f 2835/3243/3079 1264/3241/3077 1263/3244/3080
f 2835/3243/3079 1263/3244/3080 2834/3245/3081
f 2834/3245/3081 1263/3244/3080 1262/3246/3082
f 2834/3245/3081 1262/3246/3082 2833/3247/3083
f 2833/3247/3083 1262/3246/3082 2832/3248/3084
f 2832/3248/3084 1262/3246/3082 1261/3249/3085
f 2832/3248/3084 1261/3249/3085 2831/3250/3086
f 2831/3250/3086 1261/3249/3085 1260/3251/3087
f 2831/3250/3086 1260/3251/3087 2830/3252/3088
f 2830/3252/3088 1260/3251/3087 1259/3253/3089
f 2830/3252/3088 1259/3253/3089 2829/3254/3090
f 2829/3254/3090 1259/3253/3089 1258/3255/3091
f 2829/3254/3090 1258/3255/3091 2828/3256/3092
f 2828/3256/3092 1258/3255/3091 2827/3257/3093
f 2827/3257/3093 1258/3255/3091 1257/3258/3094
f 2827/3257/3093 1257/3258/3094 2826/3259/3095
f 2826/3259/3095 1257/3258/3094 1256/3260/3096
f 2826/3259/3095 1256/3260/3096 2825/3261/3097
f 2825/3261/3097 1256/3260/3096 1255/3262/3098
f 2825/3261/3097 1255/3262/3098 2824/3263/3099
f 2824/3263/3099 1255/3262/3098 1254/3264/3100
f 2824/3263/3099 1254/3264/3100 2823/3265/3101
f 2823/3265/3101 1254/3264/3100 2822/3266/3102
f 2822/3266/3102 1254/3264/3100 1253/3267/3103
f 2822/3266/3102 1253/3267/3103 2821/3268/3104
f 2821/3268/3104 1253/3267/3103 1252/3269/3105
f 2821/3268/3104 1252/3269/3105 2820/3270/3106
f 2820/3270/3106 1252/3269/3105 1251/3271/3107
f 2820/3270/3106 1251/3271/3107 2819/3272/3108
f 2819/3272/3108 1251/3271/3107 1250/3273/3109
f 2819/3272/3108 1250/3273/3109 2818/3274/3110
f 2818/3274/3110 1250/3273/3109 2817/3275/3111
f 2817/3275/3111 1250/3273/3109 1249/3276/3112
f 2817/3275/3111 1249/3276/3112 2816/3277/3113
f 2816/3277/3113 1249/3276/3112 1248/3278/3114
f 2816/3277/3113 1248/3278/3114 2815/3279/3115
f 2815/3279/3115 1248/3278/3114 1247/3280/3116
f 2815/3279/3115 1247/3280/3116 2814/3281/3117
f 2814/3281/3117 1247/3280/3116 2813/3282/3118
f 2813/3282/3118 1247/3280/3116 1246/3283/3119
f 2813/3282/3118 1246/3283/3119 2812/3284/3120
f 2812/3284/3120 1246/3283/3119 1245/3285/3121
f 2812/3284/3120 1245/3285/3121 2811/3286/3122
f 2811/3286/3122 1245/3285/3121 1244/3287/3123
f 2811/3286/3122 1244/3287/3123 2810/3288/3124
f 2810/3288/3124 1244/3287/3123 1243/3289/3125
f 2810/3288/3124 1243/3289/3125 2809/3290/3126
f 2809/3290/3126 1243/3289/3125 2808/3291/3127
f 2808/3291/3127 1243/3289/3125 1242/3292/3128
f 2808/3291/3127 1242/3292/3128 2807/3293/3129
f 2807/3293/3129 1242/3292/3128 1241/3294/3130
f 2807/3293/3129 1241/3294/3130 2806/3295/3131
f 2806/3295/3131 1241/3294/3130 1240/3296/3132
f 2806/3295/3131 1240/3296/3132 2805/3297/3133
f 2805/3297/3133 1240/3296/3132 1239/3298/3134
f 2805/3297/3133 1239/3298/3134 2804/3299/3135
f 2804/3299/3135 1239/3298/3134 2803/3300/3136
f 2803/3300/3136 1239/3298/3134 1238/3301/3137
f 2803/3300/3136 1238/3301/3137 2802/3302/3138
f 2802/3302/3138 1238/3301/3137 1237/3303/3139
f 2802/3302/3138 1237/3303/3139 2801/3304/3140
f 2801/3304/3140 1237/3303/3139 2756/3305/3141
f 2801/3304/3140 2756/3305/3141 2800/3306/3142
f 2800/3306/3142 2756/3305/3141 2799/3307/3143
f 2799/3307/3143 2756/3305/3141 2798/3308/3144
f 2798/3308/3144 2756/3305/3141 2797/3309/3145
f 2797/3309/3145 2756/3305/3141 2796/3310/3146
f 2796/3310/3146 2756/3305/3141 2795/3311/3147
f 2795/3311/3147 2756/3305/3141 2794/3312/3148
f 2794/3312/3148 2756/3305/3141 2793/3313/3149
f 2793/3313/3149 2756/3305/3141 2792/3314/3150
f 2792/3314/3150 2756/3305/3141 2759/3315/3151
f 2792/3314/3150 2759/3315/3151 2897/3316/3152
f 2897/3316/3152 2759/3315/3151 2896/3317/3153
f 2896/3317/3153 2759/3315/3151 2895/3318/3154
f 2895/3318/3154 2759/3315/3151 2894/3319/3155
f 2894/3319/3155 2759/3315/3151 2893/3320/3156
f 2893/3320/3156 2759/3315/3151 2892/3321/3157
f 2892/3321/3157 2759/3315/3151 2891/3322/3158
f 2891/3322/3158 2759/3315/3151 2890/3323/3159
f 2890/3323/3159 2759/3315/3151 2889/3324/3160
f 2889/3324/3160 2759/3315/3151 2763/3325/3161
f 2889/3324/3160 2763/3325/3161 2888/3326/3162
f 2888/3326/3162 2763/3325/3161 2764/3327/3163
f 2888/3326/3162 2764/3327/3163 2887/3328/3164
f 2887/3328/3164 2764/3327/3163 2765/3329/3165
f 2887/3328/3164 2765/3329/3165 2886/3330/3166
f 2886/3330/3166 2765/3329/3165 2885/3331/3167
f 2885/3331/3167 2765/3329/3165 2766/3332/3168
f 2885/3331/3167 2766/3332/3168 2884/3333/3169
f 2884/3333/3169 2766/3332/3168 2767/3334/3170
f 2884/3333/3169 2767/3334/3170 2883/3335/3171
f 2883/3335/3171 2767/3334/3170 2768/3336/3172
f 2883/3335/3171 2768/3336/3172 2882/3337/3173
f 2882/3337/3173 2768/3336/3172 2769/3338/3174
f 2882/3337/3173 2769/3338/3174 2881/3339/3175
f 2881/3339/3175 2769/3338/3174 2880/3340/3176
f 2880/3340/3176 2769/3338/3174 2770/3341/3177
f 2880/3340/3176 2770/3341/3177 2879/3342/3178
f 2879/3342/3178 2770/3341/3177 2771/3343/3179
f 2879/3342/3178 2771/3343/3179 2878/3344/3180
f 2878/3344/3180 2771/3343/3179 2772/3345/3181
f 2878/3344/3180 2772/3345/3181 2877/3346/3182
f 2877/3346/3182 2772/3345/3181 2773/3347/3183
f 2877/3346/3182 2773/3347/3183 2876/3348/3184
f 2876/3348/3184 2773/3347/3183 2875/3349/3185
f 2875/3349/3185 2773/3347/3183 2774/3350/3186
f 2875/3349/3185 2774/3350/3186 2874/3351/3187
f 2874/3351/3187 2774/3350/3186 2775/3352/3188
f 2874/3351/3187 2775/3352/3188 2873/3353/3189
f 2873/3353/3189 2775/3352/3188 2776/3354/3190
f 2873/3353/3189 2776/3354/3190 2872/3355/3191
f 2872/3355/3191 2776/3354/3190 2777/3356/3192
f 2872/3355/3191 2777/3356/3192 2871/3357/3193
f 2871/3357/3193 2777/3356/3192 2870/3358/3194
f 2870/3358/3194 2777/3356/3192 2778/3359/3195
f 2870/3358/3194 2778/3359/3195 2869/3360/3196
f 2869/3360/3196 2778/3359/3195 2779/3361/3197
f 2869/3360/3196 2779/3361/3197 2868/3362/3198
f 2868/3362/3198 2779/3361/3197 2780/3363/3199
f 2868/3362/3198 2780/3363/3199 2867/3364/3200
f 2867/3364/3200 2780/3363/3199 2866/3365/3201
f 2866/3365/3201 2780/3363/3199 2781/3366/3202
f 2866/3365/3201 2781/3366/3202 2865/3367/3203
f 2865/3367/3203 2781/3366/3202 2782/3368/3204
f 2865/3367/3203 2782/3368/3204 2864/3369/3205
f 2864/3369/3205 2782/3368/3204 2783/3370/3206
f 2864/3369/3205 2783/3370/3206 2863/3371/3207
f 2863/3371/3207 2783/3370/3206 2784/3372/3208
f 2863/3371/3207 2784/3372/3208 2862/3373/3209
f 2862/3373/3209 2784/3372/3208 2861/3374/3210
f 2861/3374/3210 2784/3372/3208 2785/3375/3211
f 2861/3374/3210 2785/3375/3211 2860/3376/3212
f 2860/3376/3212 2785/3375/3211 2786/3377/3213
f 2860/3376/3212 2786/3377/3213 2859/3378/3214
f 2859/3378/3214 2786/3377/3213 2787/3379/3215
f 2859/3378/3214 2787/3379/3215 2858/3380/3216
f 2858/3380/3216 2787/3379/3215 2788/3381/3217
f 2858/3380/3216 2788/3381/3217 2857/3382/3218
f 2857/3382/3218 2788/3381/3217 2856/3383/3219
f 2856/3383/3219 2788/3381/3217 2789/3384/3220
f 2856/3383/3219 2789/3384/3220 2855/3234/3070
f 2855/3234/3070 2789/3384/3220 2790/3232/3068
f 1237/3303/3139 1236/3385/3221 2756/3305/3141
f 2756/3305/3141 1236/3385/3221 1235/3386/3222
f 2758/3387/3223 2762/3388/3224 2759/3315/3151
f 2759/3315/3151 2762/3388/3224 2763/3325/3161
f 2836/3242/3078 2837/3389/3225 2757/3235/3071
f 2757/3235/3071 2837/3389/3225 2838/3390/3226
f 2757/3235/3071 2838/3390/3226 2839/3391/3227
f 2839/3391/3227 2840/3392/3228 2757/3235/3071
f 2757/3235/3071 2840/3392/3228 2841/3393/3229
f 2757/3235/3071 2841/3393/3229 2842/3394/3230
f 2842/3394/3230 2843/3395/3231 2757/3235/3071
f 2757/3235/3071 2843/3395/3231 2844/3396/3232
f 2757/3235/3071 2844/3396/3232 2845/3236/3072
f 2847/3238/3074 2848/3397/3233 2761/3230/3066
f 2761/3230/3066 2848/3397/3233 2849/3398/3234
f 2761/3230/3066 2849/3398/3234 2850/3399/3235
f 2850/3399/3235 2851/3400/3236 2761/3230/3066
f 2761/3230/3066 2851/3400/3236 2852/3401/3237
f 2761/3230/3066 2852/3401/3237 2853/3402/3238
f 2853/3402/3238 2854/3233/3069 2761/3230/3066
f 156/3403/3239 2898/3404/3240 157/3405/3241
f 157/3405/3241 2898/3404/3240 2899/3406/3242
f 157/3405/3241 2899/3406/3242 2900/3407/3243
f 2900/3407/3243 2899/3406/3242 2904/3408/3244
f 2900/3407/3243 2904/3408/3244 2905/3409/3245
f 2905/3409/3245 2904/3408/3244 2909/3410/3246
f 2905/3409/3245 2909/3410/3246 2764/3411/3247
f 2764/3411/3247 2909/3410/3246 2765/3412/3248
f 2765/3412/3248 2909/3410/3246 2913/3413/3249
f 2765/3412/3248 2913/3413/3249 2766/3414/3250
f 2766/3414/3250 2913/3413/3249 2917/3415/3251
f 2766/3414/3250 2917/3415/3251 2767/3416/3252
f 2767/3416/3252 2917/3415/3251 2921/3417/3253
f 2767/3416/3252 2921/3417/3253 2768/3418/3254
f 2768/3418/3254 2921/3417/3253 2925/3419/3255
f 2768/3418/3254 2925/3419/3255 2769/3420/3256
f 2769/3420/3256 2925/3419/3255 2929/3421/3257
f 2769/3420/3256 2929/3421/3257 2770/3422/3258
f 2770/3422/3258 2929/3421/3257 2933/3423/3259
f 2770/3422/3258 2933/3423/3259 2771/3424/3260
f 2771/3424/3260 2933/3423/3259 2937/3425/3261
f 2771/3424/3260 2937/3425/3261 2772/3426/3262
f 2772/3426/3262 2937/3425/3261 2941/3427/3263
f 2772/3426/3262 2941/3427/3263 2773/3428/3264
f 2773/3428/3264 2941/3427/3263 2945/3429/3265
f 2773/3428/3264 2945/3429/3265 2774/3430/3266
f 2774/3430/3266 2945/3429/3265 2949/3431/3267
f 2774/3430/3266 2949/3431/3267 2775/3432/3268
f 2775/3432/3268 2949/3431/3267 2953/3433/3269
f 2775/3432/3268 2953/3433/3269 2776/3434/3270
f 2776/3434/3270 2953/3433/3269 2957/3435/3271
f 2776/3434/3270 2957/3435/3271 2777/3436/3272
f 2777/3436/3272 2957/3435/3271 2961/3437/3273
f 2777/3436/3272 2961/3437/3273 2778/3438/3274
f 2778/3438/3274 2961/3437/3273 2965/3439/3275
f 2778/3438/3274 2965/3439/3275 2779/3440/3276
f 2779/3440/3276 2965/3439/3275 2969/3441/3277
f 2779/3440/3276 2969/3441/3277 2780/3442/3278
f 2780/3442/3278 2969/3441/3277 2973/3443/3279
f 2780/3442/3278 2973/3443/3279 2781/3444/3280
f 2781/3444/3280 2973/3443/3279 2977/3445/3281
f 2781/3444/3280 2977/3445/3281 2782/3446/3282
f 2782/3446/3282 2977/3445/3281 2981/3447/3283
f 2782/3446/3282 2981/3447/3283 2783/3448/3284
f 2783/3448/3284 2981/3447/3283 2985/3449/3285
f 2783/3448/3284 2985/3449/3285 2784/3450/3286
f 2784/3450/3286 2985/3449/3285 2989/3451/3287
f 2784/3450/3286 2989/3451/3287 2785/3452/3288
f 2785/3452/3288 2989/3451/3287 2993/3453/3289
f 2785/3452/3288 2993/3453/3289 2786/3454/3290
f 2786/3454/3290 2993/3453/3289 2997/3455/3291
f 2786/3454/3290 2997/3455/3291 2787/3456/3292
f 2787/3456/3292 2997/3455/3291 3001/3457/3293
f 2787/3456/3292 3001/3457/3293 2788/3458/3294
f 2788/3458/3294 3001/3457/3293 3005/3459/3295
f 2788/3458/3294 3005/3459/3295 2789/3460/3296
f 2789/3460/3296 3005/3459/3295 3009/3461/3297
f 2789/3460/3296 3009/3461/3297 2790/3462/3298
f 2790/3462/3298 3009/3461/3297 3013/3463/3299
f 2790/3462/3298 3013/3463/3299 2791/3464/3300
f 2791/3464/3300 3013/3463/3299 3017/3465/3301
f 2791/3464/3300 3017/3465/3301 2760/3466/3302
f 2760/3466/3302 3017/3465/3301 3016/3467/3303
f 2760/3466/3302 3016/3467/3303 3015/3468/3304
f 3015/3468/3304 3016/3467/3303 3011/3469/3305
f 3015/3468/3304 3011/3469/3305 3010/3470/3306
f 3010/3470/3306 3011/3469/3305 3006/3471/3307
f 3010/3470/3306 3006/3471/3307 2732/3472/3308
f 2732/3472/3308 3006/3471/3307 2733/3473/3309
f 2733/3473/3309 3006/3471/3307 3002/3474/3310
f 2733/3473/3309 3002/3474/3310 2734/3475/3311
f 2734/3475/3311 3002/3474/3310 2998/3476/3312
f 2734/3475/3311 2998/3476/3312 2735/3477/3313
f 2735/3477/3313 2998/3476/3312 2994/3478/3314
f 2735/3477/3313 2994/3478/3314 2736/3479/3315
f 2736/3479/3315 2994/3478/3314 2990/3480/3316
f 2736/3479/3315 2990/3480/3316 2737/3481/3317
f 2737/3481/3317 2990/3480/3316 2986/3482/3318
f 2737/3481/3317 2986/3482/3318 2738/3483/3319
f 2738/3483/3319 2986/3482/3318 2982/3484/3320
f 2738/3483/3319 2982/3484/3320 2739/3485/3321
f 2739/3485/3321 2982/3484/3320 2978/3486/3322
f 2739/3485/3321 2978/3486/3322 2740/3487/3323
f 2740/3487/3323 2978/3486/3322 2974/3488/3324
f 2740/3487/3323 2974/3488/3324 2741/3489/3325
f 2741/3489/3325 2974/3488/3324 2970/3490/3326
f 2741/3489/3325 2970/3490/3326 2742/3491/3327
f 2742/3491/3327 2970/3490/3326 2966/3492/3328
f 2742/3491/3327 2966/3492/3328 2743/3493/3329
f 2743/3493/3329 2966/3492/3328 2962/3494/3330
f 2743/3493/3329 2962/3494/3330 2744/3495/3331
f 2744/3495/3331 2962/3494/3330 2958/3496/3332
f 2744/3495/3331 2958/3496/3332 2745/3497/3333
f 2745/3497/3333 2958/3496/3332 2954/3498/3334
f 2745/3497/3333 2954/3498/3334 2746/3499/3335
f 2746/3499/3335 2954/3498/3334 2950/3500/3336
f 2746/3499/3335 2950/3500/3336 2747/3501/3337
f 2747/3501/3337 2950/3500/3336 2946/3502/3338
f 2747/3501/3337 2946/3502/3338 2748/3503/3339
f 2748/3503/3339 2946/3502/3338 2942/3504/3340
f 2748/3503/3339 2942/3504/3340 2749/3505/3341
f 2749/3505/3341 2942/3504/3340 2938/3506/3342
f 2749/3505/3341 2938/3506/3342 2750/3507/3343
f 2750/3507/3343 2938/3506/3342 2934/3508/3344
f 2750/3507/3343 2934/3508/3344 2751/3509/3345
f 2751/3509/3345 2934/3508/3344 2930/3510/3346
f 2751/3509/3345 2930/3510/3346 2752/3511/3347
f 2752/3511/3347 2930/3510/3346 2926/3512/3348
f 2752/3511/3347 2926/3512/3348 2753/3513/3349
f 2753/3513/3349 2926/3512/3348 2922/3514/3350
f 2753/3513/3349 2922/3514/3350 2754/3515/3351
f 2754/3515/3351 2922/3514/3350 2918/3516/3352
f 2754/3515/3351 2918/3516/3352 2755/3517/3353
f 2755/3517/3353 2918/3516/3352 2914/3518/3354
f 2755/3517/3353 2914/3518/3354 148/3519/3355
f 148/3519/3355 2914/3518/3354 2910/3520/3356
f 148/3519/3355 2910/3520/3356 149/3521/3357
f 149/3521/3357 2910/3520/3356 150/3522/3358
f 150/3522/3358 2910/3520/3356 151/3523/3359
f 151/3523/3359 2910/3520/3356 2906/3524/3360
f 151/3523/3359 2906/3524/3360 152/3525/3361
f 152/3525/3361 2906/3524/3360 153/3526/3362
f 153/3526/3362 2906/3524/3360 2902/3527/3363
f 153/3526/3362 2902/3527/3363 154/3528/3364
f 154/3528/3364 2902/3527/3363 155/3529/3365
f 155/3529/3365 2902/3527/3363 2898/3404/3240
f 155/3529/3365 2898/3404/3240 156/3403/3239
f 2732/3472/3308 2731/3530/3366 3010/3470/3306
f 3010/3470/3306 2731/3530/3366 3014/3531/3367
f 3010/3470/3306 3014/3531/3367 3015/3468/3304
f 3015/3468/3304 3014/3531/3367 2760/3466/3302
f 2731/3530/3366 2730/3532/3368 3014/3531/3367
f 3014/3531/3367 2730/3532/3368 2760/3466/3302
f 2730/3532/3368 2729/3533/3369 2760/3466/3302
f 2764/3411/3247 2763/3534/3370 2905/3409/3245
f 2905/3409/3245 2763/3534/3370 2901/3535/3371
f 2905/3409/3245 2901/3535/3371 2900/3407/3243
f 2900/3407/3243 2901/3535/3371 2758/3536/3372
f 2900/3407/3243 2758/3536/3372 157/3405/3241
f 2763/3534/3370 2762/3537/3373 2901/3535/3371
f 2901/3535/3371 2762/3537/3373 2758/3536/3372
f 2899/3406/3242 2898/3404/3240 2903/3538/3374
f 2903/3538/3374 2898/3404/3240 2902/3527/3363
f 2903/3538/3374 2902/3527/3363 2907/3539/3375
f 2907/3539/3375 2902/3527/3363 2906/3524/3360
f 2907/3539/3375 2906/3524/3360 2911/3540/3376
f 2911/3540/3376 2906/3524/3360 2910/3520/3356
f 2911/3540/3376 2910/3520/3356 2915/3541/3377
f 2915/3541/3377 2910/3520/3356 2914/3518/3354
f 2915/3541/3377 2914/3518/3354 2919/3542/3378
f 2919/3542/3378 2914/3518/3354 2918/3516/3352
f 2919/3542/3378 2918/3516/3352 2923/3543/3379
f 2923/3543/3379 2918/3516/3352 2922/3514/3350
f 2923/3543/3379 2922/3514/3350 2927/3544/3380
f 2927/3544/3380 2922/3514/3350 2926/3512/3348
f 2927/3544/3380 2926/3512/3348 2931/3545/3381
f 2931/3545/3381 2926/3512/3348 2930/3510/3346
f 2931/3545/3381 2930/3510/3346 2935/3546/3382
f 2935/3546/3382 2930/3510/3346 2934/3508/3344
f 2935/3546/3382 2934/3508/3344 2939/3547/3383
f 2939/3547/3383 2934/3508/3344 2938/3506/3342
f 2939/3547/3383 2938/3506/3342 2943/3548/3384
f 2943/3548/3384 2938/3506/3342 2942/3504/3340
f 2943/3548/3384 2942/3504/3340 2947/3549/3385
f 2947/3549/3385 2942/3504/3340 2946/3502/3338
f 2947/3549/3385 2946/3502/3338 2951/3550/3386
f 2951/3550/3386 2946/3502/3338 2950/3500/3336
f 2951/3550/3386 2950/3500/3336 2955/3551/3387
f 2955/3551/3387 2950/3500/3336 2954/3498/3334
f 2955/3551/3387 2954/3498/3334 2959/3552/3388
f 2959/3552/3388 2954/3498/3334 2958/3496/3332
f 2959/3552/3388 2958/3496/3332 2963/3553/3389
f 2963/3553/3389 2958/3496/3332 2962/3494/3330
f 2963/3553/3389 2962/3494/3330 2967/3554/3390
f 2967/3554/3390 2962/3494/3330 2966/3492/3328
f 2967/3554/3390 2966/3492/3328 2971/3555/3391
f 2971/3555/3391 2966/3492/3328 2970/3490/3326
f 2971/3555/3391 2970/3490/3326 2975/3556/3392
f 2975/3556/3392 2970/3490/3326 2974/3488/3324
f 2975/3556/3392 2974/3488/3324 2979/3557/3393
f 2979/3557/3393 2974/3488/3324 2978/3486/3322
f 2979/3557/3393 2978/3486/3322 2983/3558/3394
f 2983/3558/3394 2978/3486/3322 2982/3484/3320
f 2983/3558/3394 2982/3484/3320 2987/3559/3395
f 2987/3559/3395 2982/3484/3320 2986/3482/3318
f 2987/3559/3395 2986/3482/3318 2991/3560/3396
f 2991/3560/3396 2986/3482/3318 2990/3480/3316
f 2991/3560/3396 2990/3480/3316 2995/3561/3397
f 2995/3561/3397 2990/3480/3316 2994/3478/3314
f 2995/3561/3397 2994/3478/3314 2999/3562/3398
f 2999/3562/3398 2994/3478/3314 2998/3476/3312
f 2999/3562/3398 2998/3476/3312 3003/3563/3399
f 3003/3563/3399 2998/3476/3312 3002/3474/3310
f 3003/3563/3399 3002/3474/3310 3007/3564/3400
f 3007/3564/3400 3002/3474/3310 3006/3471/3307
f 3007/3564/3400 3006/3471/3307 3011/3469/3305
f 2899/3406/3242 2903/3538/3374 2904/3408/3244
f 2904/3408/3244 2903/3538/3374 2908/3565/3401
f 2904/3408/3244 2908/3565/3401 2909/3410/3246
f 2909/3410/3246 2908/3565/3401 2913/3413/3249
f 2908/3565/3401 2903/3538/3374 2907/3539/3375
f 2908/3565/3401 2907/3539/3375 2912/3566/3402
f 2912/3566/3402 2907/3539/3375 2911/3540/3376
f 2912/3566/3402 2911/3540/3376 2916/3567/3403
f 2916/3567/3403 2911/3540/3376 2915/3541/3377
f 2916/3567/3403 2915/3541/3377 2920/3568/3404
f 2920/3568/3404 2915/3541/3377 2919/3542/3378
f 2920/3568/3404 2919/3542/3378 2924/3569/3405
f 2924/3569/3405 2919/3542/3378 2923/3543/3379
f 2924/3569/3405 2923/3543/3379 2928/3570/3406
f 2928/3570/3406 2923/3543/3379 2927/3544/3380
f 2928/3570/3406 2927/3544/3380 2932/3571/3407
f 2932/3571/3407 2927/3544/3380 2931/3545/3381
f 2932/3571/3407 2931/3545/3381 2936/3572/3408
f 2936/3572/3408 2931/3545/3381 2935/3546/3382
f 2936/3572/3408 2935/3546/3382 2940/3573/3409
f 2940/3573/3409 2935/3546/3382 2939/3547/3383
f 2940/3573/3409 2939/3547/3383 2944/3574/3410
f 2944/3574/3410 2939/3547/3383 2943/3548/3384
f 2944/3574/3410 2943/3548/3384 2948/3575/3411
f 2948/3575/3411 2943/3548/3384 2947/3549/3385
f 2948/3575/3411 2947/3549/3385 2952/3576/3412
f 2952/3576/3412 2947/3549/3385 2951/3550/3386
f 2952/3576/3412 2951/3550/3386 2956/3577/3413
f 2956/3577/3413 2951/3550/3386 2955/3551/3387
f 2956/3577/3413 2955/3551/3387 2960/3578/3414
f 2960/3578/3414 2955/3551/3387 2959/3552/3388
f 2960/3578/3414 2959/3552/3388 2964/3579/3415
f 2964/3579/3415 2959/3552/3388 2963/3553/3389
f 2964/3579/3415 2963/3553/3389 2968/3580/3416
f 2968/3580/3416 2963/3553/3389 2967/3554/3390
f 2968/3580/3416 2967/3554/3390 2972/3581/3417
f 2972/3581/3417 2967/3554/3390 2971/3555/3391
f 2972/3581/3417 2971/3555/3391 2976/3582/3418
f 2976/3582/3418 2971/3555/3391 2975/3556/3392
f 2976/3582/3418 2975/3556/3392 2980/3583/3419
f 2980/3583/3419 2975/3556/3392 2979/3557/3393
f 2980/3583/3419 2979/3557/3393 2984/3584/3420
f 2984/3584/3420 2979/3557/3393 2983/3558/3394
f 2984/3584/3420 2983/3558/3394 2988/3585/3421
f 2988/3585/3421 2983/3558/3394 2987/3559/3395
f 2988/3585/3421 2987/3559/3395 2992/3586/3422
f 2992/3586/3422 2987/3559/3395 2991/3560/3396
f 2992/3586/3422 2991/3560/3396 2996/3587/3423
f 2996/3587/3423 2991/3560/3396 2995/3561/3397
f 2996/3587/3423 2995/3561/3397 3000/3588/3424
f 3000/3588/3424 2995/3561/3397 2999/3562/3398
f 3000/3588/3424 2999/3562/3398 3004/3589/3425
f 3004/3589/3425 2999/3562/3398 3003/3563/3399
f 3004/3589/3425 3003/3563/3399 3008/3590/3426
f 3008/3590/3426 3003/3563/3399 3007/3564/3400
f 3008/3590/3426 3007/3564/3400 3012/3591/3427
f 3012/3591/3427 3007/3564/3400 3011/3469/3305
f 3012/3591/3427 3011/3469/3305 3016/3467/3303
f 2917/3415/3251 2913/3413/3249 2912/3566/3402
f 2912/3566/3402 2913/3413/3249 2908/3565/3401
f 2917/3415/3251 2912/3566/3402 2916/3567/3403
f 2921/3417/3253 2917/3415/3251 2916/3567/3403
f 2921/3417/3253 2916/3567/3403 2920/3568/3404
f 2925/3419/3255 2921/3417/3253 2920/3568/3404
f 2925/3419/3255 2920/3568/3404 2924/3569/3405
f 2929/3421/3257 2925/3419/3255 2924/3569/3405
f 2929/3421/3257 2924/3569/3405 2928/3570/3406
f 2933/3423/3259 2929/3421/3257 2928/3570/3406
f 2933/3423/3259 2928/3570/3406 2932/3571/3407
f 2937/3425/3261 2933/3423/3259 2932/3571/3407
f 2937/3425/3261 2932/3571/3407 2936/3572/3408
f 2941/3427/3263 2937/3425/3261 2936/3572/3408
f 2941/3427/3263 2936/3572/3408 2940/3573/3409
f 2945/3429/3265 2941/3427/3263 2940/3573/3409
f 2945/3429/3265 2940/3573/3409 2944/3574/3410
f 2949/3431/3267 2945/3429/3265 2944/3574/3410
f 2949/3431/3267 2944/3574/3410 2948/3575/3411
f 2953/3433/3269 2949/3431/3267 2948/3575/3411
f 2953/3433/3269 2948/3575/3411 2952/3576/3412
f 2957/3435/3271 2953/3433/3269 2952/3576/3412
f 2957/3435/3271 2952/3576/3412 2956/3577/3413
f 2961/3437/3273 2957/3435/3271 2956/3577/3413
f 2961/3437/3273 2956/3577/3413 2960/3578/3414
f 2965/3439/3275 2961/3437/3273 2960/3578/3414
f 2965/3439/3275 2960/3578/3414 2964/3579/3415
f 2969/3441/3277 2965/3439/3275 2964/3579/3415
f 2969/3441/3277 2964/3579/3415 2968/3580/3416
f 2973/3443/3279 2969/3441/3277 2968/3580/3416
f 2973/3443/3279 2968/3580/3416 2972/3581/3417
f 2977/3445/3281 2973/3443/3279 2972/3581/3417
f 2977/3445/3281 2972/3581/3417 2976/3582/3418
f 2981/3447/3283 2977/3445/3281 2976/3582/3418
f 2981/3447/3283 2976/3582/3418 2980/3583/3419
f 2985/3449/3285 2981/3447/3283 2980/3583/3419
f 2985/3449/3285 2980/3583/3419 2984/3584/3420
f 2989/3451/3287 2985/3449/3285 2984/3584/3420
f 2989/3451/3287 2984/3584/3420 2988/3585/3421
f 2993/3453/3289 2989/3451/3287 2988/3585/3421
f 2993/3453/3289 2988/3585/3421 2992/3586/3422
f 2997/3455/3291 2993/3453/3289 2992/3586/3422
f 2997/3455/3291 2992/3586/3422 2996/3587/3423
f 3001/3457/3293 2997/3455/3291 2996/3587/3423
f 3001/3457/3293 2996/3587/3423 3000/3588/3424
f 3005/3459/3295 3001/3457/3293 3000/3588/3424
f 3005/3459/3295 3000/3588/3424 3004/3589/3425
f 3009/3461/3297 3005/3459/3295 3004/3589/3425
f 3009/3461/3297 3004/3589/3425 3008/3590/3426
f 3013/3463/3299 3009/3461/3297 3008/3590/3426
f 3013/3463/3299 3008/3590/3426 3012/3591/3427
f 3017/3465/3301 3013/3463/3299 3012/3591/3427
f 3017/3465/3301 3012/3591/3427 3016/3467/3303
f 2897/3592/3428 3125/3593/3429 2792/3594/3430
f 2792/3594/3430 3125/3593/3429 3124/3595/3431
f 2792/3596/3430 3124/3597/3431 2793/3598/3432
f 2793/3598/3432 3124/3597/3431 3229/3599/3433
f 2793/3598/3432 3229/3599/3433 2794/3600/3434
f 2794/3600/3434 3229/3599/3433 3228/3601/3435
f 2794/3600/3434 3228/3601/3435 2795/3602/3436
f 2795/3602/3436 3228/3601/3435 3227/3603/3437
f 2795/3602/3436 3227/3603/3437 2796/3604/3438
f 2796/3604/3438 3227/3603/3437 3226/3605/3439
f 2796/3604/3438 3226/3605/3439 2797/3606/3440
f 2797/3606/3440 3226/3605/3439 3225/3607/3441
f 2797/3606/3440 3225/3607/3441 2798/3608/3442
f 2798/3608/3442 3225/3607/3441 3224/3609/3443
f 2798/3608/3442 3224/3609/3443 2799/3610/3444
f 2799/3610/3444 3224/3609/3443 3223/3611/3445
f 2799/3610/3444 3223/3611/3445 2800/3612/3446
f 2800/3612/3446 3223/3611/3445 3222/3613/3447
f 2800/3612/3446 3222/3613/3447 2801/3614/3448
f 2801/3614/3448 3222/3613/3447 3221/3615/3449
f 2801/3614/3448 3221/3615/3449 2802/3616/3450
f 2802/3616/3450 3221/3615/3449 3220/3617/3451
f 2802/3616/3450 3220/3617/3451 2803/3618/3452
f 2803/3618/3452 3220/3617/3451 3219/3619/3453
f 2803/3618/3452 3219/3619/3453 2804/3620/3454
f 2804/3620/3454 3219/3619/3453 3218/3621/3455
f 2804/3620/3454 3218/3621/3455 2805/3622/3456
f 2805/3622/3456 3218/3621/3455 3217/3623/3457
f 2805/3622/3456 3217/3623/3457 2806/3624/3458
f 2806/3624/3458 3217/3623/3457 3216/3625/3459
f 2806/3624/3458 3216/3625/3459 2807/3626/3460
f 2807/3626/3460 3216/3625/3459 3215/3627/3461
f 2807/3626/3460 3215/3627/3461 2808/3628/3462
f 2808/3628/3462 3215/3627/3461 3214/3629/3463
f 2808/3628/3462 3214/3629/3463 2809/3630/3464
f 2809/3630/3464 3214/3629/3463 3213/3631/3465
f 2809/3630/3464 3213/3631/3465 2810/3632/3466
f 2810/3632/3466 3213/3631/3465 3212/3633/3467
f 2810/3632/3466 3212/3633/3467 2811/3634/3468
f 2811/3634/3468 3212/3633/3467 3211/3635/3469
f 2811/3634/3468 3211/3635/3469 2812/3636/3470
f 2812/3636/3470 3211/3635/3469 3210/3637/3471
f 2812/3636/3470 3210/3637/3471 2813/3638/3472
f 2813/3638/3472 3210/3637/3471 3209/3639/3473
f 2813/3638/3472 3209/3639/3473 2814/3640/3474
f 2814/3640/3474 3209/3639/3473 3208/3641/3475
f 2814/3640/3474 3208/3641/3475 2815/3642/3476
f 2815/3642/3476 3208/3641/3475 3207/3643/3477
f 2815/3642/3476 3207/3643/3477 2816/3644/3478
f 2816/3644/3478 3207/3643/3477 3206/3645/3479
f 2816/3644/3478 3206/3645/3479 2817/3646/3480
f 2817/3646/3480 3206/3645/3479 3205/3647/3481
f 2817/3646/3480 3205/3647/3481 2818/3648/3482
f 2818/3648/3482 3205/3647/3481 3204/3649/3483
f 2818/3648/3482 3204/3649/3483 2819/3650/3484
f 2819/3650/3484 3204/3649/3483 3203/3651/3485
f 2819/3650/3484 3203/3651/3485 2820/3652/3486
f 2820/3652/3486 3203/3651/3485 3202/3653/3487
f 2820/3652/3486 3202/3653/3487 2821/3654/3488
f 2821/3654/3488 3202/3653/3487 3201/3655/3489
f 2821/3654/3488 3201/3655/3489 2822/3656/3490
f 2822/3656/3490 3201/3655/3489 3200/3657/3491
f 2822/3656/3490 3200/3657/3491 2823/3658/3492
f 2823/3658/3492 3200/3657/3491 3199/3659/3493
f 2823/3658/3492 3199/3659/3493 2824/3660/3494
f 2824/3660/3494 3199/3659/3493 3198/3661/3495
f 2824/3660/3494 3198/3661/3495 2825/3662/3496
f 2825/3662/3496 3198/3661/3495 3197/3663/3497
f 2825/3662/3496 3197/3663/3497 2826/3664/3498
f 2826/3664/3498 3197/3663/3497 3196/3665/3499
f 2826/3664/3498 3196/3665/3499 2827/3666/3500
f 2827/3666/3500 3196/3665/3499 3195/3667/3501
f 2827/3666/3500 3195/3667/3501 2828/3668/3502
f 2828/3668/3502 3195/3667/3501 3194/3669/3503
f 2828/3668/3502 3194/3669/3503 2829/3670/3504
f 2829/3670/3504 3194/3669/3503 3193/3671/3505
f 2829/3670/3504 3193/3671/3505 2830/3672/3506
f 2830/3672/3506 3193/3671/3505 3192/3673/3507
f 2830/3672/3506 3192/3673/3507 2831/3674/3508
f 2831/3674/3508 3192/3673/3507 3191/3675/3509
f 2831/3674/3508 3191/3675/3509 2832/3676/3510
f 2832/3676/3510 3191/3675/3509 3190/3677/3511
f 2832/3676/3510 3190/3677/3511 2833/3678/3512
f 2833/3678/3512 3190/3677/3511 3189/3679/3513
f 2833/3678/3512 3189/3679/3513 2834/3680/3514
f 2834/3680/3514 3189/3679/3513 3188/3681/3515
f 2834/3680/3514 3188/3681/3515 2835/3682/3516
f 2835/3682/3516 3188/3681/3515 3187/3683/3517
f 2835/3682/3516 3187/3683/3517 2836/3684/3518
f 2836/3684/3518 3187/3683/3517 3186/3685/3519
f 2836/3684/3518 3186/3685/3519 2837/3686/3520
f 2837/3686/3520 3186/3685/3519 3185/3687/3521
f 2837/3686/3520 3185/3687/3521 2838/3688/3522
f 2838/3688/3522 3185/3687/3521 3184/3689/3523
f 2838/3688/3522 3184/3689/3523 2839/3690/3524
f 2839/3690/3524 3184/3689/3523 3183/3691/3525
f 2839/3690/3524 3183/3691/3525 2840/3692/3526
f 2840/3692/3526 3183/3691/3525 3182/3693/3527
f 2840/3692/3526 3182/3693/3527 2841/3694/3528
f 2841/3694/3528 3182/3693/3527 3181/3695/3529
f 2841/3694/3528 3181/3695/3529 2842/3696/3530
f 2842/3696/3530 3181/3695/3529 3180/3697/3531
f 2842/3696/3530 3180/3697/3531 2843/3698/3532
f 2843/3698/3532 3180/3697/3531 3179/3699/3533
f 2843/3698/3532 3179/3699/3533 2844/3700/3534
f 2844/3700/3534 3179/3699/3533 3178/3701/3535
f 2844/3700/3534 3178/3701/3535 2845/3702/3536
f 2845/3702/3536 3178/3701/3535 3177/3703/3537
f 2845/3702/3536 3177/3703/3537 2846/3704/3538
f 2846/3704/3538 3177/3703/3537 3176/3705/3539
f 2846/3704/3538 3176/3705/3539 2847/3706/3540
f 2847/3706/3540 3176/3705/3539 3175/3707/3541
f 2847/3706/3540 3175/3707/3541 2848/3708/3542
f 2848/3708/3542 3175/3707/3541 3174/3709/3543
f 2848/3708/3542 3174/3709/3543 2849/3710/3544
f 2849/3710/3544 3174/3709/3543 3173/3711/3545
f 2849/3710/3544 3173/3711/3545 2850/3712/3546
f 2850/3712/3546 3173/3711/3545 3172/3713/3547
f 2850/3712/3546 3172/3713/3547 2851/3714/3548
f 2851/3714/3548 3172/3713/3547 3171/3715/3549
f 2851/3714/3548 3171/3715/3549 2852/3716/3550
f 2852/3716/3550 3171/3715/3549 3170/3717/3551
f 2852/3716/3550 3170/3717/3551 2853/3718/3552
f 2853/3718/3552 3170/3717/3551 3169/3719/3553
f 2853/3718/3552 3169/3719/3553 2854/3720/3554
f 2854/3720/3554 3169/3719/3553 3168/3721/3555
f 2854/3720/3554 3168/3721/3555 2855/3722/3556
f 2855/3722/3556 3168/3721/3555 3167/3723/3557
f 2855/3722/3556 3167/3723/3557 2856/3724/3558
f 2856/3724/3558 3167/3723/3557 3166/3725/3559
f 2856/3724/3558 3166/3725/3559 2857/3726/3560
f 2857/3726/3560 3166/3725/3559 3165/3727/3561
f 2857/3726/3560 3165/3727/3561 2858/3728/3562
f 2858/3728/3562 3165/3727/3561 3164/3729/3563
f 2858/3728/3562 3164/3729/3563 2859/3730/3564
f 2859/3730/3564 3164/3729/3563 3163/3731/3565
f 2859/3730/3564 3163/3731/3565 2860/3732/3566
f 2860/3732/3566 3163/3731/3565 3162/3733/3567
f 2860/3732/3566 3162/3733/3567 2861/3734/3568
f 2861/3734/3568 3162/3733/3567 3161/3735/3569
f 2861/3734/3568 3161/3735/3569 2862/3736/3570
f 2862/3736/3570 3161/3735/3569 3160/3737/3571
f 2862/3736/3570 3160/3737/3571 2863/3738/3572
f 2863/3738/3572 3160/3737/3571 3159/3739/3573
f 2863/3738/3572 3159/3739/3573 2864/3740/3574
f 2864/3740/3574 3159/3739/3573 3158/3741/3575
f 2864/3740/3574 3158/3741/3575 2865/3742/3576
f 2865/3742/3576 3158/3741/3575 3157/3743/3577
f 2865/3742/3576 3157/3743/3577 2866/3744/3578
f 2866/3744/3578 3157/3743/3577 3156/3745/3579
f 2866/3744/3578 3156/3745/3579 2867/3746/3580
f 2867/3746/3580 3156/3745/3579 3155/3747/3581
f 2867/3746/3580 3155/3747/3581 2868/3748/3582
f 2868/3748/3582 3155/3747/3581 3154/3749/3583
f 2868/3748/3582 3154/3749/3583 2869/3750/3584
f 2869/3750/3584 3154/3749/3583 3153/3751/3585
f 2869/3750/3584 3153/3751/3585 2870/3752/3586
f 2870/3752/3586 3153/3751/3585 3152/3753/3587
f 2870/3752/3586 3152/3753/3587 2871/3754/3588
f 2871/3754/3588 3152/3753/3587 3151/3755/3589
f 2871/3754/3588 3151/3755/3589 2872/3756/3590
f 2872/3756/3590 3151/3755/3589 3150/3757/3591
f 2872/3756/3590 3150/3757/3591 2873/3758/3592
f 2873/3758/3592 3150/3757/3591 3149/3759/3593
f 2873/3758/3592 3149/3759/3593 2874/3760/3594
f 2874/3760/3594 3149/3759/3593 3148/3761/3595
f 2874/3760/3594 3148/3761/3595 2875/3762/3596
f 2875/3762/3596 3148/3761/3595 3147/3763/3597
f 2875/3762/3596 3147/3763/3597 2876/3764/3598
f 2876/3764/3598 3147/3763/3597 3146/3765/3599
f 2876/3764/3598 3146/3765/3599 2877/3766/3600
f 2877/3766/3600 3146/3765/3599 3145/3767/3601
f 2877/3766/3600 3145/3767/3601 2878/3768/3602
f 2878/3768/3602 3145/3767/3601 3144/3769/3603
f 2878/3768/3602 3144/3769/3603 2879/3770/3604
f 2879/3770/3604 3144/3769/3603 3143/3771/3605
f 2879/3770/3604 3143/3771/3605 2880/3772/3606
f 2880/3772/3606 3143/3771/3605 3142/3773/3607
f 2880/3772/3606 3142/3773/3607 2881/3774/3608
f 2881/3774/3608 3142/3773/3607 3141/3775/3609
f 2881/3774/3608 3141/3775/3609 2882/3776/3610
f 2882/3776/3610 3141/3775/3609 3140/3777/3611
f 2882/3776/3610 3140/3777/3611 2883/3778/3612
f 2883/3778/3612 3140/3777/3611 3139/3779/3613
f 2883/3778/3612 3139/3779/3613 2884/3780/3614
f 2884/3780/3614 3139/3779/3613 3138/3781/3615
f 2884/3780/3614 3138/3781/3615 2885/3782/3616
f 2885/3782/3616 3138/3781/3615 3137/3783/3617
f 2885/3782/3616 3137/3783/3617 2886/3784/3618
f 2886/3784/3618 3137/3783/3617 3136/3785/3619
f 2886/3784/3618 3136/3785/3619 2887/3786/3620
f 2887/3786/3620 3136/3785/3619 3135/3787/3621
f 2887/3786/3620 3135/3787/3621 2888/3788/3622
f 2888/3788/3622 3135/3787/3621 3134/3789/3623
f 2888/3788/3622 3134/3789/3623 2889/3790/3624
f 2889/3790/3624 3134/3789/3623 3133/3791/3625
f 2889/3790/3624 3133/3791/3625 2890/3792/3626
f 2890/3792/3626 3133/3791/3625 3132/3793/3627
f 2890/3792/3626 3132/3793/3627 2891/3794/3628
f 2891/3794/3628 3132/3793/3627 3131/3795/3629
f 2891/3794/3628 3131/3795/3629 2892/3796/3630
f 2892/3796/3630 3131/3795/3629 3130/3797/3631
f 2892/3796/3630 3130/3797/3631 2893/3798/3632
f 2893/3798/3632 3130/3797/3631 3129/3799/3633
f 2893/3798/3632 3129/3799/3633 2894/3800/3634
f 2894/3800/3634 3129/3799/3633 3128/3801/3635
f 2894/3800/3634 3128/3801/3635 2895/3802/3636
f 2895/3802/3636 3128/3801/3635 3127/3803/3637
f 2895/3802/3636 3127/3803/3637 2896/3804/3638
f 2896/3804/3638 3127/3803/3637 3126/3805/3639
f 2896/3804/3638 3126/3805/3639 2897/3592/3428
f 2897/3592/3428 3126/3805/3639 3125/3593/3429
f 3019/3806/3640 3229/3599/3433 3018/3807/3641
f 3018/3807/3641 3229/3599/3433 3124/3597/3431
f 3018/3808/3641 3124/3595/3431 3123/3809/3642
f 3123/3809/3642 3124/3595/3431 3125/3593/3429
f 3123/3809/3642 3125/3593/3429 3122/3810/3643
f 3122/3810/3643 3125/3593/3429 3126/3805/3639
f 3122/3810/3643 3126/3805/3639 3121/3811/3644
f 3121/3811/3644 3126/3805/3639 3127/3803/3637
f 3121/3811/3644 3127/3803/3637 3120/3812/3645
f 3120/3812/3645 3127/3803/3637 3128/3801/3635
f 3120/3812/3645 3128/3801/3635 3119/3813/3646
f 3119/3813/3646 3128/3801/3635 3129/3799/3633
f 3119/3813/3646 3129/3799/3633 3118/3814/3647
f 3118/3814/3647 3129/3799/3633 3130/3797/3631
f 3118/3814/3647 3130/3797/3631 3117/3815/3648
f 3117/3815/3648 3130/3797/3631 3131/3795/3629
f 3117/3815/3648 3131/3795/3629 3116/3816/3649
f 3116/3816/3649 3131/3795/3629 3132/3793/3627
f 3116/3816/3649 3132/3793/3627 3115/3817/3650
f 3115/3817/3650 3132/3793/3627 3133/3791/3625
f 3115/3817/3650 3133/3791/3625 3114/3818/3651
f 3114/3818/3651 3133/3791/3625 3134/3789/3623
f 3114/3818/3651 3134/3789/3623 3113/3819/3652
f 3113/3819/3652 3134/3789/3623 3135/3787/3621
f 3113/3819/3652 3135/3787/3621 3112/3820/3653
f 3112/3820/3653 3135/3787/3621 3136/3785/3619
f 3112/3820/3653 3136/3785/3619 3111/3821/3654
f 3111/3821/3654 3136/3785/3619 3137/3783/3617
f 3111/3821/3654 3137/3783/3617 3110/3822/3655
f 3110/3822/3655 3137/3783/3617 3138/3781/3615
f 3110/3822/3655 3138/3781/3615 3109/3823/3656
f 3109/3823/3656 3138/3781/3615 3139/3779/3613
f 3109/3823/3656 3139/3779/3613 3108/3824/3657
f 3108/3824/3657 3139/3779/3613 3140/3777/3611
f 3108/3824/3657 3140/3777/3611 3107/3825/3658
f 3107/3825/3658 3140/3777/3611 3141/3775/3609
f 3107/3825/3658 3141/3775/3609 3106/3826/3659
f 3106/3826/3659 3141/3775/3609 3142/3773/3607
f 3106/3826/3659 3142/3773/3607 3105/3827/3660
f 3105/3827/3660 3142/3773/3607 3143/3771/3605
f 3105/3827/3660 3143/3771/3605 3104/3828/3661
f 3104/3828/3661 3143/3771/3605 3144/3769/3603
f 3104/3828/3661 3144/3769/3603 3103/3829/3662
f 3103/3829/3662 3144/3769/3603 3145/3767/3601
f 3103/3829/3662 3145/3767/3601 3102/3830/3663
f 3102/3830/3663 3145/3767/3601 3146/3765/3599
f 3102/3830/3663 3146/3765/3599 3101/3831/3664
f 3101/3831/3664 3146/3765/3599 3147/3763/3597
f 3101/3831/3664 3147/3763/3597 3100/3832/3665
f 3100/3832/3665 3147/3763/3597 3148/3761/3595
f 3100/3832/3665 3148/3761/3595 3099/3833/3666
f 3099/3833/3666 3148/3761/3595 3149/3759/3593
f 3099/3833/3666 3149/3759/3593 3098/3834/3667
f 3098/3834/3667 3149/3759/3593 3150/3757/3591
f 3098/3834/3667 3150/3757/3591 3097/3835/3668
f 3097/3835/3668 3150/3757/3591 3151/3755/3589
f 3097/3835/3668 3151/3755/3589 3096/3836/3669
f 3096/3836/3669 3151/3755/3589 3152/3753/3587
f 3096/3836/3669 3152/3753/3587 3095/3837/3670
f 3095/3837/3670 3152/3753/3587 3153/3751/3585
f 3095/3837/3670 3153/3751/3585 3094/3838/3671
f 3094/3838/3671 3153/3751/3585 3154/3749/3583
f 3094/3838/3671 3154/3749/3583 3093/3839/3672
f 3093/3839/3672 3154/3749/3583 3155/3747/3581
f 3093/3839/3672 3155/3747/3581 3092/3840/3673
f 3092/3840/3673 3155/3747/3581 3156/3745/3579
f 3092/3840/3673 3156/3745/3579 3091/3841/3674
f 3091/3841/3674 3156/3745/3579 3157/3743/3577
f 3091/3841/3674 3157/3743/3577 3090/3842/3675
f 3090/3842/3675 3157/3743/3577 3158/3741/3575
f 3090/3842/3675 3158/3741/3575 3089/3843/3676
f 3089/3843/3676 3158/3741/3575 3159/3739/3573
f 3089/3843/3676 3159/3739/3573 3088/3844/3677
f 3088/3844/3677 3159/3739/3573 3160/3737/3571
f 3088/3844/3677 3160/3737/3571 3087/3845/3678
f 3087/3845/3678 3160/3737/3571 3161/3735/3569
f 3087/3845/3678 3161/3735/3569 3086/3846/3679
f 3086/3846/3679 3161/3735/3569 3162/3733/3567
f 3086/3846/3679 3162/3733/3567 3085/3847/3680
f 3085/3847/3680 3162/3733/3567 3163/3731/3565
f 3085/3847/3680 3163/3731/3565 3084/3848/3681
f 3084/3848/3681 3163/3731/3565 3164/3729/3563
f 3084/3848/3681 3164/3729/3563 3083/3849/3682
f 3083/3849/3682 3164/3729/3563 3165/3727/3561
f 3083/3849/3682 3165/3727/3561 3082/3850/3683
f 3082/3850/3683 3165/3727/3561 3166/3725/3559
f 3082/3850/3683 3166/3725/3559 3081/3851/3684
f 3081/3851/3684 3166/3725/3559 3167/3723/3557
f 3081/3851/3684 3167/3723/3557 3080/3852/3685
f 3080/3852/3685 3167/3723/3557 3168/3721/3555
f 3080/3852/3685 3168/3721/3555 3079/3853/3686
f 3079/3853/3686 3168/3721/3555 3169/3719/3553
f 3079/3853/3686 3169/3719/3553 3078/3854/3687
f 3078/3854/3687 3169/3719/3553 3170/3717/3551
f 3078/3854/3687 3170/3717/3551 3077/3855/3688
f 3077/3855/3688 3170/3717/3551 3171/3715/3549
f 3077/3855/3688 3171/3715/3549 3076/3856/3689
f 3076/3856/3689 3171/3715/3549 3172/3713/3547
f 3076/3856/3689 3172/3713/3547 3075/3857/3690
f 3075/3857/3690 3172/3713/3547 3173/3711/3545
f 3075/3857/3690 3173/3711/3545 3074/3858/3691
f 3074/3858/3691 3173/3711/3545 3174/3709/3543
f 3074/3858/3691 3174/3709/3543 3073/3859/3692
f 3073/3859/3692 3174/3709/3543 3175/3707/3541
f 3073/3859/3692 3175/3707/3541 3072/3860/3693
f 3072/3860/3693 3175/3707/3541 3176/3705/3539
f 3072/3860/3693 3176/3705/3539 3071/3861/3694
f 3071/3861/3694 3176/3705/3539 3177/3703/3537
f 3071/3861/3694 3177/3703/3537 3070/3862/3695
f 3070/3862/3695 3177/3703/3537 3178/3701/3535
f 3070/3862/3695 3178/3701/3535 3069/3863/3696
f 3069/3863/3696 3178/3701/3535 3179/3699/3533
f 3069/3863/3696 3179/3699/3533 3068/3864/3697
f 3068/3864/3697 3179/3699/3533 3180/3697/3531
f 3068/3864/3697 3180/3697/3531 3067/3865/3698
f 3067/3865/3698 3180/3697/3531 3181/3695/3529
f 3067/3865/3698 3181/3695/3529 3066/3866/3699
f 3066/3866/3699 3181/3695/3529 3182/3693/3527
f 3066/3866/3699 3182/3693/3527 3065/3867/3700
f 3065/3867/3700 3182/3693/3527 3183/3691/3525
f 3065/3867/3700 3183/3691/3525 3064/3868/3701
f 3064/3868/3701 3183/3691/3525 3184/3689/3523
f 3064/3868/3701 3184/3689/3523 3063/3869/3702
f 3063/3869/3702 3184/3689/3523 3185/3687/3521
f 3063/3869/3702 3185/3687/3521 3062/3870/3703
f 3062/3870/3703 3185/3687/3521 3186/3685/3519
f 3062/3870/3703 3186/3685/3519 3061/3871/3704
f 3061/3871/3704 3186/3685/3519 3187/3683/3517
f 3061/3871/3704 3187/3683/3517 3060/3872/3705
f 3060/3872/3705 3187/3683/3517 3188/3681/3515
f 3060/3872/3705 3188/3681/3515 3059/3873/3706
f 3059/3873/3706 3188/3681/3515 3189/3679/3513
f 3059/3873/3706 3189/3679/3513 3058/3874/3707
f 3058/3874/3707 3189/3679/3513 3190/3677/3511
f 3058/3874/3707 3190/3677/3511 3057/3875/3708
f 3057/3875/3708 3190/3677/3511 3191/3675/3509
f 3057/3875/3708 3191/3675/3509 3056/3876/3709
f 3056/3876/3709 3191/3675/3509 3192/3673/3507
f 3056/3876/3709 3192/3673/3507 3055/3877/3710
f 3055/3877/3710 3192/3673/3507 3193/3671/3505
f 3055/3877/3710 3193/3671/3505 3054/3878/3711
f 3054/3878/3711 3193/3671/3505 3194/3669/3503
f 3054/3878/3711 3194/3669/3503 3053/3879/3712
f 3053/3879/3712 3194/3669/3503 3195/3667/3501
f 3053/3879/3712 3195/3667/3501 3052/3880/3713
f 3052/3880/3713 3195/3667/3501 3196/3665/3499
f 3052/3880/3713 3196/3665/3499 3051/3881/3714
f 3051/3881/3714 3196/3665/3499 3197/3663/3497
f 3051/3881/3714 3197/3663/3497 3050/3882/3715
f 3050/3882/3715 3197/3663/3497 3198/3661/3495
f 3050/3882/3715 3198/3661/3495 3049/3883/3716
f 3049/3883/3716 3198/3661/3495 3199/3659/3493
f 3049/3883/3716 3199/3659/3493 3048/3884/3717
f 3048/3884/3717 3199/3659/3493 3200/3657/3491
f 3048/3884/3717 3200/3657/3491 3047/3885/3718
f 3047/3885/3718 3200/3657/3491 3201/3655/3489
f 3047/3885/3718 3201/3655/3489 3046/3886/3719
f 3046/3886/3719 3201/3655/3489 3202/3653/3487
f 3046/3886/3719 3202/3653/3487 3045/3887/3720
f 3045/3887/3720 3202/3653/3487 3203/3651/3485
f 3045/3887/3720 3203/3651/3485 3044/3888/3721
f 3044/3888/3721 3203/3651/3485 3204/3649/3483
f 3044/3888/3721 3204/3649/3483 3043/3889/3722
f 3043/3889/3722 3204/3649/3483 3205/3647/3481
f 3043/3889/3722 3205/3647/3481 3042/3890/3723
f 3042/3890/3723 3205/3647/3481 3206/3645/3479
f 3042/3890/3723 3206/3645/3479 3041/3891/3724
f 3041/3891/3724 3206/3645/3479 3207/3643/3477
f 3041/3891/3724 3207/3643/3477 3040/3892/3725
f 3040/3892/3725 3207/3643/3477 3208/3641/3475
f 3040/3892/3725 3208/3641/3475 3039/3893/3726
f 3039/3893/3726 3208/3641/3475 3209/3639/3473
f 3039/3893/3726 3209/3639/3473 3038/3894/3727
f 3038/3894/3727 3209/3639/3473 3210/3637/3471
f 3038/3894/3727 3210/3637/3471 3037/3895/3728
f 3037/3895/3728 3210/3637/3471 3211/3635/3469
f 3037/3895/3728 3211/3635/3469 3036/3896/3729
f 3036/3896/3729 3211/3635/3469 3212/3633/3467
f 3036/3896/3729 3212/3633/3467 3035/3897/3730
f 3035/3897/3730 3212/3633/3467 3213/3631/3465
f 3035/3897/3730 3213/3631/3465 3034/3898/3731
f 3034/3898/3731 3213/3631/3465 3214/3629/3463
f 3034/3898/3731 3214/3629/3463 3033/3899/3732
f 3033/3899/3732 3214/3629/3463 3215/3627/3461
f 3033/3899/3732 3215/3627/3461 3032/3900/3733
f 3032/3900/3733 3215/3627/3461 3216/3625/3459
f 3032/3900/3733 3216/3625/3459 3031/3901/3734
f 3031/3901/3734 3216/3625/3459 3217/3623/3457
f 3031/3901/3734 3217/3623/3457 3030/3902/3735
f 3030/3902/3735 3217/3623/3457 3218/3621/3455
f 3030/3902/3735 3218/3621/3455 3029/3903/3736
f 3029/3903/3736 3218/3621/3455 3219/3619/3453
f 3029/3903/3736 3219/3619/3453 3028/3904/3737
f 3028/3904/3737 3219/3619/3453 3220/3617/3451
f 3028/3904/3737 3220/3617/3451 3027/3905/3738
f 3027/3905/3738 3220/3617/3451 3221/3615/3449
f 3027/3905/3738 3221/3615/3449 3026/3906/3739
f 3026/3906/3739 3221/3615/3449 3222/3613/3447
f 3026/3906/3739 3222/3613/3447 3025/3907/3740
f 3025/3907/3740 3222/3613/3447 3223/3611/3445
f 3025/3907/3740 3223/3611/3445 3024/3908/3741
f 3024/3908/3741 3223/3611/3445 3224/3609/3443
f 3024/3908/3741 3224/3609/3443 3023/3909/3742
f 3023/3909/3742 3224/3609/3443 3225/3607/3441
f 3023/3909/3742 3225/3607/3441 3022/3910/3743
f 3022/3910/3743 3225/3607/3441 3226/3605/3439
f 3022/3910/3743 3226/3605/3439 3021/3911/3744
f 3021/3911/3744 3226/3605/3439 3227/3603/3437
f 3021/3911/3744 3227/3603/3437 3020/3912/3745
f 3020/3912/3745 3227/3603/3437 3228/3601/3435
f 3020/3912/3745 3228/3601/3435 3019/3806/3640
f 3019/3806/3640 3228/3601/3435 3229/3599/3433
f 388/3913/3746 387/3914/3747 875/3915/3748
f 875/3915/3748 387/3914/3747 876/3916/3749
f 876/3916/3749 387/3914/3747 386/3917/3750
f 876/3916/3749 386/3917/3750 877/3918/3751
f 877/3918/3751 386/3917/3750 385/3919/3752
f 877/3918/3751 385/3919/3752 878/3920/3753
f 878/3920/3753 385/3919/3752 384/3921/3754
f 878/3920/3753 384/3921/3754 879/3922/3755
f 879/3922/3755 384/3921/3754 383/3923/3756
f 879/3922/3755 383/3923/3756 880/3924/3757
f 880/3924/3757 383/3923/3756 382/3925/3758
f 880/3924/3757 382/3925/3758 881/3926/3759
f 881/3926/3759 382/3925/3758 381/3927/3760
f 881/3926/3759 381/3927/3760 882/3928/3761
f 882/3928/3761 381/3927/3760 380/3929/3762
f 882/3928/3761 380/3929/3762 883/3930/3763
f 883/3930/3763 380/3929/3762 884/3931/3764
f 884/3931/3764 380/3929/3762 379/3932/3765
f 884/3931/3764 379/3932/3765 885/3933/3766
f 885/3933/3766 379/3932/3765 378/3934/3767
f 885/3933/3766 378/3934/3767 886/3935/3768
f 886/3935/3768 378/3934/3767 377/3936/3769
f 886/3935/3768 377/3936/3769 887/3937/3770
f 887/3937/3770 377/3936/3769 376/3938/3771
f 887/3937/3770 376/3938/3771 888/3939/3772
f 888/3939/3772 376/3938/3771 375/3940/3773
f 888/3939/3772 375/3940/3773 889/3941/3774
f 889/3941/3774 375/3940/3773 374/3942/3775
f 889/3941/3774 374/3942/3775 890/3943/3776
f 890/3943/3776 374/3942/3775 373/3944/3777
f 890/3943/3776 373/3944/3777 891/3945/3778
f 891/3945/3778 373/3944/3777 372/3946/3779
f 891/3945/3778 372/3946/3779 371/3947/3780
f 891/3945/3778 371/3947/3780 892/3948/3781
f 892/3948/3781 371/3947/3780 370/3949/3782
f 892/3948/3781 370/3949/3782 893/3950/3783
f 893/3950/3783 370/3949/3782 369/3951/3784
f 893/3950/3783 369/3951/3784 894/3952/3785
f 894/3952/3785 369/3951/3784 368/3953/3786
f 894/3952/3785 368/3953/3786 895/3954/3787
f 895/3954/3787 368/3953/3786 367/3955/3788
f 895/3954/3787 367/3955/3788 896/3956/3789
f 896/3956/3789 367/3955/3788 366/3957/3790
f 896/3956/3789 366/3957/3790 897/3958/3791
f 897/3958/3791 366/3957/3790 365/3959/3792
f 897/3958/3791 365/3959/3792 898/3960/3793
f 898/3960/3793 365/3959/3792 364/3961/3794
f 898/3960/3793 364/3961/3794 899/3962/3795
f 899/3962/3795 364/3961/3794 363/3963/3796
f 899/3962/3795 363/3963/3796 900/3964/3797
f 900/3964/3797 363/3963/3796 362/3965/3798
f 900/3964/3797 362/3965/3798 901/3966/3799
f 901/3966/3799 362/3965/3798 361/3967/3800
f 901/3966/3799 361/3967/3800 902/3968/3801
f 902/3968/3801 361/3967/3800 903/3969/3802
f 903/3969/3802 361/3967/3800 360/3970/3803
f 903/3969/3802 360/3970/3803 359/3971/3804
f 903/3969/3802 359/3971/3804 904/3972/3805
f 904/3972/3805 359/3971/3804 358/3973/3806
f 904/3972/3805 358/3973/3806 905/3974/3807
f 905/3974/3807 358/3973/3806 357/3975/3808
f 905/3974/3807 357/3975/3808 906/3976/3809
f 906/3976/3809 357/3975/3808 833/3977/3810
f 833/3977/3810 357/3975/3808 356/3978/3811
f 3123/3979/3812 211/3980/3813 3018/3981/3814
f 3018/3981/3814 211/3980/3813 210/3982/3815
f 3018/3981/3814 210/3982/3815 3019/3983/3816
f 3019/3983/3816 210/3982/3815 209/3984/3817
f 3019/3983/3816 209/3984/3817 208/3985/3818
f 211/3980/3813 3123/3979/3812 212/3986/3819
f 212/3986/3819 3123/3979/3812 3122/3987/3820
f 212/3986/3819 3122/3987/3820 213/3988/3821
f 213/3988/3821 3122/3987/3820 3121/3989/3822
f 213/3988/3821 3121/3989/3822 214/3990/3823
f 214/3990/3823 3121/3989/3822 3120/3991/3824
f 214/3990/3823 3120/3991/3824 215/3992/3825
f 215/3992/3825 3120/3991/3824 216/3993/3826
f 216/3993/3826 3120/3991/3824 3119/3994/3827
f 216/3993/3826 3119/3994/3827 217/3995/3828
f 217/3995/3828 3119/3994/3827 3118/3996/3829
f 217/3995/3828 3118/3996/3829 218/3997/3830
f 218/3997/3830 3118/3996/3829 3117/3998/3831
f 218/3997/3830 3117/3998/3831 219/3999/3832
f 219/3999/3832 3117/3998/3831 3116/4000/3833
f 219/3999/3832 3116/4000/3833 220/4001/3834
f 220/4001/3834 3116/4000/3833 3115/4002/3835
f 220/4001/3834 3115/4002/3835 221/4003/3836
f 221/4003/3836 3115/4002/3835 3114/4004/3837
f 221/4003/3836 3114/4004/3837 222/4005/3838
f 222/4005/3838 3114/4004/3837 223/4006/3839
f 223/4006/3839 3114/4004/3837 3113/4007/3840
f 223/4006/3839 3113/4007/3840 224/4008/3841
f 224/4008/3841 3113/4007/3840 3112/4009/3842
f 224/4008/3841 3112/4009/3842 225/4010/3843
f 225/4010/3843 3112/4009/3842 3111/4011/3844
f 225/4010/3843 3111/4011/3844 226/4012/3845
f 226/4012/3845 3111/4011/3844 3110/4013/3846
f 226/4012/3845 3110/4013/3846 227/4014/3847
f 227/4014/3847 3110/4013/3846 3109/4015/3848
f 227/4014/3847 3109/4015/3848 228/4016/3849
f 228/4016/3849 3109/4015/3848 229/4017/3850
f 229/4017/3850 3109/4015/3848 3108/4018/3851
f 229/4017/3850 3108/4018/3851 230/4019/3852
f 230/4019/3852 3108/4018/3851 3107/4020/3853
f 230/4019/3852 3107/4020/3853 231/4021/3854
f 231/4021/3854 3107/4020/3853 3106/4022/3855
f 231/4021/3854 3106/4022/3855 232/4023/3856
f 232/4023/3856 3106/4022/3855 3105/4024/3857
f 232/4023/3856 3105/4024/3857 233/4025/3858
f 233/4025/3858 3105/4024/3857 3104/4026/3859
f 233/4025/3858 3104/4026/3859 234/4027/3860
f 234/4027/3860 3104/4026/3859 3103/4028/3861
f 234/4027/3860 3103/4028/3861 235/4029/3862
f 235/4029/3862 3103/4028/3861 236/4030/3863
f 236/4030/3863 3103/4028/3861 3102/4031/3864
f 236/4030/3863 3102/4031/3864 237/4032/3865
f 237/4032/3865 3102/4031/3864 3101/4033/3866
f 237/4032/3865 3101/4033/3866 238/4034/3867
f 238/4034/3867 3101/4033/3866 3100/4035/3868
f 238/4034/3867 3100/4035/3868 239/4036/3869
f 239/4036/3869 3100/4035/3868 3099/4037/3870
f 239/4036/3869 3099/4037/3870 240/4038/3871
f 240/4038/3871 3099/4037/3870 3098/4039/3872
f 240/4038/3871 3098/4039/3872 241/4040/3873
f 241/4040/3873 3098/4039/3872 3097/4041/3874
f 241/4040/3873 3097/4041/3874 242/4042/3875
f 242/4042/3875 3097/4041/3874 243/4043/3876
f 243/4043/3876 3097/4041/3874 3096/4044/3877
f 243/4043/3876 3096/4044/3877 244/4045/3878
f 244/4045/3878 3096/4044/3877 3095/4046/3879
f 244/4045/3878 3095/4046/3879 245/4047/3880
f 245/4047/3880 3095/4046/3879 3094/4048/3881
f 245/4047/3880 3094/4048/3881 246/4049/3882
f 246/4049/3882 3094/4048/3881 3093/4050/3883
f 246/4049/3882 3093/4050/3883 247/4051/3884
f 247/4051/3884 3093/4050/3883 3092/4052/3885
f 247/4051/3884 3092/4052/3885 248/4053/3886
f 248/4053/3886 3092/4052/3885 249/4054/3887
f 249/4054/3887 3092/4052/3885 3091/4055/3888
f 249/4054/3887 3091/4055/3888 250/4056/3889
f 250/4056/3889 3091/4055/3888 3090/4057/3890
f 250/4056/3889 3090/4057/3890 251/4058/3891
f 251/4058/3891 3090/4057/3890 3089/4059/3892
f 251/4058/3891 3089/4059/3892 252/4060/3893
f 252/4060/3893 3089/4059/3892 3088/4061/3894
f 252/4060/3893 3088/4061/3894 253/4062/3895
f 253/4062/3895 3088/4061/3894 3087/4063/3896
f 253/4062/3895 3087/4063/3896 254/4064/3897
f 254/4064/3897 3087/4063/3896 3086/4065/3898
f 254/4064/3897 3086/4065/3898 255/4066/3899
f 255/4066/3899 3086/4065/3898 256/4067/3900
f 256/4067/3900 3086/4065/3898 3085/4068/3901
f 256/4067/3900 3085/4068/3901 257/4069/3902
f 257/4069/3902 3085/4068/3901 3084/4070/3903
f 257/4069/3902 3084/4070/3903 258/4071/3904
f 258/4071/3904 3084/4070/3903 3083/4072/3905
f 258/4071/3904 3083/4072/3905 259/4073/3906
f 259/4073/3906 3083/4072/3905 3082/4074/3907
f 259/4073/3906 3082/4074/3907 260/4075/3908
f 260/4075/3908 3082/4074/3907 3081/4076/3909
f 260/4075/3908 3081/4076/3909 261/4077/3910
f 261/4077/3910 3081/4076/3909 262/4078/3911
f 262/4078/3911 3081/4076/3909 3080/4079/3912
f 262/4078/3911 3080/4079/3912 263/4080/3913
f 263/4080/3913 3080/4079/3912 3079/4081/3914
f 263/4080/3913 3079/4081/3914 264/4082/3915
f 264/4082/3915 3079/4081/3914 3078/4083/3916
f 264/4082/3915 3078/4083/3916 265/4084/3917
f 265/4084/3917 3078/4083/3916 3077/4085/3918
f 265/4084/3917 3077/4085/3918 266/4086/3919
f 266/4086/3919 3077/4085/3918 3076/4087/3920
f 266/4086/3919 3076/4087/3920 267/4088/3921
f 267/4088/3921 3076/4087/3920 3075/4089/3922
f 267/4088/3921 3075/4089/3922 268/4090/3923
f 268/4090/3923 3075/4089/3922 269/4091/3924
f 269/4091/3924 3075/4089/3922 3074/4092/3925
f 269/4091/3924 3074/4092/3925 270/4093/3926
f 270/4093/3926 3074/4092/3925 3073/4094/3927
f 270/4093/3926 3073/4094/3927 271/4095/3928
f 271/4095/3928 3073/4094/3927 3072/4096/3929
f 271/4095/3928 3072/4096/3929 272/4097/3930
f 272/4097/3930 3072/4096/3929 3071/4098/3931
f 272/4097/3930 3071/4098/3931 273/4099/3932
f 273/4099/3932 3071/4098/3931 3070/4100/3933
f 273/4099/3932 3070/4100/3933 274/4101/3934
f 274/4101/3934 3070/4100/3933 275/4102/3935
f 275/4102/3935 3070/4100/3933 3069/4103/3936
f 275/4102/3935 3069/4103/3936 276/4104/3937
f 276/4104/3937 3069/4103/3936 3068/4105/3938
f 276/4104/3937 3068/4105/3938 277/4106/3939
f 277/4106/3939 3068/4105/3938 3067/4107/3940
f 277/4106/3939 3067/4107/3940 278/4108/3941
f 278/4108/3941 3067/4107/3940 3066/4109/3942
f 278/4108/3941 3066/4109/3942 279/4110/3943
f 279/4110/3943 3066/4109/3942 3065/4111/3944
f 279/4110/3943 3065/4111/3944 280/4112/3945
f 280/4112/3945 3065/4111/3944 3064/4113/3946
f 280/4112/3945 3064/4113/3946 281/4114/3947
f 281/4114/3947 3064/4113/3946 282/4115/3948
f 282/4115/3948 3064/4113/3946 3063/4116/3949
f 282/4115/3948 3063/4116/3949 283/4117/3950
f 283/4117/3950 3063/4116/3949 3062/4118/3951
f 283/4117/3950 3062/4118/3951 284/4119/3952
f 284/4119/3952 3062/4118/3951 3061/4120/3953
f 284/4119/3952 3061/4120/3953 285/4121/3954
f 285/4121/3954 3061/4120/3953 3060/4122/3955
f 285/4121/3954 3060/4122/3955 286/4123/3956
f 286/4123/3956 3060/4122/3955 3059/4124/3957
f 286/4123/3956 3059/4124/3957 287/4125/3958
f 287/4125/3958 3059/4124/3957 3058/4126/3959
f 287/4125/3958 3058/4126/3959 288/4127/3960
f 288/4127/3960 3058/4126/3959 289/4128/3961
f 289/4128/3961 3058/4126/3959 3057/4129/3962
f 289/4128/3961 3057/4129/3962 290/4130/3963
f 290/4130/3963 3057/4129/3962 3056/4131/3964
f 290/4130/3963 3056/4131/3964 291/4132/3965
f 291/4132/3965 3056/4131/3964 3055/4133/3966
f 291/4132/3965 3055/4133/3966 292/4134/3967
f 292/4134/3967 3055/4133/3966 3054/4135/3968
f 292/4134/3967 3054/4135/3968 293/4136/3969
f 293/4136/3969 3054/4135/3968 3053/4137/3970
f 293/4136/3969 3053/4137/3970 294/4138/3971
f 294/4138/3971 3053/4137/3970 295/4139/3972
f 295/4139/3972 3053/4137/3970 3052/4140/3973
f 295/4139/3972 3052/4140/3973 296/4141/3974
f 296/4141/3974 3052/4140/3973 3051/4142/3975
f 296/4141/3974 3051/4142/3975 297/4143/3976
f 297/4143/3976 3051/4142/3975 3050/4144/3977
f 297/4143/3976 3050/4144/3977 298/4145/3978
f 298/4145/3978 3050/4144/3977 3049/4146/3979
f 298/4145/3978 3049/4146/3979 299/4147/3980
f 299/4147/3980 3049/4146/3979 3048/4148/3981
f 299/4147/3980 3048/4148/3981 300/4149/3982
f 300/4149/3982 3048/4148/3981 3047/4150/3983
f 300/4149/3982 3047/4150/3983 301/4151/3984
f 301/4151/3984 3047/4150/3983 302/4152/3985
f 302/4152/3985 3047/4150/3983 3046/4153/3986
f 302/4152/3985 3046/4153/3986 303/4154/3987
f 303/4154/3987 3046/4153/3986 3045/4155/3988
f 303/4154/3987 3045/4155/3988 179/4156/3989
f 179/4156/3989 3045/4155/3988 3044/4157/3990
f 179/4156/3989 3044/4157/3990 180/4158/3991
f 180/4158/3991 3044/4157/3990 3043/4159/3992
f 180/4158/3991 3043/4159/3992 181/4160/3993
f 181/4160/3993 3043/4159/3992 3042/4161/3994
f 181/4160/3993 3042/4161/3994 182/4162/3995
f 182/4162/3995 3042/4161/3994 183/4163/3996
f 183/4163/3996 3042/4161/3994 3041/4164/3997
f 183/4163/3996 3041/4164/3997 184/4165/3998
f 184/4165/3998 3041/4164/3997 3040/4166/3999
f 184/4165/3998 3040/4166/3999 185/4167/4000
f 185/4167/4000 3040/4166/3999 3039/4168/4001
f 185/4167/4000 3039/4168/4001 186/4169/4002
f 186/4169/4002 3039/4168/4001 3038/4170/4003
f 186/4169/4002 3038/4170/4003 187/4171/4004
f 187/4171/4004 3038/4170/4003 3037/4172/4005
f 187/4171/4004 3037/4172/4005 188/4173/4006
f 188/4173/4006 3037/4172/4005 3036/4174/4007
f 188/4173/4006 3036/4174/4007 189/4175/4008
f 189/4175/4008 3036/4174/4007 190/4176/4009
f 190/4176/4009 3036/4174/4007 3035/4177/4010
f 190/4176/4009 3035/4177/4010 191/4178/4011
f 191/4178/4011 3035/4177/4010 3034/4179/4012
f 191/4178/4011 3034/4179/4012 192/4180/4013
f 192/4180/4013 3034/4179/4012 3033/4181/4014
f 192/4180/4013 3033/4181/4014 193/4182/4015
f 193/4182/4015 3033/4181/4014 3032/4183/4016
f 193/4182/4015 3032/4183/4016 194/4184/4017
f 194/4184/4017 3032/4183/4016 3031/4185/4018
f 194/4184/4017 3031/4185/4018 195/4186/4019
f 195/4186/4019 3031/4185/4018 196/4187/4020
f 196/4187/4020 3031/4185/4018 3030/4188/4021
f 196/4187/4020 3030/4188/4021 197/4189/4022
f 197/4189/4022 3030/4188/4021 3029/4190/4023
f 197/4189/4022 3029/4190/4023 198/4191/4024
f 198/4191/4024 3029/4190/4023 3028/4192/4025
f 198/4191/4024 3028/4192/4025 199/4193/4026
f 199/4193/4026 3028/4192/4025 3027/4194/4027
f 199/4193/4026 3027/4194/4027 200/4195/4028
f 200/4195/4028 3027/4194/4027 3026/4196/4029
f 200/4195/4028 3026/4196/4029 201/4197/4030
f 201/4197/4030 3026/4196/4029 3025/4198/4031
f 201/4197/4030 3025/4198/4031 202/4199/4032
f 202/4199/4032 3025/4198/4031 203/4200/4033
f 203/4200/4033 3025/4198/4031 3024/4201/4034
f 203/4200/4033 3024/4201/4034 204/4202/4035
f 204/4202/4035 3024/4201/4034 3023/4203/4036
f 204/4202/4035 3023/4203/4036 205/4204/4037
f 205/4204/4037 3023/4203/4036 3022/4205/4038
f 205/4204/4037 3022/4205/4038 206/4206/4039
f 206/4206/4039 3022/4205/4038 3021/4207/4040
f 206/4206/4039 3021/4207/4040 207/4208/4041
f 207/4208/4041 3021/4207/4040 3020/4209/4042
f 207/4208/4041 3020/4209/4042 208/3985/3818
f 208/3985/3818 3020/4209/4042 3019/3983/3816
f 94/4210/4043 440/4211/4044 95/4212/4045
f 95/4212/4045 440/4211/4044 834/4213/4046
f 834/4213/4046 440/4211/4044 439/4214/4047
f 834/4213/4046 439/4214/4047 835/4215/4048
f 835/4215/4048 439/4214/4047 438/4216/4049
f 835/4215/4048 438/4216/4049 836/4217/4050
f 836/4217/4050 438/4216/4049 437/4218/4051
f 836/4217/4050 437/4218/4051 837/4219/4052
f 837/4219/4052 437/4218/4051 436/4220/4053
f 837/4219/4052 436/4220/4053 838/4221/4054
f 838/4221/4054 436/4220/4053 839/4222/4055
f 839/4222/4055 436/4220/4053 435/4223/4056
f 839/4222/4055 435/4223/4056 840/4224/4057
f 840/4224/4057 435/4223/4056 434/4225/4058
f 840/4224/4057 434/4225/4058 841/4226/4059
f 841/4226/4059 434/4225/4058 433/4227/4060
f 841/4226/4059 433/4227/4060 842/4228/4061
f 842/4228/4061 433/4227/4060 432/4229/4062
f 842/4228/4061 432/4229/4062 843/4230/4063
f 843/4230/4063 432/4229/4062 431/4231/4064
f 843/4230/4063 431/4231/4064 844/4232/4065
f 844/4232/4065 431/4231/4064 430/4233/4066
f 844/4232/4065 430/4233/4066 845/4234/4067
f 845/4234/4067 430/4233/4066 429/4235/4068
f 845/4234/4067 429/4235/4068 846/4236/4069
f 846/4236/4069 429/4235/4068 428/4237/4070
f 846/4236/4069 428/4237/4070 847/4238/4071
f 847/4238/4071 428/4237/4070 427/4239/4072
f 847/4238/4071 427/4239/4072 848/4240/4073
f 848/4240/4073 427/4239/4072 426/4241/4074
f 848/4240/4073 426/4241/4074 425/4242/4075
f 848/4240/4073 425/4242/4075 849/4243/4076
f 849/4243/4076 425/4242/4075 424/4244/4077
f 849/4243/4076 424/4244/4077 850/4245/4078
f 850/4245/4078 424/4244/4077 423/4246/4079
f 850/4245/4078 423/4246/4079 422/4247/4080
f 850/4245/4078 422/4247/4080 851/4248/4081
f 851/4248/4081 422/4247/4080 421/4249/4082
f 851/4248/4081 421/4249/4082 420/4250/4083
f 420/4250/4083 419/4251/4084 851/4248/4081
f 851/4248/4081 419/4251/4084 852/4252/4085
f 852/4252/4085 419/4251/4084 418/4253/4086
f 852/4252/4085 418/4253/4086 417/4254/4087
f 417/4254/4087 416/4255/4088 852/4252/4085
f 852/4252/4085 416/4255/4088 415/4256/4089
f 852/4252/4085 415/4256/4089 853/4257/4090
f 853/4257/4090 415/4256/4089 414/4258/4091
f 853/4257/4090 414/4258/4091 413/4259/4092
f 413/4259/4092 412/4260/4093 853/4257/4090
f 853/4257/4090 412/4260/4093 411/4261/4094
f 853/4257/4090 411/4261/4094 854/4262/4095
f 854/4262/4095 411/4261/4094 410/4263/4096
f 854/4262/4095 410/4263/4096 409/4264/4097
f 854/4262/4095 409/4264/4097 855/4265/4098
f 855/4265/4098 409/4264/4097 408/4266/4099
f 855/4265/4098 408/4266/4099 407/4267/4100
f 855/4265/4098 407/4267/4100 856/4268/4101
f 856/4268/4101 407/4267/4100 406/4269/4102
f 856/4268/4101 406/4269/4102 857/4270/4103
f 857/4270/4103 406/4269/4102 405/4271/4104
f 857/4270/4103 405/4271/4104 858/4272/4105
f 858/4272/4105 405/4271/4104 404/4273/4106
f 858/4272/4105 404/4273/4106 403/4274/4107
f 858/4272/4105 403/4274/4107 859/4275/4108
f 859/4275/4108 403/4274/4107 402/4276/4109
f 859/4275/4108 402/4276/4109 860/4277/4110
f 860/4277/4110 402/4276/4109 401/4278/4111
f 860/4277/4110 401/4278/4111 861/4279/4112
f 861/4279/4112 401/4278/4111 400/4280/4113
f 861/4279/4112 400/4280/4113 862/4281/4114
f 862/4281/4114 400/4280/4113 863/4282/4115
f 863/4282/4115 400/4280/4113 399/4283/4116
f 863/4282/4115 399/4283/4116 864/4284/4117
f 864/4284/4117 399/4283/4116 398/4285/4118
f 864/4284/4117 398/4285/4118 865/4286/4119
f 865/4286/4119 398/4285/4118 397/4287/4120
f 865/4286/4119 397/4287/4120 866/4288/4121
f 866/4288/4121 397/4287/4120 396/4289/4122
f 866/4288/4121 396/4289/4122 867/4290/4123
f 867/4290/4123 396/4289/4122 395/4291/4124
f 867/4290/4123 395/4291/4124 868/4292/4125
f 868/4292/4125 395/4291/4124 394/4293/4126
f 868/4292/4125 394/4293/4126 869/4294/4127
f 869/4294/4127 394/4293/4126 393/4295/4128
f 869/4294/4127 393/4295/4128 870/4296/4129
f 870/4296/4129 393/4295/4128 392/4297/4130
f 870/4296/4129 392/4297/4130 871/4298/4131
f 871/4298/4131 392/4297/4130 391/4299/4132
f 871/4298/4131 391/4299/4132 872/4300/4133
f 872/4300/4133 391/4299/4132 873/4301/4134
f 873/4301/4134 391/4299/4132 390/4302/4135
f 873/4301/4134 390/4302/4135 874/4303/4136
f 874/4303/4136 390/4302/4135 389/4304/4137
f 874/4303/4136 389/4304/4137 875/4305/4138
f 875/4305/4138 389/4304/4137 388/4306/4139

# 3229 vertices
# 4306 texture params
# 4139 normals
# 6458 facets

# 1 groups
