# WaveFront *.obj file (generated by Autodesk ATF)

mtllib Rear_barrel_cap.mtl

g Solid1

v 13.603768 2.000000 6.300000
v 12.592160 2.000000 6.300000
v 12.592160 2.000000 4.800000
v 13.603768 2.000000 4.800000
v 12.592160 -2.000000 6.300000
v 13.603768 -2.000000 6.300000
v 13.603768 -2.000000 4.800000
v 12.592160 -2.000000 4.800000
v 13.667680 1.502335 6.300000
v 13.713393 1.002669 6.300000
v 13.740845 0.501669 6.300000
v 13.750000 0.000000 6.300000
v 13.740845 -0.501669 6.300000
v 13.713393 -1.002669 6.300000
v 13.667680 -1.502335 6.300000
v 12.506450 -2.480163 6.300000
v 12.402437 -2.956696 6.300000
v 12.280274 -3.428902 6.300000
v 12.140139 -3.896090 6.300000
v 11.982238 -4.357576 6.300000
v 11.806801 -4.812686 6.300000
v 11.614086 -5.260752 6.300000
v 11.404374 -5.701119 6.300000
v 11.177972 -6.133143 6.300000
v 10.935212 -6.556191 6.300000
v 10.676448 -6.969645 6.300000
v 10.402060 -7.372899 6.300000
v 10.112450 -7.765363 6.300000
v 9.808040 -8.146463 6.300000
v 9.489276 -8.515641 6.300000
v 9.156626 -8.872356 6.300000
v 8.810575 -9.216088 6.300000
v 8.451630 -9.546332 6.300000
v 8.080317 -9.862605 6.300000
v 7.697178 -10.164445 6.300000
v 7.302775 -10.451410 6.300000
v 6.897685 -10.723080 6.300000
v 6.482501 -10.979057 6.300000
v 6.057829 -11.218966 6.300000
v 5.624292 -11.442458 6.300000
v 5.182525 -11.649203 6.300000
v 4.733173 -11.838901 6.300000
v 4.276894 -12.011273 6.300000
v 3.814356 -12.166067 6.300000
v 3.346236 -12.303057 6.300000
v 2.873219 -12.422041 6.300000
v 2.395997 -12.522847 6.300000
v 1.915269 -12.605326 6.300000
v 1.431738 -12.669358 6.300000
v 0.946111 -12.714849 6.300000
v 0.459100 -12.741732 6.300000
v -0.028583 -12.749968 6.300000
v -0.516224 -12.739545 6.300000
v -1.003109 -12.710479 6.300000
v -1.488527 -12.662811 6.300000
v -1.971766 -12.596612 6.300000
v -2.452120 -12.511979 6.300000
v -2.928885 -12.409034 6.300000
v -3.401364 -12.287930 6.300000
v -3.868865 -12.148843 6.300000
v -4.330704 -11.991977 6.300000
v -4.786205 -11.817561 6.300000
v -5.234702 -11.625850 6.300000
v -5.675539 -11.417126 6.300000
v -6.108069 -11.191693 6.300000
v -6.531660 -10.949882 6.300000
v -6.945693 -10.692046 6.300000
v -7.349561 -10.418563 6.300000
v -7.742674 -10.129832 6.300000
v -8.124455 -9.826278 6.300000
v -8.494346 -9.508343 6.300000
v -8.851807 -9.176492 6.300000
v -9.196313 -8.831213 6.300000
v -9.527361 -8.473010 6.300000
v -9.844466 -8.102406 6.300000
v -10.147164 -7.719945 6.300000
v -10.435013 -7.326187 6.300000
v -10.707590 -6.921707 6.300000
v -10.964497 -6.507097 6.300000
v -11.205358 -6.082964 6.300000
v -11.429820 -5.649930 6.300000
v -11.637556 -5.208627 6.300000
v -11.828261 -4.759701 6.300000
v -12.001655 -4.303810 6.300000
v -12.157486 -3.841620 6.300000
v -12.295524 -3.373808 6.300000
v -12.415569 -2.901059 6.300000
v -12.517444 -2.424065 6.300000
v -12.601001 -1.943522 6.300000
v -12.666116 -1.460136 6.300000
v -12.712696 -0.974613 6.300000
v -12.740670 -0.487663 6.300000
v -12.750000 -0.000000 6.300000
v -12.740670 0.487663 6.300000
v -12.712696 0.974613 6.300000
v -12.666116 1.460136 6.300000
v -12.601001 1.943522 6.300000
v -12.517444 2.424065 6.300000
v -12.415569 2.901059 6.300000
v -12.295524 3.373808 6.300000
v -12.157486 3.841620 6.300000
v -12.001655 4.303810 6.300000
v -11.828261 4.759701 6.300000
v -11.637556 5.208627 6.300000
v -11.429820 5.649930 6.300000
v -11.205358 6.082964 6.300000
v -10.964497 6.507097 6.300000
v -10.707590 6.921707 6.300000
v -10.435013 7.326187 6.300000
v -10.147164 7.719945 6.300000
v -9.844466 8.102406 6.300000
v -9.527361 8.473010 6.300000
v -9.196313 8.831213 6.300000
v -8.851807 9.176492 6.300000
v -8.494346 9.508343 6.300000
v -8.124455 9.826278 6.300000
v -7.742674 10.129832 6.300000
v -7.349561 10.418563 6.300000
v -6.945693 10.692046 6.300000
v -6.531660 10.949882 6.300000
v -6.108069 11.191693 6.300000
v -5.675539 11.417126 6.300000
v -5.234702 11.625850 6.300000
v -4.786205 11.817561 6.300000
v -4.330704 11.991977 6.300000
v -3.868865 12.148843 6.300000
v -3.401364 12.287930 6.300000
v -2.928885 12.409034 6.300000
v -2.452120 12.511979 6.300000
v -1.971766 12.596612 6.300000
v -1.488527 12.662811 6.300000
v -1.003109 12.710479 6.300000
v -0.516224 12.739545 6.300000
v -0.028583 12.749968 6.300000
v 0.459100 12.741732 6.300000
v 0.946111 12.714849 6.300000
v 1.431738 12.669358 6.300000
v 1.915269 12.605326 6.300000
v 2.395997 12.522847 6.300000
v 2.873219 12.422041 6.300000
v 3.346236 12.303057 6.300000
v 3.814356 12.166067 6.300000
v 4.276894 12.011273 6.300000
v 4.733173 11.838901 6.300000
v 5.182525 11.649203 6.300000
v 5.624292 11.442458 6.300000
v 6.057829 11.218966 6.300000
v 6.482501 10.979057 6.300000
v 6.897685 10.723080 6.300000
v 7.302775 10.451410 6.300000
v 7.697178 10.164445 6.300000
v 8.080317 9.862605 6.300000
v 8.451630 9.546332 6.300000
v 8.810575 9.216088 6.300000
v 9.156626 8.872356 6.300000
v 9.489276 8.515641 6.300000
v 9.808040 8.146463 6.300000
v 10.112450 7.765363 6.300000
v 10.402060 7.372899 6.300000
v 10.676448 6.969645 6.300000
v 10.935212 6.556191 6.300000
v 11.177972 6.133143 6.300000
v 11.404374 5.701119 6.300000
v 11.614086 5.260752 6.300000
v 11.806801 4.812686 6.300000
v 11.982238 4.357576 6.300000
v 12.140139 3.896090 6.300000
v 12.280274 3.428902 6.300000
v 12.402437 2.956696 6.300000
v 12.506450 2.480163 6.300000
v 16.691315 -3.950000 6.300000
v 16.817872 -3.941959 6.300000
v 16.942393 -3.917967 6.300000
v 17.062876 -3.878408 6.300000
v 17.177385 -3.823920 6.300000
v 17.284077 -3.755378 6.300000
v 17.381237 -3.673884 6.300000
v 17.467301 -3.580750 6.300000
v 17.540887 -3.477472 6.300000
v 17.600811 -3.365712 6.300000
v 17.646110 -3.247267 6.300000
v 17.676053 -3.124041 6.300000
v 17.740574 -2.733957 6.300000
v 17.796488 -2.342547 6.300000
v 17.843766 -1.950000 6.300000
v 14.620534 -1.950000 6.300000
v 14.677128 -1.464378 6.300000
v 14.717598 -0.977147 6.300000
v 14.741897 -0.488842 6.300000
v 14.750000 -0.000000 6.300000
v 14.741897 0.488842 6.300000
v 14.717598 0.977147 6.300000
v 14.677128 1.464378 6.300000
v 14.620534 1.950000 6.300000
v 17.843766 1.950000 6.300000
v 17.796488 2.342547 6.300000
v 17.740574 2.733957 6.300000
v 17.676053 3.124041 6.300000
v 17.646110 3.247267 6.300000
v 17.600811 3.365712 6.300000
v 17.540887 3.477472 6.300000
v 17.467301 3.580750 6.300000
v 17.381237 3.673884 6.300000
v 17.284077 3.755378 6.300000
v 17.177385 3.823920 6.300000
v 17.062876 3.878408 6.300000
v 16.942393 3.917967 6.300000
v 16.817872 3.941959 6.300000
v 16.691315 3.950000 6.300000
v 14.211263 3.950000 6.300000
v 14.061409 4.454130 6.300000
v 13.893678 4.952597 6.300000
v 13.708282 5.444768 6.300000
v 13.505458 5.930016 6.300000
v 13.285464 6.407725 6.300000
v 13.048579 6.877288 6.300000
v 12.795104 7.338106 6.300000
v 12.525362 7.789596 6.300000
v 12.239696 8.231182 6.300000
v 11.938468 8.662302 6.300000
v 11.622062 9.082410 6.300000
v 11.290880 9.490971 6.300000
v 10.945343 9.887465 6.300000
v 10.585890 10.271389 6.300000
v 10.212979 10.642253 6.300000
v 9.827083 10.999588 6.300000
v 9.428694 11.342938 6.300000
v 9.018317 11.671866 6.300000
v 8.596474 11.985956 6.300000
v 8.163702 12.284806 6.300000
v 7.720551 12.568039 6.300000
v 7.267584 12.835292 6.300000
v 6.805377 13.086227 6.300000
v 6.334518 13.320525 6.300000
v 5.855606 13.537887 6.300000
v 5.369249 13.738037 6.300000
v 4.876066 13.920721 6.300000
v 4.376683 14.085707 6.300000
v 3.871736 14.232785 6.300000
v 3.361866 14.361767 6.300000
v 2.847722 14.472490 6.300000
v 2.329958 14.564814 6.300000
v 1.809232 14.638619 6.300000
v 1.286205 14.693814 6.300000
v 0.761543 14.730328 6.300000
v 0.235913 14.748113 6.300000
v -0.290017 14.747149 6.300000
v -0.815579 14.727435 6.300000
v -1.340103 14.688997 6.300000
v -1.862924 14.631884 6.300000
v -2.383376 14.556168 6.300000
v -2.900798 14.461946 6.300000
v -3.414532 14.349337 6.300000
v -3.923925 14.218485 6.300000
v -4.428329 14.069556 6.300000
v -4.927103 13.902739 6.300000
v -5.419613 13.718247 6.300000
v -5.905233 13.516313 6.300000
v -6.383344 13.297196 6.300000
v -6.853341 13.061172 6.300000
v -7.314624 12.808543 6.300000
v -7.766607 12.539630 6.300000
v -8.208716 12.254774 6.300000
v -8.640389 11.954337 6.300000
v -9.061076 11.638703 6.300000
v -9.470244 11.308271 6.300000
v -9.867371 10.963461 6.300000
v -10.251953 10.604714 6.300000
v -10.623501 10.232483 6.300000
v -10.981543 9.847244 6.300000
v -11.325623 9.449485 6.300000
v -11.655304 9.039712 6.300000
v -11.970167 8.618446 6.300000
v -12.269811 8.186223 6.300000
v -12.553855 7.743592 6.300000
v -12.821939 7.291116 6.300000
v -13.073722 6.829370 6.300000
v -13.308883 6.358942 6.300000
v -13.527123 5.880429 6.300000
v -13.728165 5.394440 6.300000
v -13.911754 4.901593 6.300000
v -14.077655 4.402513 6.300000
v -14.225659 3.897837 6.300000
v -14.355576 3.388205 6.300000
v -14.467242 2.874265 6.300000
v -14.560515 2.356671 6.300000
v -14.635276 1.836081 6.300000
v -14.691430 1.313156 6.300000
v -14.728906 0.788562 6.300000
v -14.747656 0.262965 6.300000
v -14.747656 -0.262965 6.300000
v -14.728906 -0.788562 6.300000
v -14.691430 -1.313156 6.300000
v -14.635276 -1.836081 6.300000
v -14.560515 -2.356671 6.300000
v -14.467242 -2.874265 6.300000
v -14.355576 -3.388205 6.300000
v -14.225659 -3.897837 6.300000
v -14.077655 -4.402513 6.300000
v -13.911754 -4.901593 6.300000
v -13.728165 -5.394440 6.300000
v -13.527123 -5.880429 6.300000
v -13.308883 -6.358942 6.300000
v -13.073722 -6.829370 6.300000
v -12.821939 -7.291116 6.300000
v -12.553855 -7.743592 6.300000
v -12.269811 -8.186223 6.300000
v -11.970167 -8.618446 6.300000
v -11.655304 -9.039712 6.300000
v -11.325623 -9.449485 6.300000
v -10.981543 -9.847244 6.300000
v -10.623501 -10.232483 6.300000
v -10.251953 -10.604714 6.300000
v -9.867371 -10.963461 6.300000
v -9.470244 -11.308271 6.300000
v -9.061076 -11.638703 6.300000
v -8.640389 -11.954337 6.300000
v -8.208716 -12.254774 6.300000
v -7.766607 -12.539630 6.300000
v -7.314624 -12.808543 6.300000
v -6.853341 -13.061172 6.300000
v -6.383344 -13.297196 6.300000
v -5.905233 -13.516313 6.300000
v -5.419613 -13.718247 6.300000
v -4.927103 -13.902739 6.300000
v -4.428329 -14.069556 6.300000
v -3.923925 -14.218485 6.300000
v -3.414532 -14.349337 6.300000
v -2.900798 -14.461946 6.300000
v -2.383376 -14.556168 6.300000
v -1.862924 -14.631884 6.300000
v -1.340103 -14.688997 6.300000
v -0.815579 -14.727435 6.300000
v -0.290017 -14.747149 6.300000
v 0.235913 -14.748113 6.300000
v 0.761543 -14.730328 6.300000
v 1.286205 -14.693814 6.300000
v 1.809232 -14.638619 6.300000
v 2.329958 -14.564814 6.300000
v 2.847722 -14.472490 6.300000
v 3.361866 -14.361767 6.300000
v 3.871736 -14.232785 6.300000
v 4.376683 -14.085707 6.300000
v 4.876066 -13.920721 6.300000
v 5.369249 -13.738037 6.300000
v 5.855606 -13.537887 6.300000
v 6.334518 -13.320525 6.300000
v 6.805377 -13.086227 6.300000
v 7.267584 -12.835292 6.300000
v 7.720551 -12.568039 6.300000
v 8.163702 -12.284806 6.300000
v 8.596474 -11.985956 6.300000
v 9.018317 -11.671866 6.300000
v 9.428694 -11.342938 6.300000
v 9.827083 -10.999588 6.300000
v 10.212979 -10.642253 6.300000
v 10.585890 -10.271389 6.300000
v 10.945343 -9.887465 6.300000
v 11.290880 -9.490971 6.300000
v 11.622062 -9.082410 6.300000
v 11.938468 -8.662302 6.300000
v 12.239696 -8.231182 6.300000
v 12.525362 -7.789596 6.300000
v 12.795104 -7.338106 6.300000
v 13.048579 -6.877288 6.300000
v 13.285464 -6.407725 6.300000
v 13.505458 -5.930016 6.300000
v 13.708282 -5.444768 6.300000
v 13.893678 -4.952597 6.300000
v 14.061409 -4.454130 6.300000
v 14.211263 -3.950000 6.300000
v 0.463846 16.743576 5.300000
v 0.463846 16.743576 0.000000
v -0.090116 16.749758 0.000000
v -0.643980 16.737616 0.000000
v -1.197139 16.707165 0.000000
v -1.748988 16.658437 0.000000
v -2.298925 16.591487 0.000000
v -2.846346 16.506387 0.000000
v -3.390654 16.403230 0.000000
v -3.931253 16.282130 0.000000
v -4.467551 16.143218 0.000000
v -4.998962 15.986647 0.000000
v -5.524905 15.812588 0.000000
v -6.044804 15.621231 0.000000
v -6.558090 15.412785 0.000000
v -7.064202 15.187480 0.000000
v -7.562587 14.945560 0.000000
v -8.052699 14.687292 0.000000
v -8.534002 14.412957 0.000000
v -9.005969 14.122855 0.000000
v -9.468085 13.817303 0.000000
v -9.919843 13.496637 0.000000
v -10.360750 13.161207 0.000000
v -10.790323 12.811379 0.000000
v -11.208092 12.447537 0.000000
v -11.613600 12.070078 0.000000
v -12.006404 11.679416 0.000000
v -12.386075 11.275977 0.000000
v -12.752195 10.860203 0.000000
v -13.104366 10.432549 0.000000
v -13.442202 9.993483 0.000000
v -13.765333 9.543484 0.000000
v -14.073407 9.083046 0.000000
v -14.366084 8.612672 0.000000
v -14.643047 8.132876 0.000000
v -14.903991 7.644184 0.000000
v -15.148632 7.147129 0.000000
v -15.376701 6.642256 0.000000
v -15.587949 6.130117 0.000000
v -15.782146 5.611272 0.000000
v -15.959078 5.086289 0.000000
v -16.118552 4.555742 0.000000
v -16.260394 4.020211 0.000000
v -16.384448 3.480282 0.000000
v -16.490579 2.936547 0.000000
v -16.578671 2.389599 0.000000
v -16.648627 1.840036 0.000000
v -16.700370 1.288462 0.000000
v -16.700370 1.288462 5.300000
v -16.670227 1.632795 5.300000
v -16.632986 1.976434 5.300000
v -16.588661 2.319231 5.300000
v -16.588661 2.319231 1.500000
v -16.501866 2.872443 1.500000
v -16.396627 3.422444 1.500000
v -16.273062 3.968621 1.500000
v -16.131309 4.510361 1.500000
v -15.971527 5.047061 1.500000
v -15.793894 5.578119 1.500000
v -15.598608 6.102944 1.500000
v -15.385889 6.620947 1.500000
v -15.155972 7.131550 1.500000
v -14.909117 7.634182 1.500000
v -14.645598 8.128282 1.500000
v -14.365710 8.613297 1.500000
v -14.069766 9.088685 1.500000
v -13.758096 9.553915 1.500000
v -13.431050 10.008467 1.500000
v -13.088992 10.451832 1.500000
v -12.732304 10.883516 1.500000
v -12.361386 11.303036 1.500000
v -11.976653 11.709923 1.500000
v -11.578533 12.103722 1.500000
v -11.167472 12.483992 1.500000
v -10.743930 12.850310 1.500000
v -10.308379 13.202266 1.500000
v -9.861307 13.539465 1.500000
v -9.403214 13.861532 1.500000
v -8.934610 14.168106 1.500000
v -8.456021 14.458845 1.500000
v -7.967981 14.733424 1.500000
v -7.471035 14.991536 1.500000
v -6.965739 15.232891 1.500000
v -6.452657 15.457222 1.500000
v -5.932364 15.664277 1.500000
v -5.405440 15.853823 1.500000
v -4.872475 16.025651 1.500000
v -4.334063 16.179567 1.500000
v -3.790808 16.315400 1.500000
v -3.243316 16.432997 1.500000
v -2.692199 16.532228 1.500000
v -2.138073 16.612981 1.500000
v -1.581557 16.675167 1.500000
v -1.023273 16.718714 1.500000
v -0.463846 16.743576 1.500000
v -0.463846 16.743576 5.300000
v -0.154633 16.749286 5.300000
v 0.154633 16.749286 5.300000
v 13.170421 -3.950000 0.000000
v 13.307385 -3.460636 0.000000
v 13.426173 -2.966544 0.000000
v 13.526622 -2.468401 0.000000
v 13.608595 -1.966886 0.000000
v 13.671981 -1.462685 0.000000
v 13.716692 -0.956486 0.000000
v 13.742668 -0.448981 0.000000
v 13.749873 0.059138 0.000000
v 13.738297 0.567176 0.000000
v 13.707957 1.074440 0.000000
v 13.658893 1.580235 0.000000
v 13.591173 2.083873 0.000000
v 13.504888 2.584664 0.000000
v 13.400158 3.081925 0.000000
v 13.277125 3.574976 0.000000
v 13.135957 4.063144 0.000000
v 12.976846 4.545762 0.000000
v 12.800011 5.022172 0.000000
v 12.605693 5.491722 0.000000
v 12.394157 5.953770 0.000000
v 12.165691 6.407687 0.000000
v 11.920609 6.852851 0.000000
v 11.659245 7.288656 0.000000
v 11.381956 7.714505 0.000000
v 11.089120 8.129816 0.000000
v 10.781138 8.534024 0.000000
v 10.458430 8.926575 0.000000
v 10.121437 9.306933 0.000000
v 9.770620 9.674579 0.000000
v 9.406457 10.029011 0.000000
v 9.029446 10.369745 0.000000
v 8.640102 10.696314 0.000000
v 8.238956 11.008274 0.000000
v 7.826557 11.305198 0.000000
v 7.403468 11.586680 0.000000
v 6.970267 11.852336 0.000000
v 6.527545 12.101804 0.000000
v 6.075907 12.334742 0.000000
v 5.615971 12.550832 0.000000
v 5.148363 12.749779 0.000000
v 4.673724 12.931311 0.000000
v 4.192701 13.095181 0.000000
v 3.705951 13.241164 0.000000
v 3.214139 13.369062 0.000000
v 2.717937 13.478699 0.000000
v 2.218023 13.569925 0.000000
v 1.715079 13.642617 0.000000
v 1.209792 13.696675 0.000000
v 0.702853 13.732025 0.000000
v 0.194954 13.748618 0.000000
v -0.313211 13.746432 0.000000
v -0.820948 13.725471 0.000000
v -1.327564 13.685762 0.000000
v -1.832367 13.627360 0.000000
v -2.334667 13.550344 0.000000
v -2.833778 13.454821 0.000000
v -3.329019 13.340920 0.000000
v -3.819712 13.208796 0.000000
v -4.305188 13.058631 0.000000
v -4.784784 12.890630 0.000000
v -5.257844 12.705022 0.000000
v -5.723723 12.502060 0.000000
v -6.181784 12.282021 0.000000
v -6.631401 12.045207 0.000000
v -7.071961 11.791941 0.000000
v -7.502861 11.522568 0.000000
v -7.923513 11.237457 0.000000
v -8.333343 10.936997 0.000000
v -8.731790 10.621598 0.000000
v -9.118311 10.291691 0.000000
v -9.492377 9.947727 0.000000
v -9.853478 9.590176 0.000000
v -10.201120 9.219526 0.000000
v -10.534828 8.836283 0.000000
v -10.854148 8.440970 0.000000
v -11.158641 8.034129 0.000000
v -11.447894 7.616313 0.000000
v -11.721510 7.188095 0.000000
v -11.979116 6.750058 0.000000
v -12.220359 6.302802 0.000000
v -12.444912 5.846937 0.000000
v -12.652466 5.383086 0.000000
v -12.842738 4.911882 0.000000
v -13.015468 4.433969 0.000000
v -13.170421 3.950000 0.000000
v -13.307385 3.460636 0.000000
v -13.426173 2.966544 0.000000
v -13.526622 2.468401 0.000000
v -13.608595 1.966886 0.000000
v -13.671981 1.462685 0.000000
v -13.716692 0.956486 0.000000
v -13.742668 0.448981 0.000000
v -13.749873 -0.059138 0.000000
v -13.738297 -0.567176 0.000000
v -13.707957 -1.074440 0.000000
v -13.658893 -1.580235 0.000000
v -13.591173 -2.083873 0.000000
v -13.504888 -2.584664 0.000000
v -13.400158 -3.081925 0.000000
v -13.277125 -3.574976 0.000000
v -13.135957 -4.063144 0.000000
v -12.976846 -4.545762 0.000000
v -12.800011 -5.022172 0.000000
v -12.605693 -5.491722 0.000000
v -12.394157 -5.953770 0.000000
v -12.165691 -6.407687 0.000000
v -11.920609 -6.852851 0.000000
v -11.659245 -7.288656 0.000000
v -11.381956 -7.714505 0.000000
v -11.089120 -8.129816 0.000000
v -10.781138 -8.534024 0.000000
v -10.458430 -8.926575 0.000000
v -10.121437 -9.306933 0.000000
v -9.770620 -9.674579 0.000000
v -9.406457 -10.029011 0.000000
v -9.029446 -10.369745 0.000000
v -8.640102 -10.696314 0.000000
v -8.238956 -11.008274 0.000000
v -7.826557 -11.305198 0.000000
v -7.403468 -11.586680 0.000000
v -6.970267 -11.852336 0.000000
v -6.527545 -12.101804 0.000000
v -6.075907 -12.334742 0.000000
v -5.615971 -12.550832 0.000000
v -5.148363 -12.749779 0.000000
v -4.673724 -12.931311 0.000000
v -4.192701 -13.095181 0.000000
v -3.705951 -13.241164 0.000000
v -3.214139 -13.369062 0.000000
v -2.717937 -13.478699 0.000000
v -2.218023 -13.569925 0.000000
v -1.715079 -13.642617 0.000000
v -1.209792 -13.696675 0.000000
v -0.702853 -13.732025 0.000000
v -0.194954 -13.748618 0.000000
v 0.313211 -13.746432 0.000000
v 0.820948 -13.725471 0.000000
v 1.327564 -13.685762 0.000000
v 1.832367 -13.627360 0.000000
v 2.334667 -13.550344 0.000000
v 2.833778 -13.454821 0.000000
v 3.329019 -13.340920 0.000000
v 3.819712 -13.208796 0.000000
v 4.305188 -13.058631 0.000000
v 4.784784 -12.890630 0.000000
v 5.257844 -12.705022 0.000000
v 5.723723 -12.502060 0.000000
v 6.181784 -12.282021 0.000000
v 6.631401 -12.045207 0.000000
v 7.071961 -11.791941 0.000000
v 7.502861 -11.522568 0.000000
v 7.923513 -11.237457 0.000000
v 8.333343 -10.936997 0.000000
v 8.731790 -10.621598 0.000000
v 9.118311 -10.291691 0.000000
v 9.492377 -9.947727 0.000000
v 9.853478 -9.590176 0.000000
v 10.201120 -9.219526 0.000000
v 10.534828 -8.836283 0.000000
v 10.854148 -8.440970 0.000000
v 11.158641 -8.034129 0.000000
v 11.447894 -7.616313 0.000000
v 11.721510 -7.188095 0.000000
v 11.979116 -6.750058 0.000000
v 12.220359 -6.302802 0.000000
v 12.444912 -5.846937 0.000000
v 12.652466 -5.383086 0.000000
v 12.842738 -4.911882 0.000000
v 13.015468 -4.433969 0.000000
v 0.548919 16.733885 0.000000
v 0.631091 16.709822 0.000000
v 0.707952 16.672091 0.000000
v 0.777249 16.621800 0.000000
v 0.836949 16.560423 0.000000
v 0.885302 16.489760 0.000000
v 0.920890 16.411883 0.000000
v 0.942669 16.329076 0.000000
v 0.950000 16.243768 0.000000
v 0.950000 14.719375 0.000000
v 1.468785 14.676688 0.000000
v 1.985741 14.615722 0.000000
v 2.500223 14.536553 0.000000
v 3.011592 14.439280 0.000000
v 3.519210 14.324024 0.000000
v 4.022445 14.190928 0.000000
v 4.520670 14.040158 0.000000
v 5.013266 13.871902 0.000000
v 5.499617 13.686370 0.000000
v 5.979119 13.483792 0.000000
v 6.451174 13.264420 0.000000
v 6.915195 13.028529 0.000000
v 7.370604 12.776412 0.000000
v 7.816833 12.508382 0.000000
v 8.253326 12.224774 0.000000
v 8.679541 11.925941 0.000000
v 9.094945 11.612255 0.000000
v 9.499023 11.284107 0.000000
v 9.891270 10.941905 0.000000
v 10.271198 10.586075 0.000000
v 10.638334 10.217061 0.000000
v 10.992221 9.835323 0.000000
v 11.332418 9.441335 0.000000
v 11.658500 9.035589 0.000000
v 11.970063 8.618589 0.000000
v 12.266718 8.190856 0.000000
v 12.548096 7.752921 0.000000
v 12.813846 7.305331 0.000000
v 13.063636 6.848642 0.000000
v 13.297157 6.383424 0.000000
v 13.514118 5.910256 0.000000
v 13.714247 5.429727 0.000000
v 13.897296 4.942435 0.000000
v 14.063037 4.448988 0.000000
v 14.211263 3.950000 0.000000
v 16.691315 3.950000 0.000000
v 16.817872 3.941959 0.000000
v 16.942393 3.917967 0.000000
v 17.062876 3.878408 0.000000
v 17.177385 3.823920 0.000000
v 17.284077 3.755378 0.000000
v 17.381237 3.673884 0.000000
v 17.467301 3.580750 0.000000
v 17.540887 3.477472 0.000000
v 17.600811 3.365712 0.000000
v 17.646110 3.247267 0.000000
v 17.676053 3.124041 0.000000
v 17.766460 2.560354 0.000000
v 17.838894 1.994077 0.000000
v 17.893285 1.425784 0.000000
v 17.929576 0.856047 0.000000
v 17.947730 0.285445 0.000000
v 17.947730 -0.285445 0.000000
v 17.929576 -0.856047 0.000000
v 17.893285 -1.425784 0.000000
v 17.838894 -1.994077 0.000000
v 17.766460 -2.560354 0.000000
v 17.676053 -3.124041 0.000000
v 17.646110 -3.247267 0.000000
v 17.600811 -3.365712 0.000000
v 17.540887 -3.477472 0.000000
v 17.467301 -3.580750 0.000000
v 17.381237 -3.673884 0.000000
v 17.284077 -3.755378 0.000000
v 17.177385 -3.823920 0.000000
v 17.062876 -3.878408 0.000000
v 16.942393 -3.917967 0.000000
v 16.817872 -3.941959 0.000000
v 16.691315 -3.950000 0.000000
v 14.211263 -3.950000 0.000000
v 14.060899 -4.455739 0.000000
v 13.892544 -4.955777 0.000000
v 13.706412 -5.449474 0.000000
v 13.502743 -5.936197 0.000000
v 13.281796 -6.415325 0.000000
v 13.043854 -6.886245 0.000000
v 12.789222 -7.348353 0.000000
v 12.518226 -7.801059 0.000000
v 12.231212 -8.243782 0.000000
v 11.928548 -8.675958 0.000000
v 11.610620 -9.097032 0.000000
v 11.277837 -9.506466 0.000000
v 10.930622 -9.903736 0.000000
v 10.569422 -10.288334 0.000000
v 10.194697 -10.659768 0.000000
v 9.806928 -11.017561 0.000000
v 9.406611 -11.361258 0.000000
v 8.994257 -11.690417 0.000000
v 8.570394 -12.004617 0.000000
v 8.135566 -12.303458 0.000000
v 7.690327 -12.586555 0.000000
v 7.235249 -12.853547 0.000000
v 6.770912 -13.104093 0.000000
v 6.297912 -13.337871 0.000000
v 5.816854 -13.554583 0.000000
v 5.328352 -13.753951 0.000000
v 4.833033 -13.935720 0.000000
v 4.331530 -14.099658 0.000000
v 3.824484 -14.245555 0.000000
v 3.312544 -14.373223 0.000000
v 2.796366 -14.482501 0.000000
v 2.276610 -14.573248 0.000000
v 1.753941 -14.645347 0.000000
v 1.229028 -14.698707 0.000000
v 0.702542 -14.733259 0.000000
v 0.175157 -14.748960 0.000000
v -0.352452 -14.745788 0.000000
v -0.879610 -14.723749 0.000000
v -1.405643 -14.682870 0.000000
v -1.929877 -14.623203 0.000000
v -2.451641 -14.544826 0.000000
v -2.970269 -14.447837 0.000000
v -3.485096 -14.332362 0.000000
v -3.995464 -14.198548 0.000000
v -4.500719 -14.046566 0.000000
v -5.000215 -13.876612 0.000000
v -5.493314 -13.688901 0.000000
v -5.979383 -13.483675 0.000000
v -6.457802 -13.261195 0.000000
v -6.927957 -13.021748 0.000000
v -7.389248 -12.765638 0.000000
v -7.841084 -12.493194 0.000000
v -8.282887 -12.204765 0.000000
v -8.714091 -11.900719 0.000000
v -9.134146 -11.581446 0.000000
v -9.542513 -11.247353 0.000000
v -9.938670 -10.898869 0.000000
v -10.322109 -10.536439 0.000000
v -10.692342 -10.160528 0.000000
v -11.048893 -9.771616 0.000000
v -11.391306 -9.370200 0.000000
v -11.719143 -8.956795 0.000000
v -12.031986 -8.531929 0.000000
v -12.329433 -8.096146 0.000000
v -12.611104 -7.650004 0.000000
v -12.876638 -7.194073 0.000000
v -13.125696 -6.728938 0.000000
v -13.357959 -6.255192 0.000000
v -13.573130 -5.773442 0.000000
v -13.770934 -5.284305 0.000000
v -13.951117 -4.788406 0.000000
v -14.113449 -4.286381 0.000000
v -14.257722 -3.778871 0.000000
v -14.383752 -3.266525 0.000000
v -14.491377 -2.750000 0.000000
v -16.093477 -2.750000 0.000000
v -16.172691 -2.743685 0.000000
v -16.249904 -2.724900 0.000000
v -16.323167 -2.694120 0.000000
v -16.390627 -2.652122 0.000000
v -16.450582 -2.599966 0.000000
v -16.501516 -2.538971 0.000000
v -16.542144 -2.470676 0.000000
v -16.571439 -2.396808 0.000000
v -16.588661 -2.319231 0.000000
v -16.632986 -1.976434 0.000000
v -16.670227 -1.632795 0.000000
v -16.700370 -1.288462 0.000000
v -16.699927 -1.206166 0.000000
v -16.685990 -1.125058 0.000000
v -16.658937 -1.047335 0.000000
v -16.619501 -0.975102 0.000000
v -16.568751 -0.910317 0.000000
v -16.508062 -0.854734 0.000000
v -16.439077 -0.809859 0.000000
v -16.363665 -0.776907 0.000000
v -16.283869 -0.756773 0.000000
v -16.201852 -0.750000 0.000000
v -14.730920 -0.750000 0.000000
v -14.747880 -0.250096 0.000000
v -14.747880 0.250096 0.000000
v -14.730920 0.750000 0.000000
v -16.201852 0.750000 0.000000
v -16.283869 0.756773 0.000000
v -16.363665 0.776907 0.000000
v -16.439077 0.809859 0.000000
v -16.508062 0.854734 0.000000
v -16.568751 0.910317 0.000000
v -16.619501 0.975102 0.000000
v -16.658937 1.047335 0.000000
v -16.685990 1.125058 0.000000
v -16.699927 1.206166 0.000000
v -16.588661 -2.319231 5.300000
v -16.632986 -1.976434 5.300000
v -16.670227 -1.632795 5.300000
v -16.700370 -1.288462 5.300000
v 0.450000 16.243768 5.800000
v 0.536824 16.243768 5.792404
v 0.621010 16.243768 5.769846
v 0.700000 16.243768 5.733013
v 0.771394 16.243768 5.683022
v 0.833022 16.243768 5.621394
v 0.883013 16.243768 5.550000
v 0.919846 16.243768 5.471010
v 0.942404 16.243768 5.386824
v 0.950000 16.243768 5.300000
v 0.942669 16.329076 5.300000
v 0.920890 16.411883 5.300000
v 0.885302 16.489760 5.300000
v 0.836949 16.560423 5.300000
v 0.777249 16.621800 5.300000
v 0.707952 16.672091 5.300000
v 0.631091 16.709822 5.300000
v 0.548919 16.733885 5.300000
v 0.463636 16.735983 5.386824
v 0.463011 16.713434 5.471010
v 0.461991 16.676615 5.550000
v 0.460607 16.626643 5.621394
v 0.458900 16.565039 5.683022
v 0.456923 16.493672 5.733013
v 0.454736 16.414713 5.769846
v 0.452404 16.330559 5.792404
v 0.805731 16.589781 5.361078
v 0.794119 16.578486 5.439805
v 0.773615 16.558542 5.514919
v 0.744748 16.530464 5.584480
v 0.708265 16.494977 5.646689
v 0.665107 16.452999 5.699939
v 0.616391 16.405614 5.742854
v 0.563375 16.354046 5.774326
v 0.507430 16.299629 5.793540
v 0.546364 16.253415 5.790531
v 0.608241 16.300792 5.770859
v 0.666028 16.346696 5.739019
v 0.718233 16.389940 5.695834
v 0.763507 16.429407 5.642420
v 0.800679 16.464077 5.580158
v 0.828789 16.493054 5.510656
v 0.847110 16.515588 5.435710
v 0.855170 16.531099 5.357258
v 0.706282 16.281891 5.727629
v 0.761316 16.320581 5.683643
v 0.808306 16.357285 5.629744
v 0.846036 16.391056 5.567323
v 0.873532 16.421020 5.497995
v 0.890084 16.446405 5.423550
v 0.895263 16.466553 5.345913
v 0.793055 16.247015 5.663735
v 0.841308 16.280789 5.609042
v 0.879450 16.313607 5.546364
v 0.906494 16.344620 5.477319
v 0.921742 16.373026 5.403692
v 0.924799 16.398093 5.327386
v 0.926660 16.266263 5.449295
v 0.941086 16.297912 5.376833
v 0.942823 16.328146 5.302381
v 0.748441 16.640826 5.357258
v 0.732713 16.633199 5.435710
v 0.709679 16.615508 5.510656
v 0.679936 16.588211 5.580158
v 0.644250 16.552014 5.642420
v 0.603544 16.507850 5.695834
v 0.558871 16.456863 5.739019
v 0.511385 16.400369 5.770859
v 0.462312 16.339828 5.790531
v 0.685029 16.682691 5.345913
v 0.664746 16.678072 5.423550
v 0.638913 16.662229 5.497995
v 0.608198 16.635573 5.567323
v 0.573396 16.598793 5.629744
v 0.535404 16.552838 5.683643
v 0.495206 16.498896 5.727629
v 0.617414 16.714111 5.327386
v 0.592272 16.711749 5.403692
v 0.563454 16.697294 5.477319
v 0.531704 16.671119 5.546364
v 0.497843 16.633901 5.609042
v 0.462746 16.586601 5.663735
v 0.485687 16.719623 5.449295
v 0.517723 16.733166 5.376833
v 0.547993 16.734066 5.302381
v 0.548919 16.733885 3.533333
v 0.548919 16.733885 1.766667
v 0.631091 16.709822 3.533333
v 0.631091 16.709822 1.766667
v 0.707952 16.672091 3.533333
v 0.707952 16.672091 1.766667
v 0.777249 16.621800 3.533333
v 0.777249 16.621800 1.766667
v 0.836949 16.560423 3.533333
v 0.836949 16.560423 1.766667
v 0.885302 16.489760 3.533333
v 0.885302 16.489760 1.766667
v 0.920890 16.411883 3.533333
v 0.920890 16.411883 1.766667
v 0.942669 16.329076 3.533333
v 0.942669 16.329076 1.766667
v -0.450000 16.243768 5.800000
v -0.452404 16.330559 5.792404
v -0.454736 16.414713 5.769846
v -0.456923 16.493672 5.733013
v -0.458900 16.565039 5.683022
v -0.460607 16.626643 5.621394
v -0.461991 16.676615 5.550000
v -0.463011 16.713434 5.471010
v -0.463636 16.735983 5.386824
v -0.548919 16.733885 5.300000
v -0.631091 16.709822 5.300000
v -0.707952 16.672091 5.300000
v -0.777249 16.621800 5.300000
v -0.836949 16.560423 5.300000
v -0.885302 16.489760 5.300000
v -0.920890 16.411883 5.300000
v -0.942669 16.329076 5.300000
v -0.950000 16.243768 5.300000
v -0.942404 16.243768 5.386824
v -0.919846 16.243768 5.471010
v -0.883013 16.243768 5.550000
v -0.833022 16.243768 5.621394
v -0.771394 16.243768 5.683022
v -0.700000 16.243768 5.733013
v -0.621010 16.243768 5.769846
v -0.536824 16.243768 5.792404
v -0.805731 16.589781 5.361078
v -0.794119 16.578486 5.439805
v -0.773615 16.558542 5.514919
v -0.744748 16.530464 5.584480
v -0.708265 16.494977 5.646689
v -0.665107 16.452999 5.699939
v -0.616391 16.405614 5.742854
v -0.563375 16.354046 5.774326
v -0.507430 16.299629 5.793540
v -0.462312 16.339828 5.790531
v -0.511385 16.400369 5.770859
v -0.558871 16.456863 5.739019
v -0.603544 16.507850 5.695834
v -0.644250 16.552014 5.642420
v -0.679936 16.588211 5.580158
v -0.709679 16.615508 5.510656
v -0.732713 16.633199 5.435710
v -0.748441 16.640826 5.357258
v -0.495206 16.498896 5.727629
v -0.535404 16.552838 5.683643
v -0.573396 16.598793 5.629744
v -0.608198 16.635573 5.567323
v -0.638913 16.662229 5.497995
v -0.664746 16.678072 5.423550
v -0.685029 16.682691 5.345913
v -0.462746 16.586601 5.663735
v -0.497843 16.633901 5.609042
v -0.531704 16.671119 5.546364
v -0.563454 16.697294 5.477319
v -0.592272 16.711749 5.403692
v -0.617414 16.714111 5.327386
v -0.485687 16.719623 5.449295
v -0.517723 16.733166 5.376833
v -0.547993 16.734066 5.302381
v -0.855170 16.531099 5.357258
v -0.847110 16.515588 5.435710
v -0.828789 16.493054 5.510656
v -0.800679 16.464077 5.580158
v -0.763507 16.429407 5.642420
v -0.718233 16.389940 5.695834
v -0.666028 16.346696 5.739019
v -0.608241 16.300792 5.770859
v -0.546364 16.253415 5.790531
v -0.895263 16.466553 5.345913
v -0.890084 16.446405 5.423550
v -0.873532 16.421020 5.497995
v -0.846036 16.391056 5.567323
v -0.808306 16.357285 5.629744
v -0.761316 16.320581 5.683643
v -0.706282 16.281891 5.727629
v -0.924799 16.398093 5.327386
v -0.921742 16.373026 5.403692
v -0.906494 16.344620 5.477319
v -0.879450 16.313607 5.546364
v -0.841308 16.280789 5.609042
v -0.793055 16.247015 5.663735
v -0.926660 16.266263 5.449295
v -0.941086 16.297912 5.376833
v -0.942823 16.328146 5.302381
v -0.548919 16.733885 1.500000
v -0.631091 16.709822 1.500000
v -0.707952 16.672091 1.500000
v -0.777249 16.621800 1.500000
v -0.836949 16.560423 1.500000
v -0.885302 16.489760 1.500000
v -0.920890 16.411883 1.500000
v -0.942669 16.329076 1.500000
v -0.950000 16.243768 1.500000
v -0.548919 16.733885 3.400000
v -0.631091 16.709822 3.400000
v -0.707952 16.672091 3.400000
v -0.777249 16.621800 3.400000
v -0.836949 16.560423 3.400000
v -0.885302 16.489760 3.400000
v -0.920890 16.411883 3.400000
v -0.942669 16.329076 3.400000
v -0.950000 14.719375 5.300000
v -0.947639 14.719529 5.347745
v -0.940529 14.719986 5.396160
v -0.928632 14.720740 5.444348
v -0.911911 14.721784 5.491411
v -0.890445 14.723097 5.536502
v -0.864779 14.724626 5.578968
v -0.835579 14.726312 5.618203
v -0.803505 14.728098 5.653602
v -0.768094 14.729986 5.685668
v -0.728856 14.731978 5.714855
v -0.686397 14.734019 5.740502
v -0.641319 14.736051 5.761949
v -0.594275 14.738019 5.778654
v -0.546111 14.739879 5.790538
v -0.497721 14.741596 5.797641
v -0.450000 14.743134 5.800000
v -0.150017 16.249308 5.800000
v 0.150017 16.249308 5.800000
v -0.000000 16.336824 5.792404
v -0.000000 16.421010 5.769846
v -0.000000 16.500000 5.733013
v -0.000000 16.571394 5.683022
v -0.000000 16.633022 5.621394
v -0.000000 16.683013 5.550000
v -0.000000 16.719846 5.471010
v -0.000000 16.742404 5.386824
v 0.450000 14.743134 5.800000
v 0.497721 14.741596 5.797641
v 0.546111 14.739879 5.790538
v 0.594275 14.738019 5.778654
v 0.641319 14.736051 5.761949
v 0.686397 14.734019 5.740502
v 0.728856 14.731978 5.714855
v 0.768094 14.729986 5.685668
v 0.803505 14.728098 5.653602
v 0.835579 14.726312 5.618203
v 0.864779 14.724626 5.578968
v 0.890445 14.723097 5.536502
v 0.911911 14.721784 5.491411
v 0.928632 14.720740 5.444348
v 0.940529 14.719986 5.396160
v 0.947639 14.719529 5.347745
v 0.950000 14.719375 5.300000
v -16.201852 -0.750000 5.300000
v -16.283869 -0.756773 5.300000
v -16.363665 -0.776907 5.300000
v -16.439077 -0.809859 5.300000
v -16.508062 -0.854734 5.300000
v -16.568751 -0.910317 5.300000
v -16.619501 -0.975102 5.300000
v -16.658937 -1.047335 5.300000
v -16.685990 -1.125058 5.300000
v -16.699927 -1.206166 5.300000
v -16.692797 -1.287877 5.386824
v -16.670306 -1.286142 5.471010
v -16.633581 -1.283309 5.550000
v -16.583739 -1.279463 5.621394
v -16.522293 -1.274723 5.683022
v -16.451111 -1.269231 5.733013
v -16.372355 -1.263155 5.769846
v -16.288419 -1.256679 5.792404
v -16.201852 -1.250000 5.800000
v -16.201852 -1.163176 5.792404
v -16.201852 -1.078990 5.769846
v -16.201852 -1.000000 5.733013
v -16.201852 -0.928606 5.683022
v -16.201852 -0.866978 5.621394
v -16.201852 -0.816987 5.550000
v -16.201852 -0.780154 5.471010
v -16.201852 -0.757596 5.386824
v -16.534556 -1.216093 5.671697
v -16.524092 -1.133744 5.664206
v -16.504673 -1.054625 5.646595
v -16.476839 -0.980935 5.619352
v -16.441364 -0.914722 5.583236
v -16.399233 -0.857826 5.539248
v -16.351618 -0.811827 5.488613
v -16.299841 -0.778005 5.432736
v -16.245340 -0.757298 5.373170
v -16.283622 -0.757886 5.333732
v -16.344474 -0.778690 5.386754
v -16.401362 -0.812591 5.437365
v -16.452707 -0.858647 5.484159
v -16.497080 -0.915578 5.525836
v -16.533250 -0.981801 5.561237
v -16.560211 -1.055478 5.589379
v -16.577213 -1.134560 5.609479
v -16.583785 -1.216849 5.620980
v -16.382264 -0.785028 5.335386
v -16.443480 -0.819654 5.380115
v -16.497981 -0.866239 5.422617
v -16.544254 -0.923488 5.461713
v -16.581012 -0.989811 5.496314
v -16.607233 -1.063363 5.525461
v -16.622190 -1.142102 5.548342
v -16.625466 -1.223839 5.564322
v -16.476865 -0.832831 5.318364
v -16.533869 -0.880403 5.356237
v -16.581647 -0.938247 5.392549
v -16.618871 -1.004753 5.426288
v -16.644507 -1.078074 5.456518
v -16.657842 -1.156173 5.482399
v -16.658506 -1.236879 5.503211
v -16.608279 -0.959465 5.320159
v -16.645835 -1.026236 5.352996
v -16.671053 -1.099225 5.384360
v -16.683234 -1.176403 5.413380
v -16.682037 -1.255627 5.439249
v -16.686176 -1.126259 5.310880
v -16.697698 -1.202262 5.343097
v -16.695442 -1.279591 5.374116
v -16.479071 -1.221591 5.715142
v -16.464220 -1.139676 5.711086
v -16.442078 -1.060827 5.695607
v -16.413260 -0.987234 5.669135
v -16.378568 -0.920944 5.632405
v -16.338965 -0.863797 5.586439
v -16.295552 -0.817382 5.532512
v -16.249536 -0.782989 5.472125
v -16.418786 -1.233197 5.750175
v -16.399168 -1.152200 5.748889
v -16.374067 -1.073920 5.735130
v -16.344181 -1.000534 5.709279
v -16.310340 -0.934079 5.672055
v -16.273483 -0.876404 5.624492
v -16.234637 -0.829110 5.567912
v -16.355284 -1.250608 5.775876
v -16.330645 -1.170988 5.776623
v -16.302427 -1.093563 5.764125
v -16.271415 -1.020485 5.738730
v -16.238470 -0.953785 5.701143
v -16.204506 -0.895316 5.652409
v -16.260448 -1.195546 5.793560
v -16.229038 -1.119238 5.781832
v -16.093477 -2.250000 5.800000
v -16.179465 -2.262022 5.792404
v -16.262840 -2.273678 5.769846
v -16.341069 -2.284615 5.733013
v -16.411775 -2.294501 5.683022
v -16.472810 -2.303034 5.621394
v -16.522319 -2.309956 5.550000
v -16.558798 -2.315056 5.471010
v -16.581138 -2.318179 5.386824
v -16.571439 -2.396808 5.300000
v -16.542144 -2.470676 5.300000
v -16.501516 -2.538971 5.300000
v -16.450582 -2.599966 5.300000
v -16.390627 -2.652122 5.300000
v -16.323167 -2.694120 5.300000
v -16.249904 -2.724900 5.300000
v -16.172691 -2.743685 5.300000
v -16.093477 -2.750000 5.300000
v -16.093477 -2.742404 5.386824
v -16.093477 -2.719846 5.471010
v -16.093477 -2.683013 5.550000
v -16.093477 -2.633022 5.621394
v -16.093477 -2.571394 5.683022
v -16.093477 -2.500000 5.733013
v -16.093477 -2.421010 5.769846
v -16.093477 -2.336824 5.792404
v -16.236898 -2.275529 5.778308
v -16.161096 -2.308989 5.791882
v -16.338328 -2.320215 5.730253
v -16.266483 -2.354133 5.757411
v -16.189760 -2.385115 5.771671
v -16.110322 -2.412286 5.772630
v -16.480741 -2.318838 5.608687
v -16.425649 -2.359437 5.657331
v -16.361190 -2.396950 5.695898
v -16.289182 -2.430319 5.723302
v -16.211655 -2.458604 5.738769
v -16.130796 -2.481006 5.741863
v -16.537956 -2.337891 5.511455
v -16.494926 -2.385824 5.565312
v -16.440576 -2.429927 5.611687
v -16.376438 -2.468955 5.649273
v -16.304321 -2.501810 5.677010
v -16.226258 -2.527564 5.694116
v -16.144451 -2.545491 5.700108
v -16.573875 -2.336711 5.408161
v -16.544089 -2.393566 5.462289
v -16.501596 -2.446373 5.511842
v -16.447594 -2.493642 5.555420
v -16.383607 -2.534041 5.591796
v -16.311439 -2.566431 5.619944
v -16.233124 -2.589898 5.639070
v -16.150872 -2.603779 5.648634
v -16.573022 -2.379210 5.357800
v -16.543124 -2.441629 5.405336
v -16.500547 -2.498643 5.449902
v -16.446490 -2.548646 5.490241
v -16.382480 -2.590228 5.525216
v -16.310319 -2.622216 5.553840
v -16.232044 -2.643708 5.575305
v -16.149862 -2.654098 5.589008
v -16.565920 -2.413686 5.302085
v -16.535092 -2.480617 5.342328
v -16.491812 -2.541045 5.381378
v -16.437298 -2.593266 5.418133
v -16.373090 -2.635807 5.451557
v -16.300997 -2.667469 5.480708
v -16.223052 -2.687359 5.504762
v -16.141453 -2.694916 5.523043
v -16.475656 -2.572288 5.308353
v -16.420298 -2.626143 5.341289
v -16.355724 -2.669391 5.373061
v -16.283755 -2.700813 5.402772
v -16.206420 -2.719523 5.429586
v -16.125901 -2.724992 5.452745
v -16.259117 -2.721234 5.322404
v -16.182655 -2.739221 5.352062
v -16.103678 -2.743412 5.380253
v -16.172691 -2.743685 3.533333
v -16.172691 -2.743685 1.766667
v -16.249904 -2.724900 3.533333
v -16.249904 -2.724900 1.766667
v -16.323167 -2.694120 3.533333
v -16.323167 -2.694120 1.766667
v -16.390627 -2.652122 3.533333
v -16.390627 -2.652122 1.766667
v -16.450582 -2.599966 3.533333
v -16.450582 -2.599966 1.766667
v -16.501516 -2.538971 3.533333
v -16.501516 -2.538971 1.766667
v -16.542144 -2.470676 3.533333
v -16.542144 -2.470676 1.766667
v -16.571439 -2.396808 3.533333
v -16.571439 -2.396808 1.766667
v -14.491377 -2.750000 5.300000
v -14.491832 -2.747608 5.348051
v -14.493196 -2.740412 5.396747
v -14.495464 -2.728385 5.445171
v -14.498631 -2.711496 5.492408
v -14.502661 -2.689850 5.537599
v -14.507427 -2.664024 5.580088
v -14.512781 -2.634705 5.619267
v -14.518578 -2.602575 5.654529
v -14.524896 -2.567072 5.686504
v -14.531776 -2.527824 5.715549
v -14.539089 -2.485425 5.741027
v -14.546704 -2.440469 5.762300
v -14.554485 -2.393601 5.778855
v -14.562287 -2.345651 5.790630
v -14.569966 -2.297493 5.797664
v -14.577380 -2.250000 5.800000
v -16.136479 -1.917436 5.800000
v -16.172609 -1.584055 5.800000
v -16.241722 -1.760194 5.792404
v -16.325418 -1.769264 5.769846
v -16.403948 -1.777775 5.733013
v -16.474926 -1.785467 5.683022
v -16.536196 -1.792107 5.621394
v -16.585896 -1.797493 5.550000
v -16.622515 -1.801462 5.471010
v -16.644941 -1.803892 5.386824
v -14.696938 -1.250000 5.800000
v -14.700906 -1.202381 5.797651
v -14.704774 -1.154071 5.790574
v -14.708474 -1.105964 5.778725
v -14.711938 -1.058952 5.762061
v -14.715111 -1.013882 5.740652
v -14.717974 -0.971411 5.715034
v -14.720515 -0.932146 5.685864
v -14.722719 -0.896693 5.653799
v -14.724638 -0.864587 5.618405
v -14.726325 -0.835351 5.579161
v -14.727761 -0.809650 5.536676
v -14.728928 -0.788150 5.491557
v -14.729816 -0.771401 5.444460
v -14.730437 -0.759486 5.396235
v -14.730801 -0.752365 5.347782
v -14.730920 -0.750000 5.300000
v -16.283869 -0.756773 1.766667
v -16.283869 -0.756773 3.533333
v -16.363665 -0.776907 1.766667
v -16.363665 -0.776907 3.533333
v -16.439077 -0.809859 1.766667
v -16.439077 -0.809859 3.533333
v -16.508062 -0.854734 1.766667
v -16.508062 -0.854734 3.533333
v -16.568751 -0.910317 1.766667
v -16.568751 -0.910317 3.533333
v -16.619501 -0.975102 1.766667
v -16.619501 -0.975102 3.533333
v -16.658937 -1.047335 1.766667
v -16.658937 -1.047335 3.533333
v -16.685990 -1.125058 1.766667
v -16.685990 -1.125058 3.533333
v -16.699927 -1.206166 1.766667
v -16.699927 -1.206166 3.533333
v -16.201852 1.250000 5.800000
v -16.288419 1.256679 5.792404
v -16.372355 1.263155 5.769846
v -16.451111 1.269231 5.733013
v -16.522293 1.274723 5.683022
v -16.583739 1.279463 5.621394
v -16.633581 1.283309 5.550000
v -16.670306 1.286142 5.471010
v -16.692797 1.287877 5.386824
v -16.699927 1.206166 5.300000
v -16.685990 1.125058 5.300000
v -16.658937 1.047335 5.300000
v -16.619501 0.975102 5.300000
v -16.568751 0.910317 5.300000
v -16.508062 0.854734 5.300000
v -16.439077 0.809859 5.300000
v -16.363665 0.776907 5.300000
v -16.283869 0.756773 5.300000
v -16.201852 0.750000 5.300000
v -16.201852 0.757596 5.386824
v -16.201852 0.780154 5.471010
v -16.201852 0.816987 5.550000
v -16.201852 0.866978 5.621394
v -16.201852 0.928606 5.683022
v -16.201852 1.000000 5.733013
v -16.201852 1.078990 5.769846
v -16.201852 1.163176 5.792404
v -16.250766 0.783729 5.473778
v -16.535184 1.225925 5.671900
v -16.263665 1.203680 5.793998
v -16.231967 1.126126 5.783475
v -16.357924 1.260052 5.774911
v -16.333412 1.179280 5.777169
v -16.305148 1.100524 5.765818
v -16.273938 1.026032 5.741182
v -16.240672 0.957927 5.703963
v -16.206299 0.898153 5.655223
v -16.420714 1.242836 5.749498
v -16.401496 1.160612 5.749613
v -16.376584 1.080938 5.736906
v -16.346689 1.006085 5.711737
v -16.312663 0.938189 5.674826
v -16.275476 0.879186 5.627225
v -16.236190 0.830758 5.570291
v -16.480322 1.231360 5.714858
v -16.466130 1.148169 5.712053
v -16.444400 1.067881 5.697496
v -16.415753 0.992788 5.671602
v -16.381006 0.925031 5.635110
v -16.341148 0.866542 5.589061
v -16.297318 0.818989 5.534767
v -16.525618 1.142275 5.665474
v -16.506817 1.061697 5.648623
v -16.479319 0.986490 5.621830
v -16.443907 0.918799 5.585858
v -16.401592 0.860553 5.541734
v -16.353580 0.813415 5.490715
v -16.301241 0.778728 5.434256
v -16.246067 0.757482 5.373969
v -16.284439 0.758072 5.334437
v -16.346024 0.779416 5.388119
v -16.403498 0.814182 5.439288
v -16.455220 0.861377 5.486484
v -16.499717 0.919656 5.528362
v -16.535718 0.987357 5.563727
v -16.562197 1.062548 5.591570
v -16.578398 1.143085 5.611098
v -16.583861 1.226672 5.621753
v -16.625075 1.233583 5.565731
v -16.623087 1.150579 5.550353
v -16.609085 1.070411 5.527834
v -16.583469 0.995364 5.498818
v -16.546969 0.927580 5.464131
v -16.500627 0.868991 5.424764
v -16.445763 0.821269 5.381838
v -16.383942 0.785775 5.336577
v -16.657744 1.246477 5.505305
v -16.658510 1.164560 5.484832
v -16.646253 1.085080 5.459088
v -16.621321 1.010303 5.428807
v -16.584426 0.942363 5.394851
v -16.536619 0.883197 5.358191
v -16.479265 0.834492 5.319871
v -16.681011 1.265015 5.442061
v -16.683739 1.184661 5.416256
v -16.672724 1.106170 5.387136
v -16.648279 1.031782 5.355530
v -16.611102 0.963617 5.322340
v -16.698111 1.210353 5.346424
v -16.687803 1.133128 5.313865
v -16.699927 1.206166 1.766667
v -16.699927 1.206166 3.533333
v -16.685990 1.125058 1.766667
v -16.685990 1.125058 3.533333
v -16.658937 1.047335 1.766667
v -16.658937 1.047335 3.533333
v -16.619501 0.975102 1.766667
v -16.619501 0.975102 3.533333
v -16.568751 0.910317 1.766667
v -16.568751 0.910317 3.533333
v -16.508062 0.854734 1.766667
v -16.508062 0.854734 3.533333
v -16.439077 0.809859 1.766667
v -16.439077 0.809859 3.533333
v -16.363665 0.776907 1.766667
v -16.363665 0.776907 3.533333
v -16.283869 0.756773 1.766667
v -16.283869 0.756773 3.533333
v -14.730920 0.750000 5.300000
v -14.730801 0.752365 5.347782
v -14.730437 0.759486 5.396235
v -14.729816 0.771401 5.444460
v -14.728928 0.788150 5.491557
v -14.727761 0.809650 5.536676
v -14.726325 0.835351 5.579161
v -14.724638 0.864587 5.618405
v -14.722719 0.896693 5.653799
v -14.720515 0.932146 5.685864
v -14.717974 0.971411 5.715034
v -14.715111 1.013882 5.740652
v -14.711938 1.058952 5.762061
v -14.708474 1.105964 5.778725
v -14.704774 1.154071 5.790574
v -14.700906 1.202381 5.797651
v -14.696938 1.250000 5.800000
v -16.093477 2.250000 5.800000
v -16.093477 2.336824 5.792404
v -16.093477 2.421010 5.769846
v -16.093477 2.500000 5.733013
v -16.093477 2.571394 5.683022
v -16.093477 2.633022 5.621394
v -16.093477 2.683013 5.550000
v -16.093477 2.719846 5.471010
v -16.093477 2.742404 5.386824
v -16.093477 2.750000 5.300000
v -16.172691 2.743685 5.300000
v -16.249904 2.724900 5.300000
v -16.323167 2.694120 5.300000
v -16.390627 2.652122 5.300000
v -16.450582 2.599966 5.300000
v -16.501516 2.538971 5.300000
v -16.542144 2.470676 5.300000
v -16.571439 2.396808 5.300000
v -16.581138 2.318179 5.386824
v -16.558798 2.315056 5.471010
v -16.522319 2.309956 5.550000
v -16.472810 2.303034 5.621394
v -16.411775 2.294501 5.683022
v -16.341069 2.284615 5.733013
v -16.262840 2.273678 5.769846
v -16.179465 2.262022 5.792404
v -16.161096 2.308989 5.791882
v -16.236898 2.275529 5.778308
v -16.110322 2.412286 5.772630
v -16.189760 2.385115 5.771671
v -16.266483 2.354133 5.757411
v -16.338328 2.320215 5.730253
v -16.130796 2.481006 5.741863
v -16.211655 2.458604 5.738769
v -16.289182 2.430319 5.723302
v -16.361190 2.396950 5.695898
v -16.425649 2.359437 5.657331
v -16.480741 2.318838 5.608687
v -16.144451 2.545491 5.700108
v -16.226258 2.527564 5.694116
v -16.304321 2.501810 5.677010
v -16.376438 2.468955 5.649273
v -16.440576 2.429927 5.611687
v -16.494926 2.385824 5.565312
v -16.537956 2.337891 5.511455
v -16.150872 2.603779 5.648634
v -16.233124 2.589898 5.639070
v -16.311439 2.566431 5.619944
v -16.383607 2.534041 5.591796
v -16.447594 2.493642 5.555420
v -16.501596 2.446373 5.511842
v -16.544089 2.393566 5.462289
v -16.573875 2.336711 5.408161
v -16.149862 2.654098 5.589008
v -16.232044 2.643708 5.575305
v -16.310319 2.622216 5.553840
v -16.382480 2.590228 5.525216
v -16.446490 2.548646 5.490241
v -16.500547 2.498643 5.449902
v -16.543124 2.441629 5.405336
v -16.573022 2.379210 5.357800
v -16.141453 2.694916 5.523043
v -16.223052 2.687359 5.504762
v -16.300997 2.667469 5.480708
v -16.373090 2.635807 5.451557
v -16.437298 2.593266 5.418133
v -16.491812 2.541045 5.381378
v -16.535092 2.480617 5.342328
v -16.565920 2.413686 5.302085
v -16.125901 2.724992 5.452745
v -16.206420 2.719523 5.429586
v -16.283755 2.700813 5.402772
v -16.355724 2.669391 5.373061
v -16.420298 2.626143 5.341289
v -16.475656 2.572288 5.308353
v -16.103678 2.743412 5.380253
v -16.182655 2.739221 5.352062
v -16.259117 2.721234 5.322404
v -16.093477 2.750000 1.500000
v -16.172691 2.743685 1.500000
v -16.249904 2.724900 1.500000
v -16.323167 2.694120 1.500000
v -16.390627 2.652122 1.500000
v -16.450582 2.599966 1.500000
v -16.501516 2.538971 1.500000
v -16.542144 2.470676 1.500000
v -16.571439 2.396808 1.500000
v -16.172691 2.743685 2.766667
v -16.172691 2.743685 4.033333
v -16.249904 2.724900 2.766667
v -16.249904 2.724900 4.033333
v -16.323167 2.694120 2.766667
v -16.323167 2.694120 4.033333
v -16.390627 2.652122 2.766667
v -16.390627 2.652122 4.033333
v -16.450582 2.599966 2.766667
v -16.450582 2.599966 4.033333
v -16.501516 2.538971 2.766667
v -16.501516 2.538971 4.033333
v -16.542144 2.470676 2.766667
v -16.542144 2.470676 4.033333
v -16.571439 2.396808 2.766667
v -16.571439 2.396808 4.033333
v -16.172609 1.584055 5.800000
v -16.136479 1.917436 5.800000
v -16.241722 1.760194 5.792404
v -16.325418 1.769264 5.769846
v -16.403948 1.777775 5.733013
v -16.474926 1.785467 5.683022
v -16.536196 1.792107 5.621394
v -16.585896 1.797493 5.550000
v -16.622515 1.801462 5.471010
v -16.644941 1.803892 5.386824
v -14.577380 2.250000 5.800000
v -14.569966 2.297493 5.797664
v -14.562287 2.345651 5.790630
v -14.554485 2.393601 5.778855
v -14.546704 2.440469 5.762300
v -14.539089 2.485425 5.741027
v -14.531776 2.527824 5.715549
v -14.524896 2.567072 5.686504
v -14.518578 2.602575 5.654529
v -14.512781 2.634705 5.619267
v -14.507427 2.664024 5.580088
v -14.502661 2.689850 5.537599
v -14.498631 2.711496 5.492408
v -14.495464 2.728385 5.445171
v -14.493196 2.740412 5.396747
v -14.491832 2.747608 5.348051
v -14.491377 2.750000 5.300000
v -14.491377 2.750000 1.500000
v -14.624818 -1.917603 5.800000
v -14.664678 -1.584212 5.800000
v -14.664678 1.584212 5.800000
v -14.624818 1.917603 5.800000
v -0.950000 14.719375 1.500000
v -0.150021 14.749237 5.800000
v 0.150021 14.749237 5.800000
v -14.384174 3.264666 1.500000
v -14.258698 3.775185 1.500000
v -14.115110 4.280909 1.500000
v -13.953590 4.781194 1.500000
v -13.774345 5.275406 1.500000
v -13.577603 5.762916 1.500000
v -13.363612 6.243106 1.500000
v -13.132646 6.715364 1.500000
v -12.884996 7.179092 1.500000
v -12.620979 7.633701 1.500000
v -12.340929 8.078612 1.500000
v -12.045202 8.513261 1.500000
v -11.734174 8.937095 1.500000
v -11.408240 9.349576 1.500000
v -11.067813 9.750180 1.500000
v -10.713327 10.138398 1.500000
v -10.345232 10.513738 1.500000
v -9.963994 10.875721 1.500000
v -9.570100 11.223889 1.500000
v -9.164048 11.557799 1.500000
v -8.746355 11.877027 1.500000
v -8.317551 12.181167 1.500000
v -7.878182 12.469834 1.500000
v -7.428804 12.742659 1.500000
v -6.969990 12.999298 1.500000
v -6.502321 13.239423 1.500000
v -6.026393 13.462730 1.500000
v -5.542809 13.668935 1.500000
v -5.052184 13.857775 1.500000
v -4.555141 14.029013 1.500000
v -4.052311 14.182428 1.500000
v -3.544334 14.317828 1.500000
v -3.031854 14.435039 1.500000
v -2.515523 14.533914 1.500000
v -1.995997 14.614325 1.500000
v -1.473935 14.676172 1.500000
v 17.646110 -3.247267 4.200000
v 17.646110 -3.247267 2.100000
v 17.600811 -3.365712 4.200000
v 17.600811 -3.365712 2.100000
v 17.540887 -3.477472 4.200000
v 17.540887 -3.477472 2.100000
v 17.467301 -3.580750 4.200000
v 17.467301 -3.580750 2.100000
v 17.381237 -3.673884 4.200000
v 17.381237 -3.673884 2.100000
v 17.284077 -3.755378 4.200000
v 17.284077 -3.755378 2.100000
v 17.177385 -3.823920 4.200000
v 17.177385 -3.823920 2.100000
v 17.062876 -3.878408 4.200000
v 17.062876 -3.878408 2.100000
v 16.942393 -3.917967 4.200000
v 16.942393 -3.917967 2.100000
v 16.817872 -3.941959 4.200000
v 16.817872 -3.941959 2.100000
v 16.817872 3.941959 4.200000
v 16.817872 3.941959 2.100000
v 16.942393 3.917967 4.200000
v 16.942393 3.917967 2.100000
v 17.062876 3.878408 4.200000
v 17.062876 3.878408 2.100000
v 17.177385 3.823920 4.200000
v 17.177385 3.823920 2.100000
v 17.284077 3.755378 4.200000
v 17.284077 3.755378 2.100000
v 17.381237 3.673884 4.200000
v 17.381237 3.673884 2.100000
v 17.467301 3.580750 4.200000
v 17.467301 3.580750 2.100000
v 17.540887 3.477472 4.200000
v 17.540887 3.477472 2.100000
v 17.600811 3.365712 4.200000
v 17.600811 3.365712 2.100000
v 17.646110 3.247267 4.200000
v 17.646110 3.247267 2.100000
v 17.843766 1.950000 1.500000
v 14.620534 1.950000 1.500000
v 17.843766 -1.950000 1.500000
v 17.895773 -1.394206 1.500000
v 17.930472 -0.837063 1.500000
v 17.947830 -0.279111 1.500000
v 17.947830 0.279111 1.500000
v 17.930472 0.837063 1.500000
v 17.895773 1.394206 1.500000
v 14.677128 1.464378 1.500000
v 14.717598 0.977147 1.500000
v 14.741897 0.488842 1.500000
v 14.750000 0.000000 1.500000
v 14.741897 -0.488842 1.500000
v 14.717598 -0.977147 1.500000
v 14.677128 -1.464378 1.500000
v 14.620534 -1.950000 1.500000
v 13.520517 2.501625 4.800000
v 13.418775 2.999830 4.800000
v 13.298682 3.493931 4.800000
v 13.160402 3.983255 4.800000
v 13.004124 4.467131 4.800000
v 12.830062 4.944898 4.800000
v 12.638453 5.415902 4.800000
v 12.429561 5.879500 4.800000
v 12.203670 6.335057 4.800000
v 11.961089 6.781950 4.800000
v 11.702151 7.219568 4.800000
v 11.427209 7.647313 4.800000
v 11.136639 8.064600 4.800000
v 10.830839 8.470857 4.800000
v 10.510227 8.865530 4.800000
v 10.175242 9.248079 4.800000
v 9.826340 9.617980 4.800000
v 9.464001 9.974727 4.800000
v 9.088719 10.317834 4.800000
v 8.701007 10.646830 4.800000
v 8.301395 10.961265 4.800000
v 7.890431 11.260710 4.800000
v 7.468676 11.544755 4.800000
v 7.036707 11.813012 4.800000
v 6.595115 12.065113 4.800000
v 6.144503 12.300715 4.800000
v 5.685489 12.519494 4.800000
v 5.218698 12.721151 4.800000
v 4.744771 12.905411 4.800000
v 4.264355 13.072023 4.800000
v 3.778107 13.220757 4.800000
v 3.286693 13.351410 4.800000
v 2.790783 13.463804 4.800000
v 2.291057 13.557786 4.800000
v 1.788197 13.633226 4.800000
v 1.282892 13.690021 4.800000
v 0.775833 13.728095 4.800000
v 0.267712 13.747394 4.800000
v -0.240774 13.747892 4.800000
v -0.748931 13.729589 4.800000
v -1.256065 13.692509 4.800000
v -1.761480 13.636704 4.800000
v -2.264486 13.562249 4.800000
v -2.764396 13.469247 4.800000
v -3.260524 13.357825 4.800000
v -3.752194 13.228134 4.800000
v -4.238733 13.080353 4.800000
v -4.719474 12.914684 4.800000
v -5.193762 12.731353 4.800000
v -5.660946 12.530610 4.800000
v -6.120389 12.312731 4.800000
v -6.571461 12.078013 4.800000
v -7.013546 11.826777 4.800000
v -7.446040 11.559368 4.800000
v -7.868351 11.276150 4.800000
v -8.279901 10.977511 4.800000
v -8.680128 10.663859 4.800000
v -9.068484 10.335623 4.800000
v -9.444437 9.993253 4.800000
v -9.807475 9.637216 4.800000
v -10.157101 9.267999 4.800000
v -10.492835 8.886108 4.800000
v -10.814220 8.492064 4.800000
v -11.120816 8.086406 4.800000
v -11.412202 7.669690 4.800000
v -11.687982 7.242484 4.800000
v -11.947777 6.805374 4.800000
v -12.191233 6.358957 4.800000
v -12.418016 5.903844 4.800000
v -12.627817 5.440656 4.800000
v -12.820348 4.970028 4.800000
v -12.995346 4.492604 4.800000
v -13.152572 4.009035 4.800000
v -13.291810 3.519983 4.800000
v -13.412871 3.026118 4.800000
v -13.515589 2.528114 4.800000
v -13.599823 2.026652 4.800000
v -13.665458 1.522419 4.800000
v -13.712404 1.016104 4.800000
v -13.740598 0.508400 4.800000
v -13.750000 0.000000 4.800000
v -13.740598 -0.508400 4.800000
v -13.712404 -1.016104 4.800000
v -13.665458 -1.522419 4.800000
v -13.599823 -2.026652 4.800000
v -13.515589 -2.528114 4.800000
v -13.412871 -3.026118 4.800000
v -13.291810 -3.519983 4.800000
v -13.152572 -4.009035 4.800000
v -12.995346 -4.492604 4.800000
v -12.820348 -4.970028 4.800000
v -12.627817 -5.440656 4.800000
v -12.418016 -5.903844 4.800000
v -12.191233 -6.358957 4.800000
v -11.947777 -6.805374 4.800000
v -11.687982 -7.242484 4.800000
v -11.412202 -7.669690 4.800000
v -11.120816 -8.086406 4.800000
v -10.814220 -8.492064 4.800000
v -10.492835 -8.886108 4.800000
v -10.157101 -9.267999 4.800000
v -9.807475 -9.637216 4.800000
v -9.444437 -9.993253 4.800000
v -9.068484 -10.335623 4.800000
v -8.680128 -10.663859 4.800000
v -8.279901 -10.977511 4.800000
v -7.868351 -11.276150 4.800000
v -7.446040 -11.559368 4.800000
v -7.013546 -11.826777 4.800000
v -6.571461 -12.078013 4.800000
v -6.120389 -12.312731 4.800000
v -5.660946 -12.530610 4.800000
v -5.193762 -12.731353 4.800000
v -4.719474 -12.914684 4.800000
v -4.238733 -13.080353 4.800000
v -3.752194 -13.228134 4.800000
v -3.260524 -13.357825 4.800000
v -2.764396 -13.469247 4.800000
v -2.264486 -13.562249 4.800000
v -1.761480 -13.636704 4.800000
v -1.256065 -13.692509 4.800000
v -0.748931 -13.729589 4.800000
v -0.240774 -13.747892 4.800000
v 0.267712 -13.747394 4.800000
v 0.775833 -13.728095 4.800000
v 1.282892 -13.690021 4.800000
v 1.788197 -13.633226 4.800000
v 2.291057 -13.557786 4.800000
v 2.790783 -13.463804 4.800000
v 3.286693 -13.351410 4.800000
v 3.778107 -13.220757 4.800000
v 4.264355 -13.072023 4.800000
v 4.744771 -12.905411 4.800000
v 5.218698 -12.721151 4.800000
v 5.685489 -12.519494 4.800000
v 6.144503 -12.300715 4.800000
v 6.595115 -12.065113 4.800000
v 7.036707 -11.813012 4.800000
v 7.468676 -11.544755 4.800000
v 7.890431 -11.260710 4.800000
v 8.301395 -10.961265 4.800000
v 8.701007 -10.646830 4.800000
v 9.088719 -10.317834 4.800000
v 9.464001 -9.974727 4.800000
v 9.826340 -9.617980 4.800000
v 10.175242 -9.248079 4.800000
v 10.510227 -8.865530 4.800000
v 10.830839 -8.470857 4.800000
v 11.136639 -8.064600 4.800000
v 11.427209 -7.647313 4.800000
v 11.702151 -7.219568 4.800000
v 11.961089 -6.781950 4.800000
v 12.203670 -6.335057 4.800000
v 12.429561 -5.879500 4.800000
v 12.638453 -5.415902 4.800000
v 12.830062 -4.944898 4.800000
v 13.004124 -4.467131 4.800000
v 13.160402 -3.983255 4.800000
v 13.298682 -3.493931 4.800000
v 13.418775 -2.999830 4.800000
v 13.520517 -2.501625 4.800000
v 12.506450 -2.480163 4.800000
v 12.402437 -2.956696 4.800000
v 12.280274 -3.428902 4.800000
v 12.140139 -3.896090 4.800000
v 11.982238 -4.357576 4.800000
v 11.806801 -4.812686 4.800000
v 11.614086 -5.260752 4.800000
v 11.404374 -5.701119 4.800000
v 11.177972 -6.133143 4.800000
v 10.935212 -6.556191 4.800000
v 10.676448 -6.969645 4.800000
v 10.402060 -7.372899 4.800000
v 10.112450 -7.765363 4.800000
v 9.808040 -8.146463 4.800000
v 9.489276 -8.515641 4.800000
v 9.156626 -8.872356 4.800000
v 8.810575 -9.216088 4.800000
v 8.451630 -9.546332 4.800000
v 8.080317 -9.862605 4.800000
v 7.697178 -10.164445 4.800000
v 7.302775 -10.451410 4.800000
v 6.897685 -10.723080 4.800000
v 6.482501 -10.979057 4.800000
v 6.057829 -11.218966 4.800000
v 5.624292 -11.442458 4.800000
v 5.182525 -11.649203 4.800000
v 4.733173 -11.838901 4.800000
v 4.276894 -12.011273 4.800000
v 3.814356 -12.166067 4.800000
v 3.346236 -12.303057 4.800000
v 2.873219 -12.422041 4.800000
v 2.395997 -12.522847 4.800000
v 1.915269 -12.605326 4.800000
v 1.431738 -12.669358 4.800000
v 0.946111 -12.714849 4.800000
v 0.459100 -12.741732 4.800000
v -0.028583 -12.749968 4.800000
v -0.516224 -12.739545 4.800000
v -1.003109 -12.710479 4.800000
v -1.488527 -12.662811 4.800000
v -1.971766 -12.596612 4.800000
v -2.452120 -12.511979 4.800000
v -2.928885 -12.409034 4.800000
v -3.401364 -12.287930 4.800000
v -3.868865 -12.148843 4.800000
v -4.330704 -11.991977 4.800000
v -4.786205 -11.817561 4.800000
v -5.234702 -11.625850 4.800000
v -5.675539 -11.417126 4.800000
v -6.108069 -11.191693 4.800000
v -6.531660 -10.949882 4.800000
v -6.945693 -10.692046 4.800000
v -7.349561 -10.418563 4.800000
v -7.742674 -10.129832 4.800000
v -8.124455 -9.826278 4.800000
v -8.494346 -9.508343 4.800000
v -8.851807 -9.176492 4.800000
v -9.196313 -8.831213 4.800000
v -9.527361 -8.473010 4.800000
v -9.844466 -8.102406 4.800000
v -10.147164 -7.719945 4.800000
v -10.435013 -7.326187 4.800000
v -10.707590 -6.921707 4.800000
v -10.964497 -6.507097 4.800000
v -11.205358 -6.082964 4.800000
v -11.429820 -5.649930 4.800000
v -11.637556 -5.208627 4.800000
v -11.828261 -4.759701 4.800000
v -12.001655 -4.303810 4.800000
v -12.157486 -3.841620 4.800000
v -12.295524 -3.373808 4.800000
v -12.415569 -2.901059 4.800000
v -12.517444 -2.424065 4.800000
v -12.601001 -1.943522 4.800000
v -12.666116 -1.460136 4.800000
v -12.712696 -0.974613 4.800000
v -12.740670 -0.487663 4.800000
v -12.750000 0.000000 4.800000
v -12.740670 0.487663 4.800000
v -12.712696 0.974613 4.800000
v -12.666116 1.460136 4.800000
v -12.601001 1.943522 4.800000
v -12.517444 2.424065 4.800000
v -12.415569 2.901059 4.800000
v -12.295524 3.373808 4.800000
v -12.157486 3.841620 4.800000
v -12.001655 4.303810 4.800000
v -11.828261 4.759701 4.800000
v -11.637556 5.208627 4.800000
v -11.429820 5.649930 4.800000
v -11.205358 6.082964 4.800000
v -10.964497 6.507097 4.800000
v -10.707590 6.921707 4.800000
v -10.435013 7.326187 4.800000
v -10.147164 7.719945 4.800000
v -9.844466 8.102406 4.800000
v -9.527361 8.473010 4.800000
v -9.196313 8.831213 4.800000
v -8.851807 9.176492 4.800000
v -8.494346 9.508343 4.800000
v -8.124455 9.826278 4.800000
v -7.742674 10.129832 4.800000
v -7.349561 10.418563 4.800000
v -6.945693 10.692046 4.800000
v -6.531660 10.949882 4.800000
v -6.108069 11.191693 4.800000
v -5.675539 11.417126 4.800000
v -5.234702 11.625850 4.800000
v -4.786205 11.817561 4.800000
v -4.330704 11.991977 4.800000
v -3.868865 12.148843 4.800000
v -3.401364 12.287930 4.800000
v -2.928885 12.409034 4.800000
v -2.452120 12.511979 4.800000
v -1.971766 12.596612 4.800000
v -1.488527 12.662811 4.800000
v -1.003109 12.710479 4.800000
v -0.516224 12.739545 4.800000
v -0.028583 12.749968 4.800000
v 0.459100 12.741732 4.800000
v 0.946111 12.714849 4.800000
v 1.431738 12.669358 4.800000
v 1.915269 12.605326 4.800000
v 2.395997 12.522847 4.800000
v 2.873219 12.422041 4.800000
v 3.346236 12.303057 4.800000
v 3.814356 12.166067 4.800000
v 4.276894 12.011273 4.800000
v 4.733173 11.838901 4.800000
v 5.182525 11.649203 4.800000
v 5.624292 11.442458 4.800000
v 6.057829 11.218966 4.800000
v 6.482501 10.979057 4.800000
v 6.897685 10.723080 4.800000
v 7.302775 10.451410 4.800000
v 7.697178 10.164445 4.800000
v 8.080317 9.862605 4.800000
v 8.451630 9.546332 4.800000
v 8.810575 9.216088 4.800000
v 9.156626 8.872356 4.800000
v 9.489276 8.515641 4.800000
v 9.808040 8.146463 4.800000
v 10.112450 7.765363 4.800000
v 10.402060 7.372899 4.800000
v 10.676448 6.969645 4.800000
v 10.935212 6.556191 4.800000
v 11.177972 6.133143 4.800000
v 11.404374 5.701119 4.800000
v 11.614086 5.260752 4.800000
v 11.806801 4.812686 4.800000
v 11.982238 4.357576 4.800000
v 12.140139 3.896090 4.800000
v 12.280274 3.428902 4.800000
v 12.402437 2.956696 4.800000
v 12.506450 2.480163 4.800000
vt -0.000000 0.150000 0.000000
vt -0.101161 0.150000 0.000000
vt -0.000000 0.000000 0.000000
vt -0.101161 0.000000 0.000000
vt -0.000000 0.150000 0.000000
vt -0.101161 0.150000 0.000000
vt -0.000000 0.000000 0.000000
vt -0.101161 0.000000 0.000000
vt 1.259216 0.200000 0.000000
vt 1.360377 0.200000 0.000000
vt 1.250645 0.248016 0.000000
vt 1.240244 0.295670 0.000000
vt 1.421126 0.395000 0.000000
vt 1.228027 0.342890 0.000000
vt 1.406141 0.445413 0.000000
vt 1.214014 0.389609 0.000000
vt 1.389368 0.495260 0.000000
vt 1.198224 0.435758 0.000000
vt 1.370828 0.544477 0.000000
vt 1.180680 0.481269 0.000000
vt 1.350546 0.593002 0.000000
vt 1.161409 0.526075 0.000000
vt 1.328546 0.640773 0.000000
vt 1.140437 0.570112 0.000000
vt 1.304858 0.687729 0.000000
vt 1.117797 0.613314 0.000000
vt 1.279510 0.733811 0.000000
vt 1.093521 0.655619 0.000000
vt 1.252536 0.778960 0.000000
vt 1.067645 0.696964 0.000000
vt 1.223970 0.823118 0.000000
vt 1.040206 0.737290 0.000000
vt 1.193847 0.866230 0.000000
vt 1.011245 0.776536 0.000000
vt 1.162206 0.908241 0.000000
vt 0.980804 0.814646 0.000000
vt 1.129088 0.949097 0.000000
vt 0.948928 0.851564 0.000000
vt 1.094534 0.988747 0.000000
vt 0.915663 0.887236 0.000000
vt 1.058589 1.027139 0.000000
vt 1.021298 1.064225 0.000000
vt 1.462053 0.195000 0.000000
vt 1.366768 0.150233 0.000000
vt 1.467713 0.146438 0.000000
vt 1.371339 0.100267 0.000000
vt 1.471760 0.097715 0.000000
vt 1.374085 0.050167 0.000000
vt 1.474190 0.048884 0.000000
vt 1.375000 0.000000 0.000000
vt 1.475000 -0.000000 0.000000
vt 1.474190 -0.048884 0.000000
vt 1.374085 -0.050167 0.000000
vt 1.471760 -0.097715 0.000000
vt 1.371339 -0.100267 0.000000
vt 1.467713 -0.146438 0.000000
vt 1.366768 -0.150233 0.000000
vt 1.462053 -0.195000 0.000000
vt 1.360377 -0.200000 0.000000
vt 1.421126 -0.395000 0.000000
vt 1.240244 -0.295670 0.000000
vt 1.228027 -0.342890 0.000000
vt 1.259216 -0.200000 0.000000
vt 1.250645 -0.248016 0.000000
vt 1.406141 -0.445413 0.000000
vt 1.214014 -0.389609 0.000000
vt 1.389368 -0.495260 0.000000
vt 1.198224 -0.435758 0.000000
vt 1.370828 -0.544477 0.000000
vt 1.180680 -0.481269 0.000000
vt 1.350546 -0.593002 0.000000
vt 1.161409 -0.526075 0.000000
vt 1.328546 -0.640773 0.000000
vt 1.140437 -0.570112 0.000000
vt 1.304858 -0.687729 0.000000
vt 1.117797 -0.613314 0.000000
vt 1.279510 -0.733811 0.000000
vt 1.093521 -0.655619 0.000000
vt 1.252536 -0.778960 0.000000
vt 1.067645 -0.696964 0.000000
vt 1.223970 -0.823118 0.000000
vt 1.040206 -0.737290 0.000000
vt 1.193847 -0.866230 0.000000
vt 1.011245 -0.776536 0.000000
vt 1.162206 -0.908241 0.000000
vt 0.980804 -0.814646 0.000000
vt 1.129088 -0.949097 0.000000
vt 0.948928 -0.851564 0.000000
vt 1.094534 -0.988747 0.000000
vt 0.915663 -0.887236 0.000000
vt 1.058589 -1.027139 0.000000
vt 1.021298 -1.064225 0.000000
vt 0.881057 -0.921609 0.000000
vt 0.982708 -1.099959 0.000000
vt 0.845163 -0.954633 0.000000
vt 0.942869 -1.134294 0.000000
vt 0.808032 -0.986261 0.000000
vt 0.901832 -1.167187 0.000000
vt 0.769718 -1.016445 0.000000
vt 0.859647 -1.198596 0.000000
vt 0.730278 -1.045141 0.000000
vt 0.816370 -1.228481 0.000000
vt 0.689769 -1.072308 0.000000
vt 0.772055 -1.256804 0.000000
vt 0.648250 -1.097906 0.000000
vt 0.726758 -1.283529 0.000000
vt 0.605783 -1.121897 0.000000
vt 0.680538 -1.308623 0.000000
vt 0.562429 -1.144246 0.000000
vt 0.633452 -1.332052 0.000000
vt 0.518252 -1.164920 0.000000
vt 0.585561 -1.353789 0.000000
vt 0.473317 -1.183890 0.000000
vt 0.536925 -1.373804 0.000000
vt 0.427689 -1.201127 0.000000
vt 0.487607 -1.392072 0.000000
vt 0.381436 -1.216607 0.000000
vt 0.437668 -1.408571 0.000000
vt 0.334624 -1.230306 0.000000
vt 0.387174 -1.423278 0.000000
vt 0.336187 -1.436177 0.000000
vt 0.287322 -1.242204 0.000000
vt 0.284772 -1.447249 0.000000
vt 0.239600 -1.252285 0.000000
vt 0.232996 -1.456481 0.000000
vt 0.191527 -1.260533 0.000000
vt 0.180923 -1.463862 0.000000
vt 0.143174 -1.266936 0.000000
vt 0.128620 -1.469381 0.000000
vt 0.094611 -1.271485 0.000000
vt 0.076154 -1.473033 0.000000
vt 0.045910 -1.274173 0.000000
vt 0.023591 -1.474811 0.000000
vt -0.002858 -1.274997 0.000000
vt -0.029002 -1.474715 0.000000
vt -0.051622 -1.273955 0.000000
vt -0.081558 -1.472743 0.000000
vt -0.100311 -1.271048 0.000000
vt -0.134010 -1.468900 0.000000
vt -0.148853 -1.266281 0.000000
vt -0.186292 -1.463188 0.000000
vt -0.197177 -1.259661 0.000000
vt -0.238338 -1.455617 0.000000
vt -0.245212 -1.251198 0.000000
vt -0.290080 -1.446195 0.000000
vt -0.292888 -1.240903 0.000000
vt -0.341453 -1.434934 0.000000
vt -0.340136 -1.228793 0.000000
vt -0.392393 -1.421848 0.000000
vt -0.442833 -1.406956 0.000000
vt -0.386886 -1.214884 0.000000
vt -0.492710 -1.390274 0.000000
vt -0.433070 -1.199198 0.000000
vt -0.541961 -1.371825 0.000000
vt -0.478621 -1.181756 0.000000
vt -0.590523 -1.351631 0.000000
vt -0.523470 -1.162585 0.000000
vt -0.638334 -1.329720 0.000000
vt -0.567554 -1.141713 0.000000
vt -0.685334 -1.306117 0.000000
vt -0.610807 -1.119169 0.000000
vt -0.731462 -1.280854 0.000000
vt -0.653166 -1.094988 0.000000
vt -0.776661 -1.253963 0.000000
vt -0.694569 -1.069205 0.000000
vt -0.820872 -1.225477 0.000000
vt -0.734956 -1.041856 0.000000
vt -0.864039 -1.195434 0.000000
vt -0.774267 -1.012983 0.000000
vt -0.906108 -1.163870 0.000000
vt -0.812445 -0.982628 0.000000
vt -0.947024 -1.130827 0.000000
vt -0.849435 -0.950834 0.000000
vt -0.986737 -1.096346 0.000000
vt -0.885181 -0.917649 0.000000
vt -1.025195 -1.060471 0.000000
vt -0.919631 -0.883121 0.000000
vt -1.062350 -1.023248 0.000000
vt -1.098154 -0.984724 0.000000
vt -0.952736 -0.847301 0.000000
vt -1.132562 -0.944948 0.000000
vt -0.984447 -0.810241 0.000000
vt -1.165530 -0.903971 0.000000
vt -1.014716 -0.771995 0.000000
vt -1.197017 -0.861845 0.000000
vt -1.043501 -0.732619 0.000000
vt -1.226981 -0.818622 0.000000
vt -1.070759 -0.692171 0.000000
vt -1.255386 -0.774359 0.000000
vt -1.096450 -0.650710 0.000000
vt -1.282194 -0.729112 0.000000
vt -1.120536 -0.608296 0.000000
vt -1.307372 -0.682937 0.000000
vt -1.142982 -0.564993 0.000000
vt -1.330888 -0.635894 0.000000
vt -1.163756 -0.520863 0.000000
vt -1.352712 -0.588043 0.000000
vt -1.182826 -0.475970 0.000000
vt -1.372817 -0.539444 0.000000
vt -1.200165 -0.430381 0.000000
vt -1.391175 -0.490159 0.000000
vt -1.215749 -0.384162 0.000000
vt -1.407766 -0.440251 0.000000
vt -1.229552 -0.337381 0.000000
vt -1.422566 -0.389784 0.000000
vt -1.435558 -0.338820 0.000000
vt -1.241557 -0.290106 0.000000
vt -1.446724 -0.287427 0.000000
vt -1.251744 -0.242406 0.000000
vt -1.456052 -0.235667 0.000000
vt -1.260100 -0.194352 0.000000
vt -1.463528 -0.183608 0.000000
vt -1.266612 -0.146014 0.000000
vt -1.469143 -0.131316 0.000000
vt -1.271270 -0.097461 0.000000
vt -1.472891 -0.078856 0.000000
vt -1.274067 -0.048766 0.000000
vt -1.474766 -0.026297 0.000000
vt -1.275000 -0.000000 0.000000
vt -1.474766 0.026297 0.000000
vt -1.274067 0.048766 0.000000
vt -1.472891 0.078856 0.000000
vt -1.271270 0.097461 0.000000
vt -1.469143 0.131316 0.000000
vt -1.266612 0.146014 0.000000
vt -1.463528 0.183608 0.000000
vt -1.260100 0.194352 0.000000
vt -1.456052 0.235667 0.000000
vt -1.251744 0.242406 0.000000
vt -1.446724 0.287427 0.000000
vt -1.241557 0.290106 0.000000
vt -1.435558 0.338820 0.000000
vt -1.229552 0.337381 0.000000
vt -1.422566 0.389784 0.000000
vt -1.407766 0.440251 0.000000
vt -1.215749 0.384162 0.000000
vt -1.391175 0.490159 0.000000
vt -1.200165 0.430381 0.000000
vt -1.372817 0.539444 0.000000
vt -1.182826 0.475970 0.000000
vt -1.352712 0.588043 0.000000
vt -1.163756 0.520863 0.000000
vt -1.330888 0.635894 0.000000
vt -1.142982 0.564993 0.000000
vt -1.307372 0.682937 0.000000
vt -1.120536 0.608296 0.000000
vt -1.282194 0.729112 0.000000
vt -1.096450 0.650710 0.000000
vt -1.255386 0.774359 0.000000
vt -1.070759 0.692171 0.000000
vt -1.226981 0.818622 0.000000
vt -1.043501 0.732619 0.000000
vt -1.197017 0.861845 0.000000
vt -1.014716 0.771995 0.000000
vt -1.165530 0.903971 0.000000
vt -0.984447 0.810241 0.000000
vt -1.132562 0.944948 0.000000
vt -0.952736 0.847301 0.000000
vt -1.098154 0.984724 0.000000
vt -0.919631 0.883121 0.000000
vt -1.062350 1.023248 0.000000
vt -1.025195 1.060471 0.000000
vt -0.885181 0.917649 0.000000
vt -0.986737 1.096346 0.000000
vt -0.849435 0.950834 0.000000
vt -0.947024 1.130827 0.000000
vt -0.812445 0.982628 0.000000
vt -0.906108 1.163870 0.000000
vt -0.774267 1.012983 0.000000
vt -0.864039 1.195434 0.000000
vt -0.734956 1.041856 0.000000
vt -0.820872 1.225477 0.000000
vt -0.694569 1.069205 0.000000
vt -0.776661 1.253963 0.000000
vt -0.653166 1.094988 0.000000
vt -0.731462 1.280854 0.000000
vt -0.610807 1.119169 0.000000
vt -0.685334 1.306117 0.000000
vt -0.567554 1.141713 0.000000
vt -0.638334 1.329720 0.000000
vt -0.523470 1.162585 0.000000
vt -0.590523 1.351631 0.000000
vt -0.478621 1.181756 0.000000
vt -0.541961 1.371825 0.000000
vt -0.433070 1.199198 0.000000
vt -0.492710 1.390274 0.000000
vt -0.386886 1.214884 0.000000
vt -0.442833 1.406956 0.000000
vt -0.340136 1.228793 0.000000
vt -0.392393 1.421848 0.000000
vt -0.341453 1.434934 0.000000
vt -0.292888 1.240903 0.000000
vt -0.290080 1.446195 0.000000
vt -0.245212 1.251198 0.000000
vt -0.238338 1.455617 0.000000
vt -0.197177 1.259661 0.000000
vt -0.186292 1.463188 0.000000
vt -0.148853 1.266281 0.000000
vt -0.134010 1.468900 0.000000
vt -0.100311 1.271048 0.000000
vt -0.081558 1.472743 0.000000
vt -0.051622 1.273955 0.000000
vt -0.029002 1.474715 0.000000
vt -0.002858 1.274997 0.000000
vt 0.023591 1.474811 0.000000
vt 0.045910 1.274173 0.000000
vt 0.076154 1.473033 0.000000
vt 0.094611 1.271485 0.000000
vt 0.128620 1.469381 0.000000
vt 0.143174 1.266936 0.000000
vt 0.180923 1.463862 0.000000
vt 0.191527 1.260533 0.000000
vt 0.232996 1.456481 0.000000
vt 0.239600 1.252285 0.000000
vt 0.284772 1.447249 0.000000
vt 0.287322 1.242204 0.000000
vt 0.336187 1.436177 0.000000
vt 0.334624 1.230306 0.000000
vt 0.387174 1.423278 0.000000
vt 0.437668 1.408571 0.000000
vt 0.381436 1.216607 0.000000
vt 0.487607 1.392072 0.000000
vt 0.427689 1.201127 0.000000
vt 0.536925 1.373804 0.000000
vt 0.473317 1.183890 0.000000
vt 0.585561 1.353789 0.000000
vt 0.518252 1.164920 0.000000
vt 0.633452 1.332052 0.000000
vt 0.562429 1.144246 0.000000
vt 0.680538 1.308623 0.000000
vt 0.605783 1.121897 0.000000
vt 0.726758 1.283529 0.000000
vt 0.648250 1.097906 0.000000
vt 0.772055 1.256804 0.000000
vt 0.689769 1.072308 0.000000
vt 0.816370 1.228481 0.000000
vt 0.730278 1.045141 0.000000
vt 0.859647 1.198596 0.000000
vt 0.769718 1.016445 0.000000
vt 0.901832 1.167187 0.000000
vt 0.808032 0.986261 0.000000
vt 0.942869 1.134294 0.000000
vt 0.845163 0.954633 0.000000
vt 0.982708 1.099959 0.000000
vt 0.881057 0.921609 0.000000
vt 1.681787 -0.394196 0.000000
vt 1.767605 -0.312404 0.000000
vt 1.669132 -0.395000 0.000000
vt 1.774057 -0.273396 0.000000
vt 1.779649 -0.234255 0.000000
vt 1.784377 -0.195000 0.000000
vt 1.694239 -0.391797 0.000000
vt 1.706288 -0.387841 0.000000
vt 1.717738 -0.382392 0.000000
vt 1.728408 -0.375538 0.000000
vt 1.738124 -0.367388 0.000000
vt 1.746730 -0.358075 0.000000
vt 1.754089 -0.347747 0.000000
vt 1.760081 -0.336571 0.000000
vt 1.764611 -0.324727 0.000000
vt 1.784377 0.195000 0.000000
vt 1.779649 0.234255 0.000000
vt 1.774057 0.273396 0.000000
vt 1.669132 0.395000 0.000000
vt 1.767605 0.312404 0.000000
vt 1.681787 0.394196 0.000000
vt 1.694239 0.391797 0.000000
vt 1.706288 0.387841 0.000000
vt 1.717738 0.382392 0.000000
vt 1.728408 0.375538 0.000000
vt 1.738124 0.367388 0.000000
vt 1.746730 0.358075 0.000000
vt 1.754089 0.347747 0.000000
vt 1.760081 0.336571 0.000000
vt 1.764611 0.324727 0.000000
vt -0.530000 -2.677474 0.000000
vt -0.000000 -2.677474 0.000000
vt -0.530000 -2.646547 0.000000
vt -0.000000 -2.622072 0.000000
vt -0.530000 -2.615620 0.000000
vt -0.150000 -2.584693 0.000000
vt -0.530000 -2.584693 0.000000
vt -0.000000 -2.566670 0.000000
vt -0.150000 -2.528693 0.000000
vt -0.000000 -2.511268 0.000000
vt -0.150000 -2.472692 0.000000
vt -0.000000 -2.455866 0.000000
vt -0.150000 -2.416692 0.000000
vt -0.000000 -2.400463 0.000000
vt -0.150000 -2.360691 0.000000
vt -0.000000 -2.345061 0.000000
vt -0.150000 -2.304691 0.000000
vt -0.000000 -2.289659 0.000000
vt -0.150000 -2.248690 0.000000
vt -0.000000 -2.234257 0.000000
vt -0.150000 -2.192690 0.000000
vt -0.000000 -2.178855 0.000000
vt -0.150000 -2.136689 0.000000
vt -0.000000 -2.123452 0.000000
vt -0.150000 -2.080688 0.000000
vt -0.000000 -2.068050 0.000000
vt -0.150000 -2.024688 0.000000
vt -0.000000 -2.012648 0.000000
vt -0.150000 -1.968687 0.000000
vt -0.000000 -1.957246 0.000000
vt -0.150000 -1.912687 0.000000
vt -0.000000 -1.901844 0.000000
vt -0.150000 -1.856686 0.000000
vt -0.000000 -1.846442 0.000000
vt -0.150000 -1.800686 0.000000
vt -0.000000 -1.791039 0.000000
vt -0.150000 -1.744685 0.000000
vt -0.000000 -1.735637 0.000000
vt -0.150000 -1.688685 0.000000
vt -0.000000 -1.680235 0.000000
vt -0.150000 -1.632684 0.000000
vt -0.000000 -1.624833 0.000000
vt -0.150000 -1.576684 0.000000
vt -0.000000 -1.569431 0.000000
vt -0.150000 -1.520683 0.000000
vt -0.000000 -1.514028 0.000000
vt -0.150000 -1.464682 0.000000
vt -0.000000 -1.458626 0.000000
vt -0.150000 -1.408682 0.000000
vt -0.000000 -1.403224 0.000000
vt -0.150000 -1.352681 0.000000
vt -0.000000 -1.347822 0.000000
vt -0.150000 -1.296681 0.000000
vt -0.000000 -1.292420 0.000000
vt -0.150000 -1.240680 0.000000
vt -0.000000 -1.237017 0.000000
vt -0.150000 -1.184680 0.000000
vt -0.000000 -1.181615 0.000000
vt -0.150000 -1.128679 0.000000
vt -0.000000 -1.126213 0.000000
vt -0.150000 -1.072679 0.000000
vt -0.000000 -1.070811 0.000000
vt -0.150000 -1.016678 0.000000
vt -0.000000 -1.015409 0.000000
vt -0.150000 -0.960678 0.000000
vt -0.000000 -0.960006 0.000000
vt -0.150000 -0.904677 0.000000
vt -0.000000 -0.904604 0.000000
vt -0.000000 -0.849202 0.000000
vt -0.150000 -0.848677 0.000000
vt -0.000000 -0.793800 0.000000
vt -0.150000 -0.792676 0.000000
vt -0.000000 -0.738398 0.000000
vt -0.150000 -0.736675 0.000000
vt -0.000000 -0.682995 0.000000
vt -0.150000 -0.680675 0.000000
vt -0.000000 -0.627593 0.000000
vt -0.150000 -0.624674 0.000000
vt -0.000000 -0.572191 0.000000
vt -0.150000 -0.568674 0.000000
vt -0.000000 -0.516789 0.000000
vt -0.150000 -0.512673 0.000000
vt -0.000000 -0.461387 0.000000
vt -0.150000 -0.456673 0.000000
vt -0.000000 -0.405985 0.000000
vt -0.150000 -0.400672 0.000000
vt -0.000000 -0.350582 0.000000
vt -0.150000 -0.344672 0.000000
vt -0.000000 -0.295180 0.000000
vt -0.150000 -0.288671 0.000000
vt -0.000000 -0.239778 0.000000
vt -0.150000 -0.232671 0.000000
vt -0.530000 -0.198105 0.000000
vt -0.530000 -0.232671 0.000000
vt -0.000000 -0.184376 0.000000
vt -0.530000 -0.163539 0.000000
vt -0.000000 -0.128974 0.000000
vt -0.530000 -0.128974 0.000000
vt -1.330739 -0.346064 0.000000
vt -1.421126 -0.395000 0.000000
vt -1.317042 -0.395000 0.000000
vt -1.406090 -0.445574 0.000000
vt -1.301547 -0.443397 0.000000
vt -1.389254 -0.495578 0.000000
vt -1.284274 -0.491188 0.000000
vt -1.370641 -0.544947 0.000000
vt -1.265247 -0.538309 0.000000
vt -1.350274 -0.593620 0.000000
vt -1.244491 -0.584694 0.000000
vt -1.328180 -0.641533 0.000000
vt -1.222036 -0.630280 0.000000
vt -1.304385 -0.688624 0.000000
vt -1.197912 -0.675006 0.000000
vt -1.278922 -0.734835 0.000000
vt -1.172151 -0.718809 0.000000
vt -1.251823 -0.780106 0.000000
vt -1.144789 -0.761631 0.000000
vt -1.223121 -0.824378 0.000000
vt -1.115864 -0.803413 0.000000
vt -1.192855 -0.867596 0.000000
vt -1.085415 -0.844097 0.000000
vt -1.161062 -0.909703 0.000000
vt -1.053483 -0.883628 0.000000
vt -1.127784 -0.950647 0.000000
vt -1.020112 -0.921953 0.000000
vt -1.093062 -0.990374 0.000000
vt -0.985348 -0.959018 0.000000
vt -1.056942 -1.028833 0.000000
vt -0.949238 -0.994773 0.000000
vt -1.019470 -1.065977 0.000000
vt -0.911831 -1.029169 0.000000
vt -0.980693 -1.101756 0.000000
vt -0.873179 -1.062160 0.000000
vt -0.940661 -1.136126 0.000000
vt -0.833334 -1.093700 0.000000
vt -0.899426 -1.169042 0.000000
vt -0.857039 -1.200462 0.000000
vt -1.342617 -0.296654 0.000000
vt -1.352662 -0.246840 0.000000
vt -1.669132 -0.395000 0.000000
vt -1.360859 -0.196689 0.000000
vt -1.776646 -0.256035 0.000000
vt -1.783889 -0.199408 0.000000
vt -1.367198 -0.146269 0.000000
vt -1.789328 -0.142578 0.000000
vt -1.371669 -0.095649 0.000000
vt -1.792958 -0.085605 0.000000
vt -1.374267 -0.044898 0.000000
vt -1.794773 -0.028545 0.000000
vt -1.374987 0.005914 0.000000
vt -1.794773 0.028545 0.000000
vt -1.373830 0.056718 0.000000
vt -1.792958 0.085605 0.000000
vt -1.370796 0.107444 0.000000
vt -1.789328 0.142578 0.000000
vt -1.365889 0.158024 0.000000
vt -1.783889 0.199408 0.000000
vt -1.776646 0.256035 0.000000
vt -1.359117 0.208387 0.000000
vt -1.669132 0.395000 0.000000
vt -1.350489 0.258466 0.000000
vt -1.421126 0.395000 0.000000
vt -1.340016 0.308192 0.000000
vt -1.327713 0.357498 0.000000
vt -1.313596 0.406314 0.000000
vt -1.406304 0.444899 0.000000
vt -1.297685 0.454576 0.000000
vt -1.389730 0.494244 0.000000
vt -1.280001 0.502217 0.000000
vt -1.371425 0.542973 0.000000
vt -1.260569 0.549172 0.000000
vt -1.351412 0.591026 0.000000
vt -1.239416 0.595377 0.000000
vt -1.329716 0.638342 0.000000
vt -1.216569 0.640769 0.000000
vt -1.306364 0.684864 0.000000
vt -1.192061 0.685285 0.000000
vt -1.281385 0.730533 0.000000
vt -1.165925 0.728866 0.000000
vt -1.254810 0.775292 0.000000
vt -1.226672 0.819086 0.000000
vt -1.138196 0.771450 0.000000
vt -1.197006 0.861859 0.000000
vt -1.108912 0.812982 0.000000
vt -1.165850 0.903559 0.000000
vt -1.078114 0.853402 0.000000
vt -1.133242 0.944134 0.000000
vt -1.045843 0.892657 0.000000
vt -1.099222 0.983532 0.000000
vt -1.012144 0.930693 0.000000
vt -1.063833 1.021706 0.000000
vt -0.977062 0.967458 0.000000
vt -1.027120 1.058608 0.000000
vt -0.940646 1.002901 0.000000
vt -0.989127 1.094190 0.000000
vt -0.902945 1.036974 0.000000
vt -0.949902 1.128411 0.000000
vt -0.864010 1.069631 0.000000
vt -0.909495 1.161226 0.000000
vt -0.823896 1.100827 0.000000
vt -0.867954 1.192594 0.000000
vt -0.782656 1.130520 0.000000
vt -0.825333 1.222477 0.000000
vt -0.740347 1.158668 0.000000
vt -0.781683 1.250838 0.000000
vt -0.697027 1.185234 0.000000
vt -0.737060 1.277641 0.000000
vt -0.652754 1.210180 0.000000
vt -0.691520 1.302853 0.000000
vt -0.607591 1.233474 0.000000
vt -0.645117 1.326442 0.000000
vt -0.561597 1.255083 0.000000
vt -0.597912 1.348379 0.000000
vt -0.514836 1.274978 0.000000
vt -0.549962 1.368637 0.000000
vt -0.467372 1.293131 0.000000
vt -0.501327 1.387190 0.000000
vt -0.419270 1.309518 0.000000
vt -0.452067 1.404016 0.000000
vt -0.370595 1.324116 0.000000
vt -0.402245 1.419093 0.000000
vt -0.351921 1.432402 0.000000
vt -0.321414 1.336906 0.000000
vt -0.301159 1.443928 0.000000
vt -0.271794 1.347870 0.000000
vt -0.250022 1.453655 0.000000
vt -0.221802 1.356993 0.000000
vt -0.198574 1.461572 0.000000
vt -0.171508 1.364262 0.000000
vt -0.146878 1.467669 0.000000
vt -0.120979 1.369667 0.000000
vt -0.095000 1.471937 0.000000
vt -0.070285 1.373202 0.000000
vt -0.019495 1.374862 0.000000
vt 0.031321 1.374643 0.000000
vt 0.064398 1.673762 0.000000
vt 0.009012 1.674976 0.000000
vt 0.082095 1.372547 0.000000
vt 0.119714 1.670716 0.000000
vt 0.132756 1.368576 0.000000
vt 0.174899 1.665844 0.000000
vt 0.183237 1.362736 0.000000
vt 0.229892 1.659149 0.000000
vt 0.284635 1.650639 0.000000
vt 0.233467 1.355034 0.000000
vt 0.339065 1.640323 0.000000
vt 0.283378 1.345482 0.000000
vt 0.393125 1.628213 0.000000
vt 0.332902 1.334092 0.000000
vt 0.446755 1.614322 0.000000
vt 0.381971 1.320880 0.000000
vt 0.499896 1.598665 0.000000
vt 0.430519 1.305863 0.000000
vt 0.552490 1.581259 0.000000
vt 0.478478 1.289063 0.000000
vt 0.604480 1.562123 0.000000
vt 0.525784 1.270502 0.000000
vt 0.655809 1.541279 0.000000
vt 0.706420 1.518748 0.000000
vt 0.572372 1.250206 0.000000
vt 0.756259 1.494556 0.000000
vt 0.618178 1.228202 0.000000
vt 0.805270 1.468729 0.000000
vt 0.663140 1.204521 0.000000
vt 0.853400 1.441296 0.000000
vt 0.707196 1.179194 0.000000
vt 0.900597 1.412285 0.000000
vt 0.750286 1.152257 0.000000
vt 0.946808 1.381730 0.000000
vt 0.792351 1.123746 0.000000
vt 0.991984 1.349664 0.000000
vt 0.833334 1.093700 0.000000
vt 1.036075 1.316121 0.000000
vt 1.079032 1.281138 0.000000
vt 0.873179 1.062160 0.000000
vt 1.120809 1.244754 0.000000
vt 0.911831 1.029169 0.000000
vt 1.161360 1.207008 0.000000
vt 0.949238 0.994773 0.000000
vt 1.200640 1.167942 0.000000
vt 0.985348 0.959018 0.000000
vt 1.238607 1.127598 0.000000
vt 1.020112 0.921953 0.000000
vt 1.275220 1.086020 0.000000
vt 1.053483 0.883628 0.000000
vt 1.310437 1.043255 0.000000
vt 1.085415 0.844097 0.000000
vt 1.344220 0.999348 0.000000
vt 1.115864 0.803413 0.000000
vt 1.376533 0.954348 0.000000
vt 1.144789 0.761631 0.000000
vt 1.407341 0.908305 0.000000
vt 1.436608 0.861267 0.000000
vt 1.172151 0.718809 0.000000
vt 1.464305 0.813288 0.000000
vt 1.197912 0.675006 0.000000
vt 1.490399 0.764418 0.000000
vt 1.222036 0.630280 0.000000
vt 1.514863 0.714713 0.000000
vt 1.244491 0.584694 0.000000
vt 1.537670 0.664226 0.000000
vt 1.265247 0.538309 0.000000
vt 1.558795 0.613012 0.000000
vt 1.284274 0.491188 0.000000
vt 1.578215 0.561127 0.000000
vt 1.301547 0.443397 0.000000
vt 1.595908 0.508629 0.000000
vt 1.317042 0.395000 0.000000
vt 1.611855 0.455574 0.000000
vt 1.330739 0.346064 0.000000
vt 1.626039 0.402021 0.000000
vt 1.342617 0.296654 0.000000
vt 1.638445 0.348028 0.000000
vt 1.352662 0.246840 0.000000
vt 1.649058 0.293655 0.000000
vt 1.657867 0.238960 0.000000
vt 1.360859 0.196689 0.000000
vt 1.473092 0.075000 0.000000
vt 1.367198 0.146269 0.000000
vt 1.371669 0.095649 0.000000
vt 1.374267 0.044898 0.000000
vt 1.474788 0.025010 0.000000
vt 1.374987 -0.005914 0.000000
vt 1.474788 -0.025010 0.000000
vt 1.373830 -0.056718 0.000000
vt 1.473092 -0.075000 0.000000
vt 1.370796 -0.107444 0.000000
vt 1.365889 -0.158024 0.000000
vt 1.449138 -0.275000 0.000000
vt 1.359117 -0.208387 0.000000
vt 1.350489 -0.258466 0.000000
vt 1.438375 -0.326653 0.000000
vt 1.340016 -0.308192 0.000000
vt 1.425772 -0.377887 0.000000
vt 1.327713 -0.357498 0.000000
vt 1.411345 -0.428638 0.000000
vt 1.313596 -0.406314 0.000000
vt 1.395112 -0.478841 0.000000
vt 1.297685 -0.454576 0.000000
vt 1.377093 -0.528430 0.000000
vt 1.280001 -0.502217 0.000000
vt 1.357313 -0.577344 0.000000
vt 1.260569 -0.549172 0.000000
vt 1.335796 -0.625519 0.000000
vt 1.239416 -0.595377 0.000000
vt 1.312570 -0.672894 0.000000
vt 1.216569 -0.640769 0.000000
vt 1.287664 -0.719407 0.000000
vt 1.192061 -0.685285 0.000000
vt 1.261110 -0.765000 0.000000
vt 1.165925 -0.728866 0.000000
vt 1.232943 -0.809615 0.000000
vt 1.138196 -0.771450 0.000000
vt 1.203199 -0.853193 0.000000
vt 1.108912 -0.812982 0.000000
vt 1.171914 -0.895679 0.000000
vt 1.078114 -0.853402 0.000000
vt 1.139131 -0.937020 0.000000
vt 1.045843 -0.892657 0.000000
vt 1.104889 -0.977162 0.000000
vt 1.012144 -0.930693 0.000000
vt 1.069234 -1.016053 0.000000
vt 0.977062 -0.967458 0.000000
vt 1.032211 -1.053644 0.000000
vt 0.940646 -1.002901 0.000000
vt 0.993867 -1.089887 0.000000
vt 0.902945 -1.036974 0.000000
vt 0.954251 -1.124735 0.000000
vt 0.864010 -1.069631 0.000000
vt 0.913415 -1.158145 0.000000
vt 0.823896 -1.100827 0.000000
vt 0.871409 -1.190072 0.000000
vt 0.782656 -1.130520 0.000000
vt 0.828289 -1.220476 0.000000
vt 0.740347 -1.158668 0.000000
vt 0.784108 -1.249319 0.000000
vt 0.697027 -1.185234 0.000000
vt 0.738925 -1.276564 0.000000
vt 0.652754 -1.210180 0.000000
vt 0.692796 -1.302175 0.000000
vt 0.607591 -1.233474 0.000000
vt 0.645780 -1.326120 0.000000
vt 0.561597 -1.255083 0.000000
vt 0.597938 -1.348367 0.000000
vt 0.514836 -1.274978 0.000000
vt 0.549331 -1.368890 0.000000
vt 0.467372 -1.293131 0.000000
vt 0.500022 -1.387661 0.000000
vt 0.419270 -1.309518 0.000000
vt 0.450072 -1.404657 0.000000
vt 0.370595 -1.324116 0.000000
vt 0.399546 -1.419855 0.000000
vt 0.321414 -1.336906 0.000000
vt 0.348510 -1.433236 0.000000
vt 0.297027 -1.444784 0.000000
vt 0.271794 -1.347870 0.000000
vt 0.245164 -1.454483 0.000000
vt 0.221802 -1.356993 0.000000
vt 0.192988 -1.462320 0.000000
vt 0.171508 -1.364262 0.000000
vt 0.140564 -1.468287 0.000000
vt 0.120979 -1.369667 0.000000
vt 0.087961 -1.472375 0.000000
vt 0.070285 -1.373202 0.000000
vt 0.035245 -1.474579 0.000000
vt 0.019495 -1.374862 0.000000
vt -0.017516 -1.474896 0.000000
vt -0.031321 -1.374643 0.000000
vt -0.070254 -1.473326 0.000000
vt -0.082095 -1.372547 0.000000
vt -0.122903 -1.469871 0.000000
vt -0.132756 -1.368576 0.000000
vt -0.175394 -1.464535 0.000000
vt -0.183237 -1.362736 0.000000
vt -0.227661 -1.457325 0.000000
vt -0.233467 -1.355034 0.000000
vt -0.279637 -1.448250 0.000000
vt -0.283378 -1.345482 0.000000
vt -0.331254 -1.437322 0.000000
vt -0.332902 -1.334092 0.000000
vt -0.382448 -1.424555 0.000000
vt -0.381971 -1.320880 0.000000
vt -0.433153 -1.409966 0.000000
vt -0.430519 -1.305863 0.000000
vt -0.483303 -1.393572 0.000000
vt -0.478478 -1.289063 0.000000
vt -0.532835 -1.375395 0.000000
vt -0.525784 -1.270502 0.000000
vt -0.581685 -1.355458 0.000000
vt -0.572372 -1.250206 0.000000
vt -0.629791 -1.333787 0.000000
vt -0.618178 -1.228202 0.000000
vt -0.677091 -1.310409 0.000000
vt -0.663140 -1.204521 0.000000
vt -0.723525 -1.285355 0.000000
vt -0.707196 -1.179194 0.000000
vt -0.769033 -1.258655 0.000000
vt -0.750286 -1.152257 0.000000
vt -0.813557 -1.230346 0.000000
vt -0.792351 -1.123746 0.000000
vt -0.054892 1.673389 0.000000
vt -0.063109 1.670982 0.000000
vt -0.046385 1.674358 0.000000
vt -0.070795 1.667209 0.000000
vt -0.077725 1.662180 0.000000
vt -0.083695 1.656042 0.000000
vt -0.088530 1.648976 0.000000
vt -0.092089 1.641188 0.000000
vt -0.094267 1.632908 0.000000
vt -0.095000 1.624377 0.000000
vt -1.681787 0.394196 0.000000
vt -1.694239 0.391797 0.000000
vt -1.706288 0.387841 0.000000
vt -1.717738 0.382392 0.000000
vt -1.728408 0.375538 0.000000
vt -1.738124 0.367388 0.000000
vt -1.746730 0.358075 0.000000
vt -1.754089 0.347747 0.000000
vt -1.760081 0.336571 0.000000
vt -1.764611 0.324727 0.000000
vt -1.767605 0.312404 0.000000
vt -1.767605 -0.312404 0.000000
vt -1.764611 -0.324727 0.000000
vt -1.760081 -0.336571 0.000000
vt -1.754089 -0.347747 0.000000
vt -1.746730 -0.358075 0.000000
vt -1.738124 -0.367388 0.000000
vt -1.728408 -0.375538 0.000000
vt -1.717738 -0.382392 0.000000
vt -1.706288 -0.387841 0.000000
vt -1.694239 -0.391797 0.000000
vt -1.681787 -0.394196 0.000000
vt 1.609348 -0.275000 0.000000
vt 1.663299 -0.197643 0.000000
vt 1.667023 -0.163280 0.000000
vt 1.617269 -0.274369 0.000000
vt 1.624990 -0.272490 0.000000
vt 1.632317 -0.269412 0.000000
vt 1.639063 -0.265212 0.000000
vt 1.645058 -0.259997 0.000000
vt 1.650152 -0.253897 0.000000
vt 1.654214 -0.247068 0.000000
vt 1.657144 -0.239681 0.000000
vt 1.658866 -0.231923 0.000000
vt 1.620185 -0.075000 0.000000
vt 1.670037 -0.128846 0.000000
vt 1.669993 -0.120617 0.000000
vt 1.668599 -0.112506 0.000000
vt 1.665894 -0.104734 0.000000
vt 1.661950 -0.097510 0.000000
vt 1.656875 -0.091032 0.000000
vt 1.650806 -0.085473 0.000000
vt 1.643908 -0.080986 0.000000
vt 1.636366 -0.077691 0.000000
vt 1.628387 -0.075677 0.000000
vt 1.664863 0.184004 0.000000
vt 1.620185 0.075000 0.000000
vt 1.670037 0.128846 0.000000
vt 1.669993 0.120617 0.000000
vt 1.668599 0.112506 0.000000
vt 1.665894 0.104734 0.000000
vt 1.661950 0.097510 0.000000
vt 1.656875 0.091032 0.000000
vt 1.650806 0.085473 0.000000
vt 1.643908 0.080986 0.000000
vt 1.636366 0.077691 0.000000
vt 1.628387 0.075677 0.000000
vt -0.000000 0.232671 0.000000
vt -0.530000 0.232671 0.000000
vt -0.000000 0.198105 0.000000
vt -0.530000 0.198105 0.000000
vt -0.530000 0.163539 0.000000
vt -0.530000 0.128974 0.000000
vt -0.000000 0.128974 0.000000
vt -0.000000 0.163539 0.000000
vt 0.041395 -0.008857 0.000000
vt 0.048087 0.000000 0.000000
vt 0.040041 0.000000 0.000000
vt 0.041395 0.008857 0.000000
vt 0.040041 0.008566 0.000000
vt 0.034108 0.015368 0.000000
vt 0.031994 0.008566 0.000000
vt 0.026484 0.020466 0.000000
vt 0.023948 0.008566 0.000000
vt 0.023948 0.017131 0.000000
vt 0.015902 0.017131 0.000000
vt 0.018665 0.024714 0.000000
vt 0.015902 0.025697 0.000000
vt 0.010735 0.028464 0.000000
vt 0.007855 0.025697 0.000000
vt 0.002748 0.031962 0.000000
vt -0.000191 0.025697 0.000000
vt -0.005252 0.035397 0.000000
vt -0.008237 0.025697 0.000000
vt -0.008237 0.034251 0.000000
vt -0.016283 0.034235 0.000000
vt -0.013226 0.038952 0.000000
vt -0.021128 0.042828 0.000000
vt -0.024330 0.034219 0.000000
vt -0.024586 0.034218 0.000000
vt -0.024330 0.025697 0.000000
vt -0.027362 0.025016 0.000000
vt -0.024330 0.017131 0.000000
vt -0.029315 0.015271 0.000000
vt -0.024330 0.008566 0.000000
vt -0.030325 0.005138 0.000000
vt -0.024330 0.000000 0.000000
vt -0.030325 -0.005138 0.000000
vt -0.024330 -0.008566 0.000000
vt -0.029315 -0.015271 0.000000
vt -0.024330 -0.017131 0.000000
vt -0.027362 -0.025016 0.000000
vt -0.024330 -0.025697 0.000000
vt -0.024586 -0.034218 0.000000
vt -0.024330 -0.034219 0.000000
vt -0.021128 -0.042828 0.000000
vt -0.016283 -0.034235 0.000000
vt -0.013226 -0.038952 0.000000
vt -0.008237 -0.034251 0.000000
vt -0.005252 -0.035397 0.000000
vt -0.008237 -0.025697 0.000000
vt -0.000191 -0.025697 0.000000
vt -0.008237 -0.017131 0.000000
vt -0.000191 -0.017131 0.000000
vt -0.008237 -0.008566 0.000000
vt -0.000191 -0.008566 0.000000
vt -0.008237 0.000000 0.000000
vt -0.000191 0.000000 0.000000
vt -0.008237 0.008566 0.000000
vt -0.000191 0.008566 0.000000
vt -0.008237 0.017131 0.000000
vt -0.000191 0.017131 0.000000
vt 0.002748 -0.031962 0.000000
vt 0.007855 -0.025697 0.000000
vt 0.007855 -0.017131 0.000000
vt 0.007855 -0.008566 0.000000
vt 0.007855 0.000000 0.000000
vt 0.007855 0.008566 0.000000
vt 0.007855 0.017131 0.000000
vt 0.010735 -0.028464 0.000000
vt 0.015902 -0.025697 0.000000
vt 0.015902 -0.017131 0.000000
vt 0.015902 -0.008566 0.000000
vt 0.015902 0.000000 0.000000
vt 0.015902 0.008566 0.000000
vt 0.018665 -0.024714 0.000000
vt 0.023948 -0.017131 0.000000
vt 0.026484 -0.020466 0.000000
vt 0.034108 -0.015368 0.000000
vt 0.040041 -0.008566 0.000000
vt 0.031994 -0.008566 0.000000
vt 0.023948 -0.008566 0.000000
vt -0.016283 0.000000 0.000000
vt -0.016283 0.008566 0.000000
vt -0.016283 0.017131 0.000000
vt -0.016283 0.025697 0.000000
vt -0.016283 -0.008566 0.000000
vt -0.016283 -0.017131 0.000000
vt -0.016283 -0.025697 0.000000
vt 0.023948 0.000000 0.000000
vt 0.031994 0.000000 0.000000
vt -0.000000 0.030005 0.000000
vt -0.000000 0.038578 0.000000
vt -0.176667 0.030005 0.000000
vt -0.530000 0.038578 0.000000
vt -0.353333 0.030005 0.000000
vt -0.530000 0.030005 0.000000
vt -0.353333 0.021432 0.000000
vt -0.530000 0.021432 0.000000
vt -0.353333 0.012859 0.000000
vt -0.530000 0.012859 0.000000
vt -0.353333 0.004286 0.000000
vt -0.530000 0.004286 0.000000
vt -0.353333 -0.004286 0.000000
vt -0.530000 -0.004286 0.000000
vt -0.353333 -0.012859 0.000000
vt -0.530000 -0.012859 0.000000
vt -0.353333 -0.021432 0.000000
vt -0.530000 -0.021432 0.000000
vt -0.353333 -0.030005 0.000000
vt -0.530000 -0.030005 0.000000
vt -0.530000 -0.038578 0.000000
vt -0.000000 -0.038578 0.000000
vt -0.176667 -0.030005 0.000000
vt -0.176667 -0.021432 0.000000
vt -0.176667 -0.012859 0.000000
vt -0.176667 -0.004286 0.000000
vt -0.176667 0.004286 0.000000
vt -0.176667 0.012859 0.000000
vt -0.176667 0.021432 0.000000
vt -0.000000 -0.030005 0.000000
vt -0.000000 -0.021432 0.000000
vt -0.000000 -0.012859 0.000000
vt -0.000000 -0.004286 0.000000
vt -0.000000 0.004286 0.000000
vt -0.000000 0.012859 0.000000
vt -0.000000 0.021432 0.000000
vt 0.041395 -0.008857 0.000000
vt 0.048087 0.000000 0.000000
vt 0.040041 0.000000 0.000000
vt 0.041395 0.008857 0.000000
vt 0.040041 0.008566 0.000000
vt 0.034108 0.015368 0.000000
vt 0.031994 0.008566 0.000000
vt 0.026484 0.020466 0.000000
vt 0.023948 0.008566 0.000000
vt 0.023948 0.017131 0.000000
vt 0.015902 0.017131 0.000000
vt 0.018665 0.024714 0.000000
vt 0.015902 0.025697 0.000000
vt 0.010735 0.028464 0.000000
vt 0.007855 0.025697 0.000000
vt 0.002748 0.031962 0.000000
vt -0.000191 0.025697 0.000000
vt -0.005252 0.035397 0.000000
vt -0.008237 0.025697 0.000000
vt -0.008237 0.034251 0.000000
vt -0.016283 0.034235 0.000000
vt -0.013226 0.038952 0.000000
vt -0.021128 0.042828 0.000000
vt -0.024330 0.034219 0.000000
vt -0.024586 0.034218 0.000000
vt -0.024330 0.025697 0.000000
vt -0.027362 0.025016 0.000000
vt -0.024330 0.017131 0.000000
vt -0.029315 0.015271 0.000000
vt -0.024330 0.008566 0.000000
vt -0.030325 0.005138 0.000000
vt -0.024330 -0.000000 0.000000
vt -0.030325 -0.005138 0.000000
vt -0.024330 -0.008566 0.000000
vt -0.029315 -0.015271 0.000000
vt -0.024330 -0.017131 0.000000
vt -0.027362 -0.025016 0.000000
vt -0.024330 -0.025697 0.000000
vt -0.024586 -0.034218 0.000000
vt -0.024330 -0.034219 0.000000
vt -0.021128 -0.042828 0.000000
vt -0.016283 -0.034235 0.000000
vt -0.013226 -0.038952 0.000000
vt -0.008237 -0.034251 0.000000
vt -0.005252 -0.035397 0.000000
vt -0.008237 -0.025697 0.000000
vt -0.000191 -0.025697 0.000000
vt -0.008237 -0.017131 0.000000
vt -0.000191 -0.017131 0.000000
vt -0.008237 -0.008566 0.000000
vt -0.000191 -0.008566 0.000000
vt -0.008237 -0.000000 0.000000
vt -0.000191 0.000000 0.000000
vt -0.008237 0.008566 0.000000
vt -0.000191 0.008566 0.000000
vt -0.008237 0.017131 0.000000
vt -0.000191 0.017131 0.000000
vt 0.002748 -0.031962 0.000000
vt 0.007855 -0.025697 0.000000
vt 0.007855 -0.017131 0.000000
vt 0.007855 -0.008566 0.000000
vt 0.007855 0.000000 0.000000
vt 0.007855 0.008566 0.000000
vt 0.007855 0.017131 0.000000
vt 0.010735 -0.028464 0.000000
vt 0.015902 -0.025697 0.000000
vt 0.015902 -0.017131 0.000000
vt 0.015902 -0.008566 0.000000
vt 0.015902 0.000000 0.000000
vt 0.015902 0.008566 0.000000
vt 0.018665 -0.024714 0.000000
vt 0.023948 -0.017131 0.000000
vt 0.026484 -0.020466 0.000000
vt 0.034108 -0.015368 0.000000
vt 0.040041 -0.008566 0.000000
vt 0.031994 -0.008566 0.000000
vt 0.023948 -0.008566 0.000000
vt -0.016283 -0.000000 0.000000
vt -0.016283 0.008566 0.000000
vt -0.016283 0.017131 0.000000
vt -0.016283 0.025697 0.000000
vt -0.016283 -0.008566 0.000000
vt -0.016283 -0.017131 0.000000
vt -0.016283 -0.025697 0.000000
vt 0.023948 0.000000 0.000000
vt 0.031994 0.000000 0.000000
vt -0.530000 -0.038578 0.000000
vt -0.150000 -0.038578 0.000000
vt -0.340000 -0.030005 0.000000
vt -0.150000 -0.030005 0.000000
vt -0.340000 -0.021432 0.000000
vt -0.150000 -0.021432 0.000000
vt -0.340000 -0.012859 0.000000
vt -0.150000 -0.012859 0.000000
vt -0.340000 -0.004286 0.000000
vt -0.150000 -0.004286 0.000000
vt -0.340000 0.004286 0.000000
vt -0.150000 0.004286 0.000000
vt -0.340000 0.012859 0.000000
vt -0.150000 0.012859 0.000000
vt -0.340000 0.021432 0.000000
vt -0.150000 0.021432 0.000000
vt -0.340000 0.030005 0.000000
vt -0.150000 0.030005 0.000000
vt -0.150000 0.038578 0.000000
vt -0.530000 0.038578 0.000000
vt -0.530000 0.030005 0.000000
vt -0.530000 0.021432 0.000000
vt -0.530000 0.012859 0.000000
vt -0.530000 0.004286 0.000000
vt -0.530000 -0.004286 0.000000
vt -0.530000 -0.012859 0.000000
vt -0.530000 -0.021432 0.000000
vt -0.530000 -0.030005 0.000000
vt -0.150949 0.039270 0.000000
vt -0.150933 0.034487 0.000000
vt 0.001491 0.039270 0.000000
vt 0.001491 0.030543 0.000000
vt -0.150888 0.029591 0.000000
vt -0.150812 0.024624 0.000000
vt 0.001491 0.021817 0.000000
vt -0.150708 0.019627 0.000000
vt 0.001491 0.013090 0.000000
vt -0.150577 0.014631 0.000000
vt -0.150424 0.009666 0.000000
vt 0.001491 0.004363 0.000000
vt -0.150255 0.004772 0.000000
vt -0.150076 -0.000007 0.000000
vt 0.001491 -0.004363 0.000000
vt -0.149888 -0.004786 0.000000
vt -0.149688 -0.009680 0.000000
vt 0.001491 -0.013090 0.000000
vt -0.149484 -0.014643 0.000000
vt -0.149281 -0.019637 0.000000
vt 0.001491 -0.021817 0.000000
vt -0.149084 -0.024632 0.000000
vt 0.001491 -0.030543 0.000000
vt -0.148898 -0.029596 0.000000
vt -0.148727 -0.034490 0.000000
vt -0.148573 -0.039270 0.000000
vt 0.001491 -0.039270 0.000000
vt -0.000000 2.654065 0.000000
vt -0.008727 2.654065 0.000000
vt -0.000000 2.623408 0.000000
vt -0.008727 2.608080 0.000000
vt -0.000000 2.592752 0.000000
vt -0.008727 2.562095 0.000000
vt -0.000000 2.562095 0.000000
vt -0.017453 2.654065 0.000000
vt -0.017453 2.608080 0.000000
vt -0.017453 2.562095 0.000000
vt -0.026180 2.608080 0.000000
vt -0.026180 2.562095 0.000000
vt -0.034907 2.608080 0.000000
vt -0.034907 2.562095 0.000000
vt -0.043633 2.608080 0.000000
vt -0.043633 2.562095 0.000000
vt -0.052360 2.608080 0.000000
vt -0.052360 2.562095 0.000000
vt -0.061087 2.608080 0.000000
vt -0.061087 2.562095 0.000000
vt -0.069813 2.608080 0.000000
vt -0.069813 2.562095 0.000000
vt -0.078540 2.592752 0.000000
vt -0.078540 2.562095 0.000000
vt -0.026180 2.654065 0.000000
vt -0.034907 2.654065 0.000000
vt -0.043633 2.654065 0.000000
vt -0.052360 2.654065 0.000000
vt -0.061087 2.654065 0.000000
vt -0.069813 2.654065 0.000000
vt -0.078540 2.654065 0.000000
vt -0.078540 2.623408 0.000000
vt 0.048390 -0.039270 0.000000
vt 0.048544 -0.034490 0.000000
vt -0.101674 -0.039270 0.000000
vt -0.101674 -0.030543 0.000000
vt 0.048715 -0.029596 0.000000
vt 0.048901 -0.024632 0.000000
vt -0.101674 -0.021817 0.000000
vt 0.049098 -0.019637 0.000000
vt -0.101674 -0.013090 0.000000
vt 0.049301 -0.014643 0.000000
vt 0.049505 -0.009680 0.000000
vt -0.101674 -0.004363 0.000000
vt 0.049705 -0.004786 0.000000
vt 0.049893 -0.000007 0.000000
vt -0.101674 0.004363 0.000000
vt 0.050072 0.004772 0.000000
vt 0.050241 0.009666 0.000000
vt -0.101674 0.013090 0.000000
vt 0.050393 0.014631 0.000000
vt 0.050525 0.019627 0.000000
vt -0.101674 0.021817 0.000000
vt 0.050629 0.024624 0.000000
vt -0.101674 0.030543 0.000000
vt 0.050704 0.029591 0.000000
vt 0.050750 0.034487 0.000000
vt 0.050766 0.039270 0.000000
vt -0.101674 0.039270 0.000000
vt 0.152439 0.380000 0.000000
vt 0.000000 0.380000 0.000000
vt 0.152439 -0.150000 0.000000
vt 0.000000 -0.150000 0.000000
vt 0.043345 0.008880 0.000000
vt 0.041247 0.004952 0.000000
vt 0.049592 0.000000 0.000000
vt 0.041247 -0.003028 0.000000
vt 0.042938 -0.009289 0.000000
vt 0.032903 -0.011008 0.000000
vt 0.035645 -0.015988 0.000000
vt 0.027998 -0.021148 0.000000
vt 0.024558 -0.018989 0.000000
vt 0.020148 -0.025389 0.000000
vt 0.016214 -0.018989 0.000000
vt 0.016214 -0.026969 0.000000
vt 0.007869 -0.018989 0.000000
vt 0.007869 -0.026969 0.000000
vt -0.000476 -0.018989 0.000000
vt -0.000476 -0.026969 0.000000
vt -0.008820 -0.018989 0.000000
vt -0.008820 -0.026969 0.000000
vt -0.017165 -0.018989 0.000000
vt -0.017165 -0.026969 0.000000
vt -0.025509 -0.018989 0.000000
vt -0.025509 -0.026969 0.000000
vt -0.027217 -0.025385 0.000000
vt -0.023880 -0.034489 0.000000
vt 0.036506 0.015385 0.000000
vt 0.032903 0.004952 0.000000
vt 0.032903 -0.003028 0.000000
vt 0.024558 -0.003028 0.000000
vt 0.024558 -0.011008 0.000000
vt 0.016214 -0.003028 0.000000
vt 0.016214 -0.011008 0.000000
vt 0.007869 -0.003028 0.000000
vt 0.007869 -0.011008 0.000000
vt -0.000476 -0.003028 0.000000
vt -0.000476 -0.011008 0.000000
vt -0.008820 -0.003028 0.000000
vt -0.008820 -0.011008 0.000000
vt -0.017165 -0.003028 0.000000
vt -0.017165 -0.011008 0.000000
vt -0.025509 -0.003028 0.000000
vt -0.025509 -0.011008 0.000000
vt -0.031293 -0.005294 0.000000
vt -0.029740 -0.015615 0.000000
vt 0.032903 0.012933 0.000000
vt 0.029330 0.020434 0.000000
vt 0.024558 0.012933 0.000000
vt 0.024558 0.020913 0.000000
vt 0.016214 0.020913 0.000000
vt 0.021954 0.024588 0.000000
vt 0.014459 0.028196 0.000000
vt 0.006897 0.031493 0.000000
vt 0.007869 0.028893 0.000000
vt 0.007869 0.020913 0.000000
vt 0.016214 0.012933 0.000000
vt 0.024558 0.004952 0.000000
vt -0.000476 0.028893 0.000000
vt -0.000694 0.034653 0.000000
vt -0.008820 0.028893 0.000000
vt -0.008820 0.036874 0.000000
vt -0.017165 0.036874 0.000000
vt -0.015836 0.041166 0.000000
vt -0.023314 0.044854 0.000000
vt -0.008283 0.037826 0.000000
vt -0.025509 0.036874 0.000000
vt -0.026760 0.035853 0.000000
vt -0.025509 0.028893 0.000000
vt -0.029417 0.026180 0.000000
vt -0.025509 0.020913 0.000000
vt -0.031125 0.015930 0.000000
vt -0.025509 0.012933 0.000000
vt -0.031767 0.005331 0.000000
vt -0.025509 0.004952 0.000000
vt -0.019894 -0.042930 0.000000
vt -0.017165 -0.034949 0.000000
vt -0.011924 -0.039241 0.000000
vt -0.008820 -0.034949 0.000000
vt -0.003895 -0.035831 0.000000
vt 0.004153 -0.032506 0.000000
vt 0.012181 -0.029090 0.000000
vt -0.017165 0.004952 0.000000
vt -0.008820 0.004952 0.000000
vt -0.017165 0.012933 0.000000
vt -0.008820 0.012933 0.000000
vt -0.017165 0.020913 0.000000
vt -0.008820 0.020913 0.000000
vt -0.017165 0.028893 0.000000
vt -0.000476 0.004952 0.000000
vt -0.000476 0.012933 0.000000
vt -0.000476 0.020913 0.000000
vt 0.007869 0.004952 0.000000
vt 0.007869 0.012933 0.000000
vt 0.016214 0.004952 0.000000
vt 0.022055 0.037739 0.000000
vt 0.018470 0.046302 0.000000
vt 0.014736 0.037709 0.000000
vt 0.011167 0.041358 0.000000
vt 0.006330 0.037675 0.000000
vt 0.003764 0.036735 0.000000
vt 0.006330 0.029040 0.000000
vt -0.002076 0.029040 0.000000
vt 0.006330 0.020409 0.000000
vt -0.002076 0.020409 0.000000
vt 0.006330 0.011777 0.000000
vt -0.002076 0.011777 0.000000
vt 0.006330 0.003146 0.000000
vt -0.002076 0.003146 0.000000
vt 0.006330 -0.005485 0.000000
vt -0.002076 -0.005485 0.000000
vt 0.006330 -0.014116 0.000000
vt -0.002076 -0.014116 0.000000
vt 0.006330 -0.022747 0.000000
vt -0.002076 -0.022747 0.000000
vt -0.000971 -0.030964 0.000000
vt -0.008384 -0.028095 0.000000
vt -0.010482 -0.022747 0.000000
vt -0.015767 -0.025077 0.000000
vt -0.018888 -0.022747 0.000000
vt -0.023090 -0.021752 0.000000
vt -0.018888 -0.014116 0.000000
vt -0.027294 -0.014116 0.000000
vt -0.027294 -0.005485 0.000000
vt -0.035700 -0.005485 0.000000
vt -0.035700 0.003146 0.000000
vt -0.038607 0.002794 0.000000
vt -0.032303 0.010674 0.000000
vt -0.027294 0.003146 0.000000
vt -0.027294 0.011777 0.000000
vt -0.018888 0.003146 0.000000
vt -0.018888 0.011777 0.000000
vt -0.010482 0.003146 0.000000
vt -0.010482 0.011777 0.000000
vt -0.003672 0.032215 0.000000
vt -0.011076 0.027595 0.000000
vt -0.010482 0.020409 0.000000
vt -0.018380 0.022656 0.000000
vt -0.018888 0.020409 0.000000
vt -0.025497 0.017133 0.000000
vt -0.044106 -0.007131 0.000000
vt -0.037353 -0.013210 0.000000
vt -0.035700 -0.014116 0.000000
vt -0.030308 -0.017906 0.000000
vt 0.006330 -0.031378 0.000000
vt 0.006444 -0.033817 0.000000
vt 0.014736 -0.031378 0.000000
vt 0.013838 -0.036783 0.000000
vt 0.021180 -0.040009 0.000000
vt 0.023142 -0.031378 0.000000
vt 0.024323 -0.031045 0.000000
vt 0.023142 -0.022747 0.000000
vt 0.026744 -0.021540 0.000000
vt 0.023142 -0.014116 0.000000
vt 0.028314 -0.011577 0.000000
vt 0.023142 -0.005485 0.000000
vt 0.028936 -0.001335 0.000000
vt 0.023142 0.003146 0.000000
vt 0.028569 0.008941 0.000000
vt 0.023142 0.011777 0.000000
vt 0.027237 0.018997 0.000000
vt 0.023142 0.020409 0.000000
vt 0.025025 0.028633 0.000000
vt 0.023142 0.029040 0.000000
vt 0.014736 0.029040 0.000000
vt 0.014736 0.020409 0.000000
vt 0.014736 0.011777 0.000000
vt 0.014736 0.003146 0.000000
vt 0.014736 -0.005485 0.000000
vt 0.014736 -0.014116 0.000000
vt 0.014736 -0.022747 0.000000
vt -0.018888 -0.005485 0.000000
vt -0.010482 -0.005485 0.000000
vt -0.010482 -0.014116 0.000000
vt -0.000000 0.027842 0.000000
vt -0.000000 0.035797 0.000000
vt -0.176667 0.027842 0.000000
vt -0.530000 0.035797 0.000000
vt -0.353333 0.027842 0.000000
vt -0.530000 0.027842 0.000000
vt -0.353333 0.019887 0.000000
vt -0.530000 0.019887 0.000000
vt -0.353333 0.011932 0.000000
vt -0.530000 0.011932 0.000000
vt -0.353333 0.003977 0.000000
vt -0.530000 0.003977 0.000000
vt -0.353333 -0.003977 0.000000
vt -0.530000 -0.003977 0.000000
vt -0.353333 -0.011932 0.000000
vt -0.530000 -0.011932 0.000000
vt -0.353333 -0.019887 0.000000
vt -0.530000 -0.019887 0.000000
vt -0.353333 -0.027842 0.000000
vt -0.530000 -0.027842 0.000000
vt -0.530000 -0.035797 0.000000
vt -0.000000 -0.035797 0.000000
vt -0.176667 -0.027842 0.000000
vt -0.176667 -0.019887 0.000000
vt -0.176667 -0.011932 0.000000
vt -0.176667 -0.003977 0.000000
vt -0.176667 0.003977 0.000000
vt -0.176667 0.011932 0.000000
vt -0.176667 0.019887 0.000000
vt -0.000000 -0.027842 0.000000
vt -0.000000 -0.019887 0.000000
vt -0.000000 -0.011932 0.000000
vt -0.000000 -0.003977 0.000000
vt -0.000000 0.003977 0.000000
vt -0.000000 0.011932 0.000000
vt -0.000000 0.019887 0.000000
vt -0.158032 0.039270 0.000000
vt -0.157987 0.034457 0.000000
vt 0.002178 0.039270 0.000000
vt 0.002178 0.030543 0.000000
vt -0.157850 0.029531 0.000000
vt -0.157624 0.024538 0.000000
vt 0.002178 0.021817 0.000000
vt -0.157307 0.019519 0.000000
vt 0.002178 0.013090 0.000000
vt -0.156904 0.014506 0.000000
vt -0.156427 0.009531 0.000000
vt 0.002178 0.004363 0.000000
vt -0.155892 0.004634 0.000000
vt -0.155312 -0.000138 0.000000
vt 0.002178 -0.004363 0.000000
vt -0.154680 -0.004918 0.000000
vt -0.153992 -0.009804 0.000000
vt 0.002178 -0.013090 0.000000
vt -0.153261 -0.014753 0.000000
vt -0.152500 -0.019729 0.000000
vt 0.002178 -0.021817 0.000000
vt -0.151721 -0.024702 0.000000
vt 0.002178 -0.030543 0.000000
vt -0.150941 -0.029643 0.000000
vt -0.150173 -0.034513 0.000000
vt -0.149432 -0.039270 0.000000
vt 0.002178 -0.039270 0.000000
vt -0.000000 -4.985524 0.000000
vt -0.008727 -4.985524 0.000000
vt -0.000000 -5.019787 0.000000
vt -0.008727 -5.036919 0.000000
vt -0.000000 -5.054051 0.000000
vt -0.008727 -5.088314 0.000000
vt -0.000000 -5.088314 0.000000
vt -0.017453 -4.985524 0.000000
vt -0.017453 -5.036919 0.000000
vt -0.017453 -5.088314 0.000000
vt -0.026180 -5.036919 0.000000
vt -0.026180 -5.088314 0.000000
vt -0.034907 -5.036919 0.000000
vt -0.034907 -5.088314 0.000000
vt -0.043633 -5.036919 0.000000
vt -0.043633 -5.088314 0.000000
vt -0.052360 -5.036919 0.000000
vt -0.052360 -5.088314 0.000000
vt -0.061087 -5.036919 0.000000
vt -0.061087 -5.088314 0.000000
vt -0.069813 -5.036919 0.000000
vt -0.069813 -5.088314 0.000000
vt -0.078540 -5.054051 0.000000
vt -0.078540 -5.088314 0.000000
vt -0.026180 -4.985524 0.000000
vt -0.034907 -4.985524 0.000000
vt -0.043633 -4.985524 0.000000
vt -0.052360 -4.985524 0.000000
vt -0.061087 -4.985524 0.000000
vt -0.069813 -4.985524 0.000000
vt -0.078540 -4.985524 0.000000
vt -0.078540 -5.019787 0.000000
vt 0.047887 -0.039270 0.000000
vt 0.047490 -0.034500 0.000000
vt -0.102605 -0.039270 0.000000
vt -0.102605 -0.030543 0.000000
vt 0.047103 -0.029615 0.000000
vt 0.046733 -0.024657 0.000000
vt -0.102605 -0.021817 0.000000
vt 0.046387 -0.019667 0.000000
vt -0.102605 -0.013090 0.000000
vt 0.046069 -0.014675 0.000000
vt 0.045783 -0.009712 0.000000
vt -0.102605 -0.004363 0.000000
vt 0.045529 -0.004817 0.000000
vt 0.045309 -0.000035 0.000000
vt -0.102605 0.004363 0.000000
vt 0.045117 0.004746 0.000000
vt 0.044948 0.009643 0.000000
vt -0.102605 0.013090 0.000000
vt 0.044804 0.014611 0.000000
vt 0.044688 0.019612 0.000000
vt -0.102605 0.021817 0.000000
vt 0.044599 0.024613 0.000000
vt -0.102605 0.030543 0.000000
vt 0.044537 0.029583 0.000000
vt 0.044500 0.034484 0.000000
vt 0.044488 0.039270 0.000000
vt -0.102605 0.039270 0.000000
vt -0.000000 0.032956 0.000000
vt 0.176667 0.032956 0.000000
vt -0.000000 0.041195 0.000000
vt 0.353333 0.032956 0.000000
vt 0.530000 0.041195 0.000000
vt 0.530000 0.032956 0.000000
vt 0.530000 0.024717 0.000000
vt 0.353333 0.024717 0.000000
vt 0.530000 0.016478 0.000000
vt 0.353333 0.016478 0.000000
vt 0.530000 0.008239 0.000000
vt 0.353333 0.008239 0.000000
vt 0.530000 0.000000 0.000000
vt 0.353333 0.000000 0.000000
vt 0.530000 -0.008239 0.000000
vt 0.353333 -0.008239 0.000000
vt 0.530000 -0.016478 0.000000
vt 0.353333 -0.016478 0.000000
vt 0.530000 -0.024717 0.000000
vt 0.353333 -0.024717 0.000000
vt 0.530000 -0.032956 0.000000
vt 0.353333 -0.032956 0.000000
vt 0.530000 -0.041195 0.000000
vt 0.176667 -0.032956 0.000000
vt -0.000000 -0.041195 0.000000
vt -0.000000 -0.032956 0.000000
vt -0.000000 -0.024717 0.000000
vt 0.176667 -0.024717 0.000000
vt -0.000000 -0.016478 0.000000
vt 0.176667 -0.016478 0.000000
vt -0.000000 -0.008239 0.000000
vt 0.176667 -0.008239 0.000000
vt -0.000000 -0.000000 0.000000
vt 0.176667 -0.000000 0.000000
vt -0.000000 0.008239 0.000000
vt 0.176667 0.008239 0.000000
vt -0.000000 0.016478 0.000000
vt 0.176667 0.016478 0.000000
vt -0.000000 0.024717 0.000000
vt 0.176667 0.024717 0.000000
vt 0.203133 0.380000 0.000000
vt 0.042923 0.380000 0.000000
vt 0.203133 -0.150000 0.000000
vt 0.042923 -0.150000 0.000000
vt 0.011924 -0.039241 0.000000
vt 0.019894 -0.042930 0.000000
vt 0.018041 -0.034949 0.000000
vt 0.023880 -0.034489 0.000000
vt 0.018041 -0.026969 0.000000
vt 0.026495 -0.026969 0.000000
vt 0.018041 -0.018989 0.000000
vt 0.026495 -0.018989 0.000000
vt 0.018041 -0.011008 0.000000
vt 0.026495 -0.011008 0.000000
vt 0.018041 -0.003028 0.000000
vt 0.026495 -0.003028 0.000000
vt 0.018041 0.004952 0.000000
vt 0.026495 0.004952 0.000000
vt 0.018041 0.012933 0.000000
vt 0.026495 0.012933 0.000000
vt 0.018041 0.020913 0.000000
vt 0.026495 0.020913 0.000000
vt 0.018041 0.028893 0.000000
vt 0.026495 0.028893 0.000000
vt 0.026760 0.035853 0.000000
vt 0.029417 0.026180 0.000000
vt 0.031125 0.015930 0.000000
vt 0.031767 0.005331 0.000000
vt 0.027217 -0.025385 0.000000
vt 0.029740 -0.015615 0.000000
vt 0.031293 -0.005294 0.000000
vt 0.018041 0.036874 0.000000
vt 0.023314 0.044854 0.000000
vt 0.015836 0.041166 0.000000
vt 0.009587 0.036874 0.000000
vt 0.008283 0.037826 0.000000
vt 0.000694 0.034653 0.000000
vt -0.006897 0.031493 0.000000
vt 0.001133 0.028893 0.000000
vt 0.009587 0.028893 0.000000
vt -0.007322 0.028893 0.000000
vt -0.014459 0.028196 0.000000
vt -0.007322 0.020913 0.000000
vt -0.015776 0.020913 0.000000
vt -0.007322 0.012933 0.000000
vt -0.015776 0.012933 0.000000
vt -0.007322 0.004952 0.000000
vt -0.015776 0.004952 0.000000
vt -0.007322 -0.003028 0.000000
vt -0.015776 -0.003028 0.000000
vt -0.007322 -0.011008 0.000000
vt -0.015776 -0.011008 0.000000
vt -0.007322 -0.018989 0.000000
vt -0.015776 -0.018989 0.000000
vt -0.007322 -0.026969 0.000000
vt -0.015776 -0.026969 0.000000
vt -0.012181 -0.029090 0.000000
vt -0.020148 -0.025389 0.000000
vt -0.024230 -0.018989 0.000000
vt -0.024230 -0.011008 0.000000
vt -0.032684 -0.011008 0.000000
vt -0.032684 -0.003028 0.000000
vt -0.041138 -0.003028 0.000000
vt -0.041138 0.004952 0.000000
vt -0.049592 0.000000 0.000000
vt -0.043345 0.008880 0.000000
vt -0.032684 0.012933 0.000000
vt -0.036506 0.015385 0.000000
vt -0.029330 0.020434 0.000000
vt -0.024230 0.012933 0.000000
vt -0.024230 0.020913 0.000000
vt -0.021954 0.024588 0.000000
vt -0.042938 -0.009289 0.000000
vt -0.035645 -0.015988 0.000000
vt -0.027998 -0.021148 0.000000
vt -0.004153 -0.032506 0.000000
vt 0.001133 -0.026969 0.000000
vt 0.001133 -0.018989 0.000000
vt 0.001133 -0.011008 0.000000
vt 0.001133 -0.003028 0.000000
vt 0.001133 0.004952 0.000000
vt 0.001133 0.012933 0.000000
vt 0.001133 0.020913 0.000000
vt 0.003895 -0.035831 0.000000
vt 0.009587 -0.026969 0.000000
vt 0.009587 -0.018989 0.000000
vt 0.009587 -0.011008 0.000000
vt 0.009587 -0.003028 0.000000
vt 0.009587 0.004952 0.000000
vt 0.009587 0.012933 0.000000
vt 0.009587 0.020913 0.000000
vt 0.009587 -0.034949 0.000000
vt -0.024230 -0.003028 0.000000
vt -0.024230 0.004952 0.000000
vt -0.032684 0.004952 0.000000
vt -0.000000 -0.032956 0.000000
vt -0.176667 -0.032956 0.000000
vt -0.000000 -0.041195 0.000000
vt -0.353333 -0.032956 0.000000
vt -0.530000 -0.041195 0.000000
vt -0.530000 -0.032956 0.000000
vt -0.530000 -0.024717 0.000000
vt -0.353333 -0.024717 0.000000
vt -0.530000 -0.016478 0.000000
vt -0.353333 -0.016478 0.000000
vt -0.530000 -0.008239 0.000000
vt -0.353333 -0.008239 0.000000
vt -0.530000 -0.000000 0.000000
vt -0.353333 -0.000000 0.000000
vt -0.530000 0.008239 0.000000
vt -0.353333 0.008239 0.000000
vt -0.530000 0.016478 0.000000
vt -0.353333 0.016478 0.000000
vt -0.530000 0.024717 0.000000
vt -0.353333 0.024717 0.000000
vt -0.530000 0.032956 0.000000
vt -0.353333 0.032956 0.000000
vt -0.530000 0.041195 0.000000
vt -0.176667 0.032956 0.000000
vt -0.000000 0.041195 0.000000
vt -0.000000 0.032956 0.000000
vt -0.000000 0.024717 0.000000
vt -0.176667 0.024717 0.000000
vt -0.000000 0.016478 0.000000
vt -0.176667 0.016478 0.000000
vt -0.000000 0.008239 0.000000
vt -0.176667 0.008239 0.000000
vt -0.000000 -0.000000 0.000000
vt -0.176667 -0.000000 0.000000
vt -0.000000 -0.008239 0.000000
vt -0.176667 -0.008239 0.000000
vt -0.000000 -0.016478 0.000000
vt -0.176667 -0.016478 0.000000
vt -0.000000 -0.024717 0.000000
vt -0.176667 -0.024717 0.000000
vt -0.307942 0.039270 0.000000
vt -0.307954 0.034484 0.000000
vt -0.160849 0.039270 0.000000
vt -0.160849 0.030543 0.000000
vt -0.307991 0.029583 0.000000
vt -0.308053 0.024613 0.000000
vt -0.160849 0.021817 0.000000
vt -0.308142 0.019612 0.000000
vt -0.160849 0.013090 0.000000
vt -0.308258 0.014611 0.000000
vt -0.308402 0.009643 0.000000
vt -0.160849 0.004363 0.000000
vt -0.308571 0.004746 0.000000
vt -0.308763 -0.000035 0.000000
vt -0.160849 -0.004363 0.000000
vt -0.308983 -0.004817 0.000000
vt -0.309237 -0.009712 0.000000
vt -0.160849 -0.013090 0.000000
vt -0.309523 -0.014675 0.000000
vt -0.309841 -0.019667 0.000000
vt -0.160849 -0.021817 0.000000
vt -0.310187 -0.024657 0.000000
vt -0.160849 -0.030543 0.000000
vt -0.310557 -0.029615 0.000000
vt -0.310944 -0.034500 0.000000
vt -0.311341 -0.039270 0.000000
vt -0.160849 -0.039270 0.000000
vt 0.011167 -0.041358 0.000000
vt 0.018470 -0.046302 0.000000
vt 0.014736 -0.037709 0.000000
vt 0.022055 -0.037739 0.000000
vt 0.014736 -0.029040 0.000000
vt 0.023142 -0.029040 0.000000
vt 0.014736 -0.020409 0.000000
vt 0.023142 -0.020409 0.000000
vt 0.014736 -0.011777 0.000000
vt 0.023142 -0.011777 0.000000
vt 0.014736 -0.003146 0.000000
vt 0.023142 -0.003146 0.000000
vt 0.014736 0.005485 0.000000
vt 0.023142 0.005485 0.000000
vt 0.014736 0.014116 0.000000
vt 0.023142 0.014116 0.000000
vt 0.014736 0.022747 0.000000
vt 0.023142 0.022747 0.000000
vt 0.014736 0.031378 0.000000
vt 0.023142 0.031378 0.000000
vt 0.021180 0.040009 0.000000
vt 0.024323 0.031045 0.000000
vt 0.026744 0.021540 0.000000
vt 0.028314 0.011577 0.000000
vt 0.028936 0.001335 0.000000
vt 0.028569 -0.008941 0.000000
vt 0.027237 -0.018997 0.000000
vt 0.025025 -0.028633 0.000000
vt 0.013838 0.036783 0.000000
vt 0.006444 0.033817 0.000000
vt 0.006330 0.031378 0.000000
vt -0.000971 0.030964 0.000000
vt 0.006330 0.022747 0.000000
vt -0.002076 0.022747 0.000000
vt 0.006330 0.014116 0.000000
vt -0.002076 0.014116 0.000000
vt 0.006330 0.005485 0.000000
vt -0.002076 0.005485 0.000000
vt 0.006330 -0.003146 0.000000
vt -0.002076 -0.003146 0.000000
vt 0.006330 -0.011777 0.000000
vt -0.002076 -0.011777 0.000000
vt 0.006330 -0.020409 0.000000
vt -0.002076 -0.020409 0.000000
vt 0.006330 -0.029040 0.000000
vt -0.002076 -0.029040 0.000000
vt 0.003764 -0.036735 0.000000
vt -0.003672 -0.032215 0.000000
vt -0.011076 -0.027595 0.000000
vt -0.010482 -0.020409 0.000000
vt -0.010482 -0.011777 0.000000
vt -0.018888 -0.011777 0.000000
vt -0.018888 -0.003146 0.000000
vt -0.027294 -0.003146 0.000000
vt -0.027294 0.005485 0.000000
vt -0.035700 0.005485 0.000000
vt -0.035700 0.014116 0.000000
vt -0.037353 0.013210 0.000000
vt -0.030308 0.017906 0.000000
vt -0.027294 0.014116 0.000000
vt -0.023090 0.021752 0.000000
vt -0.018888 0.014116 0.000000
vt -0.018888 0.022747 0.000000
vt -0.010482 0.014116 0.000000
vt -0.010482 0.022747 0.000000
vt -0.008384 0.028095 0.000000
vt -0.015767 0.025077 0.000000
vt -0.044106 0.007131 0.000000
vt -0.038607 -0.002794 0.000000
vt -0.035700 -0.003146 0.000000
vt -0.032303 -0.010674 0.000000
vt -0.027294 -0.011777 0.000000
vt -0.025497 -0.017133 0.000000
vt -0.018888 -0.020409 0.000000
vt -0.018380 -0.022656 0.000000
vt 0.006330 -0.037675 0.000000
vt -0.010482 -0.003146 0.000000
vt -0.010482 0.005485 0.000000
vt -0.018888 0.005485 0.000000
vt -0.150000 -0.027842 0.000000
vt -0.276667 -0.027842 0.000000
vt -0.150000 -0.035797 0.000000
vt -0.403333 -0.027842 0.000000
vt -0.530000 -0.035797 0.000000
vt -0.530000 -0.027842 0.000000
vt -0.530000 -0.019887 0.000000
vt -0.403333 -0.019887 0.000000
vt -0.530000 -0.011932 0.000000
vt -0.403333 -0.011932 0.000000
vt -0.530000 -0.003977 0.000000
vt -0.403333 -0.003977 0.000000
vt -0.530000 0.003977 0.000000
vt -0.403333 0.003977 0.000000
vt -0.530000 0.011932 0.000000
vt -0.403333 0.011932 0.000000
vt -0.530000 0.019887 0.000000
vt -0.403333 0.019887 0.000000
vt -0.530000 0.027842 0.000000
vt -0.403333 0.027842 0.000000
vt -0.530000 0.035797 0.000000
vt -0.276667 0.027842 0.000000
vt -0.150000 0.035797 0.000000
vt -0.150000 0.027842 0.000000
vt -0.150000 0.019887 0.000000
vt -0.276667 0.019887 0.000000
vt -0.150000 0.011932 0.000000
vt -0.276667 0.011932 0.000000
vt -0.150000 0.003977 0.000000
vt -0.276667 0.003977 0.000000
vt -0.150000 -0.003977 0.000000
vt -0.276667 -0.003977 0.000000
vt -0.150000 -0.011932 0.000000
vt -0.276667 -0.011932 0.000000
vt -0.150000 -0.019887 0.000000
vt -0.276667 -0.019887 0.000000
vt -0.000000 5.088314 0.000000
vt -0.008727 5.088314 0.000000
vt -0.000000 5.054051 0.000000
vt -0.008727 5.036919 0.000000
vt -0.000000 5.019787 0.000000
vt -0.008727 4.985524 0.000000
vt -0.000000 4.985524 0.000000
vt -0.017453 5.088314 0.000000
vt -0.017453 5.036919 0.000000
vt -0.017453 4.985524 0.000000
vt -0.026180 5.036919 0.000000
vt -0.026180 4.985524 0.000000
vt -0.034907 5.036919 0.000000
vt -0.034907 4.985524 0.000000
vt -0.043633 5.036919 0.000000
vt -0.043633 4.985524 0.000000
vt -0.052360 5.036919 0.000000
vt -0.052360 4.985524 0.000000
vt -0.061087 5.036919 0.000000
vt -0.061087 4.985524 0.000000
vt -0.069813 5.036919 0.000000
vt -0.069813 4.985524 0.000000
vt -0.078540 5.019787 0.000000
vt -0.078540 4.985524 0.000000
vt -0.026180 5.088314 0.000000
vt -0.034907 5.088314 0.000000
vt -0.043633 5.088314 0.000000
vt -0.052360 5.088314 0.000000
vt -0.061087 5.088314 0.000000
vt -0.069813 5.088314 0.000000
vt -0.078540 5.088314 0.000000
vt -0.078540 5.054051 0.000000
vt 0.047865 -0.039270 0.000000
vt 0.048607 -0.034513 0.000000
vt -0.103744 -0.039270 0.000000
vt -0.103744 -0.030543 0.000000
vt 0.049375 -0.029643 0.000000
vt 0.050155 -0.024702 0.000000
vt -0.103744 -0.021817 0.000000
vt 0.050933 -0.019729 0.000000
vt -0.103744 -0.013090 0.000000
vt 0.051694 -0.014753 0.000000
vt 0.052426 -0.009804 0.000000
vt -0.103744 -0.004363 0.000000
vt 0.053114 -0.004918 0.000000
vt 0.053745 -0.000138 0.000000
vt -0.103744 0.004363 0.000000
vt 0.054325 0.004634 0.000000
vt 0.054861 0.009531 0.000000
vt -0.103744 0.013090 0.000000
vt 0.055337 0.014506 0.000000
vt 0.055740 0.019519 0.000000
vt -0.103744 0.021817 0.000000
vt 0.056057 0.024538 0.000000
vt -0.103744 0.030543 0.000000
vt 0.056284 0.029531 0.000000
vt 0.056420 0.034457 0.000000
vt 0.056466 0.039270 0.000000
vt -0.103744 0.039270 0.000000
vt 0.160210 0.380000 0.000000
vt 0.000000 0.380000 0.000000
vt 0.160210 0.000000 0.000000
vt 0.000000 0.000000 0.000000
vt -0.147093 0.050000 0.000000
vt -0.000000 0.050000 0.000000
vt -0.147093 0.580000 0.000000
vt -0.000000 0.580000 0.000000
vt -0.379815 0.580000 0.000000
vt -0.526908 0.580000 0.000000
vt -0.379815 0.050000 0.000000
vt -0.526908 0.050000 0.000000
vt 0.104331 -0.225000 0.000000
vt 0.099587 -0.191760 0.000000
vt -0.047279 -0.225000 0.000000
vt -0.051579 -0.191744 0.000000
vt 0.095601 -0.158421 0.000000
vt -0.055192 -0.158406 0.000000
vt 0.092375 -0.125000 0.000000
vt -0.058116 -0.125000 0.000000
vt -0.058116 0.125000 0.000000
vt 0.092375 0.125000 0.000000
vt -0.055192 0.158406 0.000000
vt 0.095601 0.158421 0.000000
vt -0.051579 0.191744 0.000000
vt 0.099587 0.191760 0.000000
vt -0.047279 0.225000 0.000000
vt 0.104331 0.225000 0.000000
vt 0.047927 0.000000 0.000000
vt 0.200366 0.000000 0.000000
vt 0.047927 0.380000 0.000000
vt 0.200366 0.380000 0.000000
vt -0.045000 -0.099155 0.000000
vt -0.015002 -0.098545 0.000000
vt -0.045000 0.050908 0.000000
vt -0.015002 0.051462 0.000000
vt 0.015002 -0.098545 0.000000
vt 0.015002 0.051462 0.000000
vt 0.045000 0.050908 0.000000
vt 0.045000 -0.099155 0.000000
vt -1.449138 0.275000 0.000000
vt -1.438417 0.326467 0.000000
vt -1.609348 0.275000 0.000000
vt -1.639663 0.342244 0.000000
vt -1.617269 0.274369 0.000000
vt -1.650187 0.287244 0.000000
vt -1.624990 0.272490 0.000000
vt -1.632317 0.269412 0.000000
vt -1.639063 0.265212 0.000000
vt -1.645058 0.259997 0.000000
vt -1.650152 0.253897 0.000000
vt -1.654214 0.247068 0.000000
vt -1.657144 0.239681 0.000000
vt -1.658866 0.231923 0.000000
vt -1.627306 0.396862 0.000000
vt -1.425870 0.377519 0.000000
vt -1.613131 0.451036 0.000000
vt -1.411511 0.428091 0.000000
vt -1.597153 0.504706 0.000000
vt -1.395359 0.478119 0.000000
vt -1.579389 0.557812 0.000000
vt -1.377435 0.527541 0.000000
vt -1.559861 0.610294 0.000000
vt -1.357760 0.576292 0.000000
vt -1.538589 0.662095 0.000000
vt -1.336361 0.624311 0.000000
vt -1.515597 0.713155 0.000000
vt -1.313265 0.671536 0.000000
vt -1.490912 0.763418 0.000000
vt -1.288500 0.717909 0.000000
vt -1.464560 0.812828 0.000000
vt -1.262098 0.763370 0.000000
vt -1.436571 0.861330 0.000000
vt -1.234093 0.807861 0.000000
vt -1.406977 0.908868 0.000000
vt -1.204520 0.851326 0.000000
vt -1.375810 0.955391 0.000000
vt -1.173417 0.893709 0.000000
vt -1.343105 1.000847 0.000000
vt -1.140824 0.934958 0.000000
vt -1.308899 1.045183 0.000000
vt -1.273230 1.088352 0.000000
vt -1.106781 0.975018 0.000000
vt -1.236139 1.130304 0.000000
vt -1.071333 1.013840 0.000000
vt -1.197665 1.170992 0.000000
vt -1.034523 1.051374 0.000000
vt -1.157853 1.210372 0.000000
vt -0.996399 1.087572 0.000000
vt -1.116747 1.248399 0.000000
vt -0.957010 1.122389 0.000000
vt -1.074393 1.285031 0.000000
vt -0.916405 1.155780 0.000000
vt -1.030838 1.320227 0.000000
vt -0.874635 1.187703 0.000000
vt -0.986131 1.353947 0.000000
vt -0.831755 1.218117 0.000000
vt -0.940321 1.386153 0.000000
vt -0.787818 1.246983 0.000000
vt -0.893461 1.416811 0.000000
vt -0.742880 1.274266 0.000000
vt -0.845602 1.445885 0.000000
vt -0.696999 1.299930 0.000000
vt -0.796798 1.473342 0.000000
vt -0.650232 1.323942 0.000000
vt -0.747103 1.499154 0.000000
vt -0.602639 1.346273 0.000000
vt -0.696574 1.523289 0.000000
vt -0.554281 1.366893 0.000000
vt -0.645266 1.545722 0.000000
vt -0.593236 1.566428 0.000000
vt -0.505218 1.385778 0.000000
vt -0.540544 1.585382 0.000000
vt -0.455514 1.402901 0.000000
vt -0.487247 1.602565 0.000000
vt -0.405231 1.418243 0.000000
vt -0.433406 1.617957 0.000000
vt -0.354433 1.431783 0.000000
vt -0.379081 1.631540 0.000000
vt -0.303185 1.443504 0.000000
vt -0.324332 1.643300 0.000000
vt -0.251552 1.453391 0.000000
vt -0.269220 1.653223 0.000000
vt -0.199600 1.461433 0.000000
vt -0.213807 1.661298 0.000000
vt -0.147393 1.467617 0.000000
vt -0.095000 1.624377 0.000000
vt -0.095000 1.471937 0.000000
vt -0.158156 1.667517 0.000000
vt -0.094267 1.632908 0.000000
vt -0.092089 1.641188 0.000000
vt -0.102327 1.671871 0.000000
vt -0.088530 1.648976 0.000000
vt -0.083695 1.656042 0.000000
vt -0.077725 1.662180 0.000000
vt -0.070795 1.667209 0.000000
vt -0.063109 1.670982 0.000000
vt -0.054892 1.673389 0.000000
vt -0.046385 1.674358 0.000000
vt -0.630000 0.057104 0.000000
vt -0.420000 0.057104 0.000000
vt -0.630000 0.069793 0.000000
vt -0.210000 0.057104 0.000000
vt -0.000000 0.069793 0.000000
vt -0.000000 0.057104 0.000000
vt -0.000000 0.044414 0.000000
vt -0.210000 0.044414 0.000000
vt -0.000000 0.031724 0.000000
vt -0.210000 0.031724 0.000000
vt -0.000000 0.019035 0.000000
vt -0.210000 0.019035 0.000000
vt -0.000000 0.006345 0.000000
vt -0.210000 0.006345 0.000000
vt -0.000000 -0.006345 0.000000
vt -0.210000 -0.006345 0.000000
vt -0.000000 -0.019035 0.000000
vt -0.210000 -0.019035 0.000000
vt -0.000000 -0.031724 0.000000
vt -0.210000 -0.031724 0.000000
vt -0.000000 -0.044414 0.000000
vt -0.210000 -0.044414 0.000000
vt -0.000000 -0.057104 0.000000
vt -0.210000 -0.057104 0.000000
vt -0.000000 -0.069793 0.000000
vt -0.420000 -0.057104 0.000000
vt -0.630000 -0.069793 0.000000
vt -0.630000 -0.057104 0.000000
vt -0.630000 -0.044414 0.000000
vt -0.420000 -0.044414 0.000000
vt -0.630000 -0.031724 0.000000
vt -0.420000 -0.031724 0.000000
vt -0.630000 -0.019035 0.000000
vt -0.420000 -0.019035 0.000000
vt -0.630000 -0.006345 0.000000
vt -0.420000 -0.006345 0.000000
vt -0.630000 0.006345 0.000000
vt -0.420000 0.006345 0.000000
vt -0.630000 0.019035 0.000000
vt -0.420000 0.019035 0.000000
vt -0.630000 0.031724 0.000000
vt -0.420000 0.031724 0.000000
vt -0.630000 0.044414 0.000000
vt -0.420000 0.044414 0.000000
vt 0.352089 0.630000 0.000000
vt 0.104084 0.630000 0.000000
vt 0.352089 0.000000 0.000000
vt 0.104084 0.000000 0.000000
vt -0.630000 0.057104 0.000000
vt -0.420000 0.057104 0.000000
vt -0.630000 0.069793 0.000000
vt -0.210000 0.057104 0.000000
vt -0.000000 0.069793 0.000000
vt -0.000000 0.057104 0.000000
vt -0.000000 0.044414 0.000000
vt -0.210000 0.044414 0.000000
vt -0.000000 0.031724 0.000000
vt -0.210000 0.031724 0.000000
vt -0.000000 0.019035 0.000000
vt -0.210000 0.019035 0.000000
vt -0.000000 0.006345 0.000000
vt -0.210000 0.006345 0.000000
vt -0.000000 -0.006345 0.000000
vt -0.210000 -0.006345 0.000000
vt -0.000000 -0.019035 0.000000
vt -0.210000 -0.019035 0.000000
vt -0.000000 -0.031724 0.000000
vt -0.210000 -0.031724 0.000000
vt -0.000000 -0.044414 0.000000
vt -0.210000 -0.044414 0.000000
vt -0.000000 -0.057104 0.000000
vt -0.210000 -0.057104 0.000000
vt -0.000000 -0.069793 0.000000
vt -0.420000 -0.057104 0.000000
vt -0.630000 -0.069793 0.000000
vt -0.630000 -0.057104 0.000000
vt -0.630000 -0.044414 0.000000
vt -0.420000 -0.044414 0.000000
vt -0.630000 -0.031724 0.000000
vt -0.420000 -0.031724 0.000000
vt -0.630000 -0.019035 0.000000
vt -0.420000 -0.019035 0.000000
vt -0.630000 -0.006345 0.000000
vt -0.420000 -0.006345 0.000000
vt -0.630000 0.006345 0.000000
vt -0.420000 0.006345 0.000000
vt -0.630000 0.019035 0.000000
vt -0.420000 0.019035 0.000000
vt -0.630000 0.031724 0.000000
vt -0.420000 0.031724 0.000000
vt -0.630000 0.044414 0.000000
vt -0.420000 0.044414 0.000000
vt 0.081868 0.000000 0.000000
vt 0.329873 0.000000 0.000000
vt 0.081868 0.630000 0.000000
vt 0.329873 0.630000 0.000000
vt -0.322323 0.000000 0.000000
vt -0.000000 0.000000 0.000000
vt -0.322323 0.480000 0.000000
vt -0.000000 0.480000 0.000000
vt -0.268973 -0.195000 0.000000
vt 0.053350 -0.195000 0.000000
vt -0.263314 -0.146438 0.000000
vt 0.058551 -0.139421 0.000000
vt -0.259267 -0.097715 0.000000
vt 0.062021 -0.083706 0.000000
vt -0.256837 -0.048884 0.000000
vt 0.063756 -0.027911 0.000000
vt -0.256027 0.000000 0.000000
vt 0.063756 0.027911 0.000000
vt -0.256837 0.048884 0.000000
vt 0.062021 0.083706 0.000000
vt -0.259267 0.097715 0.000000
vt 0.058551 0.139421 0.000000
vt -0.263314 0.146438 0.000000
vt 0.053350 0.195000 0.000000
vt -0.268973 0.195000 0.000000
vt -0.000000 4.829422 0.000000
vt -0.480000 4.829422 0.000000
vt -0.000000 4.780529 0.000000
vt -0.480000 4.780529 0.000000
vt -0.000000 4.731635 0.000000
vt -0.480000 4.731635 0.000000
vt -0.000000 4.682742 0.000000
vt -0.480000 4.682742 0.000000
vt -0.000000 4.633849 0.000000
vt -0.480000 4.633849 0.000000
vt -0.000000 4.584956 0.000000
vt -0.480000 4.584956 0.000000
vt -0.000000 4.536063 0.000000
vt -0.480000 4.536063 0.000000
vt -0.000000 4.487170 0.000000
vt -0.480000 4.487170 0.000000
vt -0.000000 4.438277 0.000000
vt -0.480000 4.438277 0.000000
vt -0.215623 0.480000 0.000000
vt -0.537947 0.480000 0.000000
vt -0.215623 0.000000 0.000000
vt -0.537947 0.000000 0.000000
vt -0.630000 5.325156 0.000000
vt -0.000000 5.325156 0.000000
vt -0.630000 5.364695 0.000000
vt -0.000000 5.382247 0.000000
vt -0.630000 5.404234 0.000000
vt -0.000000 5.439339 0.000000
vt -0.630000 5.443773 0.000000
vt -0.150000 5.443773 0.000000
vt -0.000000 5.496430 0.000000
vt -0.150000 5.499598 0.000000
vt -0.000000 5.553522 0.000000
vt -0.150000 5.555422 0.000000
vt -0.000000 5.610613 0.000000
vt -0.150000 5.611247 0.000000
vt -0.150000 5.667071 0.000000
vt -0.000000 5.667705 0.000000
vt -0.150000 5.722895 0.000000
vt -0.000000 5.724796 0.000000
vt -0.150000 5.778720 0.000000
vt -0.000000 5.781888 0.000000
vt -0.150000 5.834544 0.000000
vt -0.000000 5.838979 0.000000
vt -0.630000 5.834544 0.000000
vt -0.630000 5.874084 0.000000
vt -0.000000 5.896070 0.000000
vt -0.630000 5.913623 0.000000
vt -0.000000 5.953162 0.000000
vt -0.630000 5.953162 0.000000
vt 0.000000 3.868225 0.000000
vt 0.480000 3.915572 0.000000
vt 0.000000 3.919045 0.000000
vt 0.480000 3.966423 0.000000
vt 0.000000 3.969865 0.000000
vt 0.480000 4.017275 0.000000
vt -0.000000 4.020684 0.000000
vt 0.480000 4.068126 0.000000
vt 0.000000 4.071504 0.000000
vt 0.480000 4.118978 0.000000
vt 0.000000 4.122324 0.000000
vt 0.630000 4.118978 0.000000
vt 0.630000 4.169156 0.000000
vt 0.480000 3.864720 0.000000
vt -0.000000 3.817405 0.000000
vt 0.480000 3.813868 0.000000
vt 0.000000 3.766585 0.000000
vt 0.480000 3.763017 0.000000
vt 0.000000 3.715765 0.000000
vt 0.480000 3.712165 0.000000
vt 0.000000 3.664945 0.000000
vt 0.480000 3.661314 0.000000
vt 0.000000 3.614125 0.000000
vt 0.480000 3.610462 0.000000
vt -0.000000 3.563306 0.000000
vt 0.480000 3.559610 0.000000
vt 0.000000 3.512486 0.000000
vt 0.480000 3.508759 0.000000
vt 0.000000 3.461666 0.000000
vt 0.480000 3.457907 0.000000
vt 0.000000 3.410846 0.000000
vt 0.480000 3.407056 0.000000
vt 0.000000 3.360026 0.000000
vt 0.480000 3.356204 0.000000
vt 0.000000 3.309206 0.000000
vt 0.480000 3.305353 0.000000
vt 0.000000 3.258386 0.000000
vt 0.480000 3.254501 0.000000
vt 0.000000 3.207566 0.000000
vt 0.480000 3.203649 0.000000
vt -0.000000 3.156746 0.000000
vt 0.480000 3.152798 0.000000
vt -0.000000 3.105927 0.000000
vt 0.480000 3.101946 0.000000
vt 0.000000 3.055107 0.000000
vt 0.480000 3.051095 0.000000
vt 0.000000 3.004287 0.000000
vt 0.480000 3.000243 0.000000
vt 0.000000 2.953467 0.000000
vt 0.480000 2.949392 0.000000
vt 0.000000 2.902647 0.000000
vt 0.480000 2.898540 0.000000
vt 0.000000 2.851827 0.000000
vt 0.480000 2.847688 0.000000
vt 0.000000 2.801007 0.000000
vt 0.480000 2.796837 0.000000
vt 0.000000 2.750187 0.000000
vt 0.480000 2.745985 0.000000
vt -0.000000 2.699368 0.000000
vt 0.480000 2.695134 0.000000
vt -0.000000 2.648548 0.000000
vt 0.480000 2.644282 0.000000
vt 0.000000 2.597728 0.000000
vt 0.480000 2.593431 0.000000
vt 0.000000 2.546908 0.000000
vt 0.480000 2.542579 0.000000
vt 0.000000 2.496088 0.000000
vt 0.480000 2.491727 0.000000
vt 0.000000 2.445268 0.000000
vt 0.480000 2.440876 0.000000
vt 0.000000 2.394448 0.000000
vt 0.480000 2.390024 0.000000
vt 0.000000 2.343628 0.000000
vt 0.480000 2.339173 0.000000
vt 0.000000 2.292808 0.000000
vt 0.480000 2.288321 0.000000
vt 0.000000 2.241989 0.000000
vt 0.480000 2.237469 0.000000
vt 0.000000 2.191169 0.000000
vt 0.480000 2.186618 0.000000
vt 0.000000 2.140349 0.000000
vt 0.480000 2.135766 0.000000
vt 0.000000 2.089529 0.000000
vt 0.480000 2.084915 0.000000
vt 0.000000 2.038709 0.000000
vt 0.480000 2.034063 0.000000
vt 0.000000 1.987889 0.000000
vt 0.480000 1.983212 0.000000
vt 0.000000 1.937069 0.000000
vt 0.480000 1.932360 0.000000
vt 0.000000 1.886249 0.000000
vt 0.480000 1.881508 0.000000
vt 0.000000 1.835430 0.000000
vt 0.480000 1.830657 0.000000
vt 0.000000 1.784610 0.000000
vt 0.480000 1.779805 0.000000
vt 0.000000 1.733790 0.000000
vt 0.480000 1.728954 0.000000
vt 0.000000 1.682970 0.000000
vt 0.480000 1.678102 0.000000
vt 0.000000 1.632150 0.000000
vt 0.480000 1.627251 0.000000
vt 0.000000 1.581330 0.000000
vt 0.480000 1.576399 0.000000
vt 0.000000 1.530510 0.000000
vt 0.480000 1.525547 0.000000
vt 0.000000 1.479690 0.000000
vt 0.480000 1.474696 0.000000
vt 0.000000 1.428871 0.000000
vt 0.480000 1.423844 0.000000
vt 0.000000 1.378051 0.000000
vt 0.480000 1.372993 0.000000
vt -0.000000 1.327231 0.000000
vt 0.480000 1.322141 0.000000
vt 0.000000 1.276411 0.000000
vt 0.480000 1.271289 0.000000
vt 0.000000 1.225591 0.000000
vt 0.480000 1.220438 0.000000
vt 0.000000 1.174771 0.000000
vt 0.480000 1.169586 0.000000
vt -0.000000 1.123951 0.000000
vt 0.480000 1.118735 0.000000
vt 0.000000 1.073131 0.000000
vt 0.480000 1.067883 0.000000
vt 0.000000 1.022311 0.000000
vt 0.480000 1.017032 0.000000
vt 0.000000 0.971492 0.000000
vt 0.480000 0.966180 0.000000
vt 0.000000 0.920672 0.000000
vt 0.480000 0.915328 0.000000
vt 0.000000 0.869852 0.000000
vt 0.480000 0.864477 0.000000
vt -0.000000 0.819032 0.000000
vt 0.480000 0.813625 0.000000
vt 0.000000 0.768212 0.000000
vt 0.480000 0.762774 0.000000
vt 0.000000 0.717392 0.000000
vt 0.480000 0.711922 0.000000
vt 0.000000 0.666572 0.000000
vt 0.480000 0.661071 0.000000
vt 0.000000 0.615752 0.000000
vt 0.480000 0.610219 0.000000
vt 0.000000 0.564933 0.000000
vt 0.480000 0.559367 0.000000
vt -0.000000 0.514113 0.000000
vt 0.480000 0.508516 0.000000
vt 0.000000 0.463293 0.000000
vt 0.480000 0.457664 0.000000
vt 0.000000 0.412473 0.000000
vt 0.480000 0.406813 0.000000
vt 0.000000 0.361653 0.000000
vt 0.480000 0.355961 0.000000
vt 0.000000 0.310833 0.000000
vt 0.480000 0.305109 0.000000
vt 0.000000 0.260013 0.000000
vt 0.480000 0.254258 0.000000
vt 0.000000 0.209193 0.000000
vt 0.480000 0.203406 0.000000
vt 0.000000 0.158373 0.000000
vt 0.480000 0.152555 0.000000
vt 0.000000 0.107554 0.000000
vt 0.480000 0.101703 0.000000
vt 0.000000 0.056734 0.000000
vt 0.480000 0.050852 0.000000
vt -0.000000 0.005914 0.000000
vt 0.480000 0.000000 0.000000
vt 0.000000 -0.044906 0.000000
vt 0.480000 -0.050852 0.000000
vt 0.000000 -0.095726 0.000000
vt 0.480000 -0.101703 0.000000
vt 0.000000 -0.146546 0.000000
vt 0.480000 -0.152555 0.000000
vt 0.000000 -0.197366 0.000000
vt 0.480000 -0.203406 0.000000
vt 0.000000 -0.248186 0.000000
vt 0.480000 -0.254258 0.000000
vt 0.000000 -0.299005 0.000000
vt 0.480000 -0.305109 0.000000
vt 0.000000 -0.349825 0.000000
vt 0.480000 -0.355961 0.000000
vt 0.000000 -0.400645 0.000000
vt 0.480000 -0.406813 0.000000
vt 0.000000 -0.451465 0.000000
vt 0.480000 -0.457664 0.000000
vt 0.000000 -0.502285 0.000000
vt 0.480000 -0.508516 0.000000
vt -0.000000 -0.553105 0.000000
vt 0.480000 -0.559367 0.000000
vt 0.000000 -0.603925 0.000000
vt 0.480000 -0.610219 0.000000
vt 0.000000 -0.654745 0.000000
vt 0.480000 -0.661071 0.000000
vt 0.000000 -0.705564 0.000000
vt 0.480000 -0.711922 0.000000
vt 0.000000 -0.756384 0.000000
vt 0.480000 -0.762774 0.000000
vt 0.000000 -0.807204 0.000000
vt 0.480000 -0.813625 0.000000
vt -0.000000 -0.858024 0.000000
vt 0.480000 -0.864477 0.000000
vt 0.000000 -0.908844 0.000000
vt 0.480000 -0.915328 0.000000
vt 0.000000 -0.959664 0.000000
vt 0.480000 -0.966180 0.000000
vt 0.000000 -1.010484 0.000000
vt 0.480000 -1.017032 0.000000
vt 0.000000 -1.061304 0.000000
vt 0.480000 -1.067883 0.000000
vt 0.000000 -1.112124 0.000000
vt 0.480000 -1.118735 0.000000
vt 0.000000 -1.162943 0.000000
vt 0.480000 -1.169586 0.000000
vt 0.000000 -1.213763 0.000000
vt 0.480000 -1.220438 0.000000
vt 0.000000 -1.264583 0.000000
vt 0.480000 -1.271289 0.000000
vt 0.000000 -1.315403 0.000000
vt 0.480000 -1.322141 0.000000
vt 0.000000 -1.366223 0.000000
vt 0.480000 -1.372993 0.000000
vt 0.000000 -1.417043 0.000000
vt 0.480000 -1.423844 0.000000
vt 0.000000 -1.467863 0.000000
vt 0.480000 -1.474696 0.000000
vt 0.000000 -1.518683 0.000000
vt 0.480000 -1.525547 0.000000
vt 0.000000 -1.569502 0.000000
vt 0.480000 -1.576399 0.000000
vt 0.000000 -1.620322 0.000000
vt 0.480000 -1.627251 0.000000
vt 0.000000 -1.671142 0.000000
vt 0.480000 -1.678102 0.000000
vt -0.000000 -1.721962 0.000000
vt 0.480000 -1.728954 0.000000
vt 0.000000 -1.772782 0.000000
vt 0.480000 -1.779805 0.000000
vt 0.000000 -1.823602 0.000000
vt 0.480000 -1.830657 0.000000
vt 0.000000 -1.874422 0.000000
vt 0.480000 -1.881508 0.000000
vt 0.000000 -1.925242 0.000000
vt 0.480000 -1.932360 0.000000
vt 0.000000 -1.976062 0.000000
vt 0.480000 -1.983212 0.000000
vt 0.000000 -2.026881 0.000000
vt 0.480000 -2.034063 0.000000
vt 0.000000 -2.077701 0.000000
vt 0.480000 -2.084915 0.000000
vt 0.000000 -2.128521 0.000000
vt 0.480000 -2.135766 0.000000
vt 0.000000 -2.179341 0.000000
vt 0.480000 -2.186618 0.000000
vt 0.000000 -2.230161 0.000000
vt 0.480000 -2.237469 0.000000
vt 0.000000 -2.280981 0.000000
vt 0.480000 -2.288321 0.000000
vt -0.000000 -2.331801 0.000000
vt 0.480000 -2.339173 0.000000
vt 0.000000 -2.382621 0.000000
vt 0.480000 -2.390024 0.000000
vt 0.000000 -2.433440 0.000000
vt 0.480000 -2.440876 0.000000
vt 0.000000 -2.484260 0.000000
vt 0.480000 -2.491727 0.000000
vt 0.000000 -2.535080 0.000000
vt 0.480000 -2.542579 0.000000
vt 0.000000 -2.585900 0.000000
vt 0.480000 -2.593431 0.000000
vt 0.000000 -2.636720 0.000000
vt 0.480000 -2.644282 0.000000
vt 0.000000 -2.687540 0.000000
vt 0.480000 -2.695134 0.000000
vt 0.000000 -2.738360 0.000000
vt 0.480000 -2.745985 0.000000
vt 0.000000 -2.789180 0.000000
vt 0.480000 -2.796837 0.000000
vt 0.000000 -2.839999 0.000000
vt 0.480000 -2.847688 0.000000
vt 0.000000 -2.890819 0.000000
vt 0.480000 -2.898540 0.000000
vt 0.000000 -2.941639 0.000000
vt 0.480000 -2.949392 0.000000
vt 0.000000 -2.992459 0.000000
vt 0.480000 -3.000243 0.000000
vt -0.000000 -3.043279 0.000000
vt 0.480000 -3.051095 0.000000
vt 0.000000 -3.094099 0.000000
vt 0.480000 -3.101946 0.000000
vt 0.000000 -3.144919 0.000000
vt 0.480000 -3.152798 0.000000
vt 0.000000 -3.195739 0.000000
vt 0.480000 -3.203649 0.000000
vt 0.000000 -3.246559 0.000000
vt 0.480000 -3.254501 0.000000
vt 0.000000 -3.297378 0.000000
vt 0.480000 -3.305353 0.000000
vt 0.000000 -3.348198 0.000000
vt 0.480000 -3.356204 0.000000
vt 0.000000 -3.399018 0.000000
vt 0.480000 -3.407056 0.000000
vt 0.000000 -3.449838 0.000000
vt 0.480000 -3.457907 0.000000
vt 0.000000 -3.500658 0.000000
vt 0.480000 -3.508759 0.000000
vt -0.000000 -3.551478 0.000000
vt 0.480000 -3.559610 0.000000
vt 0.000000 -3.602298 0.000000
vt 0.480000 -3.610462 0.000000
vt 0.000000 -3.653118 0.000000
vt 0.480000 -3.661314 0.000000
vt 0.000000 -3.703937 0.000000
vt 0.480000 -3.712165 0.000000
vt 0.000000 -3.754757 0.000000
vt 0.480000 -3.763017 0.000000
vt 0.000000 -3.805577 0.000000
vt 0.480000 -3.813868 0.000000
vt 0.000000 -3.856397 0.000000
vt 0.480000 -3.864720 0.000000
vt 0.000000 -3.907217 0.000000
vt 0.480000 -3.915572 0.000000
vt 0.000000 -3.958037 0.000000
vt 0.480000 -3.966423 0.000000
vt 0.000000 -4.008857 0.000000
vt 0.480000 -4.017275 0.000000
vt -0.000000 -4.059677 0.000000
vt 0.480000 -4.068126 0.000000
vt 0.000000 -4.110497 0.000000
vt 0.480000 -4.118978 0.000000
vt -0.000000 -4.161316 0.000000
vt 0.630000 -4.118978 0.000000
vt 0.630000 -4.169156 0.000000
vt 0.000000 -4.212136 0.000000
vt 0.630000 -4.219334 0.000000
vt 0.000000 -4.262956 0.000000
vt 0.630000 -4.269512 0.000000
vt -0.000000 -4.313776 0.000000
vt 0.630000 -4.319690 0.000000
vt 0.630000 4.319690 0.000000
vt 0.000000 4.325604 0.000000
vt 0.000000 4.274784 0.000000
vt 0.630000 4.269512 0.000000
vt 0.000000 4.223964 0.000000
vt 0.630000 4.219334 0.000000
vt 0.000000 4.173144 0.000000
vt -0.534805 -4.357474 0.000000
vt -0.530000 -4.357231 0.000000
vt -0.630000 -4.344572 0.000000
vt -0.000000 -4.357231 0.000000
vt -0.000000 -4.304466 0.000000
vt -0.630000 -4.291976 0.000000
vt -0.000000 -4.251701 0.000000
vt -0.630000 -4.239380 0.000000
vt -0.000000 -4.198937 0.000000
vt -0.630000 -4.186784 0.000000
vt -0.000000 -4.146172 0.000000
vt -0.630000 -4.134188 0.000000
vt -0.000000 -4.093407 0.000000
vt -0.630000 -4.081592 0.000000
vt -0.000000 -4.040643 0.000000
vt -0.630000 -4.028996 0.000000
vt -0.000000 -3.987878 0.000000
vt -0.630000 -3.976401 0.000000
vt -0.000000 -3.935113 0.000000
vt -0.630000 -3.923805 0.000000
vt -0.000000 -3.882349 0.000000
vt -0.630000 -3.871209 0.000000
vt -0.000000 -3.829584 0.000000
vt -0.630000 -3.818613 0.000000
vt -0.000000 -3.776819 0.000000
vt -0.630000 -3.766017 0.000000
vt -0.000000 -3.724055 0.000000
vt -0.630000 -3.713421 0.000000
vt -0.000000 -3.671290 0.000000
vt -0.630000 -3.660825 0.000000
vt -0.000000 -3.618525 0.000000
vt -0.630000 -3.608229 0.000000
vt -0.000000 -3.565761 0.000000
vt -0.630000 -3.555634 0.000000
vt -0.000000 -3.512996 0.000000
vt -0.630000 -3.503038 0.000000
vt -0.000000 -3.460231 0.000000
vt -0.630000 -3.450442 0.000000
vt -0.000000 -3.407467 0.000000
vt -0.630000 -3.397846 0.000000
vt -0.000000 -3.354702 0.000000
vt -0.630000 -3.345250 0.000000
vt -0.000000 -3.301937 0.000000
vt -0.630000 -3.292654 0.000000
vt -0.000000 -3.249173 0.000000
vt -0.630000 -3.240058 0.000000
vt -0.000000 -3.196408 0.000000
vt -0.630000 -3.187462 0.000000
vt -0.000000 -3.143643 0.000000
vt -0.630000 -3.134866 0.000000
vt -0.000000 -3.090879 0.000000
vt -0.630000 -3.082271 0.000000
vt -0.000000 -3.038114 0.000000
vt -0.630000 -3.029675 0.000000
vt -0.000000 -2.985349 0.000000
vt -0.630000 -2.977079 0.000000
vt -0.000000 -2.932585 0.000000
vt -0.630000 -2.924483 0.000000
vt -0.000000 -2.879820 0.000000
vt -0.630000 -2.871887 0.000000
vt -0.000000 -2.827055 0.000000
vt -0.630000 -2.819291 0.000000
vt -0.000000 -2.774291 0.000000
vt -0.630000 -2.766695 0.000000
vt -0.000000 -2.721526 0.000000
vt -0.630000 -2.714099 0.000000
vt -0.000000 -2.668761 0.000000
vt -0.630000 -2.661503 0.000000
vt -0.000000 -2.615996 0.000000
vt -0.630000 -2.608908 0.000000
vt -0.000000 -2.563232 0.000000
vt -0.630000 -2.556312 0.000000
vt -0.000000 -2.510467 0.000000
vt -0.630000 -2.503716 0.000000
vt -0.000000 -2.457702 0.000000
vt -0.630000 -2.451120 0.000000
vt -0.000000 -2.404938 0.000000
vt -0.630000 -2.398524 0.000000
vt -0.000000 -2.352173 0.000000
vt -0.630000 -2.345928 0.000000
vt -0.000000 -2.299408 0.000000
vt -0.630000 -2.293332 0.000000
vt -0.000000 -2.246644 0.000000
vt -0.630000 -2.240736 0.000000
vt -0.000000 -2.193879 0.000000
vt -0.630000 -2.188141 0.000000
vt -0.000000 -2.141114 0.000000
vt -0.630000 -2.135545 0.000000
vt -0.000000 -2.088350 0.000000
vt -0.630000 -2.082949 0.000000
vt -0.000000 -2.035585 0.000000
vt -0.630000 -2.030353 0.000000
vt -0.000000 -1.982820 0.000000
vt -0.630000 -1.977757 0.000000
vt -0.000000 -1.930056 0.000000
vt -0.630000 -1.925161 0.000000
vt -0.000000 -1.877291 0.000000
vt -0.630000 -1.872565 0.000000
vt -0.000000 -1.824526 0.000000
vt -0.630000 -1.819969 0.000000
vt -0.000000 -1.771762 0.000000
vt -0.630000 -1.767373 0.000000
vt -0.000000 -1.718997 0.000000
vt -0.630000 -1.714778 0.000000
vt -0.000000 -1.666232 0.000000
vt -0.630000 -1.662182 0.000000
vt -0.000000 -1.613468 0.000000
vt -0.630000 -1.609586 0.000000
vt -0.000000 -1.560703 0.000000
vt -0.630000 -1.556990 0.000000
vt -0.000000 -1.507938 0.000000
vt -0.630000 -1.504394 0.000000
vt -0.000000 -1.455174 0.000000
vt -0.630000 -1.451798 0.000000
vt -0.000000 -1.402409 0.000000
vt -0.630000 -1.399202 0.000000
vt -0.000000 -1.349644 0.000000
vt -0.630000 -1.346606 0.000000
vt -0.000000 -1.296880 0.000000
vt -0.630000 -1.294010 0.000000
vt -0.000000 -1.244115 0.000000
vt -0.630000 -1.241415 0.000000
vt -0.000000 -1.191350 0.000000
vt -0.630000 -1.188819 0.000000
vt -0.000000 -1.138586 0.000000
vt -0.630000 -1.136223 0.000000
vt -0.000000 -1.085821 0.000000
vt -0.630000 -1.083627 0.000000
vt -0.000000 -1.033056 0.000000
vt -0.630000 -1.031031 0.000000
vt -0.000000 -0.980292 0.000000
vt -0.630000 -0.978435 0.000000
vt -0.000000 -0.927527 0.000000
vt -0.630000 -0.925839 0.000000
vt -0.000000 -0.874762 0.000000
vt -0.630000 -0.873243 0.000000
vt -0.000000 -0.821998 0.000000
vt -0.630000 -0.820648 0.000000
vt -0.000000 -0.769233 0.000000
vt -0.630000 -0.768052 0.000000
vt -0.000000 -0.716468 0.000000
vt -0.630000 -0.715456 0.000000
vt -0.000000 -0.663704 0.000000
vt -0.630000 -0.662860 0.000000
vt -0.000000 -0.610939 0.000000
vt -0.630000 -0.610264 0.000000
vt -0.000000 -0.558174 0.000000
vt -0.630000 -0.557668 0.000000
vt -0.000000 -0.505410 0.000000
vt -0.630000 -0.505072 0.000000
vt -0.000000 -0.452645 0.000000
vt -0.630000 -0.452476 0.000000
vt -0.000000 -0.399880 0.000000
vt -0.630000 -0.399880 0.000000
vt -0.630000 -4.397168 0.000000
vt -0.565453 -4.372222 0.000000
vt -0.561927 -4.368957 0.000000
vt -0.558009 -4.365977 0.000000
vt -0.630000 -4.449764 0.000000
vt -0.580000 -4.407967 0.000000
vt -0.579766 -4.403161 0.000000
vt -0.579063 -4.398284 0.000000
vt -0.630000 -4.502359 0.000000
vt -0.580000 -4.475122 0.000000
vt -0.580000 -4.441545 0.000000
vt -0.630000 -4.554955 0.000000
vt -0.576206 -4.527863 0.000000
vt -0.577873 -4.523149 0.000000
vt -0.579057 -4.518324 0.000000
vt -0.630000 -4.607551 0.000000
vt -0.534778 -4.558580 0.000000
vt -0.539623 -4.557867 0.000000
vt -0.544446 -4.556674 0.000000
vt -0.630000 -4.660147 0.000000
vt -0.000000 -4.608838 0.000000
vt -0.000000 -4.558817 0.000000
vt -0.530000 -4.558817 0.000000
vt -0.630000 -4.712743 0.000000
vt -0.530000 -4.708882 0.000000
vt -0.000000 -4.708882 0.000000
vt -0.000000 -4.658860 0.000000
vt -0.630000 -4.765339 0.000000
vt -0.576206 -4.739836 0.000000
vt -0.574065 -4.735317 0.000000
vt -0.571503 -4.731061 0.000000
vt -0.630000 -4.817935 0.000000
vt -0.580000 -4.792577 0.000000
vt -0.580000 -4.758999 0.000000
vt -0.579765 -4.754221 0.000000
vt -0.630000 -4.870531 0.000000
vt -0.580000 -4.859731 0.000000
vt -0.580000 -4.826154 0.000000
vt -0.630000 -4.923127 0.000000
vt -0.568650 -4.891870 0.000000
vt -0.571555 -4.887886 0.000000
vt -0.574103 -4.883583 0.000000
vt -0.630000 -4.975722 0.000000
vt -0.150000 -4.963042 0.000000
vt -0.150000 -4.910468 0.000000
vt -0.530000 -4.910468 0.000000
vt -0.150000 -5.015616 0.000000
vt -0.630000 -5.028318 0.000000
vt -0.150000 -5.068190 0.000000
vt -0.630000 -5.080914 0.000000
vt -0.150000 -5.120764 0.000000
vt -0.630000 -5.133510 0.000000
vt -0.150000 -5.173338 0.000000
vt -0.630000 -5.186106 0.000000
vt -0.150000 -5.225912 0.000000
vt -0.630000 -5.238702 0.000000
vt -0.150000 -5.278486 0.000000
vt -0.630000 -5.291298 0.000000
vt -0.150000 -5.331060 0.000000
vt -0.630000 -5.343894 0.000000
vt -0.150000 -5.383634 0.000000
vt -0.630000 -5.396489 0.000000
vt -0.150000 -5.436208 0.000000
vt -0.630000 -5.449085 0.000000
vt -0.150000 -5.488782 0.000000
vt -0.630000 -5.501681 0.000000
vt -0.150000 -5.541356 0.000000
vt -0.630000 -5.554277 0.000000
vt -0.150000 -5.593931 0.000000
vt -0.630000 -5.606873 0.000000
vt -0.150000 -5.646505 0.000000
vt -0.630000 -5.659469 0.000000
vt -0.150000 -5.699079 0.000000
vt -0.630000 -5.712065 0.000000
vt -0.150000 -5.751653 0.000000
vt -0.630000 -5.764661 0.000000
vt -0.150000 -5.804227 0.000000
vt -0.630000 -5.817257 0.000000
vt -0.150000 -5.856801 0.000000
vt -0.630000 -5.869852 0.000000
vt -0.150000 -5.909375 0.000000
vt -0.630000 -5.922448 0.000000
vt -0.150000 -5.961949 0.000000
vt -0.630000 -5.975044 0.000000
vt -0.150000 -6.014523 0.000000
vt -0.630000 -6.027640 0.000000
vt -0.150000 -6.067097 0.000000
vt -0.630000 -6.080236 0.000000
vt -0.150000 -6.119671 0.000000
vt -0.630000 -6.132832 0.000000
vt -0.150000 -6.172245 0.000000
vt -0.630000 -6.185428 0.000000
vt -0.150000 -6.224819 0.000000
vt -0.630000 -6.238024 0.000000
vt -0.150000 -6.277393 0.000000
vt -0.630000 -6.290620 0.000000
vt -0.150000 -6.329967 0.000000
vt -0.630000 -6.343215 0.000000
vt -0.150000 -6.382541 0.000000
vt -0.630000 -6.395811 0.000000
vt -0.150000 -6.435115 0.000000
vt -0.630000 -6.448407 0.000000
vt -0.150000 -6.487690 0.000000
vt -0.630000 -6.501003 0.000000
vt -0.150000 -6.540264 0.000000
vt -0.630000 -6.553599 0.000000
vt -0.150000 -6.592838 0.000000
vt -0.630000 -6.606195 0.000000
vt -0.150000 -6.645412 0.000000
vt -0.630000 -6.658791 0.000000
vt -0.150000 -6.697986 0.000000
vt -0.630000 -6.711387 0.000000
vt -0.150000 -6.750560 0.000000
vt -0.630000 -6.763982 0.000000
vt -0.150000 -6.803134 0.000000
vt -0.630000 -6.816578 0.000000
vt -0.150000 -6.855708 0.000000
vt -0.530000 -6.855708 0.000000
vt -0.534775 -6.855945 0.000000
vt -0.630000 -6.869174 0.000000
vt -0.539616 -6.856657 0.000000
vt -0.544435 -6.857849 0.000000
vt -0.549141 -6.859524 0.000000
vt -0.553650 -6.861675 0.000000
vt -0.557897 -6.864246 0.000000
vt -0.561820 -6.867171 0.000000
vt -0.565360 -6.870383 0.000000
vt -0.568567 -6.873930 0.000000
vt -0.571486 -6.877858 0.000000
vt -0.574050 -6.882109 0.000000
vt -0.576195 -6.886622 0.000000
vt -0.577865 -6.891330 0.000000
vt -0.579054 -6.896150 0.000000
vt -0.630000 -6.921770 0.000000
vt -0.579764 -6.900992 0.000000
vt -0.580000 -6.905767 0.000000
vt -0.580000 -6.935771 0.000000
vt -0.630000 -6.974366 0.000000
vt -0.580000 -6.965776 0.000000
vt -0.580000 -6.995781 0.000000
vt -0.579764 -7.000555 0.000000
vt -0.630000 -7.026962 0.000000
vt -0.579054 -7.005397 0.000000
vt -0.577865 -7.010217 0.000000
vt -0.576195 -7.014926 0.000000
vt -0.574050 -7.019438 0.000000
vt -0.571486 -7.023689 0.000000
vt -0.568567 -7.027618 0.000000
vt -0.565360 -7.031164 0.000000
vt -0.561820 -7.034376 0.000000
vt -0.557897 -7.037301 0.000000
vt -0.553650 -7.039872 0.000000
vt -0.549141 -7.042023 0.000000
vt -0.630000 -7.079558 0.000000
vt -0.544435 -7.043698 0.000000
vt -0.539616 -7.044890 0.000000
vt -0.534775 -7.045603 0.000000
vt -0.530000 -7.045840 0.000000
vt -0.000000 -7.045840 0.000000
vt -0.000000 -7.097896 0.000000
vt -0.630000 -7.132154 0.000000
vt -0.000000 -7.149953 0.000000
vt -0.630000 -7.184750 0.000000
vt -0.000000 -7.202009 0.000000
vt -0.630000 -7.237345 0.000000
vt -0.000000 -7.254066 0.000000
vt -0.630000 -7.289941 0.000000
vt -0.000000 -7.306122 0.000000
vt -0.630000 -7.342537 0.000000
vt -0.000000 -7.358179 0.000000
vt -0.630000 -7.395133 0.000000
vt -0.000000 -7.410235 0.000000
vt -0.630000 -7.447729 0.000000
vt -0.000000 -7.462292 0.000000
vt -0.630000 -7.500325 0.000000
vt -0.000000 -7.514348 0.000000
vt -0.630000 -7.552921 0.000000
vt -0.000000 -7.566405 0.000000
vt -0.630000 -7.605517 0.000000
vt -0.000000 -7.618461 0.000000
vt -0.630000 -7.658113 0.000000
vt -0.000000 -7.670518 0.000000
vt -0.630000 -7.710708 0.000000
vt -0.000000 -7.722574 0.000000
vt -0.630000 -7.763304 0.000000
vt -0.000000 -7.774631 0.000000
vt -0.630000 -7.815900 0.000000
vt -0.000000 -7.826687 0.000000
vt -0.630000 -7.868496 0.000000
vt -0.000000 -7.878744 0.000000
vt -0.630000 -7.921092 0.000000
vt -0.000000 -7.930800 0.000000
vt -0.630000 -7.973688 0.000000
vt -0.000000 -7.982857 0.000000
vt -0.630000 -8.026284 0.000000
vt -0.000000 -8.034914 0.000000
vt -0.630000 -8.078880 0.000000
vt -0.000000 -8.086970 0.000000
vt -0.630000 -8.131475 0.000000
vt -0.000000 -8.139027 0.000000
vt -0.630000 -8.184071 0.000000
vt -0.000000 -8.191083 0.000000
vt -0.630000 -8.236667 0.000000
vt -0.000000 -8.243140 0.000000
vt -0.630000 -8.289263 0.000000
vt -0.000000 -8.295196 0.000000
vt -0.630000 -8.341859 0.000000
vt -0.000000 -8.347253 0.000000
vt -0.630000 -8.394455 0.000000
vt -0.000000 -8.399309 0.000000
vt -0.630000 -8.447051 0.000000
vt -0.000000 -8.451366 0.000000
vt -0.630000 -8.499647 0.000000
vt -0.000000 -8.503422 0.000000
vt -0.630000 -8.552243 0.000000
vt -0.000000 -8.555479 0.000000
vt -0.630000 -8.604838 0.000000
vt -0.000000 -8.607535 0.000000
vt -0.630000 -8.657434 0.000000
vt -0.000000 -8.659592 0.000000
vt -0.630000 -8.710030 0.000000
vt -0.000000 -8.711648 0.000000
vt -0.630000 -8.762626 0.000000
vt -0.000000 -8.763705 0.000000
vt -0.630000 -8.815222 0.000000
vt -0.000000 -8.815761 0.000000
vt -0.630000 -8.867818 0.000000
vt -0.000000 -8.867818 0.000000
vt -0.534805 -4.910224 0.000000
vt -0.539675 -4.909492 0.000000
vt -0.544517 -4.908268 0.000000
vt -0.549241 -4.906550 0.000000
vt -0.553760 -4.904348 0.000000
vt -0.558009 -4.901722 0.000000
vt -0.561927 -4.898741 0.000000
vt -0.565453 -4.895476 0.000000
vt -0.576230 -4.879023 0.000000
vt -0.577886 -4.874273 0.000000
vt -0.579063 -4.869414 0.000000
vt -0.579766 -4.864538 0.000000
vt -0.579057 -4.749374 0.000000
vt -0.577873 -4.744549 0.000000
vt -0.568586 -4.727126 0.000000
vt -0.565380 -4.723574 0.000000
vt -0.561840 -4.720357 0.000000
vt -0.557916 -4.717429 0.000000
vt -0.553668 -4.714855 0.000000
vt -0.549156 -4.712702 0.000000
vt -0.544446 -4.711025 0.000000
vt -0.539623 -4.709831 0.000000
vt -0.534778 -4.709118 0.000000
vt -0.549156 -4.554997 0.000000
vt -0.553668 -4.552843 0.000000
vt -0.557916 -4.550269 0.000000
vt -0.561840 -4.547341 0.000000
vt -0.565380 -4.544125 0.000000
vt -0.568586 -4.540572 0.000000
vt -0.571503 -4.536638 0.000000
vt -0.574065 -4.532381 0.000000
vt -0.579765 -4.513477 0.000000
vt -0.580000 -4.508699 0.000000
vt -0.577886 -4.393426 0.000000
vt -0.576230 -4.388675 0.000000
vt -0.574103 -4.384115 0.000000
vt -0.571555 -4.379813 0.000000
vt -0.568650 -4.375828 0.000000
vt -0.553760 -4.363350 0.000000
vt -0.549241 -4.361149 0.000000
vt -0.544517 -4.359430 0.000000
vt -0.539675 -4.358206 0.000000
vt 0.150000 -0.200829 0.000000
vt 0.000000 -0.200829 0.000000
vt 0.150000 -0.249608 0.000000
vt 0.000000 -0.249608 0.000000
vt 0.150000 -0.298386 0.000000
vt 0.000000 -0.298386 0.000000
vt 0.000000 -0.347164 0.000000
vt 0.150000 -0.347164 0.000000
vt 0.000000 -0.395942 0.000000
vt 0.150000 -0.395942 0.000000
vt 0.000000 -0.444721 0.000000
vt 0.150000 -0.444721 0.000000
vt 0.000000 -0.493499 0.000000
vt 0.150000 -0.493499 0.000000
vt 0.000000 -0.542277 0.000000
vt 0.150000 -0.542277 0.000000
vt 0.000000 -0.591055 0.000000
vt 0.150000 -0.591055 0.000000
vt 0.000000 -0.639833 0.000000
vt 0.150000 -0.639833 0.000000
vt 0.000000 -0.688612 0.000000
vt 0.150000 -0.688612 0.000000
vt 0.000000 -0.737390 0.000000
vt 0.150000 -0.737390 0.000000
vt 0.000000 -0.786168 0.000000
vt 0.150000 -0.786168 0.000000
vt 0.000000 -0.834946 0.000000
vt 0.150000 -0.834946 0.000000
vt 0.000000 -0.883725 0.000000
vt 0.150000 -0.883725 0.000000
vt 0.000000 -0.932503 0.000000
vt 0.150000 -0.932503 0.000000
vt 0.000000 -0.981281 0.000000
vt 0.150000 -0.981281 0.000000
vt 0.000000 -1.030059 0.000000
vt 0.150000 -1.030059 0.000000
vt 0.000000 -1.078837 0.000000
vt 0.150000 -1.078837 0.000000
vt 0.000000 -1.127616 0.000000
vt 0.150000 -1.127616 0.000000
vt 0.000000 -1.176394 0.000000
vt 0.150000 -1.176394 0.000000
vt 0.000000 -1.225172 0.000000
vt 0.150000 -1.225172 0.000000
vt 0.000000 -1.273950 0.000000
vt 0.150000 -1.273950 0.000000
vt 0.000000 -1.322728 0.000000
vt 0.150000 -1.322728 0.000000
vt 0.000000 -1.371507 0.000000
vt 0.150000 -1.371507 0.000000
vt 0.000000 -1.420285 0.000000
vt 0.150000 -1.420285 0.000000
vt 0.000000 -1.469063 0.000000
vt 0.150000 -1.469063 0.000000
vt 0.000000 -1.517841 0.000000
vt 0.150000 -1.517841 0.000000
vt 0.000000 -1.566620 0.000000
vt 0.150000 -1.566620 0.000000
vt 0.000000 -1.615398 0.000000
vt 0.150000 -1.615398 0.000000
vt 0.000000 -1.664176 0.000000
vt 0.150000 -1.664176 0.000000
vt 0.000000 -1.712954 0.000000
vt 0.150000 -1.712954 0.000000
vt 0.000000 -1.761732 0.000000
vt 0.150000 -1.761732 0.000000
vt 0.000000 -1.810511 0.000000
vt 0.150000 -1.810511 0.000000
vt 0.000000 -1.859289 0.000000
vt 0.150000 -1.859289 0.000000
vt 0.000000 -1.908067 0.000000
vt 0.150000 -1.908067 0.000000
vt 0.000000 -1.956845 0.000000
vt 0.150000 -1.956845 0.000000
vt 0.000000 -2.005624 0.000000
vt 0.150000 -2.005624 0.000000
vt 0.000000 -2.054402 0.000000
vt 0.150000 -2.054402 0.000000
vt 0.000000 -2.103180 0.000000
vt 0.150000 -2.103180 0.000000
vt 0.000000 -2.151958 0.000000
vt 0.150000 -2.151958 0.000000
vt 0.000000 -2.200736 0.000000
vt 0.150000 -2.200736 0.000000
vt 0.000000 -2.249515 0.000000
vt 0.150000 -2.249515 0.000000
vt 0.000000 -2.298293 0.000000
vt 0.150000 -2.298293 0.000000
vt 0.000000 -2.347071 0.000000
vt 0.150000 -2.347071 0.000000
vt 0.000000 -2.395849 0.000000
vt 0.150000 -2.395849 0.000000
vt 0.000000 -2.444628 0.000000
vt 0.150000 -2.444628 0.000000
vt 0.000000 -2.493406 0.000000
vt 0.150000 -2.493406 0.000000
vt 0.000000 -2.542184 0.000000
vt 0.150000 -2.542184 0.000000
vt 0.000000 -2.590962 0.000000
vt 0.150000 -2.590962 0.000000
vt 0.000000 -2.639740 0.000000
vt 0.150000 -2.639740 0.000000
vt 0.000000 -2.688519 0.000000
vt 0.150000 -2.688519 0.000000
vt 0.000000 -2.737297 0.000000
vt 0.150000 -2.737297 0.000000
vt 0.000000 -2.786075 0.000000
vt 0.150000 -2.786075 0.000000
vt 0.000000 -2.834853 0.000000
vt 0.150000 -2.834853 0.000000
vt 0.000000 -2.883632 0.000000
vt 0.150000 -2.883632 0.000000
vt 0.000000 -2.932410 0.000000
vt 0.150000 -2.932410 0.000000
vt 0.000000 -2.981188 0.000000
vt 0.150000 -2.981188 0.000000
vt 0.000000 -3.029966 0.000000
vt 0.150000 -3.029966 0.000000
vt 0.000000 -3.078744 0.000000
vt 0.150000 -3.078744 0.000000
vt 0.000000 -3.127523 0.000000
vt 0.150000 -3.127523 0.000000
vt 0.000000 -3.176301 0.000000
vt 0.150000 -3.176301 0.000000
vt 0.000000 -3.225079 0.000000
vt 0.150000 -3.225079 0.000000
vt 0.000000 -3.273857 0.000000
vt 0.150000 -3.273857 0.000000
vt 0.000000 -3.322636 0.000000
vt 0.150000 -3.322636 0.000000
vt 0.000000 -3.371414 0.000000
vt 0.150000 -3.371414 0.000000
vt 0.000000 -3.420192 0.000000
vt 0.150000 -3.420192 0.000000
vt 0.000000 -3.468970 0.000000
vt 0.150000 -3.468970 0.000000
vt 0.000000 -3.517748 0.000000
vt 0.150000 -3.517748 0.000000
vt 0.000000 -3.566527 0.000000
vt 0.150000 -3.566527 0.000000
vt 0.000000 -3.615305 0.000000
vt 0.150000 -3.615305 0.000000
vt 0.000000 -3.664083 0.000000
vt 0.150000 -3.664083 0.000000
vt 0.000000 -3.712861 0.000000
vt 0.150000 -3.712861 0.000000
vt 0.000000 -3.761640 0.000000
vt 0.150000 -3.761640 0.000000
vt 0.000000 -3.810418 0.000000
vt 0.150000 -3.810418 0.000000
vt 0.000000 -3.859196 0.000000
vt 0.150000 -3.859196 0.000000
vt 0.000000 -3.907974 0.000000
vt 0.150000 -3.907974 0.000000
vt 0.000000 -3.956752 0.000000
vt 0.150000 -3.956752 0.000000
vt -0.000000 -4.005531 0.000000
vt 0.150000 -4.005531 0.000000
vt -0.000000 -4.054309 0.000000
vt 0.150000 -4.054309 0.000000
vt -0.000000 -4.103087 0.000000
vt 0.150000 -4.103087 0.000000
vt -0.000000 -4.151865 0.000000
vt 0.150000 -4.151865 0.000000
vt -0.000000 -4.200644 0.000000
vt 0.150000 -4.200644 0.000000
vt -0.000000 -4.249422 0.000000
vt 0.150000 -4.249422 0.000000
vt -0.000000 -4.298200 0.000000
vt 0.150000 -4.298200 0.000000
vt -0.000000 -4.346978 0.000000
vt 0.150000 -4.346978 0.000000
vt -0.000000 -4.395756 0.000000
vt 0.150000 -4.395756 0.000000
vt -0.000000 -4.444535 0.000000
vt 0.150000 -4.444535 0.000000
vt -0.000000 -4.493313 0.000000
vt 0.150000 -4.493313 0.000000
vt -0.000000 -4.542091 0.000000
vt 0.150000 -4.542091 0.000000
vt -0.000000 -4.590869 0.000000
vt 0.150000 -4.590869 0.000000
vt -0.000000 -4.639648 0.000000
vt 0.150000 -4.639648 0.000000
vt -0.000000 -4.688426 0.000000
vt 0.150000 -4.688426 0.000000
vt -0.000000 -4.737204 0.000000
vt 0.150000 -4.737204 0.000000
vt -0.000000 -4.785982 0.000000
vt 0.150000 -4.785982 0.000000
vt 0.000000 -4.834760 0.000000
vt 0.150000 -4.834760 0.000000
vt -0.000000 -4.883539 0.000000
vt 0.150000 -4.883539 0.000000
vt -0.000000 -4.932317 0.000000
vt 0.150000 -4.932317 0.000000
vt -0.000000 -4.981095 0.000000
vt 0.150000 -4.981095 0.000000
vt -0.000000 -5.029873 0.000000
vt 0.150000 -5.029873 0.000000
vt -0.000000 -5.078651 0.000000
vt 0.150000 -5.078651 0.000000
vt -0.000000 -5.127430 0.000000
vt 0.150000 -5.127430 0.000000
vt -0.000000 -5.176208 0.000000
vt 0.150000 -5.176208 0.000000
vt -0.000000 -5.224986 0.000000
vt 0.150000 -5.224986 0.000000
vt -0.000000 -5.273764 0.000000
vt 0.150000 -5.273764 0.000000
vt -0.000000 -5.322543 0.000000
vt 0.150000 -5.322543 0.000000
vt -0.000000 -5.371321 0.000000
vt 0.150000 -5.371321 0.000000
vt -0.000000 -5.420099 0.000000
vt 0.150000 -5.420099 0.000000
vt -0.000000 -5.468877 0.000000
vt 0.150000 -5.468877 0.000000
vt -0.000000 -5.517655 0.000000
vt 0.150000 -5.517655 0.000000
vt -0.000000 -5.566434 0.000000
vt 0.150000 -5.566434 0.000000
vt -0.000000 -5.615212 0.000000
vt 0.150000 -5.615212 0.000000
vt -0.000000 -5.663990 0.000000
vt 0.150000 -5.663990 0.000000
vt -0.000000 -5.712768 0.000000
vt 0.150000 -5.712768 0.000000
vt -0.000000 -5.761547 0.000000
vt 0.150000 -5.761547 0.000000
vt 0.000000 -5.810325 0.000000
vt 0.150000 -5.810325 0.000000
vt -0.000000 -5.859103 0.000000
vt 0.150000 -5.859103 0.000000
vt -0.000000 -5.907881 0.000000
vt 0.150000 -5.907881 0.000000
vt -0.000000 -5.956659 0.000000
vt 0.150000 -5.956659 0.000000
vt -0.000000 -6.005438 0.000000
vt 0.150000 -6.005438 0.000000
vt 0.000000 -6.054216 0.000000
vt 0.150000 -6.054216 0.000000
vt 0.000000 -6.102994 0.000000
vt 0.150000 -6.102994 0.000000
vt 0.000000 -6.151772 0.000000
vt 0.150000 -6.151772 0.000000
vt 0.000000 -6.200551 0.000000
vt 0.150000 -6.200551 0.000000
vt 0.000000 -6.249329 0.000000
vt 0.150000 -6.249329 0.000000
vt 0.000000 -6.298107 0.000000
vt 0.150000 -6.298107 0.000000
vt 0.000000 -6.346885 0.000000
vt 0.150000 -6.346885 0.000000
vt 0.000000 -6.395663 0.000000
vt 0.150000 -6.395663 0.000000
vt 0.000000 -6.444442 0.000000
vt 0.150000 -6.444442 0.000000
vt 0.000000 -6.493220 0.000000
vt 0.150000 -6.493220 0.000000
vt 0.000000 -6.541998 0.000000
vt 0.150000 -6.541998 0.000000
vt 0.000000 -6.590776 0.000000
vt 0.150000 -6.590776 0.000000
vt 0.000000 -6.639555 0.000000
vt 0.150000 -6.639555 0.000000
vt 0.000000 -6.688333 0.000000
vt 0.150000 -6.688333 0.000000
vt 0.000000 -6.737111 0.000000
vt 0.150000 -6.737111 0.000000
vt 0.000000 -6.785889 0.000000
vt 0.150000 -6.785889 0.000000
vt 0.000000 -6.834667 0.000000
vt 0.150000 -6.834667 0.000000
vt 0.000000 -6.883446 0.000000
vt 0.150000 -6.883446 0.000000
vt 0.000000 -6.932224 0.000000
vt 0.150000 -6.932224 0.000000
vt 0.000000 -6.981002 0.000000
vt 0.150000 -6.981002 0.000000
vt 0.000000 -7.029780 0.000000
vt 0.150000 -7.029780 0.000000
vt 0.000000 -7.078559 0.000000
vt 0.150000 -7.078559 0.000000
vt 0.000000 -7.127337 0.000000
vt 0.150000 -7.127337 0.000000
vt 0.000000 -7.176115 0.000000
vt 0.150000 -7.176115 0.000000
vt 0.000000 -7.224893 0.000000
vt 0.150000 -7.224893 0.000000
vt 0.000000 -7.273671 0.000000
vt 0.150000 -7.273671 0.000000
vt 0.000000 -7.322450 0.000000
vt 0.150000 -7.322450 0.000000
vt 0.000000 -7.371228 0.000000
vt 0.150000 -7.371228 0.000000
vt 0.000000 -7.420006 0.000000
vt 0.150000 -7.420006 0.000000
vt 0.000000 -7.468784 0.000000
vt 0.150000 -7.468784 0.000000
vt 0.000000 -7.517563 0.000000
vt 0.150000 -7.517563 0.000000
vt 0.000000 -7.566341 0.000000
vt 0.150000 -7.566341 0.000000
vt 0.000000 -7.615119 0.000000
vt 0.150000 -7.615119 0.000000
vt 0.000000 -7.663897 0.000000
vt 0.150000 -7.663897 0.000000
vt 0.000000 -7.712675 0.000000
vt 0.150000 -7.712675 0.000000
vt 0.150000 -7.761454 0.000000
vt 0.000000 -7.761454 0.000000
vt 0.150000 -7.810232 0.000000
vt 0.000000 -7.810232 0.000000
vt -1.360377 0.200000 0.000000
vt -1.259216 0.200000 0.000000
vt -1.352052 0.250163 0.000000
vt -1.250645 0.248016 0.000000
vt -1.341877 0.299983 0.000000
vt -1.240244 0.295670 0.000000
vt -1.329868 0.349393 0.000000
vt -1.228027 0.342890 0.000000
vt -1.316040 0.398325 0.000000
vt -1.214014 0.389609 0.000000
vt -1.300412 0.446713 0.000000
vt -1.198224 0.435758 0.000000
vt -1.283006 0.494490 0.000000
vt -1.180680 0.481269 0.000000
vt -1.263845 0.541590 0.000000
vt -1.161409 0.526075 0.000000
vt -1.242956 0.587950 0.000000
vt -1.140437 0.570112 0.000000
vt -1.220367 0.633506 0.000000
vt -1.117797 0.613314 0.000000
vt -1.196109 0.678195 0.000000
vt -1.093521 0.655619 0.000000
vt -1.170215 0.721957 0.000000
vt -1.067645 0.696964 0.000000
vt -1.142721 0.764731 0.000000
vt -1.040206 0.737290 0.000000
vt -1.113664 0.806460 0.000000
vt -1.011245 0.776536 0.000000
vt -1.083084 0.847086 0.000000
vt -0.980804 0.814646 0.000000
vt -1.051023 0.886553 0.000000
vt -0.948928 0.851564 0.000000
vt -1.017524 0.924808 0.000000
vt -0.915663 0.887236 0.000000
vt -0.982634 0.961798 0.000000
vt -0.946400 0.997473 0.000000
vt -0.881057 0.921609 0.000000
vt -0.908872 1.031783 0.000000
vt -0.845163 0.954633 0.000000
vt -0.870101 1.064683 0.000000
vt -0.808032 0.986261 0.000000
vt -0.830140 1.096127 0.000000
vt -0.769718 1.016445 0.000000
vt -0.789043 1.126071 0.000000
vt -0.730278 1.045141 0.000000
vt -0.746868 1.154476 0.000000
vt -0.689769 1.072308 0.000000
vt -0.703671 1.181301 0.000000
vt -0.648250 1.097906 0.000000
vt -0.659512 1.206511 0.000000
vt -0.605783 1.121897 0.000000
vt -0.614450 1.230071 0.000000
vt -0.562429 1.144246 0.000000
vt -0.568549 1.251949 0.000000
vt -0.518252 1.164920 0.000000
vt -0.521870 1.272115 0.000000
vt -0.473317 1.183890 0.000000
vt -0.474477 1.290541 0.000000
vt -0.427689 1.201127 0.000000
vt -0.426436 1.307202 0.000000
vt -0.381436 1.216607 0.000000
vt -0.377811 1.322076 0.000000
vt -0.334624 1.230306 0.000000
vt -0.328669 1.335141 0.000000
vt -0.287322 1.242204 0.000000
vt -0.279078 1.346380 0.000000
vt -0.239600 1.252285 0.000000
vt -0.229106 1.355779 0.000000
vt -0.191527 1.260533 0.000000
vt -0.178820 1.363323 0.000000
vt -0.143174 1.266936 0.000000
vt -0.128289 1.369002 0.000000
vt -0.094611 1.271485 0.000000
vt -0.077583 1.372809 0.000000
vt -0.045910 1.274173 0.000000
vt -0.026771 1.374739 0.000000
vt 0.002858 1.274997 0.000000
vt 0.024077 1.374789 0.000000
vt 0.051622 1.273955 0.000000
vt 0.074893 1.372959 0.000000
vt 0.100311 1.271048 0.000000
vt 0.125606 1.369251 0.000000
vt 0.148853 1.266281 0.000000
vt 0.176148 1.363670 0.000000
vt 0.197177 1.259661 0.000000
vt 0.226449 1.356225 0.000000
vt 0.245212 1.251198 0.000000
vt 0.276440 1.346925 0.000000
vt 0.292888 1.240903 0.000000
vt 0.326052 1.335782 0.000000
vt 0.340136 1.228793 0.000000
vt 0.375219 1.322813 0.000000
vt 0.386886 1.214884 0.000000
vt 0.423873 1.308035 0.000000
vt 0.433070 1.199198 0.000000
vt 0.471947 1.291468 0.000000
vt 0.478621 1.181756 0.000000
vt 0.519376 1.273135 0.000000
vt 0.523470 1.162585 0.000000
vt 0.566095 1.253061 0.000000
vt 0.567554 1.141713 0.000000
vt 0.612039 1.231273 0.000000
vt 0.610807 1.119169 0.000000
vt 0.657146 1.207801 0.000000
vt 0.653166 1.094988 0.000000
vt 0.701355 1.182678 0.000000
vt 0.694569 1.069205 0.000000
vt 0.744604 1.155937 0.000000
vt 0.734956 1.041856 0.000000
vt 0.786835 1.127615 0.000000
vt 0.827990 1.097751 0.000000
vt 0.774267 1.012983 0.000000
vt 0.868013 1.066386 0.000000
vt 0.812445 0.982628 0.000000
vt 0.906848 1.033562 0.000000
vt 0.849435 0.950834 0.000000
vt 0.944444 0.999325 0.000000
vt 0.885181 0.917649 0.000000
vt 0.980748 0.963722 0.000000
vt 0.919631 0.883121 0.000000
vt 1.015710 0.926800 0.000000
vt 0.952736 0.847301 0.000000
vt 1.049284 0.888611 0.000000
vt 0.984447 0.810241 0.000000
vt 1.081422 0.849206 0.000000
vt 1.014716 0.771995 0.000000
vt 1.112082 0.808641 0.000000
vt 1.043501 0.732619 0.000000
vt 1.141220 0.766969 0.000000
vt 1.070759 0.692171 0.000000
vt 1.168798 0.724248 0.000000
vt 1.096450 0.650710 0.000000
vt 1.194778 0.680537 0.000000
vt 1.120536 0.608296 0.000000
vt 1.219123 0.635896 0.000000
vt 1.142982 0.564993 0.000000
vt 1.241802 0.590384 0.000000
vt 1.163756 0.520863 0.000000
vt 1.262782 0.544066 0.000000
vt 1.182826 0.475970 0.000000
vt 1.282035 0.497003 0.000000
vt 1.200165 0.430381 0.000000
vt 1.299535 0.449260 0.000000
vt 1.215749 0.384162 0.000000
vt 1.315257 0.400903 0.000000
vt 1.229552 0.337381 0.000000
vt 1.329181 0.351998 0.000000
vt 1.241557 0.290106 0.000000
vt 1.341287 0.302612 0.000000
vt 1.251744 0.242406 0.000000
vt 1.351559 0.252811 0.000000
vt 1.260100 0.194352 0.000000
vt 1.359982 0.202665 0.000000
vt 1.266612 0.146014 0.000000
vt 1.366546 0.152242 0.000000
vt 1.271270 0.097461 0.000000
vt 1.371240 0.101610 0.000000
vt 1.274067 0.048766 0.000000
vt 1.374060 0.050840 0.000000
vt 1.275000 0.000000 0.000000
vt 1.375000 0.000000 0.000000
vt 1.374060 -0.050840 0.000000
vt 1.274067 -0.048766 0.000000
vt 1.371240 -0.101610 0.000000
vt 1.271270 -0.097461 0.000000
vt 1.366546 -0.152242 0.000000
vt 1.266612 -0.146014 0.000000
vt 1.359982 -0.202665 0.000000
vt 1.260100 -0.194352 0.000000
vt 1.351559 -0.252811 0.000000
vt 1.251744 -0.242406 0.000000
vt 1.341287 -0.302612 0.000000
vt 1.241557 -0.290106 0.000000
vt 1.329181 -0.351998 0.000000
vt 1.229552 -0.337381 0.000000
vt 1.315257 -0.400903 0.000000
vt 1.215749 -0.384162 0.000000
vt 1.299535 -0.449260 0.000000
vt 1.200165 -0.430381 0.000000
vt 1.282035 -0.497003 0.000000
vt 1.182826 -0.475970 0.000000
vt 1.262782 -0.544066 0.000000
vt 1.163756 -0.520863 0.000000
vt 1.241802 -0.590384 0.000000
vt 1.142982 -0.564993 0.000000
vt 1.219123 -0.635896 0.000000
vt 1.120536 -0.608296 0.000000
vt 1.194778 -0.680537 0.000000
vt 1.096450 -0.650710 0.000000
vt 1.168798 -0.724248 0.000000
vt 1.070759 -0.692171 0.000000
vt 1.141220 -0.766969 0.000000
vt 1.043501 -0.732619 0.000000
vt 1.112082 -0.808641 0.000000
vt 1.014716 -0.771995 0.000000
vt 1.081422 -0.849206 0.000000
vt 0.984447 -0.810241 0.000000
vt 1.049284 -0.888611 0.000000
vt 0.952736 -0.847301 0.000000
vt 1.015710 -0.926800 0.000000
vt 0.919631 -0.883121 0.000000
vt 0.980748 -0.963722 0.000000
vt 0.885181 -0.917649 0.000000
vt 0.944444 -0.999325 0.000000
vt 0.849435 -0.950834 0.000000
vt 0.906848 -1.033562 0.000000
vt 0.812445 -0.982628 0.000000
vt 0.868013 -1.066386 0.000000
vt 0.774267 -1.012983 0.000000
vt 0.827990 -1.097751 0.000000
vt 0.734956 -1.041856 0.000000
vt 0.786835 -1.127615 0.000000
vt 0.744604 -1.155937 0.000000
vt 0.694569 -1.069205 0.000000
vt 0.701355 -1.182678 0.000000
vt 0.653166 -1.094988 0.000000
vt 0.657146 -1.207801 0.000000
vt 0.610807 -1.119169 0.000000
vt 0.612039 -1.231273 0.000000
vt 0.567554 -1.141713 0.000000
vt 0.566095 -1.253061 0.000000
vt 0.523470 -1.162585 0.000000
vt 0.519376 -1.273135 0.000000
vt 0.478621 -1.181756 0.000000
vt 0.471947 -1.291468 0.000000
vt 0.433070 -1.199198 0.000000
vt 0.423873 -1.308035 0.000000
vt 0.386886 -1.214884 0.000000
vt 0.375219 -1.322813 0.000000
vt 0.340136 -1.228793 0.000000
vt 0.326052 -1.335782 0.000000
vt 0.292888 -1.240903 0.000000
vt 0.276440 -1.346925 0.000000
vt 0.245212 -1.251198 0.000000
vt 0.226449 -1.356225 0.000000
vt 0.197177 -1.259661 0.000000
vt 0.176148 -1.363670 0.000000
vt 0.148853 -1.266281 0.000000
vt 0.125606 -1.369251 0.000000
vt 0.100311 -1.271048 0.000000
vt 0.074893 -1.372959 0.000000
vt 0.051622 -1.273955 0.000000
vt 0.024077 -1.374789 0.000000
vt 0.002858 -1.274997 0.000000
vt -0.026771 -1.374739 0.000000
vt -0.045910 -1.274173 0.000000
vt -0.077583 -1.372809 0.000000
vt -0.094611 -1.271485 0.000000
vt -0.128289 -1.369002 0.000000
vt -0.143174 -1.266936 0.000000
vt -0.178820 -1.363323 0.000000
vt -0.191527 -1.260533 0.000000
vt -0.229106 -1.355779 0.000000
vt -0.239600 -1.252285 0.000000
vt -0.279078 -1.346380 0.000000
vt -0.287322 -1.242204 0.000000
vt -0.328669 -1.335141 0.000000
vt -0.334624 -1.230306 0.000000
vt -0.377811 -1.322076 0.000000
vt -0.381436 -1.216607 0.000000
vt -0.426436 -1.307202 0.000000
vt -0.427689 -1.201127 0.000000
vt -0.474477 -1.290541 0.000000
vt -0.473317 -1.183890 0.000000
vt -0.521870 -1.272115 0.000000
vt -0.518252 -1.164920 0.000000
vt -0.568549 -1.251949 0.000000
vt -0.562429 -1.144246 0.000000
vt -0.614450 -1.230071 0.000000
vt -0.605783 -1.121897 0.000000
vt -0.659512 -1.206511 0.000000
vt -0.648250 -1.097906 0.000000
vt -0.703671 -1.181301 0.000000
vt -0.689769 -1.072308 0.000000
vt -0.746868 -1.154476 0.000000
vt -0.730278 -1.045141 0.000000
vt -0.789043 -1.126071 0.000000
vt -0.769718 -1.016445 0.000000
vt -0.830140 -1.096127 0.000000
vt -0.808032 -0.986261 0.000000
vt -0.870101 -1.064683 0.000000
vt -0.845163 -0.954633 0.000000
vt -0.908872 -1.031783 0.000000
vt -0.881057 -0.921609 0.000000
vt -0.946400 -0.997473 0.000000
vt -0.915663 -0.887236 0.000000
vt -0.982634 -0.961798 0.000000
vt -1.017524 -0.924808 0.000000
vt -0.948928 -0.851564 0.000000
vt -1.051023 -0.886553 0.000000
vt -0.980804 -0.814646 0.000000
vt -1.083084 -0.847086 0.000000
vt -1.011245 -0.776536 0.000000
vt -1.113664 -0.806460 0.000000
vt -1.040206 -0.737290 0.000000
vt -1.142721 -0.764731 0.000000
vt -1.067645 -0.696964 0.000000
vt -1.170215 -0.721957 0.000000
vt -1.093521 -0.655619 0.000000
vt -1.196109 -0.678195 0.000000
vt -1.117797 -0.613314 0.000000
vt -1.220367 -0.633506 0.000000
vt -1.140437 -0.570112 0.000000
vt -1.242956 -0.587950 0.000000
vt -1.161409 -0.526075 0.000000
vt -1.263845 -0.541590 0.000000
vt -1.180680 -0.481269 0.000000
vt -1.283006 -0.494490 0.000000
vt -1.198224 -0.435758 0.000000
vt -1.300412 -0.446713 0.000000
vt -1.214014 -0.389609 0.000000
vt -1.316040 -0.398325 0.000000
vt -1.228027 -0.342890 0.000000
vt -1.329868 -0.349393 0.000000
vt -1.240244 -0.295670 0.000000
vt -1.341877 -0.299983 0.000000
vt -1.250645 -0.248016 0.000000
vt -1.352052 -0.250163 0.000000
vt -1.259216 -0.200000 0.000000
vt -1.360377 -0.200000 0.000000
vn 0.000000 -0.100000 0.000000
vn 0.000000 -0.100000 0.000000
vn 0.000000 -0.100000 0.000000
vn 0.000000 -0.100000 0.000000
vn 0.000000 0.100000 0.000000
vn 0.000000 0.100000 0.000000
vn 0.000000 0.100000 0.000000
vn 0.000000 0.100000 0.000000
vn 0.000000 0.000000 0.100000
vn 0.000000 0.000000 0.100000
vn 0.000000 0.000000 0.100000
vn 0.000000 0.000000 0.100000
vn 0.000000 0.000000 0.100000
vn 0.000000 0.000000 0.100000
vn 0.000000 0.000000 0.100000
vn 0.000000 0.000000 0.100000
vn 0.000000 0.000000 0.100000
vn 0.000000 0.000000 0.100000
vn 0.000000 0.000000 0.100000
vn 0.000000 0.000000 0.100000
vn 0.000000 0.000000 0.100000
vn 0.000000 0.000000 0.100000
vn 0.000000 0.000000 0.100000
vn 0.000000 0.000000 0.100000
vn 0.000000 0.000000 0.100000
vn 0.000000 0.000000 0.100000
vn 0.000000 0.000000 0.100000
vn 0.000000 0.000000 0.100000
vn 0.000000 0.000000 0.100000
vn 0.000000 0.000000 0.100000
vn 0.000000 0.000000 0.100000
vn 0.000000 0.000000 0.100000
vn 0.000000 0.000000 0.100000
vn 0.000000 0.000000 0.100000
vn 0.000000 0.000000 0.100000
vn 0.000000 0.000000 0.100000
vn 0.000000 0.000000 0.100000
vn 0.000000 0.000000 0.100000
vn 0.000000 0.000000 0.100000
vn 0.000000 0.000000 0.100000
vn 0.000000 0.000000 0.100000
vn 0.000000 0.000000 0.100000
vn 0.000000 0.000000 0.100000
vn 0.000000 0.000000 0.100000
vn 0.000000 0.000000 0.100000
vn 0.000000 0.000000 0.100000
vn 0.000000 0.000000 0.100000
vn 0.000000 0.000000 0.100000
vn 0.000000 0.000000 0.100000
vn 0.000000 0.000000 0.100000
vn 0.000000 0.000000 0.100000
vn 0.000000 0.000000 0.100000
vn 0.000000 0.000000 0.100000
vn 0.000000 0.000000 0.100000
vn 0.000000 0.000000 0.100000
vn 0.000000 0.000000 0.100000
vn 0.000000 0.000000 0.100000
vn 0.000000 0.000000 0.100000
vn 0.000000 0.000000 0.100000
vn 0.000000 0.000000 0.100000
vn 0.000000 0.000000 0.100000
vn 0.000000 0.000000 0.100000
vn 0.000000 0.000000 0.100000
vn 0.000000 0.000000 0.100000
vn 0.000000 0.000000 0.100000
vn 0.000000 0.000000 0.100000
vn 0.000000 0.000000 0.100000
vn 0.000000 0.000000 0.100000
vn 0.000000 0.000000 0.100000
vn 0.000000 0.000000 0.100000
vn 0.000000 0.000000 0.100000
vn 0.000000 0.000000 0.100000
vn 0.000000 0.000000 0.100000
vn 0.000000 0.000000 0.100000
vn 0.000000 0.000000 0.100000
vn 0.000000 0.000000 0.100000
vn 0.000000 0.000000 0.100000
vn 0.000000 0.000000 0.100000
vn 0.000000 0.000000 0.100000
vn 0.000000 0.000000 0.100000
vn 0.000000 0.000000 0.100000
vn 0.000000 0.000000 0.100000
vn 0.000000 0.000000 0.100000
vn 0.000000 0.000000 0.100000
vn 0.000000 0.000000 0.100000
vn 0.000000 0.000000 0.100000
vn 0.000000 0.000000 0.100000
vn 0.000000 0.000000 0.100000
vn 0.000000 0.000000 0.100000
vn 0.000000 0.000000 0.100000
vn 0.000000 0.000000 0.100000
vn 0.000000 0.000000 0.100000
vn 0.000000 0.000000 0.100000
vn 0.000000 0.000000 0.100000
vn 0.000000 0.000000 0.100000
vn 0.000000 0.000000 0.100000
vn 0.000000 0.000000 0.100000
vn 0.000000 0.000000 0.100000
vn 0.000000 0.000000 0.100000
vn 0.000000 0.000000 0.100000
vn 0.000000 0.000000 0.100000
vn 0.000000 0.000000 0.100000
vn 0.000000 0.000000 0.100000
vn 0.000000 0.000000 0.100000
vn 0.000000 0.000000 0.100000
vn 0.000000 0.000000 0.100000
vn 0.000000 0.000000 0.100000
vn 0.000000 0.000000 0.100000
vn 0.000000 0.000000 0.100000
vn 0.000000 0.000000 0.100000
vn 0.000000 0.000000 0.100000
vn 0.000000 0.000000 0.100000
vn 0.000000 0.000000 0.100000
vn 0.000000 0.000000 0.100000
vn 0.000000 0.000000 0.100000
vn 0.000000 0.000000 0.100000
vn 0.000000 0.000000 0.100000
vn 0.000000 0.000000 0.100000
vn 0.000000 0.000000 0.100000
vn 0.000000 0.000000 0.100000
vn 0.000000 0.000000 0.100000
vn 0.000000 0.000000 0.100000
vn 0.000000 0.000000 0.100000
vn 0.000000 0.000000 0.100000
vn 0.000000 0.000000 0.100000
vn 0.000000 0.000000 0.100000
vn 0.000000 0.000000 0.100000
vn 0.000000 0.000000 0.100000
vn 0.000000 0.000000 0.100000
vn 0.000000 0.000000 0.100000
vn 0.000000 0.000000 0.100000
vn 0.000000 0.000000 0.100000
vn 0.000000 0.000000 0.100000
vn 0.000000 0.000000 0.100000
vn 0.000000 0.000000 0.100000
vn 0.000000 0.000000 0.100000
vn 0.000000 0.000000 0.100000
vn 0.000000 0.000000 0.100000
vn 0.000000 0.000000 0.100000
vn 0.000000 0.000000 0.100000
vn 0.000000 0.000000 0.100000
vn 0.000000 0.000000 0.100000
vn 0.000000 0.000000 0.100000
vn 0.000000 0.000000 0.100000
vn 0.000000 0.000000 0.100000
vn 0.000000 0.000000 0.100000
vn 0.000000 0.000000 0.100000
vn 0.000000 0.000000 0.100000
vn 0.000000 0.000000 0.100000
vn 0.000000 0.000000 0.100000
vn 0.000000 0.000000 0.100000
vn 0.000000 0.000000 0.100000
vn 0.000000 0.000000 0.100000
vn 0.000000 0.000000 0.100000
vn 0.000000 0.000000 0.100000
vn 0.000000 0.000000 0.100000
vn 0.000000 0.000000 0.100000
vn 0.000000 0.000000 0.100000
vn 0.000000 0.000000 0.100000
vn 0.000000 0.000000 0.100000
vn 0.000000 0.000000 0.100000
vn 0.000000 0.000000 0.100000
vn 0.000000 0.000000 0.100000
vn 0.000000 0.000000 0.100000
vn 0.000000 0.000000 0.100000
vn 0.000000 0.000000 0.100000
vn 0.000000 0.000000 0.100000
vn 0.000000 0.000000 0.100000
vn 0.000000 0.000000 0.100000
vn 0.000000 0.000000 0.100000
vn 0.000000 0.000000 0.100000
vn 0.000000 0.000000 0.100000
vn 0.000000 0.000000 0.100000
vn 0.000000 0.000000 0.100000
vn 0.000000 0.000000 0.100000
vn 0.000000 0.000000 0.100000
vn 0.000000 0.000000 0.100000
vn 0.000000 0.000000 0.100000
vn 0.000000 0.000000 0.100000
vn 0.000000 0.000000 0.100000
vn 0.000000 0.000000 0.100000
vn 0.000000 0.000000 0.100000
vn 0.000000 0.000000 0.100000
vn 0.000000 0.000000 0.100000
vn 0.000000 0.000000 0.100000
vn 0.000000 0.000000 0.100000
vn 0.000000 0.000000 0.100000
vn 0.000000 0.000000 0.100000
vn 0.000000 0.000000 0.100000
vn 0.000000 0.000000 0.100000
vn 0.000000 0.000000 0.100000
vn 0.000000 0.000000 0.100000
vn 0.000000 0.000000 0.100000
vn 0.000000 0.000000 0.100000
vn 0.000000 0.000000 0.100000
vn 0.000000 0.000000 0.100000
vn 0.000000 0.000000 0.100000
vn 0.000000 0.000000 0.100000
vn 0.000000 0.000000 0.100000
vn 0.000000 0.000000 0.100000
vn 0.000000 0.000000 0.100000
vn 0.000000 0.000000 0.100000
vn 0.000000 0.000000 0.100000
vn 0.000000 0.000000 0.100000
vn 0.000000 0.000000 0.100000
vn 0.000000 0.000000 0.100000
vn 0.000000 0.000000 0.100000
vn 0.000000 0.000000 0.100000
vn 0.000000 0.000000 0.100000
vn 0.000000 0.000000 0.100000
vn 0.000000 0.000000 0.100000
vn 0.000000 0.000000 0.100000
vn 0.000000 0.000000 0.100000
vn 0.000000 0.000000 0.100000
vn 0.000000 0.000000 0.100000
vn 0.000000 0.000000 0.100000
vn 0.000000 0.000000 0.100000
vn 0.000000 0.000000 0.100000
vn 0.000000 0.000000 0.100000
vn 0.000000 0.000000 0.100000
vn 0.000000 0.000000 0.100000
vn 0.000000 0.000000 0.100000
vn 0.000000 0.000000 0.100000
vn 0.000000 0.000000 0.100000
vn 0.000000 0.000000 0.100000
vn 0.000000 0.000000 0.100000
vn 0.000000 0.000000 0.100000
vn 0.000000 0.000000 0.100000
vn 0.000000 0.000000 0.100000
vn 0.000000 0.000000 0.100000
vn 0.000000 0.000000 0.100000
vn 0.000000 0.000000 0.100000
vn 0.000000 0.000000 0.100000
vn 0.000000 0.000000 0.100000
vn 0.000000 0.000000 0.100000
vn 0.000000 0.000000 0.100000
vn 0.000000 0.000000 0.100000
vn 0.000000 0.000000 0.100000
vn 0.000000 0.000000 0.100000
vn 0.000000 0.000000 0.100000
vn 0.000000 0.000000 0.100000
vn 0.000000 0.000000 0.100000
vn 0.000000 0.000000 0.100000
vn 0.000000 0.000000 0.100000
vn 0.000000 0.000000 0.100000
vn 0.000000 0.000000 0.100000
vn 0.000000 0.000000 0.100000
vn 0.000000 0.000000 0.100000
vn 0.000000 0.000000 0.100000
vn 0.000000 0.000000 0.100000
vn 0.000000 0.000000 0.100000
vn 0.000000 0.000000 0.100000
vn 0.000000 0.000000 0.100000
vn 0.000000 0.000000 0.100000
vn 0.000000 0.000000 0.100000
vn 0.000000 0.000000 0.100000
vn 0.000000 0.000000 0.100000
vn 0.000000 0.000000 0.100000
vn 0.000000 0.000000 0.100000
vn 0.000000 0.000000 0.100000
vn 0.000000 0.000000 0.100000
vn 0.000000 0.000000 0.100000
vn 0.000000 0.000000 0.100000
vn 0.000000 0.000000 0.100000
vn 0.000000 0.000000 0.100000
vn 0.000000 0.000000 0.100000
vn 0.000000 0.000000 0.100000
vn 0.000000 0.000000 0.100000
vn 0.000000 0.000000 0.100000
vn 0.000000 0.000000 0.100000
vn 0.000000 0.000000 0.100000
vn 0.000000 0.000000 0.100000
vn 0.000000 0.000000 0.100000
vn 0.000000 0.000000 0.100000
vn 0.000000 0.000000 0.100000
vn 0.000000 0.000000 0.100000
vn 0.000000 0.000000 0.100000
vn 0.000000 0.000000 0.100000
vn 0.000000 0.000000 0.100000
vn 0.000000 0.000000 0.100000
vn 0.000000 0.000000 0.100000
vn 0.000000 0.000000 0.100000
vn 0.000000 0.000000 0.100000
vn 0.000000 0.000000 0.100000
vn 0.000000 0.000000 0.100000
vn 0.000000 0.000000 0.100000
vn 0.000000 0.000000 0.100000
vn 0.000000 0.000000 0.100000
vn 0.000000 0.000000 0.100000
vn 0.000000 0.000000 0.100000
vn 0.000000 0.000000 0.100000
vn 0.000000 0.000000 0.100000
vn 0.000000 0.000000 0.100000
vn 0.000000 0.000000 0.100000
vn 0.000000 0.000000 0.100000
vn 0.000000 0.000000 0.100000
vn 0.000000 0.000000 0.100000
vn 0.000000 0.000000 0.100000
vn 0.000000 0.000000 0.100000
vn 0.000000 0.000000 0.100000
vn 0.000000 0.000000 0.100000
vn 0.000000 0.000000 0.100000
vn 0.000000 0.000000 0.100000
vn 0.000000 0.000000 0.100000
vn 0.000000 0.000000 0.100000
vn 0.000000 0.000000 0.100000
vn 0.000000 0.000000 0.100000
vn 0.000000 0.000000 0.100000
vn 0.000000 0.000000 0.100000
vn 0.000000 0.000000 0.100000
vn 0.000000 0.000000 0.100000
vn 0.000000 0.000000 0.100000
vn 0.000000 0.000000 0.100000
vn 0.000000 0.000000 0.100000
vn 0.000000 0.000000 0.100000
vn 0.000000 0.000000 0.100000
vn 0.000000 0.000000 0.100000
vn 0.000000 0.000000 0.100000
vn 0.000000 0.000000 0.100000
vn 0.000000 0.000000 0.100000
vn 0.000000 0.000000 0.100000
vn 0.000000 0.000000 0.100000
vn 0.000000 0.000000 0.100000
vn 0.000000 0.000000 0.100000
vn 0.000000 0.000000 0.100000
vn 0.000000 0.000000 0.100000
vn 0.000000 0.000000 0.100000
vn 0.000000 0.000000 0.100000
vn 0.000000 0.000000 0.100000
vn 0.000000 0.000000 0.100000
vn 0.000000 0.000000 0.100000
vn 0.000000 0.000000 0.100000
vn 0.000000 0.000000 0.100000
vn 0.000000 0.000000 0.100000
vn 0.000000 0.000000 0.100000
vn 0.000000 0.000000 0.100000
vn 0.000000 0.000000 0.100000
vn 0.000000 0.000000 0.100000
vn 0.000000 0.000000 0.100000
vn 0.000000 0.000000 0.100000
vn 0.000000 0.000000 0.100000
vn 0.000000 0.000000 0.100000
vn 0.000000 0.000000 0.100000
vn 0.000000 0.000000 0.100000
vn 0.000000 0.000000 0.100000
vn 0.000000 0.000000 0.100000
vn 0.000000 0.000000 0.100000
vn 0.000000 0.000000 0.100000
vn 0.000000 0.000000 0.100000
vn 0.000000 0.000000 0.100000
vn 0.000000 0.000000 0.100000
vn 0.000000 0.000000 0.100000
vn 0.000000 0.000000 0.100000
vn 0.000000 0.000000 0.100000
vn 0.000000 0.000000 0.100000
vn 0.000000 0.000000 0.100000
vn 0.000000 0.000000 0.100000
vn 0.000000 0.000000 0.100000
vn 0.000000 0.000000 0.100000
vn 0.000000 0.000000 0.100000
vn 0.000000 0.000000 0.100000
vn 0.000000 0.000000 0.100000
vn 0.000000 0.000000 0.100000
vn 0.000000 0.000000 0.100000
vn 0.000000 0.000000 0.100000
vn 0.000000 0.000000 0.100000
vn 0.000000 0.000000 0.100000
vn 0.000000 0.000000 0.100000
vn 0.000000 0.000000 0.100000
vn 0.000000 0.000000 0.100000
vn 0.000000 0.000000 0.100000
vn 0.000000 0.000000 0.100000
vn 0.000000 0.000000 0.100000
vn 0.000000 0.000000 0.100000
vn 0.000000 0.000000 0.100000
vn 0.002769 0.099962 0.000000
vn 0.002769 0.099962 0.000000
vn 0.000923 0.099996 0.000000
vn -0.000538 0.099999 -0.000000
vn -0.000923 0.099996 -0.000000
vn -0.002769 0.099962 -0.000000
vn -0.002769 0.099962 -0.000000
vn -0.003845 0.099926 -0.000000
vn -0.006109 0.099813 -0.000000
vn -0.007147 0.099744 -0.000000
vn -0.009442 0.099553 -0.000000
vn -0.010442 0.099453 -0.000000
vn -0.012765 0.099182 -0.000000
vn -0.013725 0.099054 -0.000000
vn -0.016073 0.098700 -0.000000
vn -0.016993 0.098546 -0.000000
vn -0.019363 0.098107 -0.000000
vn -0.020243 0.097930 -0.000000
vn -0.022632 0.097405 -0.000000
vn -0.023470 0.097207 -0.000000
vn -0.025875 0.096594 -0.000000
vn -0.026672 0.096377 -0.000000
vn -0.029089 0.095676 -0.000000
vn -0.029845 0.095443 -0.000000
vn -0.032271 0.094650 -0.000000
vn -0.032985 0.094404 -0.000000
vn -0.035417 0.093518 -0.000000
vn -0.036088 0.093261 -0.000000
vn -0.038523 0.092282 -0.000000
vn -0.039153 0.092017 -0.000000
vn -0.041587 0.090943 -0.000000
vn -0.042174 0.090672 -0.000000
vn -0.044603 0.089502 -0.000000
vn -0.045150 0.089227 -0.000000
vn -0.047570 0.087961 -0.000000
vn -0.048076 0.087685 -0.000000
vn -0.050484 0.086321 -0.000000
vn -0.050949 0.086048 -0.000000
vn -0.053341 0.084586 -0.000000
vn -0.053767 0.084316 -0.000000
vn -0.056139 0.082755 -0.000000
vn -0.056526 0.082491 -0.000000
vn -0.058873 0.080833 -0.000000
vn -0.059223 0.080577 -0.000000
vn -0.061543 0.078819 -0.000000
vn -0.061855 0.078574 -0.000000
vn -0.064143 0.076718 -0.000000
vn -0.064420 0.076486 -0.000000
vn -0.066671 0.074531 -0.000000
vn -0.066914 0.074314 -0.000000
vn -0.069126 0.072261 -0.000000
vn -0.069335 0.072060 -0.000000
vn -0.071502 0.069910 -0.000000
vn -0.071680 0.069728 -0.000000
vn -0.073799 0.067481 -0.000000
vn -0.073947 0.067319 -0.000000
vn -0.076014 0.064976 -0.000000
vn -0.076133 0.064837 -0.000000
vn -0.078143 0.062399 -0.000000
vn -0.078235 0.062284 -0.000000
vn -0.080185 0.059752 -0.000000
vn -0.080252 0.059663 -0.000000
vn -0.082138 0.057038 -0.000000
vn -0.082181 0.056976 -0.000000
vn -0.083999 0.054261 -0.000000
vn -0.084020 0.054227 -0.000000
vn -0.085765 0.051423 -0.000000
vn -0.085768 0.051419 -0.000000
vn -0.087421 0.048554 -0.000000
vn -0.087436 0.048527 -0.000000
vn -0.088979 0.045637 -0.000000
vn -0.089010 0.045577 -0.000000
vn -0.090440 0.042669 -0.000000
vn -0.090483 0.042576 -0.000000
vn -0.091801 0.039655 -0.000000
vn -0.091856 0.039528 -0.000000
vn -0.093062 0.036598 -0.000000
vn -0.093126 0.036435 -0.000000
vn -0.094222 0.033500 -0.000000
vn -0.094292 0.033302 -0.000000
vn -0.095278 0.030366 -0.000000
vn -0.095352 0.030132 -0.000000
vn -0.096230 0.027198 -0.000000
vn -0.096306 0.026928 -0.000000
vn -0.097077 0.024001 -0.000000
vn -0.097153 0.023693 -0.000000
vn -0.097818 0.020778 -0.000000
vn -0.097890 0.020433 -0.000000
vn -0.098451 0.017532 -0.000000
vn -0.098519 0.017149 -0.000000
vn -0.098977 0.014266 -0.000000
vn -0.099037 0.013846 -0.000000
vn -0.099301 0.011800 -0.000000
vn -0.099037 0.013846 -0.000000
vn -0.099395 0.010985 -0.000000
vn -0.099524 0.009748 -0.000000
vn -0.099704 0.007692 -0.000000
vn -0.099704 0.007692 -0.000000
vn 0.000000 0.000000 -0.100000
vn 0.000000 0.000000 -0.100000
vn 0.000000 0.000000 -0.100000
vn 0.000000 0.000000 -0.100000
vn 0.000000 0.000000 -0.100000
vn 0.000000 0.000000 -0.100000
vn 0.000000 0.000000 -0.100000
vn 0.000000 0.000000 -0.100000
vn 0.000000 0.000000 -0.100000
vn 0.000000 0.000000 -0.100000
vn 0.000000 0.000000 -0.100000
vn 0.000000 0.000000 -0.100000
vn 0.000000 0.000000 -0.100000
vn 0.000000 0.000000 -0.100000
vn 0.000000 0.000000 -0.100000
vn 0.000000 0.000000 -0.100000
vn 0.000000 0.000000 -0.100000
vn 0.000000 0.000000 -0.100000
vn 0.000000 0.000000 -0.100000
vn 0.000000 0.000000 -0.100000
vn 0.000000 0.000000 -0.100000
vn 0.000000 0.000000 -0.100000
vn 0.000000 0.000000 -0.100000
vn 0.000000 0.000000 -0.100000
vn 0.000000 0.000000 -0.100000
vn 0.000000 0.000000 -0.100000
vn 0.000000 0.000000 -0.100000
vn 0.000000 0.000000 -0.100000
vn 0.000000 0.000000 -0.100000
vn 0.000000 0.000000 -0.100000
vn 0.000000 0.000000 -0.100000
vn 0.000000 0.000000 -0.100000
vn 0.000000 0.000000 -0.100000
vn 0.000000 0.000000 -0.100000
vn 0.000000 0.000000 -0.100000
vn 0.000000 0.000000 -0.100000
vn 0.000000 0.000000 -0.100000
vn 0.000000 0.000000 -0.100000
vn 0.000000 0.000000 -0.100000
vn 0.000000 0.000000 -0.100000
vn 0.000000 0.000000 -0.100000
vn 0.000000 0.000000 -0.100000
vn 0.000000 0.000000 -0.100000
vn 0.000000 0.000000 -0.100000
vn 0.000000 0.000000 -0.100000
vn 0.000000 0.000000 -0.100000
vn 0.000000 0.000000 -0.100000
vn 0.000000 0.000000 -0.100000
vn 0.000000 0.000000 -0.100000
vn 0.000000 0.000000 -0.100000
vn 0.000000 0.000000 -0.100000
vn 0.000000 0.000000 -0.100000
vn 0.000000 0.000000 -0.100000
vn 0.000000 0.000000 -0.100000
vn 0.000000 0.000000 -0.100000
vn 0.000000 0.000000 -0.100000
vn 0.000000 0.000000 -0.100000
vn 0.000000 0.000000 -0.100000
vn 0.000000 0.000000 -0.100000
vn 0.000000 0.000000 -0.100000
vn 0.000000 0.000000 -0.100000
vn 0.000000 0.000000 -0.100000
vn 0.000000 0.000000 -0.100000
vn 0.000000 0.000000 -0.100000
vn 0.000000 0.000000 -0.100000
vn 0.000000 0.000000 -0.100000
vn 0.000000 0.000000 -0.100000
vn 0.000000 0.000000 -0.100000
vn 0.000000 0.000000 -0.100000
vn 0.000000 0.000000 -0.100000
vn 0.000000 0.000000 -0.100000
vn 0.000000 0.000000 -0.100000
vn 0.000000 0.000000 -0.100000
vn 0.000000 0.000000 -0.100000
vn 0.000000 0.000000 -0.100000
vn 0.000000 0.000000 -0.100000
vn 0.000000 0.000000 -0.100000
vn 0.000000 0.000000 -0.100000
vn 0.000000 0.000000 -0.100000
vn 0.000000 0.000000 -0.100000
vn 0.000000 0.000000 -0.100000
vn 0.000000 0.000000 -0.100000
vn 0.000000 0.000000 -0.100000
vn 0.000000 0.000000 -0.100000
vn 0.000000 0.000000 -0.100000
vn 0.000000 0.000000 -0.100000
vn 0.000000 0.000000 -0.100000
vn 0.000000 0.000000 -0.100000
vn 0.000000 0.000000 -0.100000
vn 0.000000 0.000000 -0.100000
vn 0.000000 0.000000 -0.100000
vn 0.000000 0.000000 -0.100000
vn 0.000000 0.000000 -0.100000
vn 0.000000 0.000000 -0.100000
vn 0.000000 0.000000 -0.100000
vn 0.000000 0.000000 -0.100000
vn 0.000000 0.000000 -0.100000
vn 0.000000 0.000000 -0.100000
vn 0.000000 0.000000 -0.100000
vn 0.000000 0.000000 -0.100000
vn 0.000000 0.000000 -0.100000
vn 0.000000 0.000000 -0.100000
vn 0.000000 0.000000 -0.100000
vn 0.000000 0.000000 -0.100000
vn 0.000000 0.000000 -0.100000
vn 0.000000 0.000000 -0.100000
vn 0.000000 0.000000 -0.100000
vn 0.000000 0.000000 -0.100000
vn 0.000000 0.000000 -0.100000
vn 0.000000 0.000000 -0.100000
vn 0.000000 0.000000 -0.100000
vn 0.000000 0.000000 -0.100000
vn 0.000000 0.000000 -0.100000
vn 0.000000 0.000000 -0.100000
vn 0.000000 0.000000 -0.100000
vn 0.000000 0.000000 -0.100000
vn 0.000000 0.000000 -0.100000
vn 0.000000 0.000000 -0.100000
vn 0.000000 0.000000 -0.100000
vn 0.000000 0.000000 -0.100000
vn 0.000000 0.000000 -0.100000
vn 0.000000 0.000000 -0.100000
vn 0.000000 0.000000 -0.100000
vn 0.000000 0.000000 -0.100000
vn 0.000000 0.000000 -0.100000
vn 0.000000 0.000000 -0.100000
vn 0.000000 0.000000 -0.100000
vn 0.000000 0.000000 -0.100000
vn 0.000000 0.000000 -0.100000
vn 0.000000 0.000000 -0.100000
vn 0.000000 0.000000 -0.100000
vn 0.000000 0.000000 -0.100000
vn 0.000000 0.000000 -0.100000
vn 0.000000 0.000000 -0.100000
vn 0.000000 0.000000 -0.100000
vn 0.000000 0.000000 -0.100000
vn 0.000000 0.000000 -0.100000
vn 0.000000 0.000000 -0.100000
vn 0.000000 0.000000 -0.100000
vn 0.000000 0.000000 -0.100000
vn 0.000000 0.000000 -0.100000
vn 0.000000 0.000000 -0.100000
vn 0.000000 0.000000 -0.100000
vn 0.000000 0.000000 -0.100000
vn 0.000000 0.000000 -0.100000
vn 0.000000 0.000000 -0.100000
vn 0.000000 0.000000 -0.100000
vn 0.000000 0.000000 -0.100000
vn 0.000000 0.000000 -0.100000
vn 0.000000 0.000000 -0.100000
vn 0.000000 0.000000 -0.100000
vn 0.000000 0.000000 -0.100000
vn 0.000000 0.000000 -0.100000
vn 0.000000 0.000000 -0.100000
vn 0.000000 0.000000 -0.100000
vn 0.000000 0.000000 -0.100000
vn 0.000000 0.000000 -0.100000
vn 0.000000 0.000000 -0.100000
vn 0.000000 0.000000 -0.100000
vn 0.000000 0.000000 -0.100000
vn 0.000000 0.000000 -0.100000
vn 0.000000 0.000000 -0.100000
vn 0.000000 0.000000 -0.100000
vn 0.000000 0.000000 -0.100000
vn 0.000000 0.000000 -0.100000
vn 0.000000 0.000000 -0.100000
vn 0.000000 0.000000 -0.100000
vn 0.000000 0.000000 -0.100000
vn 0.000000 0.000000 -0.100000
vn 0.000000 0.000000 -0.100000
vn 0.000000 0.000000 -0.100000
vn 0.000000 0.000000 -0.100000
vn 0.000000 0.000000 -0.100000
vn 0.000000 0.000000 -0.100000
vn 0.000000 0.000000 -0.100000
vn 0.000000 0.000000 -0.100000
vn 0.000000 0.000000 -0.100000
vn 0.000000 0.000000 -0.100000
vn 0.000000 0.000000 -0.100000
vn 0.000000 0.000000 -0.100000
vn 0.000000 0.000000 -0.100000
vn 0.000000 0.000000 -0.100000
vn 0.000000 0.000000 -0.100000
vn 0.000000 0.000000 -0.100000
vn 0.000000 0.000000 -0.100000
vn 0.000000 0.000000 -0.100000
vn 0.000000 0.000000 -0.100000
vn 0.000000 0.000000 -0.100000
vn 0.000000 0.000000 -0.100000
vn 0.000000 0.000000 -0.100000
vn 0.000000 0.000000 -0.100000
vn 0.000000 0.000000 -0.100000
vn 0.000000 0.000000 -0.100000
vn 0.000000 0.000000 -0.100000
vn 0.000000 0.000000 -0.100000
vn 0.000000 0.000000 -0.100000
vn 0.000000 0.000000 -0.100000
vn 0.000000 0.000000 -0.100000
vn 0.000000 0.000000 -0.100000
vn 0.000000 0.000000 -0.100000
vn 0.000000 0.000000 -0.100000
vn 0.000000 0.000000 -0.100000
vn 0.000000 0.000000 -0.100000
vn 0.000000 0.000000 -0.100000
vn 0.000000 0.000000 -0.100000
vn 0.000000 0.000000 -0.100000
vn 0.000000 0.000000 -0.100000
vn 0.000000 0.000000 -0.100000
vn 0.000000 0.000000 -0.100000
vn 0.000000 0.000000 -0.100000
vn 0.000000 0.000000 -0.100000
vn 0.000000 0.000000 -0.100000
vn 0.000000 0.000000 -0.100000
vn 0.000000 0.000000 -0.100000
vn 0.000000 0.000000 -0.100000
vn 0.000000 0.000000 -0.100000
vn 0.000000 0.000000 -0.100000
vn 0.000000 0.000000 -0.100000
vn 0.000000 0.000000 -0.100000
vn 0.000000 0.000000 -0.100000
vn 0.000000 0.000000 -0.100000
vn 0.000000 0.000000 -0.100000
vn 0.000000 0.000000 -0.100000
vn 0.000000 0.000000 -0.100000
vn 0.000000 0.000000 -0.100000
vn 0.000000 0.000000 -0.100000
vn 0.000000 0.000000 -0.100000
vn 0.000000 0.000000 -0.100000
vn 0.000000 0.000000 -0.100000
vn 0.000000 0.000000 -0.100000
vn 0.000000 0.000000 -0.100000
vn 0.000000 0.000000 -0.100000
vn 0.000000 0.000000 -0.100000
vn 0.000000 0.000000 -0.100000
vn 0.000000 0.000000 -0.100000
vn 0.000000 0.000000 -0.100000
vn 0.000000 0.000000 -0.100000
vn 0.000000 0.000000 -0.100000
vn 0.000000 0.000000 -0.100000
vn 0.000000 0.000000 -0.100000
vn 0.000000 0.000000 -0.100000
vn 0.000000 0.000000 -0.100000
vn 0.000000 0.000000 -0.100000
vn 0.000000 0.000000 -0.100000
vn 0.000000 0.000000 -0.100000
vn 0.000000 0.000000 -0.100000
vn 0.000000 0.000000 -0.100000
vn 0.000000 0.000000 -0.100000
vn 0.000000 0.000000 -0.100000
vn 0.000000 0.000000 -0.100000
vn 0.000000 0.000000 -0.100000
vn 0.000000 0.000000 -0.100000
vn 0.000000 0.000000 -0.100000
vn 0.000000 0.000000 -0.100000
vn 0.000000 0.000000 -0.100000
vn 0.000000 0.000000 -0.100000
vn 0.000000 0.000000 -0.100000
vn 0.000000 0.000000 -0.100000
vn 0.000000 0.000000 -0.100000
vn 0.000000 0.000000 -0.100000
vn 0.000000 0.000000 -0.100000
vn 0.000000 0.000000 -0.100000
vn 0.000000 0.000000 -0.100000
vn 0.000000 0.000000 -0.100000
vn 0.000000 0.000000 -0.100000
vn 0.000000 0.000000 -0.100000
vn 0.000000 0.000000 -0.100000
vn 0.000000 0.000000 -0.100000
vn 0.000000 0.000000 -0.100000
vn 0.000000 0.000000 -0.100000
vn 0.000000 0.000000 -0.100000
vn 0.000000 0.000000 -0.100000
vn 0.000000 0.000000 -0.100000
vn 0.000000 0.000000 -0.100000
vn 0.000000 0.000000 -0.100000
vn 0.000000 0.000000 -0.100000
vn 0.000000 0.000000 -0.100000
vn 0.000000 0.000000 -0.100000
vn 0.000000 0.000000 -0.100000
vn 0.000000 0.000000 -0.100000
vn 0.000000 0.000000 -0.100000
vn 0.000000 0.000000 -0.100000
vn 0.000000 0.000000 -0.100000
vn 0.000000 0.000000 -0.100000
vn 0.000000 0.000000 -0.100000
vn 0.000000 0.000000 -0.100000
vn 0.000000 0.000000 -0.100000
vn 0.000000 0.000000 -0.100000
vn 0.000000 0.000000 -0.100000
vn 0.000000 0.000000 -0.100000
vn 0.000000 0.000000 -0.100000
vn 0.000000 0.000000 -0.100000
vn 0.000000 0.000000 -0.100000
vn 0.000000 0.000000 -0.100000
vn 0.000000 0.000000 -0.100000
vn 0.000000 0.000000 -0.100000
vn 0.000000 0.000000 -0.100000
vn 0.000000 0.000000 -0.100000
vn 0.000000 0.000000 -0.100000
vn 0.000000 0.000000 -0.100000
vn 0.000000 0.000000 -0.100000
vn 0.000000 0.000000 -0.100000
vn 0.000000 0.000000 -0.100000
vn 0.000000 0.000000 -0.100000
vn 0.000000 0.000000 -0.100000
vn 0.000000 0.000000 -0.100000
vn 0.000000 0.000000 -0.100000
vn 0.000000 0.000000 -0.100000
vn 0.000000 0.000000 -0.100000
vn 0.000000 0.000000 -0.100000
vn 0.000000 0.000000 -0.100000
vn 0.000000 0.000000 -0.100000
vn 0.000000 0.000000 -0.100000
vn 0.000000 0.000000 -0.100000
vn 0.000000 0.000000 -0.100000
vn 0.000000 0.000000 -0.100000
vn 0.000000 0.000000 -0.100000
vn 0.000000 0.000000 -0.100000
vn 0.000000 0.000000 -0.100000
vn 0.000000 0.000000 -0.100000
vn 0.000000 0.000000 -0.100000
vn 0.000000 0.000000 -0.100000
vn 0.000000 0.000000 -0.100000
vn 0.000000 0.000000 -0.100000
vn 0.000000 0.000000 -0.100000
vn 0.000000 0.000000 -0.100000
vn 0.000000 0.000000 -0.100000
vn 0.000000 0.000000 -0.100000
vn 0.000000 0.000000 -0.100000
vn 0.000000 0.000000 -0.100000
vn 0.000000 0.000000 -0.100000
vn 0.000000 0.000000 -0.100000
vn 0.000000 0.000000 -0.100000
vn 0.000000 0.000000 -0.100000
vn 0.000000 0.000000 -0.100000
vn 0.000000 0.000000 -0.100000
vn 0.000000 0.000000 -0.100000
vn 0.000000 0.000000 -0.100000
vn 0.000000 0.000000 -0.100000
vn 0.000000 0.000000 -0.100000
vn 0.000000 0.000000 -0.100000
vn 0.000000 0.000000 -0.100000
vn 0.000000 0.000000 -0.100000
vn 0.000000 0.000000 -0.100000
vn 0.000000 0.000000 -0.100000
vn 0.000000 0.000000 -0.100000
vn 0.000000 0.000000 -0.100000
vn 0.000000 0.000000 -0.100000
vn 0.000000 0.000000 -0.100000
vn 0.000000 0.000000 -0.100000
vn 0.000000 0.000000 -0.100000
vn 0.000000 0.000000 -0.100000
vn 0.000000 0.000000 -0.100000
vn 0.000000 0.000000 -0.100000
vn 0.000000 0.000000 -0.100000
vn 0.000000 0.000000 -0.100000
vn 0.000000 0.000000 -0.100000
vn 0.000000 0.000000 -0.100000
vn 0.000000 0.000000 -0.100000
vn 0.000000 0.000000 -0.100000
vn 0.000000 0.000000 -0.100000
vn 0.000000 0.000000 -0.100000
vn 0.000000 0.000000 -0.100000
vn 0.000000 0.000000 -0.100000
vn 0.000000 0.000000 -0.100000
vn 0.000000 0.000000 -0.100000
vn 0.000000 0.000000 -0.100000
vn 0.000000 0.000000 -0.100000
vn 0.000000 0.000000 -0.100000
vn 0.000000 0.000000 -0.100000
vn 0.000000 0.000000 -0.100000
vn 0.000000 0.000000 -0.100000
vn 0.000000 0.000000 -0.100000
vn 0.000000 0.000000 -0.100000
vn 0.000000 0.000000 -0.100000
vn 0.000000 0.000000 -0.100000
vn 0.000000 0.000000 -0.100000
vn 0.000000 0.000000 -0.100000
vn 0.000000 0.000000 -0.100000
vn 0.000000 0.000000 -0.100000
vn 0.000000 0.000000 -0.100000
vn 0.000000 0.000000 -0.100000
vn 0.000000 0.000000 -0.100000
vn 0.000000 0.000000 -0.100000
vn 0.000000 0.000000 -0.100000
vn 0.000000 0.000000 -0.100000
vn 0.000000 0.000000 -0.100000
vn 0.000000 0.000000 -0.100000
vn 0.000000 0.000000 -0.100000
vn 0.000000 0.000000 -0.100000
vn 0.000000 0.000000 -0.100000
vn 0.000000 0.000000 -0.100000
vn 0.000000 0.000000 -0.100000
vn 0.000000 0.000000 -0.100000
vn 0.000000 0.000000 -0.100000
vn 0.000000 0.000000 -0.100000
vn 0.000000 0.000000 -0.100000
vn 0.000000 0.000000 -0.100000
vn 0.000000 0.000000 -0.100000
vn 0.000000 0.000000 -0.100000
vn 0.000000 0.000000 -0.100000
vn 0.000000 0.000000 -0.100000
vn 0.000000 0.000000 -0.100000
vn 0.000000 0.000000 -0.100000
vn 0.000000 0.000000 -0.100000
vn 0.000000 0.000000 -0.100000
vn 0.000000 0.000000 -0.100000
vn 0.000000 0.000000 -0.100000
vn 0.000000 0.000000 -0.100000
vn -0.099037 -0.013846 0.000000
vn -0.099037 -0.013846 0.000000
vn -0.099301 -0.011800 0.000000
vn -0.099301 -0.011800 0.000000
vn -0.099524 -0.009748 0.000000
vn -0.099704 -0.007692 0.000000
vn -0.099704 -0.007692 0.000000
vn -0.099524 -0.009748 0.000000
vn 0.000481 0.017358 0.098481
vn 0.000000 0.000000 0.100000
vn 0.011486 0.011172 0.098708
vn 0.017365 0.000000 0.098481
vn 0.019273 0.001929 0.098106
vn 0.034202 0.000000 0.093969
vn 0.031648 0.011405 0.094172
vn 0.050000 0.000000 0.086603
vn 0.043206 0.020586 0.087804
vn 0.051256 0.007625 0.085526
vn 0.062263 0.015363 0.076729
vn 0.064279 0.000000 0.076604
vn 0.068611 0.000649 0.072747
vn 0.076604 0.000000 0.064279
vn 0.078262 0.007404 0.061808
vn 0.086603 0.000000 0.050000
vn 0.085890 0.013968 0.049273
vn 0.093969 0.000000 0.034202
vn 0.091299 0.020170 0.035464
vn 0.095332 0.004499 0.029859
vn 0.098217 0.010829 0.015367
vn 0.098481 0.000000 0.017365
vn 0.100000 0.000000 0.000000
vn 0.098565 0.016876 0.000476
vn 0.098534 0.017062 0.000000
vn 0.094960 0.030865 0.005477
vn 0.094178 0.033623 0.000000
vn 0.089053 0.044557 0.009183
vn 0.087060 0.049198 0.000000
vn 0.081034 0.057466 0.011452
vn 0.077390 0.063331 0.000000
vn 0.071146 0.069203 0.012216
vn 0.065450 0.075606 0.000000
vn 0.059688 0.079412 0.011452
vn 0.051590 0.085665 0.000000
vn 0.047006 0.087785 0.009183
vn 0.036218 0.093211 0.000000
vn 0.033483 0.094069 0.005477
vn 0.019784 0.098023 0.000000
vn 0.019599 0.098059 0.000476
vn 0.013545 0.097880 0.015367
vn 0.002727 0.098443 0.017365
vn 0.007137 0.095171 0.029859
vn 0.002602 0.093933 0.034202
vn 0.022691 0.090705 0.035464
vn 0.016341 0.085470 0.049273
vn 0.037783 0.083692 0.039599
vn 0.031640 0.078361 0.053465
vn 0.051936 0.074348 0.042131
vn 0.045987 0.068889 0.056032
vn 0.064723 0.062955 0.042984
vn 0.058950 0.057339 0.056896
vn 0.075758 0.049857 0.042131
vn 0.070136 0.044062 0.056032
vn 0.084706 0.035450 0.039599
vn 0.079207 0.029458 0.053465
vn 0.002398 0.086569 0.050000
vn 0.009569 0.078027 0.061808
vn 0.024679 0.071005 0.065949
vn 0.038850 0.061649 0.068484
vn 0.051653 0.050242 0.069338
vn 0.062701 0.037128 0.068484
vn 0.071661 0.022703 0.065949
vn 0.002121 0.076575 0.064279
vn 0.002549 0.068567 0.072747
vn 0.017081 0.061814 0.076729
vn 0.030709 0.052816 0.079167
vn 0.043021 0.041846 0.079988
vn 0.053647 0.029234 0.079167
vn 0.001780 0.064254 0.076604
vn 0.009041 0.051026 0.085526
vn 0.001385 0.049981 0.086603
vn 0.000947 0.034189 0.093969
vn 0.002462 0.019212 0.098106
vn 0.012277 0.031320 0.094172
vn 0.021774 0.042619 0.087804
vn 0.068824 0.066944 0.027961
vn 0.079422 0.054364 0.027142
vn 0.088017 0.040527 0.024710
vn 0.094348 0.025852 0.020738
vn 0.056543 0.077886 0.027142
vn 0.042949 0.086861 0.024710
vn 0.028454 0.093596 0.020738
vn 0.033278 0.032369 0.088571
vn 0.022675 0.022056 0.094865
vn 0.019784 0.098023 0.000000
vn 0.019784 0.098023 0.000000
vn 0.019784 0.098023 0.000000
vn 0.036218 0.093211 0.000000
vn 0.051590 0.085665 0.000000
vn 0.065450 0.075606 0.000000
vn 0.077390 0.063331 0.000000
vn 0.087060 0.049198 0.000000
vn 0.094178 0.033623 0.000000
vn 0.098534 0.017062 0.000000
vn 0.100000 0.000000 0.000000
vn 0.098534 0.017062 0.000000
vn 0.094178 0.033623 0.000000
vn 0.087060 0.049198 0.000000
vn 0.077390 0.063331 0.000000
vn 0.065450 0.075606 0.000000
vn 0.051590 0.085665 0.000000
vn 0.036218 0.093211 0.000000
vn 0.098534 0.017062 0.000000
vn 0.094178 0.033623 0.000000
vn 0.087060 0.049198 0.000000
vn 0.077390 0.063331 0.000000
vn 0.065450 0.075606 0.000000
vn 0.051590 0.085665 0.000000
vn 0.036218 0.093211 0.000000
vn -0.017365 0.000000 0.098481
vn 0.000000 0.000000 0.100000
vn -0.011486 0.011172 0.098708
vn -0.000481 0.017358 0.098481
vn -0.002462 0.019212 0.098106
vn -0.000947 0.034189 0.093969
vn -0.012277 0.031320 0.094172
vn -0.001385 0.049981 0.086603
vn -0.021774 0.042619 0.087804
vn -0.009041 0.051026 0.085526
vn -0.017081 0.061814 0.076729
vn -0.001780 0.064254 0.076604
vn -0.002549 0.068567 0.072747
vn -0.002121 0.076575 0.064279
vn -0.009569 0.078027 0.061808
vn -0.002398 0.086569 0.050000
vn -0.016341 0.085470 0.049273
vn -0.002602 0.093933 0.034202
vn -0.022691 0.090705 0.035464
vn -0.007137 0.095171 0.029859
vn -0.013545 0.097880 0.015367
vn -0.002727 0.098443 0.017365
vn -0.019599 0.098059 0.000476
vn -0.019784 0.098023 0.000000
vn -0.033483 0.094069 0.005477
vn -0.036218 0.093211 0.000000
vn -0.047006 0.087785 0.009183
vn -0.051590 0.085665 0.000000
vn -0.059688 0.079412 0.011452
vn -0.065450 0.075606 0.000000
vn -0.071146 0.069203 0.012216
vn -0.077390 0.063331 0.000000
vn -0.081034 0.057466 0.011452
vn -0.087060 0.049198 0.000000
vn -0.089053 0.044557 0.009183
vn -0.094178 0.033623 0.000000
vn -0.094960 0.030865 0.005477
vn -0.098534 0.017062 0.000000
vn -0.098565 0.016876 0.000476
vn -0.100000 0.000000 0.000000
vn -0.098217 0.010829 0.015367
vn -0.098481 0.000000 0.017365
vn -0.095332 0.004499 0.029859
vn -0.093969 0.000000 0.034202
vn -0.091299 0.020170 0.035464
vn -0.085890 0.013968 0.049273
vn -0.084706 0.035450 0.039599
vn -0.079207 0.029458 0.053465
vn -0.075758 0.049857 0.042131
vn -0.070136 0.044062 0.056032
vn -0.064723 0.062955 0.042984
vn -0.058950 0.057339 0.056896
vn -0.051936 0.074348 0.042131
vn -0.045987 0.068889 0.056032
vn -0.037783 0.083692 0.039599
vn -0.031640 0.078361 0.053465
vn -0.086603 0.000000 0.050000
vn -0.078262 0.007404 0.061808
vn -0.071661 0.022703 0.065949
vn -0.062701 0.037128 0.068484
vn -0.051653 0.050242 0.069338
vn -0.038850 0.061649 0.068484
vn -0.024679 0.071005 0.065949
vn -0.076604 0.000000 0.064279
vn -0.068611 0.000649 0.072747
vn -0.062263 0.015363 0.076729
vn -0.053647 0.029234 0.079167
vn -0.043021 0.041846 0.079988
vn -0.030709 0.052816 0.079167
vn -0.064279 0.000000 0.076604
vn -0.051256 0.007625 0.085526
vn -0.050000 0.000000 0.086603
vn -0.034202 0.000000 0.093969
vn -0.019273 0.001929 0.098106
vn -0.031648 0.011405 0.094172
vn -0.043206 0.020586 0.087804
vn -0.068824 0.066944 0.027961
vn -0.056543 0.077886 0.027142
vn -0.042949 0.086861 0.024710
vn -0.028454 0.093596 0.020738
vn -0.079422 0.054364 0.027142
vn -0.088017 0.040527 0.024710
vn -0.094348 0.025852 0.020738
vn -0.033278 0.032369 0.088571
vn -0.022675 0.022056 0.094865
vn -0.019784 0.098023 -0.000000
vn -0.019784 0.098023 -0.000000
vn -0.036218 0.093211 -0.000000
vn -0.036218 0.093211 -0.000000
vn -0.051590 0.085665 -0.000000
vn -0.051590 0.085665 -0.000000
vn -0.065450 0.075606 -0.000000
vn -0.065450 0.075606 -0.000000
vn -0.077390 0.063331 -0.000000
vn -0.077390 0.063331 -0.000000
vn -0.087060 0.049198 -0.000000
vn -0.087060 0.049198 -0.000000
vn -0.094178 0.033623 -0.000000
vn -0.094178 0.033623 -0.000000
vn -0.098534 0.017062 -0.000000
vn -0.098534 0.017062 -0.000000
vn -0.100000 -0.000000 0.000000
vn -0.100000 -0.000000 -0.000000
vn -0.099543 -0.000000 0.009550
vn -0.098132 -0.000000 0.019237
vn -0.095741 -0.000000 0.028874
vn -0.092382 -0.000000 0.038282
vn -0.088102 -0.000000 0.047308
vn -0.082978 -0.000000 0.055809
vn -0.077127 -0.000000 0.063650
vn -0.070701 -0.000000 0.070720
vn -0.063628 -0.000000 0.077145
vn -0.055786 -0.000000 0.082993
vn -0.047286 -0.000000 0.088114
vn -0.038264 -0.000000 0.092390
vn -0.028859 -0.000000 0.095745
vn -0.019227 -0.000000 0.098134
vn -0.009546 -0.000000 0.099543
vn 0.000000 0.000000 0.100000
vn -0.000000 0.098481 0.017365
vn -0.000000 0.093969 0.034202
vn -0.000000 0.086603 0.050000
vn -0.000000 0.076604 0.064279
vn -0.000000 0.064279 0.076604
vn -0.000000 0.050000 0.086603
vn -0.000000 0.034202 0.093969
vn -0.000000 0.017365 0.098481
vn 0.000000 0.000000 0.100000
vn -0.000000 0.000000 0.100000
vn -0.000000 0.000000 0.100000
vn 0.009546 -0.000000 0.099543
vn 0.019227 -0.000000 0.098134
vn 0.028859 -0.000000 0.095745
vn 0.038264 -0.000000 0.092390
vn 0.047286 -0.000000 0.088114
vn 0.055786 -0.000000 0.082993
vn 0.063628 -0.000000 0.077145
vn 0.070701 -0.000000 0.070720
vn 0.077127 -0.000000 0.063650
vn 0.082978 -0.000000 0.055809
vn 0.088102 -0.000000 0.047308
vn 0.092382 -0.000000 0.038282
vn 0.095741 -0.000000 0.028874
vn 0.098132 -0.000000 0.019237
vn 0.099543 -0.000000 0.009550
vn 0.100000 -0.000000 -0.000000
vn 0.100000 -0.000000 0.000000
vn -0.016403 0.098645 0.000000
vn -0.016354 0.098423 0.006746
vn -0.000000 0.100000 0.000000
vn -0.008698 0.098540 0.014634
vn -0.000000 0.098481 0.017365
vn -0.009537 0.093402 0.034425
vn -0.000000 0.093969 0.034202
vn -0.000000 0.086603 0.050000
vn -0.006557 0.084178 0.053582
vn -0.000000 0.076604 0.064279
vn -0.014326 0.074719 0.064898
vn -0.000531 0.070937 0.070482
vn -0.021698 0.063184 0.074411
vn -0.007324 0.059243 0.080229
vn -0.028466 0.049893 0.081856
vn -0.013913 0.045903 0.087746
vn -0.034443 0.035216 0.087026
vn -0.020115 0.031287 0.092825
vn -0.039463 0.019560 0.089778
vn -0.025759 0.015802 0.095325
vn -0.043387 0.003361 0.090035
vn -0.030686 -0.000122 0.095175
vn -0.034101 -0.002631 0.093969
vn -0.017313 -0.001336 0.098481
vn -0.032363 0.094619 0.000000
vn -0.028524 0.094262 0.017351
vn -0.019598 0.094399 0.026547
vn -0.029953 0.087635 0.037723
vn -0.018740 0.086524 0.046502
vn -0.039476 0.078435 0.047850
vn -0.027423 0.077241 0.057288
vn -0.047902 0.067056 0.056647
vn -0.035343 0.065811 0.066481
vn -0.054997 0.053813 0.063870
vn -0.042282 0.052553 0.073827
vn -0.060564 0.039075 0.069319
vn -0.048045 0.037835 0.079121
vn -0.064448 0.023251 0.072841
vn -0.052474 0.022065 0.082217
vn -0.066541 0.006781 0.074339
vn -0.055444 0.005682 0.083028
vn -0.064088 -0.004945 0.076604
vn -0.049852 -0.003846 0.086603
vn -0.036082 0.092994 0.007077
vn -0.047445 0.088028 0.000000
vn -0.048326 0.086069 0.016023
vn -0.055003 0.083434 0.003673
vn -0.066404 0.073919 0.011247
vn -0.061242 0.079053 0.000000
vn -0.073380 0.067937 0.000000
vn -0.083530 0.054980 0.000000
vn -0.081285 0.058107 0.004032
vn -0.075959 0.062351 0.018510
vn -0.059226 0.076752 0.024523
vn -0.039902 0.087482 0.027473
vn -0.088797 0.044753 0.010599
vn -0.091417 0.040533 0.000000
vn -0.093840 0.030155 0.016872
vn -0.096865 0.024748 0.002176
vn -0.099169 0.009548 0.008619
vn -0.099615 0.008767 0.000000
vn -0.096828 0.024988 0.000000
vn -0.098718 -0.005918 0.014823
vn -0.098189 -0.007575 0.017365
vn -0.096037 -0.001125 0.027850
vn -0.093691 -0.007228 0.034202
vn -0.091331 0.002624 0.040642
vn -0.086346 -0.006662 0.050000
vn -0.084723 0.005232 0.052864
vn -0.076377 -0.005893 0.064279
vn -0.076387 0.006630 0.064196
vn -0.000000 -0.000000 0.100000
vn -0.011719 0.010891 0.098712
vn -0.000000 0.017365 0.098481
vn -0.005437 0.026152 0.096366
vn -0.000000 0.034202 0.093969
vn -0.000000 0.050000 0.086603
vn -0.000000 0.064279 0.076604
vn -0.075072 0.023088 0.061896
vn -0.071672 0.038904 0.057876
vn -0.084068 0.021580 0.049668
vn -0.081076 0.037327 0.045092
vn -0.091198 0.018765 0.036480
vn -0.088531 0.034385 0.031304
vn -0.096276 0.014719 0.022676
vn -0.066280 0.053640 0.052247
vn -0.075832 0.052038 0.039263
vn -0.083404 0.049049 0.025258
vn -0.059046 0.066884 0.045167
vn -0.068480 0.065302 0.032343
vn -0.050171 0.078271 0.036832
vn -0.000000 -0.017365 0.098481
vn -0.000000 -0.000000 0.100000
vn -0.013524 -0.011798 0.098376
vn -0.017198 -0.002404 0.098481
vn -0.028684 -0.005106 0.095662
vn -0.033873 -0.004736 0.093969
vn -0.034601 -0.020827 0.091482
vn -0.048970 -0.014043 0.086051
vn -0.039141 -0.036064 0.084660
vn -0.053543 -0.029390 0.079180
vn -0.042169 -0.050362 0.075402
vn -0.056592 -0.043791 0.069855
vn -0.043592 -0.063286 0.063989
vn -0.058026 -0.056808 0.058359
vn -0.043368 -0.074443 0.050768
vn -0.057801 -0.068046 0.045043
vn -0.041504 -0.083494 0.036142
vn -0.055923 -0.077161 0.030311
vn -0.038056 -0.090163 0.020554
vn -0.052449 -0.083878 0.014612
vn -0.045938 -0.088824 0.000000
vn -0.059430 -0.080424 0.000000
vn -0.065364 -0.075229 0.008258
vn -0.071421 -0.069993 0.000000
vn -0.076436 -0.064458 0.001671
vn -0.081608 -0.057794 0.000000
vn -0.079667 -0.058209 0.016276
vn -0.088323 -0.046123 0.008466
vn -0.089929 -0.038326 0.021067
vn -0.095909 -0.025842 0.011560
vn -0.096080 -0.017342 0.021632
vn -0.097532 -0.013636 0.017365
vn -0.093064 -0.013011 0.034202
vn -0.090122 -0.028713 0.032458
vn -0.088896 -0.017578 0.042291
vn -0.081624 -0.039275 0.042368
vn -0.080290 -0.027165 0.053062
vn -0.070823 -0.048728 0.051084
vn -0.069420 -0.035985 0.062337
vn -0.049518 -0.006923 0.086603
vn -0.063660 -0.008900 0.076604
vn -0.066434 -0.021887 0.071466
vn -0.075867 -0.010607 0.064279
vn -0.077453 -0.013768 0.061737
vn -0.085768 -0.011991 0.050000
vn -0.095592 -0.029362 0.000000
vn -0.094489 -0.032737 0.000417
vn -0.089733 -0.044135 0.000000
vn -0.033128 -0.094247 0.004481
vn -0.031286 -0.094980 0.000000
vn -0.017836 -0.097844 0.010412
vn -0.015843 -0.098737 0.000000
vn 0.000000 -0.100000 0.000000
vn -0.002040 -0.098682 0.016051
vn 0.000000 -0.098481 0.017365
vn -0.006485 -0.094998 0.030549
vn 0.000000 -0.093969 0.034202
vn -0.009595 -0.088983 0.044609
vn 0.000000 -0.086603 0.050000
vn -0.011277 -0.080820 0.057802
vn 0.000000 -0.076604 0.064279
vn -0.011479 -0.070756 0.069727
vn 0.000000 -0.064279 0.076604
vn -0.010195 -0.059098 0.080022
vn 0.000000 -0.050000 0.086603
vn -0.007464 -0.046201 0.088373
vn -0.000000 -0.034202 0.093969
vn -0.003369 -0.032457 0.094526
vn -0.019257 -0.027023 0.094334
vn -0.023636 -0.041721 0.087754
vn -0.026556 -0.055513 0.078823
vn -0.027929 -0.067980 0.067814
vn -0.027713 -0.078742 0.055061
vn -0.025915 -0.087472 0.040952
vn -0.022589 -0.093905 0.025917
vn -0.081414 -0.049729 0.029980
vn -0.070603 -0.059729 0.038048
vn -0.068764 -0.068653 0.023627
vn -0.015843 -0.098737 0.000000
vn 0.000000 -0.100000 0.000000
vn -0.015843 -0.098737 0.000000
vn -0.015843 -0.098737 0.000000
vn -0.031286 -0.094980 0.000000
vn -0.045938 -0.088824 0.000000
vn -0.059430 -0.080424 0.000000
vn -0.071421 -0.069993 0.000000
vn -0.081608 -0.057794 0.000000
vn -0.089733 -0.044135 0.000000
vn -0.095592 -0.029362 0.000000
vn -0.095592 -0.029362 0.000000
vn -0.089733 -0.044135 0.000000
vn -0.081608 -0.057794 0.000000
vn -0.071421 -0.069993 0.000000
vn -0.059430 -0.080424 0.000000
vn -0.045938 -0.088824 0.000000
vn -0.031286 -0.094980 0.000000
vn -0.095592 -0.029362 0.000000
vn -0.089733 -0.044135 0.000000
vn -0.081608 -0.057794 0.000000
vn -0.071421 -0.069993 0.000000
vn -0.059430 -0.080424 0.000000
vn -0.045938 -0.088824 0.000000
vn -0.031286 -0.094980 0.000000
vn 0.000000 -0.100000 -0.000000
vn 0.000000 -0.099537 0.009612
vn 0.000000 -0.098109 0.019355
vn 0.000000 -0.095691 0.029038
vn 0.000000 -0.092299 0.038482
vn 0.000000 -0.087984 0.047527
vn 0.000000 -0.082827 0.056033
vn 0.000000 -0.076952 0.063862
vn 0.000000 -0.070515 0.070906
vn 0.000000 -0.063425 0.077313
vn 0.000000 -0.055580 0.083132
vn 0.000000 -0.047092 0.088218
vn 0.000000 -0.038094 0.092460
vn 0.000000 -0.028725 0.095786
vn 0.000000 -0.019135 0.098152
vn 0.000000 -0.009500 0.099548
vn 0.000000 -0.000000 0.100000
vn -0.097907 -0.010611 0.017365
vn -0.093422 -0.010125 0.034202
vn -0.086098 -0.009331 0.050000
vn -0.076159 -0.008254 0.064279
vn -0.063905 -0.006926 0.076604
vn -0.049709 -0.005387 0.086603
vn -0.034003 -0.003685 0.093969
vn -0.017264 -0.001871 0.098481
vn 0.000000 0.000000 0.100000
vn 0.000000 0.000000 0.100000
vn 0.000000 0.000000 0.100000
vn 0.000000 0.009525 0.099545
vn 0.000000 0.019191 0.098141
vn 0.000000 0.028812 0.095760
vn 0.000000 0.038210 0.092412
vn 0.000000 0.047231 0.088143
vn 0.000000 0.055733 0.083029
vn 0.000000 0.063581 0.077185
vn 0.000000 0.070661 0.070760
vn 0.000000 0.077094 0.063691
vn 0.000000 0.082952 0.055847
vn 0.000000 0.088083 0.047342
vn 0.000000 0.092370 0.038311
vn 0.000000 0.095734 0.028896
vn 0.000000 0.098129 0.019252
vn 0.000000 0.099542 0.009558
vn 0.000000 0.100000 -0.000000
vn -0.016403 0.098645 0.000000
vn -0.016403 0.098645 0.000000
vn 0.000000 0.100000 0.000000
vn -0.016403 0.098645 0.000000
vn -0.032363 0.094619 0.000000
vn -0.047445 0.088028 0.000000
vn -0.061242 0.079053 0.000000
vn -0.073380 0.067937 0.000000
vn -0.083530 0.054980 0.000000
vn -0.091417 0.040533 0.000000
vn -0.096828 0.024988 0.000000
vn -0.099615 0.008767 0.000000
vn -0.099615 0.008767 0.000000
vn -0.099615 0.008767 0.000000
vn -0.096828 0.024988 0.000000
vn -0.096828 0.024988 0.000000
vn -0.091417 0.040533 0.000000
vn -0.091417 0.040533 0.000000
vn -0.083530 0.054980 0.000000
vn -0.083530 0.054980 0.000000
vn -0.073380 0.067937 0.000000
vn -0.073380 0.067937 0.000000
vn -0.061242 0.079053 0.000000
vn -0.061242 0.079053 0.000000
vn -0.047445 0.088028 0.000000
vn -0.047445 0.088028 0.000000
vn -0.032363 0.094619 0.000000
vn -0.032363 0.094619 0.000000
vn 0.000000 -0.100000 0.000000
vn 0.000000 -0.017365 0.098481
vn 0.000000 0.000000 0.100000
vn -0.012363 -0.009264 0.098800
vn -0.017313 0.001336 0.098481
vn -0.026312 -0.014144 0.095434
vn -0.031214 0.002010 0.094982
vn -0.039929 -0.017878 0.089923
vn -0.043772 -0.001433 0.089900
vn -0.052856 -0.020366 0.082411
vn -0.055694 -0.003728 0.082972
vn -0.064753 -0.021545 0.073095
vn -0.066666 -0.004815 0.074380
vn -0.075309 -0.021383 0.062220
vn -0.076402 -0.004666 0.064351
vn -0.084247 -0.019884 0.050071
vn -0.084645 -0.003283 0.053146
vn -0.091332 -0.017088 0.036966
vn -0.091178 -0.000705 0.041061
vn -0.096377 -0.013068 0.023251
vn -0.095832 0.003003 0.028412
vn -0.098189 0.007575 0.017365
vn -0.093691 0.007228 0.034202
vn -0.086346 0.006662 0.050000
vn -0.076377 0.005893 0.064279
vn -0.034101 0.002631 0.093969
vn -0.049852 0.003846 0.086603
vn -0.064088 0.004945 0.076604
vn -0.099252 -0.007929 0.009285
vn -0.099615 -0.008767 0.000000
vn -0.097190 -0.023374 0.002773
vn -0.096828 -0.024988 0.000000
vn -0.091417 -0.040533 0.000000
vn -0.083530 -0.054980 0.000000
vn -0.089285 -0.043644 0.011106
vn -0.094174 -0.028766 0.017427
vn -0.081850 -0.057277 0.004468
vn -0.073380 -0.067937 0.000000
vn -0.076515 -0.061527 0.018970
vn -0.066953 -0.073361 0.011638
vn -0.069024 -0.064484 0.032826
vn -0.059755 -0.076202 0.024953
vn -0.059573 -0.066069 0.045672
vn -0.050674 -0.077725 0.037297
vn -0.048411 -0.066240 0.057172
vn -0.039948 -0.077889 0.048347
vn -0.035831 -0.064994 0.067022
vn -0.027859 -0.076692 0.057812
vn -0.022162 -0.062362 0.074965
vn -0.014725 -0.074163 0.065445
vn -0.007764 -0.058415 0.080793
vn -0.000889 -0.070369 0.071045
vn 0.000000 -0.064279 0.076604
vn 0.000000 -0.076604 0.064279
vn -0.006868 -0.083848 0.054058
vn -0.019093 -0.086202 0.046953
vn -0.009783 -0.093254 0.034756
vn -0.019878 -0.094254 0.026851
vn -0.008843 -0.098504 0.014794
vn -0.016517 -0.098386 0.006887
vn 0.000000 -0.100000 0.000000
vn -0.016403 -0.098645 0.000000
vn -0.036418 -0.092845 0.007315
vn -0.032363 -0.094619 0.000000
vn -0.047445 -0.088028 0.000000
vn -0.048782 -0.085746 0.016368
vn -0.055483 -0.083102 0.003974
vn -0.061242 -0.079053 0.000000
vn 0.000000 -0.098481 0.017365
vn 0.000000 -0.093969 0.034202
vn 0.000000 -0.086603 0.050000
vn 0.000000 -0.050000 0.086603
vn -0.014417 -0.044794 0.088236
vn -0.028967 -0.048783 0.082347
vn -0.042780 -0.051442 0.074320
vn -0.055493 -0.052702 0.064366
vn -0.066773 -0.052529 0.052745
vn -0.076324 -0.050927 0.039764
vn -0.083894 -0.047939 0.025761
vn 0.000000 -0.034202 0.093969
vn -0.020659 -0.029895 0.093164
vn -0.034946 -0.033812 0.087381
vn -0.048510 -0.036424 0.079499
vn -0.060993 -0.037661 0.069725
vn -0.072069 -0.037490 0.058314
vn -0.081447 -0.035918 0.045567
vn -0.088880 -0.032984 0.031818
vn -0.006023 -0.024775 0.096695
vn -0.030346 -0.087317 0.038143
vn -0.040329 -0.087164 0.027858
vn -0.028835 -0.094117 0.017624
vn -0.099615 -0.008767 0.000000
vn -0.099615 -0.008767 0.000000
vn -0.099615 -0.008767 0.000000
vn -0.096828 -0.024988 0.000000
vn -0.091417 -0.040533 0.000000
vn -0.083530 -0.054980 0.000000
vn -0.073380 -0.067937 0.000000
vn -0.061242 -0.079053 0.000000
vn -0.047445 -0.088028 0.000000
vn -0.032363 -0.094619 0.000000
vn -0.016403 -0.098645 0.000000
vn -0.016403 -0.098645 0.000000
vn 0.000000 -0.100000 0.000000
vn -0.016403 -0.098645 0.000000
vn -0.032363 -0.094619 0.000000
vn -0.032363 -0.094619 0.000000
vn -0.047445 -0.088028 0.000000
vn -0.047445 -0.088028 0.000000
vn -0.061242 -0.079053 0.000000
vn -0.061242 -0.079053 0.000000
vn -0.073380 -0.067937 0.000000
vn -0.073380 -0.067937 0.000000
vn -0.083530 -0.054980 0.000000
vn -0.083530 -0.054980 0.000000
vn -0.091417 -0.040533 0.000000
vn -0.091417 -0.040533 0.000000
vn -0.096828 -0.024988 0.000000
vn -0.096828 -0.024988 0.000000
vn 0.000000 -0.100000 -0.000000
vn 0.000000 -0.099542 0.009558
vn 0.000000 -0.098129 0.019252
vn 0.000000 -0.095734 0.028896
vn 0.000000 -0.092370 0.038311
vn 0.000000 -0.088083 0.047342
vn 0.000000 -0.082952 0.055847
vn 0.000000 -0.077094 0.063691
vn 0.000000 -0.070661 0.070760
vn 0.000000 -0.063581 0.077185
vn 0.000000 -0.055733 0.083029
vn 0.000000 -0.047231 0.088143
vn 0.000000 -0.038210 0.092412
vn 0.000000 -0.028812 0.095760
vn 0.000000 -0.019191 0.098141
vn 0.000000 -0.009525 0.099545
vn -0.000000 0.000000 0.100000
vn -0.017198 0.002404 0.098481
vn 0.000000 0.000000 0.100000
vn -0.013524 0.011798 0.098376
vn 0.000000 0.017365 0.098481
vn -0.019257 0.027023 0.094334
vn -0.003369 0.032457 0.094526
vn -0.023636 0.041721 0.087754
vn -0.007464 0.046201 0.088373
vn -0.026556 0.055513 0.078823
vn -0.010195 0.059098 0.080022
vn -0.027929 0.067980 0.067814
vn -0.011479 0.070756 0.069727
vn -0.027713 0.078742 0.055061
vn -0.011277 0.080820 0.057802
vn -0.025915 0.087472 0.040952
vn -0.009595 0.088983 0.044609
vn -0.022589 0.093905 0.025917
vn -0.006485 0.094998 0.030549
vn -0.017836 0.097844 0.010412
vn -0.002040 0.098682 0.016051
vn 0.000000 0.100000 0.000000
vn 0.000000 0.098481 0.017365
vn 0.000000 0.093969 0.034202
vn 0.000000 0.086603 0.050000
vn 0.000000 0.076604 0.064279
vn 0.000000 0.064279 0.076604
vn 0.000000 0.050000 0.086603
vn 0.000000 0.034202 0.093969
vn -0.015843 0.098737 0.000000
vn -0.031286 0.094980 0.000000
vn -0.033128 0.094247 0.004481
vn -0.045938 0.088824 0.000000
vn -0.038056 0.090163 0.020554
vn -0.052449 0.083878 0.014612
vn -0.041504 0.083494 0.036142
vn -0.055923 0.077161 0.030311
vn -0.043368 0.074443 0.050768
vn -0.057801 0.068046 0.045043
vn -0.043592 0.063286 0.063989
vn -0.058026 0.056808 0.058359
vn -0.042169 0.050362 0.075402
vn -0.056592 0.043791 0.069855
vn -0.039141 0.036064 0.084660
vn -0.053543 0.029390 0.079180
vn -0.034601 0.020827 0.091482
vn -0.048970 0.014043 0.086051
vn -0.033873 0.004736 0.093969
vn -0.049518 0.006923 0.086603
vn -0.063660 0.008900 0.076604
vn -0.066434 0.021887 0.071466
vn -0.069420 0.035985 0.062337
vn -0.080290 0.027165 0.053062
vn -0.081624 0.039275 0.042368
vn -0.090122 0.028713 0.032458
vn -0.089929 0.038326 0.021067
vn -0.095909 0.025842 0.011560
vn -0.094489 0.032737 0.000417
vn -0.095592 0.029362 0.000000
vn -0.089733 0.044135 0.000000
vn -0.088323 0.046123 0.008466
vn -0.081608 0.057794 0.000000
vn -0.079667 0.058209 0.016276
vn -0.076436 0.064458 0.001671
vn -0.068764 0.068653 0.023627
vn -0.065364 0.075229 0.008258
vn -0.059430 0.080424 0.000000
vn -0.071421 0.069993 0.000000
vn -0.097532 0.013636 0.017365
vn -0.096080 0.017342 0.021632
vn -0.093064 0.013011 0.034202
vn -0.088896 0.017578 0.042291
vn -0.085768 0.011991 0.050000
vn -0.077453 0.013768 0.061737
vn -0.075867 0.010607 0.064279
vn -0.028684 0.005106 0.095662
vn -0.070823 0.048728 0.051084
vn -0.070603 0.059729 0.038048
vn -0.081414 0.049729 0.029980
vn -0.015843 0.098737 -0.000000
vn -0.015843 0.098737 -0.000000
vn -0.000000 0.100000 -0.000000
vn -0.015843 0.098737 -0.000000
vn -0.031286 0.094980 -0.000000
vn -0.045938 0.088824 -0.000000
vn -0.059430 0.080424 -0.000000
vn -0.071421 0.069993 -0.000000
vn -0.081608 0.057794 -0.000000
vn -0.089733 0.044135 -0.000000
vn -0.095592 0.029362 -0.000000
vn -0.095592 0.029362 -0.000000
vn -0.095592 0.029362 -0.000000
vn -0.089733 0.044135 -0.000000
vn -0.089733 0.044135 -0.000000
vn -0.081608 0.057794 -0.000000
vn -0.081608 0.057794 -0.000000
vn -0.071421 0.069993 -0.000000
vn -0.071421 0.069993 -0.000000
vn -0.059430 0.080424 -0.000000
vn -0.059430 0.080424 -0.000000
vn -0.045938 0.088824 -0.000000
vn -0.045938 0.088824 -0.000000
vn -0.031286 0.094980 -0.000000
vn -0.031286 0.094980 -0.000000
vn -0.097907 0.010611 0.017365
vn -0.093422 0.010125 0.034202
vn -0.086098 0.009331 0.050000
vn -0.076159 0.008254 0.064279
vn -0.063905 0.006926 0.076604
vn -0.049709 0.005387 0.086603
vn -0.034003 0.003685 0.093969
vn -0.017264 0.001871 0.098481
vn -0.000000 0.000000 0.100000
vn -0.000000 0.000000 0.100000
vn 0.000000 0.000000 0.100000
vn 0.000000 0.009500 0.099548
vn 0.000000 0.019135 0.098152
vn 0.000000 0.028725 0.095786
vn 0.000000 0.038094 0.092460
vn 0.000000 0.047092 0.088218
vn 0.000000 0.055580 0.083132
vn 0.000000 0.063425 0.077313
vn 0.000000 0.070515 0.070906
vn 0.000000 0.076952 0.063862
vn 0.000000 0.082827 0.056033
vn 0.000000 0.087984 0.047527
vn 0.000000 0.092299 0.038482
vn 0.000000 0.095691 0.029038
vn 0.000000 0.098109 0.019355
vn 0.000000 0.099537 0.009612
vn 0.000000 0.100000 0.000000
vn 0.000000 0.100000 0.000000
vn 0.000000 0.100000 0.000000
vn 0.000000 -0.100000 0.000000
vn 0.000000 0.000000 0.100000
vn 0.000000 0.000000 0.100000
vn 0.000000 0.000000 0.100000
vn 0.000000 0.000000 0.100000
vn -0.100000 -0.000000 0.000000
vn 0.000000 0.000000 0.100000
vn 0.000000 0.000000 0.100000
vn 0.000000 0.000000 0.100000
vn 0.000000 0.000000 0.100000
vn 0.000000 0.000000 0.100000
vn 0.000000 0.000000 0.100000
vn 0.000000 0.000000 0.100000
vn 0.000000 0.000000 0.100000
vn 0.000000 0.000000 0.100000
vn 0.000000 0.000000 0.100000
vn 0.000000 0.000000 0.100000
vn 0.000000 0.000000 0.100000
vn 0.000000 0.000000 0.100000
vn 0.000000 0.000000 0.100000
vn 0.000000 0.000000 0.100000
vn 0.000000 0.000000 0.100000
vn 0.000000 0.000000 0.100000
vn 0.000000 0.000000 0.100000
vn 0.000000 0.000000 0.100000
vn 0.000000 0.000000 0.100000
vn 0.000000 0.000000 0.100000
vn 0.000000 0.000000 0.100000
vn 0.000000 0.000000 0.100000
vn 0.000000 0.000000 0.100000
vn 0.000000 0.000000 0.100000
vn 0.000000 0.000000 0.100000
vn 0.000000 0.000000 0.100000
vn 0.000000 0.000000 0.100000
vn 0.000000 0.000000 0.100000
vn 0.000000 0.000000 0.100000
vn 0.000000 0.000000 0.100000
vn 0.000000 0.000000 0.100000
vn 0.000000 0.000000 0.100000
vn 0.000000 0.000000 0.100000
vn 0.000000 0.000000 0.100000
vn 0.000000 0.000000 0.100000
vn 0.000000 0.000000 0.100000
vn 0.000000 0.000000 0.100000
vn 0.000000 0.000000 0.100000
vn 0.000000 0.000000 0.100000
vn 0.000000 0.000000 0.100000
vn 0.000000 0.000000 0.100000
vn 0.000000 0.000000 0.100000
vn 0.000000 0.000000 0.100000
vn 0.000000 0.000000 0.100000
vn 0.000000 0.000000 0.100000
vn 0.000000 0.000000 0.100000
vn 0.000000 0.000000 0.100000
vn 0.000000 0.000000 0.100000
vn 0.000000 0.000000 0.100000
vn 0.000000 0.000000 0.100000
vn 0.000000 0.000000 0.100000
vn 0.000000 0.000000 0.100000
vn 0.000000 0.000000 0.100000
vn 0.000000 0.000000 0.100000
vn 0.000000 0.000000 0.100000
vn 0.000000 0.000000 0.100000
vn 0.000000 0.000000 0.100000
vn 0.000000 0.000000 0.100000
vn 0.000000 0.000000 0.100000
vn 0.000000 0.000000 0.100000
vn 0.000000 0.000000 0.100000
vn 0.000000 0.000000 0.100000
vn 0.000000 0.000000 0.100000
vn 0.000000 0.000000 0.100000
vn 0.000000 0.000000 0.100000
vn 0.000000 0.000000 0.100000
vn 0.000000 0.000000 0.100000
vn 0.000000 0.000000 0.100000
vn 0.000000 0.000000 0.100000
vn 0.000000 0.000000 0.100000
vn 0.000000 0.000000 0.100000
vn 0.000000 0.000000 0.100000
vn 0.000000 0.000000 0.100000
vn 0.000000 0.000000 0.100000
vn 0.000000 0.000000 0.100000
vn 0.000000 0.000000 0.100000
vn 0.000000 0.000000 0.100000
vn 0.000000 0.000000 0.100000
vn 0.000000 0.000000 0.100000
vn 0.000000 0.000000 0.100000
vn 0.000000 0.000000 0.100000
vn 0.000000 0.000000 0.100000
vn 0.000000 0.000000 0.100000
vn 0.000000 0.000000 0.100000
vn 0.000000 0.000000 0.100000
vn 0.000000 0.000000 0.100000
vn 0.000000 0.000000 0.100000
vn 0.000000 0.000000 0.100000
vn 0.000000 0.000000 0.100000
vn 0.000000 0.000000 0.100000
vn 0.000000 0.000000 0.100000
vn 0.000000 0.000000 0.100000
vn 0.000000 0.000000 0.100000
vn 0.000000 0.000000 0.100000
vn 0.000000 0.000000 0.100000
vn 0.000000 0.000000 0.100000
vn 0.000000 0.000000 0.100000
vn 0.000000 0.000000 0.100000
vn 0.000000 0.000000 0.100000
vn 0.000000 0.000000 0.100000
vn 0.095479 -0.029727 0.000000
vn 0.095479 -0.029727 0.000000
vn 0.098474 -0.017404 0.000000
vn 0.095479 -0.029727 0.000000
vn 0.098474 -0.017404 0.000000
vn 0.095479 -0.029727 0.000000
vn 0.090950 -0.041571 0.000000
vn 0.090950 -0.041571 0.000000
vn 0.084957 -0.052747 0.000000
vn 0.084957 -0.052747 0.000000
vn 0.077599 -0.063075 0.000000
vn 0.077599 -0.063075 0.000000
vn 0.068992 -0.072388 0.000000
vn 0.068992 -0.072388 0.000000
vn 0.059276 -0.080538 0.000000
vn 0.059276 -0.080538 0.000000
vn 0.048607 -0.087392 0.000000
vn 0.048607 -0.087392 0.000000
vn 0.037156 -0.092841 0.000000
vn 0.037156 -0.092841 0.000000
vn 0.025108 -0.096797 0.000000
vn 0.025108 -0.096797 0.000000
vn 0.012656 -0.099196 0.000000
vn 0.012656 -0.099196 0.000000
vn 0.000000 -0.100000 0.000000
vn 0.012656 -0.099196 0.000000
vn -0.000000 -0.100000 0.000000
vn 0.012656 -0.099196 0.000000
vn 0.025108 -0.096797 0.000000
vn 0.025108 -0.096797 0.000000
vn 0.037156 -0.092841 0.000000
vn 0.037156 -0.092841 0.000000
vn 0.048607 -0.087392 0.000000
vn 0.048607 -0.087392 0.000000
vn 0.059276 -0.080538 0.000000
vn 0.059276 -0.080538 0.000000
vn 0.068992 -0.072388 0.000000
vn 0.068992 -0.072388 0.000000
vn 0.077599 -0.063075 0.000000
vn 0.077599 -0.063075 0.000000
vn 0.084957 -0.052747 0.000000
vn 0.084957 -0.052747 0.000000
vn 0.090950 -0.041571 0.000000
vn 0.090950 -0.041571 0.000000
vn -0.000000 -0.100000 0.000000
vn -0.000000 -0.100000 0.000000
vn 0.012656 0.099196 0.000000
vn 0.012656 0.099196 0.000000
vn 0.000000 0.100000 0.000000
vn 0.012656 0.099196 0.000000
vn 0.000000 0.100000 0.000000
vn 0.012656 0.099196 0.000000
vn 0.025108 0.096797 0.000000
vn 0.025108 0.096797 0.000000
vn 0.037156 0.092841 0.000000
vn 0.037156 0.092841 0.000000
vn 0.048607 0.087392 0.000000
vn 0.048607 0.087392 0.000000
vn 0.059276 0.080538 0.000000
vn 0.059276 0.080538 0.000000
vn 0.068992 0.072388 0.000000
vn 0.068992 0.072388 0.000000
vn 0.077599 0.063075 0.000000
vn 0.077599 0.063075 0.000000
vn 0.084957 0.052747 0.000000
vn 0.084957 0.052747 0.000000
vn 0.090950 0.041571 0.000000
vn 0.090950 0.041571 0.000000
vn 0.095479 0.029727 0.000000
vn 0.095479 0.029727 0.000000
vn 0.098474 0.017404 0.000000
vn 0.095479 0.029727 0.000000
vn 0.098474 0.017404 0.000000
vn 0.095479 0.029727 0.000000
vn 0.090950 0.041571 0.000000
vn 0.090950 0.041571 0.000000
vn 0.084957 0.052747 0.000000
vn 0.084957 0.052747 0.000000
vn 0.077599 0.063075 0.000000
vn 0.077599 0.063075 0.000000
vn 0.068992 0.072388 0.000000
vn 0.068992 0.072388 0.000000
vn 0.059276 0.080538 0.000000
vn 0.059276 0.080538 0.000000
vn 0.048607 0.087392 0.000000
vn 0.048607 0.087392 0.000000
vn 0.037156 0.092841 0.000000
vn 0.037156 0.092841 0.000000
vn 0.025108 0.096797 0.000000
vn 0.025108 0.096797 0.000000
vn -0.000000 0.100000 0.000000
vn -0.000000 0.100000 0.000000
vn 0.000000 -0.100000 0.000000
vn 0.000000 -0.100000 0.000000
vn 0.000000 -0.100000 0.000000
vn 0.000000 -0.100000 0.000000
vn 0.000000 0.000000 0.100000
vn 0.000000 0.000000 0.100000
vn 0.000000 0.000000 0.100000
vn 0.000000 0.000000 0.100000
vn 0.000000 0.000000 0.100000
vn 0.000000 0.000000 0.100000
vn 0.000000 0.000000 0.100000
vn 0.000000 0.000000 0.100000
vn 0.000000 0.000000 0.100000
vn 0.000000 0.000000 0.100000
vn 0.000000 0.000000 0.100000
vn 0.000000 0.000000 0.100000
vn 0.000000 0.000000 0.100000
vn 0.000000 0.000000 0.100000
vn 0.000000 0.000000 0.100000
vn 0.000000 0.000000 0.100000
vn 0.000000 0.000000 0.100000
vn 0.099122 -0.013220 0.000000
vn 0.099122 -0.013220 0.000000
vn 0.099506 -0.009928 0.000000
vn 0.099506 -0.009928 0.000000
vn 0.099780 -0.006625 0.000000
vn 0.099780 -0.006625 0.000000
vn 0.099945 -0.003314 0.000000
vn 0.099945 -0.003314 0.000000
vn 0.100000 0.000000 0.000000
vn 0.100000 0.000000 0.000000
vn 0.099945 0.003314 0.000000
vn 0.099945 0.003314 0.000000
vn 0.099780 0.006625 0.000000
vn 0.099780 0.006625 0.000000
vn 0.099506 0.009928 0.000000
vn 0.099506 0.009928 0.000000
vn 0.099122 0.013220 0.000000
vn 0.099122 0.013220 0.000000
vn 0.000000 0.100000 0.000000
vn 0.000000 0.100000 0.000000
vn 0.000000 0.100000 0.000000
vn 0.000000 0.100000 0.000000
vn 0.098833 -0.015231 0.000000
vn 0.098977 -0.014264 0.000000
vn 0.099145 -0.013050 0.000000
vn 0.099381 -0.011109 0.000000
vn 0.099408 -0.010864 0.000000
vn 0.099408 -0.010864 0.000000
vn 0.099684 -0.007943 0.000000
vn 0.099698 -0.007767 0.000000
vn 0.099886 -0.004769 0.000000
vn 0.099891 -0.004663 0.000000
vn 0.099987 -0.001590 0.000000
vn 0.099988 -0.001555 0.000000
vn 0.099988 0.001555 0.000000
vn 0.099987 0.001590 0.000000
vn 0.099891 0.004663 0.000000
vn 0.099886 0.004769 0.000000
vn 0.099698 0.007767 0.000000
vn 0.099684 0.007943 0.000000
vn 0.099408 0.010864 0.000000
vn 0.099381 0.011109 0.000000
vn 0.099408 0.010864 0.000000
vn 0.099145 0.013050 0.000000
vn 0.098977 0.014264 0.000000
vn 0.098833 0.015231 0.000000
vn -0.094658 0.032247 0.000000
vn -0.095712 0.028969 0.000000
vn -0.095785 0.028727 0.000000
vn -0.096718 0.025410 0.000000
vn -0.096781 0.025168 0.000000
vn -0.097591 0.021817 0.000000
vn -0.097645 0.021575 0.000000
vn -0.098331 0.018194 0.000000
vn -0.098375 0.017952 0.000000
vn -0.098936 0.014545 0.000000
vn -0.098972 0.014305 0.000000
vn -0.098936 0.014545 0.000000
vn -0.099401 0.010926 0.000000
vn -0.094575 0.032488 0.000000
vn -0.093402 0.035723 0.000000
vn -0.093310 0.035963 0.000000
vn -0.092018 0.039150 0.000000
vn -0.091916 0.039388 0.000000
vn -0.090508 0.042523 0.000000
vn -0.090397 0.042760 0.000000
vn -0.088875 0.045839 0.000000
vn -0.088754 0.046073 0.000000
vn -0.087121 0.049091 0.000000
vn -0.086990 0.049323 0.000000
vn -0.085247 0.052277 0.000000
vn -0.085107 0.052506 0.000000
vn -0.083257 0.055391 0.000000
vn -0.083107 0.055617 0.000000
vn -0.081154 0.058430 0.000000
vn -0.080994 0.058652 0.000000
vn -0.078939 0.061389 0.000000
vn -0.078770 0.061606 0.000000
vn -0.076617 0.064264 0.000000
vn -0.076438 0.064477 0.000000
vn -0.074190 0.067051 0.000000
vn -0.074002 0.067259 0.000000
vn -0.071662 0.069747 0.000000
vn -0.071464 0.069949 0.000000
vn -0.069035 0.072347 0.000000
vn -0.068829 0.072543 0.000000
vn -0.066315 0.074849 0.000000
vn -0.066100 0.075039 0.000000
vn -0.063504 0.077248 0.000000
vn -0.063280 0.077431 0.000000
vn -0.060606 0.079542 0.000000
vn -0.060374 0.079718 0.000000
vn -0.057626 0.081727 0.000000
vn -0.057385 0.081896 0.000000
vn -0.054566 0.083800 0.000000
vn -0.054318 0.083962 0.000000
vn -0.051432 0.085760 0.000000
vn -0.051176 0.085913 0.000000
vn -0.048228 0.087602 0.000000
vn -0.047964 0.087746 0.000000
vn -0.044958 0.089324 0.000000
vn -0.044687 0.089460 0.000000
vn -0.041627 0.090924 0.000000
vn -0.041349 0.091051 0.000000
vn -0.038239 0.092400 0.000000
vn -0.037954 0.092517 0.000000
vn -0.034798 0.093750 0.000000
vn -0.034507 0.093858 0.000000
vn -0.031310 0.094972 0.000000
vn -0.031013 0.095069 0.000000
vn -0.027780 0.096064 0.000000
vn -0.027477 0.096151 0.000000
vn -0.024211 0.097025 0.000000
vn -0.023903 0.097101 0.000000
vn -0.020609 0.097853 0.000000
vn -0.020297 0.097919 0.000000
vn -0.016979 0.098548 0.000000
vn -0.016662 0.098602 0.000000
vn -0.013326 0.099108 0.000000
vn -0.013005 0.099151 0.000000
vn -0.009655 0.099533 0.000000
vn -0.009330 0.099564 0.000000
vn -0.005971 0.099822 0.000000
vn -0.005642 0.099841 0.000000
vn -0.002278 0.099974 0.000000
vn -0.001947 0.099981 0.000000
vn 0.001418 0.099990 0.000000
vn 0.001751 0.099985 0.000000
vn 0.005112 0.099869 0.000000
vn 0.005447 0.099852 0.000000
vn 0.008798 0.099612 0.000000
vn 0.009135 0.099582 0.000000
vn 0.012473 0.099219 0.000000
vn 0.012811 0.099176 0.000000
vn 0.016131 0.098690 0.000000
vn 0.016469 0.098635 0.000000
vn 0.019767 0.098027 0.000000
vn 0.020105 0.097958 0.000000
vn 0.023376 0.097230 0.000000
vn 0.023713 0.097148 0.000000
vn 0.026952 0.096299 0.000000
vn 0.027289 0.096205 0.000000
vn 0.030492 0.095238 0.000000
vn 0.030827 0.095130 0.000000
vn 0.033991 0.094046 0.000000
vn 0.034323 0.093925 0.000000
vn 0.037443 0.092726 0.000000
vn 0.037773 0.092592 0.000000
vn 0.040843 0.091279 0.000000
vn 0.041171 0.091132 0.000000
vn 0.044188 0.089707 0.000000
vn 0.044512 0.089547 0.000000
vn 0.047473 0.088013 0.000000
vn 0.047792 0.087840 0.000000
vn 0.050693 0.086199 0.000000
vn 0.051008 0.086013 0.000000
vn 0.053843 0.084267 0.000000
vn 0.054153 0.084068 0.000000
vn 0.056920 0.082220 0.000000
vn 0.057224 0.082008 0.000000
vn 0.059920 0.080060 0.000000
vn 0.060217 0.079836 0.000000
vn 0.062837 0.077791 0.000000
vn 0.063128 0.077555 0.000000
vn 0.065669 0.075416 0.000000
vn 0.065953 0.075168 0.000000
vn 0.068411 0.072938 0.000000
vn 0.068687 0.072678 0.000000
vn 0.071059 0.070361 0.000000
vn 0.071327 0.070089 0.000000
vn 0.073610 0.067687 0.000000
vn 0.073870 0.067404 0.000000
vn 0.076061 0.064921 0.000000
vn 0.076312 0.064626 0.000000
vn 0.078408 0.062066 0.000000
vn 0.078649 0.061760 0.000000
vn 0.080648 0.059126 0.000000
vn 0.080879 0.058810 0.000000
vn 0.082778 0.056105 0.000000
vn 0.082998 0.055780 0.000000
vn 0.084795 0.053008 0.000000
vn 0.085004 0.052673 0.000000
vn 0.086695 0.049839 0.000000
vn 0.086893 0.049494 0.000000
vn 0.088478 0.046601 0.000000
vn 0.088664 0.046247 0.000000
vn 0.090139 0.043300 0.000000
vn 0.090313 0.042937 0.000000
vn 0.091678 0.039940 0.000000
vn 0.091839 0.039568 0.000000
vn 0.093091 0.036525 0.000000
vn 0.093239 0.036146 0.000000
vn 0.094377 0.033060 0.000000
vn 0.094512 0.032673 0.000000
vn 0.095534 0.029550 0.000000
vn 0.095655 0.029157 0.000000
vn 0.096561 0.026000 0.000000
vn 0.096668 0.025600 0.000000
vn 0.097456 0.022414 0.000000
vn 0.097548 0.022008 0.000000
vn 0.098217 0.018798 0.000000
vn 0.098295 0.018386 0.000000
vn 0.098845 0.015155 0.000000
vn 0.098908 0.014739 0.000000
vn 0.099337 0.011493 0.000000
vn 0.099385 0.011072 0.000000
vn 0.099694 0.007814 0.000000
vn 0.099727 0.007390 0.000000
vn 0.099915 0.004125 0.000000
vn 0.099932 0.003697 0.000000
vn 0.099999 0.000430 0.000000
vn 0.100000 0.000000 0.000000
vn 0.099947 -0.003265 0.000000
vn 0.099932 -0.003697 0.000000
vn 0.099758 -0.006956 0.000000
vn 0.099727 -0.007390 0.000000
vn 0.099433 -0.010638 0.000000
vn 0.099385 -0.011072 0.000000
vn 0.098972 -0.014305 0.000000
vn 0.098908 -0.014739 0.000000
vn 0.098375 -0.017952 0.000000
vn 0.098295 -0.018386 0.000000
vn 0.097645 -0.021575 0.000000
vn 0.097548 -0.022008 0.000000
vn 0.096781 -0.025168 0.000000
vn 0.096668 -0.025600 0.000000
vn 0.095785 -0.028727 0.000000
vn 0.095655 -0.029157 0.000000
vn 0.094658 -0.032247 0.000000
vn 0.094512 -0.032673 0.000000
vn 0.093402 -0.035723 0.000000
vn 0.093239 -0.036146 0.000000
vn 0.092018 -0.039150 0.000000
vn 0.091839 -0.039568 0.000000
vn 0.090508 -0.042523 0.000000
vn 0.090313 -0.042937 0.000000
vn 0.088875 -0.045839 0.000000
vn 0.088664 -0.046247 0.000000
vn 0.087121 -0.049091 0.000000
vn 0.086893 -0.049494 0.000000
vn 0.085247 -0.052277 0.000000
vn 0.085004 -0.052673 0.000000
vn 0.083257 -0.055391 0.000000
vn 0.082998 -0.055780 0.000000
vn 0.081154 -0.058430 0.000000
vn 0.080879 -0.058810 0.000000
vn 0.078939 -0.061389 0.000000
vn 0.078649 -0.061760 0.000000
vn 0.076617 -0.064264 0.000000
vn 0.076312 -0.064626 0.000000
vn 0.074190 -0.067051 0.000000
vn 0.073870 -0.067404 0.000000
vn 0.071662 -0.069747 0.000000
vn 0.071327 -0.070089 0.000000
vn 0.069035 -0.072347 0.000000
vn 0.068687 -0.072678 0.000000
vn 0.066315 -0.074849 0.000000
vn 0.065953 -0.075168 0.000000
vn 0.063504 -0.077248 0.000000
vn 0.063128 -0.077555 0.000000
vn 0.060606 -0.079542 0.000000
vn 0.060217 -0.079836 0.000000
vn 0.057626 -0.081727 0.000000
vn 0.057224 -0.082008 0.000000
vn 0.054566 -0.083800 0.000000
vn 0.054153 -0.084068 0.000000
vn 0.051432 -0.085760 0.000000
vn 0.051008 -0.086013 0.000000
vn 0.048228 -0.087602 0.000000
vn 0.047792 -0.087840 0.000000
vn 0.044958 -0.089324 0.000000
vn 0.044512 -0.089547 0.000000
vn 0.041627 -0.090924 0.000000
vn 0.041171 -0.091132 0.000000
vn 0.038239 -0.092400 0.000000
vn 0.037773 -0.092592 0.000000
vn 0.034798 -0.093750 0.000000
vn 0.034323 -0.093925 0.000000
vn 0.031310 -0.094972 0.000000
vn 0.030827 -0.095130 0.000000
vn 0.027780 -0.096064 0.000000
vn 0.027289 -0.096205 0.000000
vn 0.024211 -0.097025 0.000000
vn 0.023713 -0.097148 0.000000
vn 0.020609 -0.097853 0.000000
vn 0.020105 -0.097958 0.000000
vn 0.016979 -0.098548 0.000000
vn 0.016469 -0.098635 0.000000
vn 0.013326 -0.099108 0.000000
vn 0.012811 -0.099176 0.000000
vn 0.009655 -0.099533 0.000000
vn 0.009135 -0.099582 0.000000
vn 0.005971 -0.099822 0.000000
vn 0.005447 -0.099852 0.000000
vn 0.002278 -0.099974 0.000000
vn 0.001751 -0.099985 0.000000
vn -0.001418 -0.099990 0.000000
vn -0.001947 -0.099981 0.000000
vn -0.005112 -0.099869 0.000000
vn -0.005642 -0.099841 0.000000
vn -0.008798 -0.099612 0.000000
vn -0.009330 -0.099564 0.000000
vn -0.012473 -0.099219 0.000000
vn -0.013005 -0.099151 0.000000
vn -0.016131 -0.098690 0.000000
vn -0.016662 -0.098602 0.000000
vn -0.019767 -0.098027 0.000000
vn -0.020297 -0.097919 0.000000
vn -0.023376 -0.097230 0.000000
vn -0.023903 -0.097101 0.000000
vn -0.026952 -0.096299 0.000000
vn -0.027477 -0.096151 0.000000
vn -0.030492 -0.095238 0.000000
vn -0.031013 -0.095069 0.000000
vn -0.033991 -0.094046 0.000000
vn -0.034507 -0.093858 0.000000
vn -0.037443 -0.092726 0.000000
vn -0.037954 -0.092517 0.000000
vn -0.040843 -0.091279 0.000000
vn -0.041349 -0.091051 0.000000
vn -0.044188 -0.089707 0.000000
vn -0.044687 -0.089460 0.000000
vn -0.047473 -0.088013 0.000000
vn -0.047964 -0.087746 0.000000
vn -0.050693 -0.086199 0.000000
vn -0.051176 -0.085913 0.000000
vn -0.053843 -0.084267 0.000000
vn -0.054318 -0.083962 0.000000
vn -0.056920 -0.082220 0.000000
vn -0.057385 -0.081896 0.000000
vn -0.059920 -0.080060 0.000000
vn -0.060374 -0.079718 0.000000
vn -0.062837 -0.077791 0.000000
vn -0.063280 -0.077431 0.000000
vn -0.065669 -0.075416 0.000000
vn -0.066100 -0.075039 0.000000
vn -0.068411 -0.072938 0.000000
vn -0.068829 -0.072543 0.000000
vn -0.071059 -0.070361 0.000000
vn -0.071464 -0.069949 0.000000
vn -0.073610 -0.067687 0.000000
vn -0.074002 -0.067259 0.000000
vn -0.076061 -0.064921 0.000000
vn -0.076438 -0.064477 0.000000
vn -0.078408 -0.062066 0.000000
vn -0.078770 -0.061606 0.000000
vn -0.080648 -0.059126 0.000000
vn -0.080994 -0.058652 0.000000
vn -0.082778 -0.056105 0.000000
vn -0.083107 -0.055617 0.000000
vn -0.084795 -0.053008 0.000000
vn -0.085107 -0.052506 0.000000
vn -0.086695 -0.049839 0.000000
vn -0.086990 -0.049323 0.000000
vn -0.088478 -0.046601 0.000000
vn -0.088754 -0.046073 0.000000
vn -0.090139 -0.043300 0.000000
vn -0.090397 -0.042760 0.000000
vn -0.091678 -0.039940 0.000000
vn -0.091916 -0.039388 0.000000
vn -0.093091 -0.036525 0.000000
vn -0.093310 -0.035963 0.000000
vn -0.094377 -0.033060 0.000000
vn -0.094575 -0.032488 0.000000
vn -0.095534 -0.029550 0.000000
vn -0.095712 -0.028969 0.000000
vn -0.096561 -0.026000 0.000000
vn -0.096718 -0.025410 0.000000
vn -0.097456 -0.022414 0.000000
vn -0.097591 -0.021817 0.000000
vn -0.098217 -0.018798 0.000000
vn -0.098331 -0.018194 0.000000
vn -0.098845 -0.015155 0.000000
vn -0.098936 -0.014545 0.000000
vn -0.099337 -0.011493 0.000000
vn -0.098936 -0.014545 0.000000
vn -0.099401 -0.010926 0.000000
vn -0.099694 -0.007814 0.000000
vn -0.099734 -0.007292 0.000000
vn -0.099915 -0.004125 0.000000
vn -0.099933 -0.003648 0.000000
vn -0.099999 -0.000430 0.000000
vn -0.100000 -0.000000 0.000000
vn -0.099947 0.003265 0.000000
vn -0.099933 0.003648 0.000000
vn -0.099758 0.006956 0.000000
vn -0.099734 0.007292 0.000000
vn -0.099433 0.010638 0.000000
vn -0.098250 -0.018628 0.000000
vn -0.098247 -0.018644 0.000000
vn -0.098083 -0.019487 0.000000
vn -0.098247 -0.018644 0.000000
vn -0.097517 -0.022146 0.000000
vn -0.097326 -0.022971 0.000000
vn -0.096663 -0.025619 0.000000
vn -0.096445 -0.026426 0.000000
vn -0.095684 -0.029060 0.000000
vn -0.095442 -0.029848 0.000000
vn -0.094584 -0.032464 0.000000
vn -0.094317 -0.033231 0.000000
vn -0.093362 -0.035826 0.000000
vn -0.093072 -0.036572 0.000000
vn -0.092021 -0.039142 0.000000
vn -0.091709 -0.039867 0.000000
vn -0.090562 -0.042408 0.000000
vn -0.090230 -0.043111 0.000000
vn -0.088988 -0.045620 0.000000
vn -0.088635 -0.046301 0.000000
vn -0.087299 -0.048773 0.000000
vn -0.086928 -0.049431 0.000000
vn -0.085499 -0.051864 0.000000
vn -0.085111 -0.052499 0.000000
vn -0.083589 -0.054889 0.000000
vn -0.083185 -0.055500 0.000000
vn -0.081573 -0.057844 0.000000
vn -0.081154 -0.058430 0.000000
vn -0.079452 -0.060724 0.000000
vn -0.079019 -0.061286 0.000000
vn -0.077229 -0.063527 0.000000
vn -0.076784 -0.064064 0.000000
vn -0.074908 -0.066248 0.000000
vn -0.074451 -0.066761 0.000000
vn -0.072490 -0.068885 0.000000
vn -0.072024 -0.069373 0.000000
vn -0.069980 -0.071433 0.000000
vn -0.069505 -0.071896 0.000000
vn -0.067381 -0.073891 0.000000
vn -0.066897 -0.074329 0.000000
vn -0.064695 -0.076253 0.000000
vn -0.064205 -0.076666 0.000000
vn -0.061926 -0.078518 0.000000
vn -0.061431 -0.078906 0.000000
vn -0.059079 -0.080683 0.000000
vn -0.058579 -0.081046 0.000000
vn -0.056155 -0.082744 0.000000
vn -0.055652 -0.083083 0.000000
vn -0.053160 -0.084700 0.000000
vn -0.052655 -0.085014 0.000000
vn -0.050097 -0.086547 0.000000
vn -0.049591 -0.086838 0.000000
vn -0.046969 -0.088283 0.000000
vn -0.046463 -0.088550 0.000000
vn -0.043782 -0.089906 0.000000
vn -0.043277 -0.090150 0.000000
vn -0.040538 -0.091415 0.000000
vn -0.040035 -0.091636 0.000000
vn -0.037243 -0.092806 0.000000
vn -0.036743 -0.093005 0.000000
vn -0.033900 -0.094079 0.000000
vn -0.033404 -0.094256 0.000000
vn -0.030513 -0.095231 0.000000
vn -0.030023 -0.095387 0.000000
vn -0.027088 -0.096261 0.000000
vn -0.026603 -0.096397 0.000000
vn -0.023628 -0.097169 0.000000
vn -0.023149 -0.097284 0.000000
vn -0.020137 -0.097951 0.000000
vn -0.019666 -0.098047 0.000000
vn -0.016621 -0.098609 0.000000
vn -0.016158 -0.098686 0.000000
vn -0.013084 -0.099140 0.000000
vn -0.012630 -0.099199 0.000000
vn -0.009530 -0.099545 0.000000
vn -0.009085 -0.099586 0.000000
vn -0.005963 -0.099822 0.000000
vn -0.005529 -0.099847 0.000000
vn -0.002390 -0.099971 0.000000
vn -0.001966 -0.099981 0.000000
vn 0.001188 -0.099993 0.000000
vn 0.001599 -0.099987 0.000000
vn 0.004763 -0.099887 0.000000
vn 0.005163 -0.099867 0.000000
vn 0.008332 -0.099652 0.000000
vn 0.008720 -0.099619 0.000000
vn 0.011891 -0.099290 0.000000
vn 0.012266 -0.099245 0.000000
vn 0.015435 -0.098802 0.000000
vn 0.015796 -0.098744 0.000000
vn 0.018958 -0.098186 0.000000
vn 0.019307 -0.098119 0.000000
vn 0.022458 -0.097446 0.000000
vn 0.022792 -0.097368 0.000000
vn 0.025929 -0.096580 0.000000
vn 0.026249 -0.096493 0.000000
vn 0.029366 -0.095591 0.000000
vn 0.029672 -0.095496 0.000000
vn 0.032766 -0.094479 0.000000
vn 0.033058 -0.094378 0.000000
vn 0.036124 -0.093247 0.000000
vn 0.036402 -0.093139 0.000000
vn 0.039436 -0.091895 0.000000
vn 0.039699 -0.091782 0.000000
vn 0.042698 -0.090426 0.000000
vn 0.042946 -0.090309 0.000000
vn 0.045904 -0.088841 0.000000
vn 0.046138 -0.088720 0.000000
vn 0.049053 -0.087143 0.000000
vn 0.049272 -0.087019 0.000000
vn 0.052138 -0.085333 0.000000
vn 0.052343 -0.085207 0.000000
vn 0.055156 -0.083413 0.000000
vn 0.055347 -0.083287 0.000000
vn 0.058104 -0.081387 0.000000
vn 0.058281 -0.081261 0.000000
vn 0.060978 -0.079257 0.000000
vn 0.061141 -0.079131 0.000000
vn 0.063774 -0.077025 0.000000
vn 0.063923 -0.076901 0.000000
vn 0.066488 -0.074695 0.000000
vn 0.066624 -0.074573 0.000000
vn 0.069117 -0.072270 0.000000
vn 0.069241 -0.072151 0.000000
vn 0.071657 -0.069751 0.000000
vn 0.071769 -0.069637 0.000000
vn 0.074106 -0.067144 0.000000
vn 0.074206 -0.067034 0.000000
vn 0.076460 -0.064451 0.000000
vn 0.076548 -0.064346 0.000000
vn 0.078716 -0.061675 0.000000
vn 0.078794 -0.061576 0.000000
vn 0.080872 -0.058820 0.000000
vn 0.080939 -0.058727 0.000000
vn 0.082923 -0.055890 0.000000
vn 0.082981 -0.055805 0.000000
vn 0.084869 -0.052889 0.000000
vn 0.084918 -0.052811 0.000000
vn 0.086707 -0.049819 0.000000
vn 0.086746 -0.049750 0.000000
vn 0.088433 -0.046686 0.000000
vn 0.088465 -0.046626 0.000000
vn 0.090046 -0.043494 0.000000
vn 0.090071 -0.043442 0.000000
vn 0.091544 -0.040245 0.000000
vn 0.091562 -0.040203 0.000000
vn 0.092925 -0.036946 0.000000
vn 0.092938 -0.036914 0.000000
vn 0.094187 -0.033598 0.000000
vn 0.094194 -0.033577 0.000000
vn 0.095328 -0.030208 0.000000
vn 0.095332 -0.030197 0.000000
vn 0.096348 -0.026780 0.000000
vn 0.096348 -0.026780 0.000000
vn -0.098715 -0.015977 0.000000
vn -0.098431 -0.017645 0.000000
vn -0.098392 -0.017862 0.000000
vn -0.098355 -0.018061 0.000000
vn -0.099222 -0.012448 0.000000
vn -0.098830 -0.015254 0.000000
vn -0.098779 -0.015576 0.000000
vn -0.098727 -0.015903 0.000000
vn -0.099603 -0.008903 0.000000
vn -0.099422 -0.010740 0.000000
vn -0.099151 -0.013001 0.000000
vn -0.099857 -0.005346 0.000000
vn -0.099742 -0.007179 0.000000
vn -0.099718 -0.007498 0.000000
vn -0.099693 -0.007824 0.000000
vn -0.099984 -0.001783 0.000000
vn -0.099870 -0.005101 0.000000
vn -0.099867 -0.005149 0.000000
vn -0.099863 -0.005230 0.000000
vn -0.099984 0.001783 -0.000000
vn -0.099986 -0.001696 0.000000
vn -0.099871 -0.005085 0.000000
vn -0.099871 -0.005085 0.000000
vn -0.099857 0.005346 -0.000000
vn -0.099871 0.005085 -0.000000
vn -0.099871 0.005085 -0.000000
vn -0.099986 0.001696 -0.000000
vn -0.099603 0.008903 -0.000000
vn -0.099742 0.007179 -0.000000
vn -0.099763 0.006874 -0.000000
vn -0.099783 0.006586 -0.000000
vn -0.099222 0.012448 -0.000000
vn -0.099422 0.010740 -0.000000
vn -0.099640 0.008475 -0.000000
vn -0.099667 0.008152 -0.000000
vn -0.098715 0.015977 -0.000000
vn -0.098830 0.015254 -0.000000
vn -0.099151 0.013001 -0.000000
vn -0.098083 0.019487 -0.000000
vn -0.098474 0.017404 -0.000000
vn -0.098521 0.017138 -0.000000
vn -0.098570 0.016850 -0.000000
vn -0.097326 0.022971 -0.000000
vn -0.097520 0.022133 -0.000000
vn -0.098247 0.018644 -0.000000
vn -0.098247 0.018644 -0.000000
vn -0.096669 0.025594 -0.000000
vn -0.096445 0.026426 -0.000000
vn -0.095696 0.029023 -0.000000
vn -0.095442 0.029848 -0.000000
vn -0.094601 0.032415 -0.000000
vn -0.094317 0.033231 -0.000000
vn -0.093385 0.035765 -0.000000
vn -0.093072 0.036572 -0.000000
vn -0.092052 0.039071 -0.000000
vn -0.091709 0.039867 -0.000000
vn -0.090601 0.042326 -0.000000
vn -0.090230 0.043111 -0.000000
vn -0.089035 0.045528 -0.000000
vn -0.088635 0.046301 -0.000000
vn -0.087356 0.048672 -0.000000
vn -0.086928 0.049431 -0.000000
vn -0.085566 0.051754 -0.000000
vn -0.085111 0.052499 -0.000000
vn -0.083667 0.054770 -0.000000
vn -0.083185 0.055500 -0.000000
vn -0.081662 0.057717 -0.000000
vn -0.081154 0.058430 -0.000000
vn -0.079554 0.060590 -0.000000
vn -0.079019 0.061286 -0.000000
vn -0.077344 0.063387 -0.000000
vn -0.076784 0.064064 -0.000000
vn -0.075036 0.066103 -0.000000
vn -0.074451 0.066761 -0.000000
vn -0.072633 0.068735 -0.000000
vn -0.072024 0.069373 -0.000000
vn -0.070137 0.071280 -0.000000
vn -0.069505 0.071896 -0.000000
vn -0.067553 0.073734 -0.000000
vn -0.066897 0.074329 -0.000000
vn -0.064882 0.076094 -0.000000
vn -0.064205 0.076666 -0.000000
vn -0.062129 0.078358 -0.000000
vn -0.061431 0.078906 -0.000000
vn -0.059297 0.080522 -0.000000
vn -0.058579 0.081046 -0.000000
vn -0.056390 0.082584 -0.000000
vn -0.055652 0.083083 -0.000000
vn -0.053411 0.084541 -0.000000
vn -0.052655 0.085014 -0.000000
vn -0.050365 0.086391 -0.000000
vn -0.049591 0.086838 -0.000000
vn -0.047254 0.088131 -0.000000
vn -0.046463 0.088550 -0.000000
vn -0.044084 0.089759 -0.000000
vn -0.043277 0.090150 -0.000000
vn -0.040857 0.091273 -0.000000
vn -0.040035 0.091636 -0.000000
vn -0.037578 0.092671 -0.000000
vn -0.036743 0.093005 -0.000000
vn -0.034252 0.093951 -0.000000
vn -0.033404 0.094256 -0.000000
vn -0.030882 0.095112 -0.000000
vn -0.030023 0.095387 -0.000000
vn -0.027473 0.096152 -0.000000
vn -0.026603 0.096397 -0.000000
vn -0.024029 0.097070 -0.000000
vn -0.023149 0.097284 -0.000000
vn -0.020555 0.097865 -0.000000
vn -0.019666 0.098047 -0.000000
vn -0.017054 0.098535 -0.000000
vn -0.016158 0.098686 -0.000000
vn -0.013532 0.099080 -0.000000
vn -0.012630 0.099199 -0.000000
vn -0.009993 0.099499 -0.000000
vn -0.009085 0.099586 -0.000000
vn -0.006441 0.099792 -0.000000
vn -0.006441 0.099792 -0.000000
vn -0.006425 0.099793 -0.000000
vn -0.005529 0.099847 -0.000000
vn -0.006376 0.099796 -0.000000
vn -0.006296 0.099802 -0.000000
vn -0.006182 0.099809 -0.000000
vn -0.006037 0.099818 -0.000000
vn -0.005863 0.099828 -0.000000
vn -0.005665 0.099839 -0.000000
vn -0.005447 0.099852 -0.000000
vn -0.005207 0.099864 -0.000000
vn -0.004941 0.099878 -0.000000
vn -0.004654 0.099892 -0.000000
vn -0.004348 0.099905 -0.000000
vn -0.004029 0.099919 -0.000000
vn -0.003702 0.099931 -0.000000
vn -0.001966 0.099981 -0.000000
vn -0.003374 0.099943 -0.000000
vn -0.003051 0.099953 -0.000000
vn -0.001017 0.099995 -0.000000
vn 0.001599 0.099987 0.000000
vn 0.001017 0.099995 0.000000
vn 0.003051 0.099953 0.000000
vn 0.003374 0.099943 0.000000
vn 0.005163 0.099867 0.000000
vn 0.003702 0.099931 0.000000
vn 0.004029 0.099919 0.000000
vn 0.004348 0.099905 0.000000
vn 0.004654 0.099892 0.000000
vn 0.004941 0.099878 0.000000
vn 0.005207 0.099864 0.000000
vn 0.005447 0.099852 0.000000
vn 0.005665 0.099839 0.000000
vn 0.005863 0.099828 0.000000
vn 0.006037 0.099818 0.000000
vn 0.006182 0.099809 0.000000
vn 0.008720 0.099619 0.000000
vn 0.006296 0.099802 0.000000
vn 0.006376 0.099796 0.000000
vn 0.006425 0.099793 0.000000
vn 0.006441 0.099792 0.000000
vn 0.006441 0.099792 0.000000
vn 0.009958 0.099503 0.000000
vn 0.012266 0.099245 0.000000
vn 0.013463 0.099090 0.000000
vn 0.015796 0.098744 0.000000
vn 0.016951 0.098553 0.000000
vn 0.019307 0.098119 0.000000
vn 0.020418 0.097893 0.000000
vn 0.022792 0.097368 0.000000
vn 0.023859 0.097112 0.000000
vn 0.026249 0.096493 0.000000
vn 0.027271 0.096210 0.000000
vn 0.029672 0.095496 0.000000
vn 0.030649 0.095188 0.000000
vn 0.033058 0.094378 0.000000
vn 0.033988 0.094047 0.000000
vn 0.036402 0.093139 0.000000
vn 0.037286 0.092789 0.000000
vn 0.039699 0.091782 0.000000
vn 0.040536 0.091416 0.000000
vn 0.042946 0.090309 0.000000
vn 0.043737 0.089928 0.000000
vn 0.046138 0.088720 0.000000
vn 0.046883 0.088329 0.000000
vn 0.049272 0.087019 0.000000
vn 0.049970 0.086620 0.000000
vn 0.052343 0.085207 0.000000
vn 0.052995 0.084803 0.000000
vn 0.055347 0.083287 0.000000
vn 0.055955 0.082880 0.000000
vn 0.058281 0.081261 0.000000
vn 0.058844 0.080854 0.000000
vn 0.061141 0.079131 0.000000
vn 0.061661 0.078727 0.000000
vn 0.063923 0.076901 0.000000
vn 0.064400 0.076502 0.000000
vn 0.066624 0.074573 0.000000
vn 0.067059 0.074182 0.000000
vn 0.069241 0.072151 0.000000
vn 0.069635 0.071770 0.000000
vn 0.071769 0.069637 0.000000
vn 0.072124 0.069268 0.000000
vn 0.074206 0.067034 0.000000
vn 0.074524 0.066680 0.000000
vn 0.076548 0.064346 0.000000
vn 0.076830 0.064009 0.000000
vn 0.078794 0.061576 0.000000
vn 0.079041 0.061258 0.000000
vn 0.080939 0.058727 0.000000
vn 0.081153 0.058431 0.000000
vn 0.082981 0.055805 0.000000
vn 0.083164 0.055531 0.000000
vn 0.084918 0.052811 0.000000
vn 0.085072 0.052562 0.000000
vn 0.086746 0.049750 0.000000
vn 0.086874 0.049528 0.000000
vn 0.088465 0.046626 0.000000
vn 0.088567 0.046431 0.000000
vn 0.090071 0.043442 0.000000
vn 0.090150 0.043277 0.000000
vn 0.091562 0.040203 0.000000
vn 0.091621 0.040070 0.000000
vn 0.092938 0.036914 0.000000
vn 0.092978 0.036812 0.000000
vn 0.094194 0.033577 0.000000
vn 0.094219 0.033508 0.000000
vn 0.095332 0.030197 0.000000
vn 0.095343 0.030163 0.000000
vn 0.096348 0.026780 0.000000
vn 0.096348 0.026780 0.000000
vn -0.098250 0.018628 -0.000000
vn -0.098259 0.018579 -0.000000
vn -0.098274 0.018498 -0.000000
vn -0.098296 0.018383 -0.000000
vn -0.098323 0.018236 -0.000000
vn -0.098355 0.018061 -0.000000
vn -0.098392 0.017862 -0.000000
vn -0.098431 0.017645 -0.000000
vn -0.098622 0.016546 -0.000000
vn -0.098675 0.016228 -0.000000
vn -0.098727 0.015903 -0.000000
vn -0.098779 0.015576 -0.000000
vn -0.099693 0.007824 -0.000000
vn -0.099718 0.007498 -0.000000
vn -0.099800 0.006320 -0.000000
vn -0.099815 0.006079 -0.000000
vn -0.099828 0.005862 -0.000000
vn -0.099840 0.005663 -0.000000
vn -0.099849 0.005489 -0.000000
vn -0.099857 0.005343 -0.000000
vn -0.099863 0.005230 -0.000000
vn -0.099867 0.005149 -0.000000
vn -0.099870 0.005101 -0.000000
vn -0.099857 -0.005343 0.000000
vn -0.099849 -0.005489 0.000000
vn -0.099840 -0.005663 0.000000
vn -0.099828 -0.005862 0.000000
vn -0.099815 -0.006079 0.000000
vn -0.099800 -0.006320 0.000000
vn -0.099783 -0.006586 0.000000
vn -0.099763 -0.006874 0.000000
vn -0.099667 -0.008152 0.000000
vn -0.099640 -0.008475 0.000000
vn -0.098675 -0.016228 0.000000
vn -0.098622 -0.016546 0.000000
vn -0.098570 -0.016850 0.000000
vn -0.098521 -0.017138 0.000000
vn -0.098474 -0.017404 0.000000
vn -0.098323 -0.018236 0.000000
vn -0.098296 -0.018383 0.000000
vn -0.098274 -0.018498 0.000000
vn -0.098259 -0.018579 0.000000
vn -0.098762 -0.015686 0.000000
vn -0.098762 -0.015686 0.000000
vn -0.098090 -0.019452 0.000000
vn -0.098090 -0.019452 0.000000
vn -0.097274 -0.023190 0.000000
vn -0.097274 -0.023190 0.000000
vn -0.096316 -0.026893 0.000000
vn -0.096316 -0.026893 0.000000
vn -0.095217 -0.030558 0.000000
vn -0.095217 -0.030558 0.000000
vn -0.093978 -0.034177 0.000000
vn -0.093978 -0.034177 0.000000
vn -0.092602 -0.037747 0.000000
vn -0.092602 -0.037747 0.000000
vn -0.091091 -0.041261 0.000000
vn -0.091091 -0.041261 0.000000
vn -0.089446 -0.044715 0.000000
vn -0.089446 -0.044715 0.000000
vn -0.087670 -0.048103 0.000000
vn -0.087670 -0.048103 0.000000
vn -0.085766 -0.051421 0.000000
vn -0.085766 -0.051421 0.000000
vn -0.083737 -0.054664 0.000000
vn -0.083737 -0.054664 0.000000
vn -0.081585 -0.057827 0.000000
vn -0.081585 -0.057827 0.000000
vn -0.079313 -0.060905 0.000000
vn -0.079313 -0.060905 0.000000
vn -0.076926 -0.063894 0.000000
vn -0.076926 -0.063894 0.000000
vn -0.074426 -0.066789 0.000000
vn -0.074426 -0.066789 0.000000
vn -0.071817 -0.069587 0.000000
vn -0.071817 -0.069587 0.000000
vn -0.069103 -0.072283 0.000000
vn -0.069103 -0.072283 0.000000
vn -0.066287 -0.074873 0.000000
vn -0.066287 -0.074873 0.000000
vn -0.063375 -0.077354 0.000000
vn -0.063375 -0.077354 0.000000
vn -0.060370 -0.079721 0.000000
vn -0.060370 -0.079721 0.000000
vn -0.057277 -0.081972 0.000000
vn -0.057277 -0.081972 0.000000
vn -0.054099 -0.084103 0.000000
vn -0.054099 -0.084103 0.000000
vn -0.050843 -0.086110 0.000000
vn -0.050843 -0.086110 0.000000
vn -0.047512 -0.087992 0.000000
vn -0.047512 -0.087992 0.000000
vn -0.044112 -0.089745 0.000000
vn -0.044112 -0.089745 0.000000
vn -0.040647 -0.091366 0.000000
vn -0.040647 -0.091366 0.000000
vn -0.037123 -0.092854 0.000000
vn -0.037123 -0.092854 0.000000
vn -0.033544 -0.094206 0.000000
vn -0.033544 -0.094206 0.000000
vn -0.029917 -0.095420 0.000000
vn -0.029917 -0.095420 0.000000
vn -0.026245 -0.096495 0.000000
vn -0.026245 -0.096495 0.000000
vn -0.022535 -0.097428 0.000000
vn -0.022535 -0.097428 0.000000
vn -0.018792 -0.098218 0.000000
vn -0.018792 -0.098218 0.000000
vn -0.015022 -0.098865 0.000000
vn -0.015022 -0.098865 0.000000
vn -0.011229 -0.099368 0.000000
vn -0.011229 -0.099368 0.000000
vn -0.007420 -0.099724 0.000000
vn -0.007420 -0.099724 0.000000
vn -0.003601 -0.099935 0.000000
vn -0.003601 -0.099935 0.000000
vn 0.000224 -0.100000 0.000000
vn 0.000224 -0.100000 0.000000
vn 0.004049 -0.099918 0.000000
vn 0.004049 -0.099918 0.000000
vn 0.007868 -0.099690 0.000000
vn 0.007868 -0.099690 0.000000
vn 0.011675 -0.099316 0.000000
vn 0.011675 -0.099316 0.000000
vn 0.015465 -0.098797 0.000000
vn 0.015465 -0.098797 0.000000
vn 0.019232 -0.098133 0.000000
vn 0.019232 -0.098133 0.000000
vn 0.022972 -0.097326 0.000000
vn 0.022972 -0.097326 0.000000
vn 0.026677 -0.096376 0.000000
vn 0.026677 -0.096376 0.000000
vn 0.030344 -0.095285 0.000000
vn 0.030344 -0.095285 0.000000
vn 0.033966 -0.094055 0.000000
vn 0.033966 -0.094055 0.000000
vn 0.037539 -0.092687 0.000000
vn 0.037539 -0.092687 0.000000
vn 0.041056 -0.091183 0.000000
vn 0.041056 -0.091183 0.000000
vn 0.044514 -0.089546 0.000000
vn 0.044514 -0.089546 0.000000
vn 0.047906 -0.087778 0.000000
vn 0.047906 -0.087778 0.000000
vn 0.051229 -0.085881 0.000000
vn 0.051229 -0.085881 0.000000
vn 0.054476 -0.083859 0.000000
vn 0.054476 -0.083859 0.000000
vn 0.057644 -0.081714 0.000000
vn 0.057644 -0.081714 0.000000
vn 0.060727 -0.079450 0.000000
vn 0.060727 -0.079450 0.000000
vn 0.063721 -0.077069 0.000000
vn 0.063721 -0.077069 0.000000
vn 0.066622 -0.074575 0.000000
vn 0.066622 -0.074575 0.000000
vn 0.069426 -0.071972 0.000000
vn 0.069426 -0.071972 0.000000
vn 0.072128 -0.069264 0.000000
vn 0.072128 -0.069264 0.000000
vn 0.074724 -0.066455 0.000000
vn 0.074724 -0.066455 0.000000
vn 0.077211 -0.063548 0.000000
vn 0.077211 -0.063548 0.000000
vn 0.079586 -0.060549 0.000000
vn 0.079586 -0.060549 0.000000
vn 0.081843 -0.057460 0.000000
vn 0.081843 -0.057460 0.000000
vn 0.083981 -0.054288 0.000000
vn 0.083981 -0.054288 0.000000
vn 0.085996 -0.051036 0.000000
vn 0.085996 -0.051036 0.000000
vn 0.087885 -0.047710 0.000000
vn 0.087885 -0.047710 0.000000
vn 0.089646 -0.044313 0.000000
vn 0.089646 -0.044313 0.000000
vn 0.091275 -0.040852 0.000000
vn 0.091275 -0.040852 0.000000
vn 0.092771 -0.037331 0.000000
vn 0.092771 -0.037331 0.000000
vn 0.094131 -0.033755 0.000000
vn 0.094131 -0.033755 0.000000
vn 0.095353 -0.030130 0.000000
vn 0.095353 -0.030130 0.000000
vn 0.096435 -0.026461 0.000000
vn 0.096435 -0.026461 0.000000
vn 0.097377 -0.022753 0.000000
vn 0.097377 -0.022753 0.000000
vn 0.098176 -0.019012 0.000000
vn 0.098176 -0.019012 0.000000
vn 0.098831 -0.015243 0.000000
vn 0.098831 -0.015243 0.000000
vn 0.099342 -0.011452 0.000000
vn 0.099342 -0.011452 0.000000
vn 0.099707 -0.007644 0.000000
vn 0.099707 -0.007644 0.000000
vn 0.099927 -0.003825 0.000000
vn 0.099927 -0.003825 0.000000
vn 0.100000 -0.000000 0.000000
vn 0.100000 -0.000000 0.000000
vn 0.099927 0.003825 0.000000
vn 0.099927 0.003825 0.000000
vn 0.099707 0.007644 0.000000
vn 0.099707 0.007644 0.000000
vn 0.099342 0.011452 0.000000
vn 0.099342 0.011452 0.000000
vn 0.098831 0.015243 0.000000
vn 0.098831 0.015243 0.000000
vn 0.098176 0.019012 0.000000
vn 0.098176 0.019012 0.000000
vn 0.097377 0.022753 0.000000
vn 0.097377 0.022753 0.000000
vn 0.096435 0.026461 0.000000
vn 0.096435 0.026461 0.000000
vn 0.095353 0.030130 0.000000
vn 0.095353 0.030130 0.000000
vn 0.094131 0.033755 0.000000
vn 0.094131 0.033755 0.000000
vn 0.092771 0.037331 0.000000
vn 0.092771 0.037331 0.000000
vn 0.091275 0.040852 0.000000
vn 0.091275 0.040852 0.000000
vn 0.089646 0.044313 0.000000
vn 0.089646 0.044313 0.000000
vn 0.087885 0.047710 0.000000
vn 0.087885 0.047710 0.000000
vn 0.085996 0.051036 0.000000
vn 0.085996 0.051036 0.000000
vn 0.083981 0.054288 0.000000
vn 0.083981 0.054288 0.000000
vn 0.081843 0.057460 0.000000
vn 0.081843 0.057460 0.000000
vn 0.079586 0.060549 0.000000
vn 0.079586 0.060549 0.000000
vn 0.077211 0.063548 0.000000
vn 0.077211 0.063548 0.000000
vn 0.074724 0.066455 0.000000
vn 0.074724 0.066455 0.000000
vn 0.072128 0.069264 0.000000
vn 0.072128 0.069264 0.000000
vn 0.069426 0.071972 0.000000
vn 0.069426 0.071972 0.000000
vn 0.066622 0.074575 0.000000
vn 0.066622 0.074575 0.000000
vn 0.063721 0.077069 0.000000
vn 0.063721 0.077069 0.000000
vn 0.060727 0.079450 0.000000
vn 0.060727 0.079450 0.000000
vn 0.057644 0.081714 0.000000
vn 0.057644 0.081714 0.000000
vn 0.054476 0.083859 0.000000
vn 0.054476 0.083859 0.000000
vn 0.051229 0.085881 0.000000
vn 0.051229 0.085881 0.000000
vn 0.047906 0.087778 0.000000
vn 0.047906 0.087778 0.000000
vn 0.044514 0.089546 0.000000
vn 0.044514 0.089546 0.000000
vn 0.041056 0.091183 0.000000
vn 0.041056 0.091183 0.000000
vn 0.037539 0.092687 0.000000
vn 0.037539 0.092687 0.000000
vn 0.033966 0.094055 0.000000
vn 0.033966 0.094055 0.000000
vn 0.030344 0.095285 0.000000
vn 0.030344 0.095285 0.000000
vn 0.026677 0.096376 0.000000
vn 0.026677 0.096376 0.000000
vn 0.022972 0.097326 0.000000
vn 0.022972 0.097326 0.000000
vn 0.019232 0.098133 0.000000
vn 0.019232 0.098133 0.000000
vn 0.015465 0.098797 0.000000
vn 0.015465 0.098797 0.000000
vn 0.011675 0.099316 0.000000
vn 0.011675 0.099316 0.000000
vn 0.007868 0.099690 0.000000
vn 0.007868 0.099690 0.000000
vn 0.004049 0.099918 0.000000
vn 0.004049 0.099918 0.000000
vn 0.000224 0.100000 0.000000
vn 0.000224 0.100000 0.000000
vn -0.003601 0.099935 0.000000
vn -0.003601 0.099935 0.000000
vn -0.007420 0.099724 0.000000
vn -0.007420 0.099724 0.000000
vn -0.011229 0.099368 0.000000
vn -0.011229 0.099368 0.000000
vn -0.015022 0.098865 0.000000
vn -0.015022 0.098865 0.000000
vn -0.018792 0.098218 0.000000
vn -0.018792 0.098218 0.000000
vn -0.022535 0.097428 0.000000
vn -0.022535 0.097428 0.000000
vn -0.026245 0.096495 0.000000
vn -0.026245 0.096495 0.000000
vn -0.029917 0.095420 0.000000
vn -0.029917 0.095420 0.000000
vn -0.033544 0.094206 0.000000
vn -0.033544 0.094206 0.000000
vn -0.037123 0.092854 0.000000
vn -0.037123 0.092854 0.000000
vn -0.040647 0.091366 0.000000
vn -0.040647 0.091366 0.000000
vn -0.044112 0.089745 0.000000
vn -0.044112 0.089745 0.000000
vn -0.047512 0.087992 0.000000
vn -0.047512 0.087992 0.000000
vn -0.050843 0.086110 0.000000
vn -0.050843 0.086110 0.000000
vn -0.054099 0.084103 0.000000
vn -0.054099 0.084103 0.000000
vn -0.057277 0.081972 0.000000
vn -0.057277 0.081972 0.000000
vn -0.060370 0.079721 0.000000
vn -0.060370 0.079721 0.000000
vn -0.063375 0.077354 0.000000
vn -0.063375 0.077354 0.000000
vn -0.066287 0.074873 0.000000
vn -0.066287 0.074873 0.000000
vn -0.069103 0.072283 0.000000
vn -0.069103 0.072283 0.000000
vn -0.071817 0.069587 0.000000
vn -0.071817 0.069587 0.000000
vn -0.074426 0.066789 0.000000
vn -0.074426 0.066789 0.000000
vn -0.076926 0.063894 0.000000
vn -0.076926 0.063894 0.000000
vn -0.079313 0.060905 0.000000
vn -0.079313 0.060905 0.000000
vn -0.081585 0.057827 0.000000
vn -0.081585 0.057827 0.000000
vn -0.083737 0.054664 0.000000
vn -0.083737 0.054664 0.000000
vn -0.085766 0.051421 0.000000
vn -0.085766 0.051421 0.000000
vn -0.087670 0.048103 0.000000
vn -0.087670 0.048103 0.000000
vn -0.089446 0.044715 0.000000
vn -0.089446 0.044715 0.000000
vn -0.091091 0.041261 0.000000
vn -0.091091 0.041261 0.000000
vn -0.092602 0.037747 0.000000
vn -0.092602 0.037747 0.000000
vn -0.093978 0.034177 0.000000
vn -0.093978 0.034177 0.000000
vn -0.095217 0.030558 0.000000
vn -0.095217 0.030558 0.000000
vn -0.096316 0.026893 0.000000
vn -0.096316 0.026893 0.000000
vn -0.097274 0.023190 0.000000
vn -0.097274 0.023190 0.000000
vn -0.098090 0.019452 0.000000
vn -0.098090 0.019452 0.000000
vn -0.098762 0.015686 0.000000
vn -0.098762 0.015686 0.000000
vn 0.000000 0.000000 -0.100000
vn 0.000000 0.000000 -0.100000
vn 0.000000 0.000000 -0.100000
vn 0.000000 0.000000 -0.100000
vn 0.000000 0.000000 -0.100000
vn 0.000000 0.000000 -0.100000
vn 0.000000 0.000000 -0.100000
vn 0.000000 0.000000 -0.100000
vn 0.000000 0.000000 -0.100000
vn 0.000000 0.000000 -0.100000
vn 0.000000 0.000000 -0.100000
vn 0.000000 0.000000 -0.100000
vn 0.000000 0.000000 -0.100000
vn 0.000000 0.000000 -0.100000
vn 0.000000 0.000000 -0.100000
vn 0.000000 0.000000 -0.100000
vn 0.000000 0.000000 -0.100000
vn 0.000000 0.000000 -0.100000
vn 0.000000 0.000000 -0.100000
vn 0.000000 0.000000 -0.100000
vn 0.000000 0.000000 -0.100000
vn 0.000000 0.000000 -0.100000
vn 0.000000 0.000000 -0.100000
vn 0.000000 0.000000 -0.100000
vn 0.000000 0.000000 -0.100000
vn 0.000000 0.000000 -0.100000
vn 0.000000 0.000000 -0.100000
vn 0.000000 0.000000 -0.100000
vn 0.000000 0.000000 -0.100000
vn 0.000000 0.000000 -0.100000
vn 0.000000 0.000000 -0.100000
vn 0.000000 0.000000 -0.100000
vn 0.000000 0.000000 -0.100000
vn 0.000000 0.000000 -0.100000
vn 0.000000 0.000000 -0.100000
vn 0.000000 0.000000 -0.100000
vn 0.000000 0.000000 -0.100000
vn 0.000000 0.000000 -0.100000
vn 0.000000 0.000000 -0.100000
vn 0.000000 0.000000 -0.100000
vn 0.000000 0.000000 -0.100000
vn 0.000000 0.000000 -0.100000
vn 0.000000 0.000000 -0.100000
vn 0.000000 0.000000 -0.100000
vn 0.000000 0.000000 -0.100000
vn 0.000000 0.000000 -0.100000
vn 0.000000 0.000000 -0.100000
vn 0.000000 0.000000 -0.100000
vn 0.000000 0.000000 -0.100000
vn 0.000000 0.000000 -0.100000
vn 0.000000 0.000000 -0.100000
vn 0.000000 0.000000 -0.100000
vn 0.000000 0.000000 -0.100000
vn 0.000000 0.000000 -0.100000
vn 0.000000 0.000000 -0.100000
vn 0.000000 0.000000 -0.100000
vn 0.000000 0.000000 -0.100000
vn 0.000000 0.000000 -0.100000
vn 0.000000 0.000000 -0.100000
vn 0.000000 0.000000 -0.100000
vn 0.000000 0.000000 -0.100000
vn 0.000000 0.000000 -0.100000
vn 0.000000 0.000000 -0.100000
vn 0.000000 0.000000 -0.100000
vn 0.000000 0.000000 -0.100000
vn 0.000000 0.000000 -0.100000
vn 0.000000 0.000000 -0.100000
vn 0.000000 0.000000 -0.100000
vn 0.000000 0.000000 -0.100000
vn 0.000000 0.000000 -0.100000
vn 0.000000 0.000000 -0.100000
vn 0.000000 0.000000 -0.100000
vn 0.000000 0.000000 -0.100000
vn 0.000000 0.000000 -0.100000
vn 0.000000 0.000000 -0.100000
vn 0.000000 0.000000 -0.100000
vn 0.000000 0.000000 -0.100000
vn 0.000000 0.000000 -0.100000
vn 0.000000 0.000000 -0.100000
vn 0.000000 0.000000 -0.100000
vn 0.000000 0.000000 -0.100000
vn 0.000000 0.000000 -0.100000
vn 0.000000 0.000000 -0.100000
vn 0.000000 0.000000 -0.100000
vn 0.000000 0.000000 -0.100000
vn 0.000000 0.000000 -0.100000
vn 0.000000 0.000000 -0.100000
vn 0.000000 0.000000 -0.100000
vn 0.000000 0.000000 -0.100000
vn 0.000000 0.000000 -0.100000
vn 0.000000 0.000000 -0.100000
vn 0.000000 0.000000 -0.100000
vn 0.000000 0.000000 -0.100000
vn 0.000000 0.000000 -0.100000
vn 0.000000 0.000000 -0.100000
vn 0.000000 0.000000 -0.100000
vn 0.000000 0.000000 -0.100000
vn 0.000000 0.000000 -0.100000
vn 0.000000 0.000000 -0.100000
vn 0.000000 0.000000 -0.100000
vn 0.000000 0.000000 -0.100000
vn 0.000000 0.000000 -0.100000
vn 0.000000 0.000000 -0.100000
vn 0.000000 0.000000 -0.100000
vn 0.000000 0.000000 -0.100000
vn 0.000000 0.000000 -0.100000
vn 0.000000 0.000000 -0.100000
vn 0.000000 0.000000 -0.100000
vn 0.000000 0.000000 -0.100000
vn 0.000000 0.000000 -0.100000
vn 0.000000 0.000000 -0.100000
vn 0.000000 0.000000 -0.100000
vn 0.000000 0.000000 -0.100000
vn 0.000000 0.000000 -0.100000
vn 0.000000 0.000000 -0.100000
vn 0.000000 0.000000 -0.100000
vn 0.000000 0.000000 -0.100000
vn 0.000000 0.000000 -0.100000
vn 0.000000 0.000000 -0.100000
vn 0.000000 0.000000 -0.100000
vn 0.000000 0.000000 -0.100000
vn 0.000000 0.000000 -0.100000
vn 0.000000 0.000000 -0.100000
vn 0.000000 0.000000 -0.100000
vn 0.000000 0.000000 -0.100000
vn 0.000000 0.000000 -0.100000
vn 0.000000 0.000000 -0.100000
vn 0.000000 0.000000 -0.100000
vn 0.000000 0.000000 -0.100000
vn 0.000000 0.000000 -0.100000
vn 0.000000 0.000000 -0.100000
vn 0.000000 0.000000 -0.100000
vn 0.000000 0.000000 -0.100000
vn 0.000000 0.000000 -0.100000
vn 0.000000 0.000000 -0.100000
vn 0.000000 0.000000 -0.100000
vn 0.000000 0.000000 -0.100000
vn 0.000000 0.000000 -0.100000
vn 0.000000 0.000000 -0.100000
vn 0.000000 0.000000 -0.100000
vn 0.000000 0.000000 -0.100000
vn 0.000000 0.000000 -0.100000
vn 0.000000 0.000000 -0.100000
vn 0.000000 0.000000 -0.100000
vn 0.000000 0.000000 -0.100000
vn 0.000000 0.000000 -0.100000
vn 0.000000 0.000000 -0.100000
vn 0.000000 0.000000 -0.100000
vn 0.000000 0.000000 -0.100000
vn 0.000000 0.000000 -0.100000
vn 0.000000 0.000000 -0.100000
vn 0.000000 0.000000 -0.100000
vn 0.000000 0.000000 -0.100000
vn 0.000000 0.000000 -0.100000
vn 0.000000 0.000000 -0.100000
vn 0.000000 0.000000 -0.100000
vn 0.000000 0.000000 -0.100000
vn 0.000000 0.000000 -0.100000
vn 0.000000 0.000000 -0.100000
vn 0.000000 0.000000 -0.100000
vn 0.000000 0.000000 -0.100000
vn 0.000000 0.000000 -0.100000
vn 0.000000 0.000000 -0.100000
vn 0.000000 0.000000 -0.100000
vn 0.000000 0.000000 -0.100000
vn 0.000000 0.000000 -0.100000
vn 0.000000 0.000000 -0.100000
vn 0.000000 0.000000 -0.100000
vn 0.000000 0.000000 -0.100000
vn 0.000000 0.000000 -0.100000
vn 0.000000 0.000000 -0.100000
vn 0.000000 0.000000 -0.100000
vn 0.000000 0.000000 -0.100000
vn 0.000000 0.000000 -0.100000
vn 0.000000 0.000000 -0.100000
vn 0.000000 0.000000 -0.100000
vn 0.000000 0.000000 -0.100000
vn 0.000000 0.000000 -0.100000
vn 0.000000 0.000000 -0.100000
vn 0.000000 0.000000 -0.100000
vn 0.000000 0.000000 -0.100000
vn 0.000000 0.000000 -0.100000
vn 0.000000 0.000000 -0.100000
vn 0.000000 0.000000 -0.100000
vn 0.000000 0.000000 -0.100000
vn 0.000000 0.000000 -0.100000
vn 0.000000 0.000000 -0.100000
vn 0.000000 0.000000 -0.100000
vn 0.000000 0.000000 -0.100000
vn 0.000000 0.000000 -0.100000
vn 0.000000 0.000000 -0.100000
vn 0.000000 0.000000 -0.100000
vn 0.000000 0.000000 -0.100000
vn 0.000000 0.000000 -0.100000
vn 0.000000 0.000000 -0.100000
vn 0.000000 0.000000 -0.100000
vn 0.000000 0.000000 -0.100000
vn 0.000000 0.000000 -0.100000
vn 0.000000 0.000000 -0.100000
vn 0.000000 0.000000 -0.100000
vn 0.000000 0.000000 -0.100000
vn 0.000000 0.000000 -0.100000
vn 0.000000 0.000000 -0.100000
vn 0.000000 0.000000 -0.100000
vn 0.000000 0.000000 -0.100000
vn 0.000000 0.000000 -0.100000
vn 0.000000 0.000000 -0.100000
vn 0.000000 0.000000 -0.100000
vn 0.000000 0.000000 -0.100000
vn 0.000000 0.000000 -0.100000
vn 0.000000 0.000000 -0.100000
vn 0.000000 0.000000 -0.100000
vn 0.000000 0.000000 -0.100000
vn 0.000000 0.000000 -0.100000
vn 0.000000 0.000000 -0.100000
vn 0.000000 0.000000 -0.100000
vn 0.000000 0.000000 -0.100000
vn 0.000000 0.000000 -0.100000
vn 0.000000 0.000000 -0.100000
vn 0.000000 0.000000 -0.100000
vn 0.000000 0.000000 -0.100000
vn 0.000000 0.000000 -0.100000
vn 0.000000 0.000000 -0.100000
vn 0.000000 0.000000 -0.100000
vn 0.000000 0.000000 -0.100000
vn 0.000000 0.000000 -0.100000
vn 0.000000 0.000000 -0.100000
vn 0.000000 0.000000 -0.100000
vn 0.000000 0.000000 -0.100000
vn 0.000000 0.000000 -0.100000
vn 0.000000 0.000000 -0.100000
vn 0.000000 0.000000 -0.100000
vn 0.000000 0.000000 -0.100000
vn 0.000000 0.000000 -0.100000
vn 0.000000 0.000000 -0.100000
vn 0.000000 0.000000 -0.100000
vn 0.000000 0.000000 -0.100000
vn 0.000000 0.000000 -0.100000
vn 0.000000 0.000000 -0.100000
vn 0.000000 0.000000 -0.100000
vn 0.000000 0.000000 -0.100000
vn 0.000000 0.000000 -0.100000
vn 0.000000 0.000000 -0.100000
vn 0.000000 0.000000 -0.100000
vn 0.000000 0.000000 -0.100000
vn 0.000000 0.000000 -0.100000
vn 0.000000 0.000000 -0.100000
vn 0.000000 0.000000 -0.100000
vn 0.000000 0.000000 -0.100000
vn 0.000000 0.000000 -0.100000
vn 0.000000 0.000000 -0.100000
vn 0.000000 0.000000 -0.100000
vn 0.000000 0.000000 -0.100000
vn 0.000000 0.000000 -0.100000
vn 0.000000 0.000000 -0.100000
vn 0.000000 0.000000 -0.100000
vn 0.000000 0.000000 -0.100000
vn 0.000000 0.000000 -0.100000
vn 0.000000 0.000000 -0.100000
vn 0.000000 0.000000 -0.100000
vn 0.000000 0.000000 -0.100000
vn 0.000000 0.000000 -0.100000
vn 0.000000 0.000000 -0.100000
vn 0.000000 0.000000 -0.100000
vn 0.000000 0.000000 -0.100000
vn 0.000000 0.000000 -0.100000
vn 0.000000 0.000000 -0.100000
vn 0.000000 0.000000 -0.100000
vn 0.000000 0.000000 -0.100000
vn 0.000000 0.000000 -0.100000
vn 0.000000 0.000000 -0.100000
vn 0.000000 0.000000 -0.100000
vn 0.000000 0.000000 -0.100000
vn 0.000000 0.000000 -0.100000
vn 0.000000 0.000000 -0.100000
vn 0.000000 0.000000 -0.100000
vn 0.000000 0.000000 -0.100000
vn 0.000000 0.000000 -0.100000
vn 0.000000 0.000000 -0.100000
vn 0.000000 0.000000 -0.100000
vn 0.000000 0.000000 -0.100000
vn 0.000000 0.000000 -0.100000
vn 0.000000 0.000000 -0.100000
vn 0.000000 0.000000 -0.100000
vn 0.000000 0.000000 -0.100000
vn 0.000000 0.000000 -0.100000
vn 0.000000 0.000000 -0.100000
vn 0.000000 0.000000 -0.100000
vn 0.000000 0.000000 -0.100000
vn 0.000000 0.000000 -0.100000
vn 0.000000 0.000000 -0.100000
vn 0.000000 0.000000 -0.100000
vn 0.000000 0.000000 -0.100000
vn 0.000000 0.000000 -0.100000
vn 0.000000 0.000000 -0.100000
vn 0.000000 0.000000 -0.100000
vn 0.000000 0.000000 -0.100000
vn 0.000000 0.000000 -0.100000
vn 0.000000 0.000000 -0.100000
vn 0.000000 0.000000 -0.100000
vn 0.000000 0.000000 -0.100000
vn 0.000000 0.000000 -0.100000
vn 0.000000 0.000000 -0.100000
vn 0.000000 0.000000 -0.100000
vn 0.000000 0.000000 -0.100000
vn 0.000000 0.000000 -0.100000
vn 0.000000 0.000000 -0.100000
vn 0.000000 0.000000 -0.100000
vn 0.000000 0.000000 -0.100000
vn 0.000000 0.000000 -0.100000
vn 0.000000 0.000000 -0.100000
vn 0.000000 0.000000 -0.100000
vn 0.000000 0.000000 -0.100000
vn 0.000000 0.000000 -0.100000
vn 0.000000 0.000000 -0.100000
vn 0.000000 0.000000 -0.100000
vn 0.000000 0.000000 -0.100000
vn 0.000000 0.000000 -0.100000
vn 0.000000 0.000000 -0.100000
vn 0.000000 0.000000 -0.100000
usemtl 191,191,191
f 1/1/1 2/2/2 4/3/3
f 4/3/3 2/2/2 3/4/4
f 5/5/5 6/6/6 8/7/7
f 8/7/7 6/6/6 7/8/8
f 2/9/9 1/10/10 170/11/11
f 170/11/11 1/10/10 169/12/12
f 169/12/12 1/10/10 210/13/13
f 169/12/12 210/13/13 168/14/14
f 168/14/14 210/13/13 211/15/15
f 168/14/14 211/15/15 167/16/16
f 167/16/16 211/15/15 212/17/17
f 167/16/16 212/17/17 166/18/18
f 166/18/18 212/17/17 213/19/19
f 166/18/18 213/19/19 165/20/20
f 165/20/20 213/19/19 214/21/21
f 165/20/20 214/21/21 164/22/22
f 164/22/22 214/21/21 215/23/23
f 164/22/22 215/23/23 163/24/24
f 163/24/24 215/23/23 216/25/25
f 163/24/24 216/25/25 162/26/26
f 162/26/26 216/25/25 217/27/27
f 162/26/26 217/27/27 161/28/28
f 161/28/28 217/27/27 218/29/29
f 161/28/28 218/29/29 160/30/30
f 160/30/30 218/29/29 219/31/31
f 160/30/30 219/31/31 159/32/32
f 159/32/32 219/31/31 220/33/33
f 159/32/32 220/33/33 158/34/34
f 158/34/34 220/33/33 221/35/35
f 158/34/34 221/35/35 157/36/36
f 157/36/36 221/35/35 222/37/37
f 157/36/36 222/37/37 156/38/38
f 156/38/38 222/37/37 223/39/39
f 156/38/38 223/39/39 155/40/40
f 155/40/40 223/39/39 224/41/41
f 155/40/40 224/41/41 225/42/42
f 210/13/13 1/10/10 194/43/43
f 194/43/43 1/10/10 9/44/44
f 194/43/43 9/44/44 193/45/45
f 193/45/45 9/44/44 10/46/46
f 193/45/45 10/46/46 192/47/47
f 192/47/47 10/46/46 11/48/48
f 192/47/47 11/48/48 191/49/49
f 191/49/49 11/48/48 12/50/50
f 191/49/49 12/50/50 190/51/51
f 190/51/51 12/50/50 189/52/52
f 189/52/52 12/50/50 13/53/53
f 189/52/52 13/53/53 188/54/54
f 188/54/54 13/53/53 14/55/55
f 188/54/54 14/55/55 187/56/56
f 187/56/56 14/55/55 15/57/57
f 187/56/56 15/57/57 186/58/58
f 186/58/58 15/57/57 6/59/59
f 186/58/58 6/59/59 371/60/60
f 371/60/60 6/59/59 17/61/61
f 371/60/60 17/61/61 18/62/62
f 5/63/63 16/64/64 6/59/59
f 6/59/59 16/64/64 17/61/61
f 371/60/60 18/62/62 370/65/65
f 370/65/65 18/62/62 19/66/66
f 370/65/65 19/66/66 369/67/67
f 369/67/67 19/66/66 20/68/68
f 369/67/67 20/68/68 368/69/69
f 368/69/69 20/68/68 21/70/70
f 368/69/69 21/70/70 367/71/71
f 367/71/71 21/70/70 22/72/72
f 367/71/71 22/72/72 366/73/73
f 366/73/73 22/72/72 23/74/74
f 366/73/73 23/74/74 365/75/75
f 365/75/75 23/74/74 24/76/76
f 365/75/75 24/76/76 364/77/77
f 364/77/77 24/76/76 25/78/78
f 364/77/77 25/78/78 363/79/79
f 363/79/79 25/78/78 26/80/80
f 363/79/79 26/80/80 362/81/81
f 362/81/81 26/80/80 27/82/82
f 362/81/81 27/82/82 361/83/83
f 361/83/83 27/82/82 28/84/84
f 361/83/83 28/84/84 360/85/85
f 360/85/85 28/84/84 29/86/86
f 360/85/85 29/86/86 359/87/87
f 359/87/87 29/86/86 30/88/88
f 359/87/87 30/88/88 358/89/89
f 358/89/89 30/88/88 31/90/90
f 358/89/89 31/90/90 357/91/91
f 357/91/91 31/90/90 356/92/92
f 356/92/92 31/90/90 32/93/93
f 356/92/92 32/93/93 355/94/94
f 355/94/94 32/93/93 33/95/95
f 355/94/94 33/95/95 354/96/96
f 354/96/96 33/95/95 34/97/97
f 354/96/96 34/97/97 353/98/98
f 353/98/98 34/97/97 35/99/99
f 353/98/98 35/99/99 352/100/100
f 352/100/100 35/99/99 36/101/101
f 352/100/100 36/101/101 351/102/102
f 351/102/102 36/101/101 37/103/103
f 351/102/102 37/103/103 350/104/104
f 350/104/104 37/103/103 38/105/105
f 350/104/104 38/105/105 349/106/106
f 349/106/106 38/105/105 39/107/107
f 349/106/106 39/107/107 348/108/108
f 348/108/108 39/107/107 40/109/109
f 348/108/108 40/109/109 347/110/110
f 347/110/110 40/109/109 41/111/111
f 347/110/110 41/111/111 346/112/112
f 346/112/112 41/111/111 42/113/113
f 346/112/112 42/113/113 345/114/114
f 345/114/114 42/113/113 43/115/115
f 345/114/114 43/115/115 344/116/116
f 344/116/116 43/115/115 44/117/117
f 344/116/116 44/117/117 343/118/118
f 343/118/118 44/117/117 45/119/119
f 343/118/118 45/119/119 342/120/120
f 342/120/120 45/119/119 341/121/121
f 341/121/121 45/119/119 46/122/122
f 341/121/121 46/122/122 340/123/123
f 340/123/123 46/122/122 47/124/124
f 340/123/123 47/124/124 339/125/125
f 339/125/125 47/124/124 48/126/126
f 339/125/125 48/126/126 338/127/127
f 338/127/127 48/126/126 49/128/128
f 338/127/127 49/128/128 337/129/129
f 337/129/129 49/128/128 50/130/130
f 337/129/129 50/130/130 336/131/131
f 336/131/131 50/130/130 51/132/132
f 336/131/131 51/132/132 335/133/133
f 335/133/133 51/132/132 52/134/134
f 335/133/133 52/134/134 334/135/135
f 334/135/135 52/134/134 53/136/136
f 334/135/135 53/136/136 333/137/137
f 333/137/137 53/136/136 54/138/138
f 333/137/137 54/138/138 332/139/139
f 332/139/139 54/138/138 55/140/140
f 332/139/139 55/140/140 331/141/141
f 331/141/141 55/140/140 56/142/142
f 331/141/141 56/142/142 330/143/143
f 330/143/143 56/142/142 57/144/144
f 330/143/143 57/144/144 329/145/145
f 329/145/145 57/144/144 58/146/146
f 329/145/145 58/146/146 328/147/147
f 328/147/147 58/146/146 59/148/148
f 328/147/147 59/148/148 327/149/149
f 327/149/149 59/148/148 326/150/150
f 326/150/150 59/148/148 60/151/151
f 326/150/150 60/151/151 325/152/152
f 325/152/152 60/151/151 61/153/153
f 325/152/152 61/153/153 324/154/154
f 324/154/154 61/153/153 62/155/155
f 324/154/154 62/155/155 323/156/156
f 323/156/156 62/155/155 63/157/157
f 323/156/156 63/157/157 322/158/158
f 322/158/158 63/157/157 64/159/159
f 322/158/158 64/159/159 321/160/160
f 321/160/160 64/159/159 65/161/161
f 321/160/160 65/161/161 320/162/162
f 320/162/162 65/161/161 66/163/163
f 320/162/162 66/163/163 319/164/164
f 319/164/164 66/163/163 67/165/165
f 319/164/164 67/165/165 318/166/166
f 318/166/166 67/165/165 68/167/167
f 318/166/166 68/167/167 317/168/168
f 317/168/168 68/167/167 69/169/169
f 317/168/168 69/169/169 316/170/170
f 316/170/170 69/169/169 70/171/171
f 316/170/170 70/171/171 315/172/172
f 315/172/172 70/171/171 71/173/173
f 315/172/172 71/173/173 314/174/174
f 314/174/174 71/173/173 72/175/175
f 314/174/174 72/175/175 313/176/176
f 313/176/176 72/175/175 73/177/177
f 313/176/176 73/177/177 312/178/178
f 312/178/178 73/177/177 311/179/179
f 311/179/179 73/177/177 74/180/180
f 311/179/179 74/180/180 310/181/181
f 310/181/181 74/180/180 75/182/182
f 310/181/181 75/182/182 309/183/183
f 309/183/183 75/182/182 76/184/184
f 309/183/183 76/184/184 308/185/185
f 308/185/185 76/184/184 77/186/186
f 308/185/185 77/186/186 307/187/187
f 307/187/187 77/186/186 78/188/188
f 307/187/187 78/188/188 306/189/189
f 306/189/189 78/188/188 79/190/190
f 306/189/189 79/190/190 305/191/191
f 305/191/191 79/190/190 80/192/192
f 305/191/191 80/192/192 304/193/193
f 304/193/193 80/192/192 81/194/194
f 304/193/193 81/194/194 303/195/195
f 303/195/195 81/194/194 82/196/196
f 303/195/195 82/196/196 302/197/197
f 302/197/197 82/196/196 83/198/198
f 302/197/197 83/198/198 301/199/199
f 301/199/199 83/198/198 84/200/200
f 301/199/199 84/200/200 300/201/201
f 300/201/201 84/200/200 85/202/202
f 300/201/201 85/202/202 299/203/203
f 299/203/203 85/202/202 86/204/204
f 299/203/203 86/204/204 298/205/205
f 298/205/205 86/204/204 297/206/206
f 297/206/206 86/204/204 87/207/207
f 297/206/206 87/207/207 296/208/208
f 296/208/208 87/207/207 88/209/209
f 296/208/208 88/209/209 295/210/210
f 295/210/210 88/209/209 89/211/211
f 295/210/210 89/211/211 294/212/212
f 294/212/212 89/211/211 90/213/213
f 294/212/212 90/213/213 293/214/214
f 293/214/214 90/213/213 91/215/215
f 293/214/214 91/215/215 292/216/216
f 292/216/216 91/215/215 92/217/217
f 292/216/216 92/217/217 291/218/218
f 291/218/218 92/217/217 93/219/219
f 291/218/218 93/219/219 290/220/220
f 290/220/220 93/219/219 94/221/221
f 290/220/220 94/221/221 289/222/222
f 289/222/222 94/221/221 95/223/223
f 289/222/222 95/223/223 288/224/224
f 288/224/224 95/223/223 96/225/225
f 288/224/224 96/225/225 287/226/226
f 287/226/226 96/225/225 97/227/227
f 287/226/226 97/227/227 286/228/228
f 286/228/228 97/227/227 98/229/229
f 286/228/228 98/229/229 285/230/230
f 285/230/230 98/229/229 99/231/231
f 285/230/230 99/231/231 284/232/232
f 284/232/232 99/231/231 100/233/233
f 284/232/232 100/233/233 283/234/234
f 283/234/234 100/233/233 282/235/235
f 282/235/235 100/233/233 101/236/236
f 282/235/235 101/236/236 281/237/237
f 281/237/237 101/236/236 102/238/238
f 281/237/237 102/238/238 280/239/239
f 280/239/239 102/238/238 103/240/240
f 280/239/239 103/240/240 279/241/241
f 279/241/241 103/240/240 104/242/242
f 279/241/241 104/242/242 278/243/243
f 278/243/243 104/242/242 105/244/244
f 278/243/243 105/244/244 277/245/245
f 277/245/245 105/244/244 106/246/246
f 277/245/245 106/246/246 276/247/247
f 276/247/247 106/246/246 107/248/248
f 276/247/247 107/248/248 275/249/249
f 275/249/249 107/248/248 108/250/250
f 275/249/249 108/250/250 274/251/251
f 274/251/251 108/250/250 109/252/252
f 274/251/251 109/252/252 273/253/253
f 273/253/253 109/252/252 110/254/254
f 273/253/253 110/254/254 272/255/255
f 272/255/255 110/254/254 111/256/256
f 272/255/255 111/256/256 271/257/257
f 271/257/257 111/256/256 112/258/258
f 271/257/257 112/258/258 270/259/259
f 270/259/259 112/258/258 113/260/260
f 270/259/259 113/260/260 269/261/261
f 269/261/261 113/260/260 268/262/262
f 268/262/262 113/260/260 114/263/263
f 268/262/262 114/263/263 267/264/264
f 267/264/264 114/263/263 115/265/265
f 267/264/264 115/265/265 266/266/266
f 266/266/266 115/265/265 116/267/267
f 266/266/266 116/267/267 265/268/268
f 265/268/268 116/267/267 117/269/269
f 265/268/268 117/269/269 264/270/270
f 264/270/270 117/269/269 118/271/271
f 264/270/270 118/271/271 263/272/272
f 263/272/272 118/271/271 119/273/273
f 263/272/272 119/273/273 262/274/274
f 262/274/274 119/273/273 120/275/275
f 262/274/274 120/275/275 261/276/276
f 261/276/276 120/275/275 121/277/277
f 261/276/276 121/277/277 260/278/278
f 260/278/278 121/277/277 122/279/279
f 260/278/278 122/279/279 259/280/280
f 259/280/280 122/279/279 123/281/281
f 259/280/280 123/281/281 258/282/282
f 258/282/282 123/281/281 124/283/283
f 258/282/282 124/283/283 257/284/284
f 257/284/284 124/283/283 125/285/285
f 257/284/284 125/285/285 256/286/286
f 256/286/286 125/285/285 126/287/287
f 256/286/286 126/287/287 255/288/288
f 255/288/288 126/287/287 127/289/289
f 255/288/288 127/289/289 254/290/290
f 254/290/290 127/289/289 253/291/291
f 253/291/291 127/289/289 128/292/292
f 253/291/291 128/292/292 252/293/293
f 252/293/293 128/292/292 129/294/294
f 252/293/293 129/294/294 251/295/295
f 251/295/295 129/294/294 130/296/296
f 251/295/295 130/296/296 250/297/297
f 250/297/297 130/296/296 131/298/298
f 250/297/297 131/298/298 249/299/299
f 249/299/299 131/298/298 132/300/300
f 249/299/299 132/300/300 248/301/301
f 248/301/301 132/300/300 133/302/302
f 248/301/301 133/302/302 247/303/303
f 247/303/303 133/302/302 134/304/304
f 247/303/303 134/304/304 246/305/305
f 246/305/305 134/304/304 135/306/306
f 246/305/305 135/306/306 245/307/307
f 245/307/307 135/306/306 136/308/308
f 245/307/307 136/308/308 244/309/309
f 244/309/309 136/308/308 137/310/310
f 244/309/309 137/310/310 243/311/311
f 243/311/311 137/310/310 138/312/312
f 243/311/311 138/312/312 242/313/313
f 242/313/313 138/312/312 139/314/314
f 242/313/313 139/314/314 241/315/315
f 241/315/315 139/314/314 140/316/316
f 241/315/315 140/316/316 240/317/317
f 240/317/317 140/316/316 141/318/318
f 240/317/317 141/318/318 239/319/319
f 239/319/319 141/318/318 238/320/320
f 238/320/320 141/318/318 142/321/321
f 238/320/320 142/321/321 237/322/322
f 237/322/322 142/321/321 143/323/323
f 237/322/322 143/323/323 236/324/324
f 236/324/324 143/323/323 144/325/325
f 236/324/324 144/325/325 235/326/326
f 235/326/326 144/325/325 145/327/327
f 235/326/326 145/327/327 234/328/328
f 234/328/328 145/327/327 146/329/329
f 234/328/328 146/329/329 233/330/330
f 233/330/330 146/329/329 147/331/331
f 233/330/330 147/331/331 232/332/332
f 232/332/332 147/331/331 148/333/333
f 232/332/332 148/333/333 231/334/334
f 231/334/334 148/333/333 149/335/335
f 231/334/334 149/335/335 230/336/336
f 230/336/336 149/335/335 150/337/337
f 230/336/336 150/337/337 229/338/338
f 229/338/338 150/337/337 151/339/339
f 229/338/338 151/339/339 228/340/340
f 228/340/340 151/339/339 152/341/341
f 228/340/340 152/341/341 227/342/342
f 227/342/342 152/341/341 153/343/343
f 227/342/342 153/343/343 226/344/344
f 226/344/344 153/343/343 154/345/345
f 226/344/344 154/345/345 225/42/42
f 225/42/42 154/345/345 155/40/40
f 172/346/346 182/347/347 171/348/348
f 171/348/348 182/347/347 183/349/349
f 171/348/348 183/349/349 186/58/58
f 186/58/58 183/349/349 184/350/350
f 186/58/58 184/350/350 185/351/351
f 172/346/346 173/352/352 182/347/347
f 182/347/347 173/352/352 174/353/353
f 182/347/347 174/353/353 175/354/354
f 175/354/354 176/355/355 182/347/347
f 182/347/347 176/355/355 177/356/356
f 182/347/347 177/356/356 178/357/357
f 178/357/357 179/358/358 182/347/347
f 182/347/347 179/358/358 180/359/359
f 182/347/347 180/359/359 181/360/360
f 195/361/361 196/362/362 194/43/43
f 194/43/43 196/362/362 197/363/363
f 194/43/43 197/363/363 209/364/364
f 209/364/364 197/363/363 198/365/365
f 209/364/364 198/365/365 208/366/366
f 208/366/366 198/365/365 207/367/367
f 207/367/367 198/365/365 206/368/368
f 206/368/368 198/365/365 205/369/369
f 205/369/369 198/365/365 204/370/370
f 204/370/370 198/365/365 203/371/371
f 203/371/371 198/365/365 202/372/372
f 202/372/372 198/365/365 201/373/373
f 201/373/373 198/365/365 200/374/374
f 200/374/374 198/365/365 199/375/375
f 209/364/364 210/13/13 194/43/43
f 371/60/60 171/348/348 186/58/58
f 372/376/376 373/377/377 469/378/378
f 469/378/378 373/377/377 374/379/379
f 469/378/378 374/379/379 468/380/380
f 468/380/380 374/379/379 466/381/381
f 468/380/380 466/381/381 467/382/382
f 374/379/379 375/383/383 466/381/381
f 466/381/381 375/383/383 465/384/384
f 465/384/384 375/383/383 376/385/385
f 465/384/384 376/385/385 464/386/386
f 464/386/386 376/385/385 377/387/387
f 464/386/386 377/387/387 463/388/388
f 463/388/388 377/387/387 378/389/389
f 463/388/388 378/389/389 462/390/390
f 462/390/390 378/389/389 379/391/391
f 462/390/390 379/391/391 461/392/392
f 461/392/392 379/391/391 380/393/393
f 461/392/392 380/393/393 460/394/394
f 460/394/394 380/393/393 381/395/395
f 460/394/394 381/395/395 459/396/396
f 459/396/396 381/395/395 382/397/397
f 459/396/396 382/397/397 458/398/398
f 458/398/398 382/397/397 383/399/399
f 458/398/398 383/399/399 457/400/400
f 457/400/400 383/399/399 384/401/401
f 457/400/400 384/401/401 456/402/402
f 456/402/402 384/401/401 385/403/403
f 456/402/402 385/403/403 455/404/404
f 455/404/404 385/403/403 386/405/405
f 455/404/404 386/405/405 454/406/406
f 454/406/406 386/405/405 387/407/407
f 454/406/406 387/407/407 453/408/408
f 453/408/408 387/407/407 388/409/409
f 453/408/408 388/409/409 452/410/410
f 452/410/410 388/409/409 389/411/411
f 452/410/410 389/411/411 451/412/412
f 451/412/412 389/411/411 390/413/413
f 451/412/412 390/413/413 450/414/414
f 450/414/414 390/413/413 391/415/415
f 450/414/414 391/415/415 449/416/416
f 449/416/416 391/415/415 392/417/417
f 449/416/416 392/417/417 448/418/418
f 448/418/418 392/417/417 393/419/419
f 448/418/418 393/419/419 447/420/420
f 447/420/420 393/419/419 394/421/421
f 447/420/420 394/421/421 446/422/422
f 446/422/422 394/421/421 395/423/423
f 446/422/422 395/423/423 445/424/424
f 445/424/424 395/423/423 396/425/425
f 445/424/424 396/425/425 444/426/426
f 444/426/426 396/425/425 397/427/427
f 444/426/426 397/427/427 443/428/428
f 443/428/428 397/427/427 398/429/429
f 443/428/428 398/429/429 442/430/430
f 442/430/430 398/429/429 399/431/431
f 442/430/430 399/431/431 441/432/432
f 441/432/432 399/431/431 400/433/433
f 441/432/432 400/433/433 440/434/434
f 440/434/434 400/433/433 401/435/435
f 440/434/434 401/435/435 439/436/436
f 439/436/436 401/435/435 402/437/437
f 439/436/436 402/437/437 438/438/438
f 438/438/438 402/437/437 403/439/439
f 438/438/438 403/439/439 437/440/440
f 437/440/440 403/439/439 404/441/441
f 437/440/440 404/441/441 436/442/442
f 436/442/442 404/441/441 405/443/443
f 436/442/442 405/443/443 406/444/444
f 436/442/442 406/444/444 435/445/445
f 435/445/445 406/444/444 407/446/446
f 435/445/445 407/446/446 434/447/447
f 434/447/447 407/446/446 408/448/448
f 434/447/447 408/448/448 433/449/449
f 433/449/449 408/448/448 409/450/450
f 433/449/449 409/450/450 432/451/451
f 432/451/451 409/450/450 410/452/452
f 432/451/451 410/452/452 431/453/453
f 431/453/453 410/452/452 411/454/454
f 431/453/453 411/454/454 430/455/455
f 430/455/455 411/454/454 412/456/456
f 430/455/455 412/456/456 429/457/457
f 429/457/457 412/456/456 413/458/458
f 429/457/457 413/458/458 428/459/459
f 428/459/459 413/458/458 414/460/460
f 428/459/459 414/460/460 427/461/461
f 427/461/461 414/460/460 415/462/462
f 427/461/461 415/462/462 426/463/463
f 426/463/463 415/462/462 416/464/464
f 426/463/463 416/464/464 425/465/465
f 425/465/465 416/464/464 417/466/466
f 425/465/465 417/466/466 424/467/467
f 424/467/467 417/466/466 422/468/468
f 424/467/467 422/468/468 423/469/469
f 417/466/466 418/470/470 422/468/468
f 422/468/468 418/470/470 421/471/471
f 421/471/471 418/470/470 419/472/472
f 421/471/471 419/472/472 420/473/473
f 471/474/474 719/475/475 470/476/476
f 470/476/476 719/475/475 720/477/477
f 470/476/476 720/477/477 639/478/478
f 639/478/478 720/477/477 721/479/479
f 639/478/478 721/479/479 638/480/480
f 638/480/480 721/479/479 722/481/481
f 638/480/480 722/481/481 637/482/482
f 637/482/482 722/481/481 723/483/483
f 637/482/482 723/483/483 636/484/484
f 636/484/484 723/483/483 724/485/485
f 636/484/484 724/485/485 635/486/486
f 635/486/486 724/485/485 725/487/487
f 635/486/486 725/487/487 634/488/488
f 634/488/488 725/487/487 726/489/489
f 634/488/488 726/489/489 633/490/490
f 633/490/490 726/489/489 727/491/491
f 633/490/490 727/491/491 632/492/492
f 632/492/492 727/491/491 728/493/493
f 632/492/492 728/493/493 631/494/494
f 631/494/494 728/493/493 729/495/495
f 631/494/494 729/495/495 630/496/496
f 630/496/496 729/495/495 730/497/497
f 630/496/496 730/497/497 629/498/498
f 629/498/498 730/497/497 731/499/499
f 629/498/498 731/499/499 628/500/500
f 628/500/500 731/499/499 732/501/501
f 628/500/500 732/501/501 627/502/502
f 627/502/502 732/501/501 733/503/503
f 627/502/502 733/503/503 626/504/504
f 626/504/504 733/503/503 734/505/505
f 626/504/504 734/505/505 625/506/506
f 625/506/506 734/505/505 735/507/507
f 625/506/506 735/507/507 624/508/508
f 624/508/508 735/507/507 736/509/509
f 624/508/508 736/509/509 623/510/510
f 623/510/510 736/509/509 737/511/511
f 623/510/510 737/511/511 738/512/512
f 471/474/474 472/513/513 719/475/475
f 719/475/475 472/513/513 473/514/514
f 719/475/475 473/514/514 718/515/515
f 718/515/515 473/514/514 474/516/516
f 718/515/515 474/516/516 706/517/517
f 706/517/517 474/516/516 705/518/518
f 705/518/518 474/516/516 475/519/519
f 705/518/518 475/519/519 704/520/520
f 704/520/520 475/519/519 476/521/521
f 704/520/520 476/521/521 703/522/522
f 703/522/522 476/521/521 477/523/523
f 703/522/522 477/523/523 702/524/524
f 702/524/524 477/523/523 478/525/525
f 702/524/524 478/525/525 701/526/526
f 701/526/526 478/525/525 479/527/527
f 701/526/526 479/527/527 700/528/528
f 700/528/528 479/527/527 480/529/529
f 700/528/528 480/529/529 699/530/530
f 699/530/530 480/529/529 481/531/531
f 699/530/530 481/531/531 698/532/532
f 698/532/532 481/531/531 697/533/533
f 697/533/533 481/531/531 482/534/534
f 697/533/533 482/534/534 685/535/535
f 685/535/535 482/534/534 483/536/536
f 685/535/535 483/536/536 684/537/537
f 684/537/537 483/536/536 484/538/538
f 684/537/537 484/538/538 485/539/539
f 485/539/539 486/540/540 684/537/537
f 684/537/537 486/540/540 683/541/541
f 683/541/541 486/540/540 487/542/542
f 683/541/541 487/542/542 682/543/543
f 682/543/543 487/542/542 488/544/544
f 682/543/543 488/544/544 681/545/545
f 681/545/545 488/544/544 489/546/546
f 681/545/545 489/546/546 680/547/547
f 680/547/547 489/546/546 490/548/548
f 680/547/547 490/548/548 679/549/549
f 679/549/549 490/548/548 491/550/550
f 679/549/549 491/550/550 678/551/551
f 678/551/551 491/550/550 492/552/552
f 678/551/551 492/552/552 677/553/553
f 677/553/553 492/552/552 493/554/554
f 677/553/553 493/554/554 676/555/555
f 676/555/555 493/554/554 675/556/556
f 675/556/556 493/554/554 494/557/557
f 675/556/556 494/557/557 674/558/558
f 674/558/558 494/557/557 495/559/559
f 674/558/558 495/559/559 673/560/560
f 673/560/560 495/559/559 496/561/561
f 673/560/560 496/561/561 672/562/562
f 672/562/562 496/561/561 497/563/563
f 672/562/562 497/563/563 671/564/564
f 671/564/564 497/563/563 498/565/565
f 671/564/564 498/565/565 670/566/566
f 670/566/566 498/565/565 499/567/567
f 670/566/566 499/567/567 669/568/568
f 669/568/568 499/567/567 500/569/569
f 669/568/568 500/569/569 668/570/570
f 668/570/570 500/569/569 501/571/571
f 668/570/570 501/571/571 667/572/572
f 667/572/572 501/571/571 502/573/573
f 667/572/572 502/573/573 666/574/574
f 666/574/574 502/573/573 503/575/575
f 666/574/574 503/575/575 665/576/576
f 665/576/576 503/575/575 504/577/577
f 665/576/576 504/577/577 664/578/578
f 664/578/578 504/577/577 505/579/579
f 664/578/578 505/579/579 663/580/580
f 663/580/580 505/579/579 506/581/581
f 663/580/580 506/581/581 662/582/582
f 662/582/582 506/581/581 507/583/583
f 662/582/582 507/583/583 661/584/584
f 661/584/584 507/583/583 508/585/585
f 661/584/584 508/585/585 660/586/586
f 660/586/586 508/585/585 509/587/587
f 660/586/586 509/587/587 659/588/588
f 659/588/588 509/587/587 510/589/589
f 659/588/588 510/589/589 658/590/590
f 658/590/590 510/589/589 511/591/591
f 658/590/590 511/591/591 657/592/592
f 657/592/592 511/591/591 512/593/593
f 657/592/592 512/593/593 656/594/594
f 656/594/594 512/593/593 513/595/595
f 656/594/594 513/595/595 655/596/596
f 655/596/596 513/595/595 654/597/597
f 654/597/597 513/595/595 514/598/598
f 654/597/597 514/598/598 653/599/599
f 653/599/599 514/598/598 515/600/600
f 653/599/599 515/600/600 652/601/601
f 652/601/601 515/600/600 516/602/602
f 652/601/601 516/602/602 651/603/603
f 651/603/603 516/602/602 517/604/604
f 651/603/603 517/604/604 650/605/605
f 650/605/605 517/604/604 518/606/606
f 650/605/605 518/606/606 649/607/607
f 649/607/607 518/606/606 519/608/608
f 649/607/607 519/608/608 520/609/609
f 520/609/609 521/610/610 649/607/607
f 649/607/607 521/610/610 375/611/611
f 649/607/607 375/611/611 374/612/612
f 521/610/610 522/613/613 375/611/611
f 375/611/611 522/613/613 376/614/614
f 376/614/614 522/613/613 523/615/615
f 376/614/614 523/615/615 377/616/616
f 377/616/616 523/615/615 524/617/617
f 377/616/616 524/617/617 378/618/618
f 378/618/618 524/617/617 379/619/619
f 379/619/619 524/617/617 525/620/620
f 379/619/619 525/620/620 380/621/621
f 380/621/621 525/620/620 526/622/622
f 380/621/621 526/622/622 381/623/623
f 381/623/623 526/622/622 527/624/624
f 381/623/623 527/624/624 382/625/625
f 382/625/625 527/624/624 528/626/626
f 382/625/625 528/626/626 383/627/627
f 383/627/627 528/626/626 529/628/628
f 383/627/627 529/628/628 384/629/629
f 384/629/629 529/628/628 530/630/630
f 384/629/629 530/630/630 385/631/631
f 385/631/631 530/630/630 531/632/632
f 385/631/631 531/632/632 386/633/633
f 386/633/633 531/632/632 387/634/634
f 387/634/634 531/632/632 532/635/635
f 387/634/634 532/635/635 388/636/636
f 388/636/636 532/635/635 533/637/637
f 388/636/636 533/637/637 389/638/638
f 389/638/638 533/637/637 534/639/639
f 389/638/638 534/639/639 390/640/640
f 390/640/640 534/639/639 535/641/641
f 390/640/640 535/641/641 391/642/642
f 391/642/642 535/641/641 536/643/643
f 391/642/642 536/643/643 392/644/644
f 392/644/644 536/643/643 537/645/645
f 392/644/644 537/645/645 393/646/646
f 393/646/646 537/645/645 538/647/647
f 393/646/646 538/647/647 394/648/648
f 394/648/648 538/647/647 395/649/649
f 395/649/649 538/647/647 539/650/650
f 395/649/649 539/650/650 396/651/651
f 396/651/651 539/650/650 540/652/652
f 396/651/651 540/652/652 397/653/653
f 397/653/653 540/652/652 541/654/654
f 397/653/653 541/654/654 398/655/655
f 398/655/655 541/654/654 542/656/656
f 398/655/655 542/656/656 399/657/657
f 399/657/657 542/656/656 543/658/658
f 399/657/657 543/658/658 400/659/659
f 400/659/659 543/658/658 544/660/660
f 400/659/659 544/660/660 401/661/661
f 401/661/661 544/660/660 545/662/662
f 401/661/661 545/662/662 402/663/663
f 402/663/663 545/662/662 546/664/664
f 402/663/663 546/664/664 403/665/665
f 403/665/665 546/664/664 547/666/666
f 403/665/665 547/666/666 404/667/667
f 404/667/667 547/666/666 405/668/668
f 405/668/668 547/666/666 548/669/669
f 405/668/668 548/669/669 406/670/670
f 406/670/670 548/669/669 549/671/671
f 406/670/670 549/671/671 407/672/672
f 407/672/672 549/671/671 550/673/673
f 407/672/672 550/673/673 408/674/674
f 408/674/674 550/673/673 551/675/675
f 408/674/674 551/675/675 409/676/676
f 409/676/676 551/675/675 552/677/677
f 409/676/676 552/677/677 410/678/678
f 410/678/678 552/677/677 553/679/679
f 410/678/678 553/679/679 411/680/680
f 411/680/680 553/679/679 554/681/681
f 411/680/680 554/681/681 412/682/682
f 412/682/682 554/681/681 555/683/683
f 412/682/682 555/683/683 413/684/684
f 413/684/684 555/683/683 556/685/685
f 413/684/684 556/685/685 414/686/686
f 414/686/686 556/685/685 557/687/687
f 414/686/686 557/687/687 415/688/688
f 415/688/688 557/687/687 558/689/689
f 415/688/688 558/689/689 416/690/690
f 416/690/690 558/689/689 417/691/691
f 417/691/691 558/689/689 559/692/692
f 417/691/691 559/692/692 821/693/693
f 821/693/693 559/692/692 560/694/694
f 821/693/693 560/694/694 561/695/695
f 561/695/695 562/696/696 821/693/693
f 821/693/693 562/696/696 820/697/697
f 820/697/697 562/696/696 563/698/698
f 820/697/697 563/698/698 819/699/699
f 819/699/699 563/698/698 564/700/700
f 819/699/699 564/700/700 818/701/701
f 818/701/701 564/700/700 565/702/702
f 818/701/701 565/702/702 566/703/703
f 818/701/701 566/703/703 794/704/704
f 794/704/704 566/703/703 567/705/705
f 794/704/704 567/705/705 568/706/706
f 794/704/704 568/706/706 793/707/707
f 793/707/707 568/706/706 569/708/708
f 793/707/707 569/708/708 792/709/709
f 792/709/709 569/708/708 570/710/710
f 792/709/709 570/710/710 791/711/711
f 791/711/711 570/710/710 571/712/712
f 791/711/711 571/712/712 790/713/713
f 790/713/713 571/712/712 572/714/714
f 790/713/713 572/714/714 789/715/715
f 789/715/715 572/714/714 573/716/716
f 789/715/715 573/716/716 788/717/717
f 788/717/717 573/716/716 574/718/718
f 788/717/717 574/718/718 787/719/719
f 787/719/719 574/718/718 575/720/720
f 787/719/719 575/720/720 786/721/721
f 786/721/721 575/720/720 576/722/722
f 786/721/721 576/722/722 785/723/723
f 785/723/723 576/722/722 577/724/724
f 785/723/723 577/724/724 784/725/725
f 784/725/725 577/724/724 578/726/726
f 784/725/725 578/726/726 783/727/727
f 783/727/727 578/726/726 579/728/728
f 783/727/727 579/728/728 782/729/729
f 782/729/729 579/728/728 580/730/730
f 782/729/729 580/730/730 781/731/731
f 781/731/731 580/730/730 581/732/732
f 781/731/731 581/732/732 780/733/733
f 780/733/733 581/732/732 582/734/734
f 780/733/733 582/734/734 779/735/735
f 779/735/735 582/734/734 583/736/736
f 779/735/735 583/736/736 778/737/737
f 778/737/737 583/736/736 584/738/738
f 778/737/737 584/738/738 777/739/739
f 777/739/739 584/738/738 585/740/740
f 777/739/739 585/740/740 776/741/741
f 776/741/741 585/740/740 586/742/742
f 776/741/741 586/742/742 775/743/743
f 775/743/743 586/742/742 587/744/744
f 775/743/743 587/744/744 774/745/745
f 774/745/745 587/744/744 588/746/746
f 774/745/745 588/746/746 773/747/747
f 773/747/747 588/746/746 589/748/748
f 773/747/747 589/748/748 772/749/749
f 772/749/749 589/748/748 590/750/750
f 772/749/749 590/750/750 771/751/751
f 771/751/751 590/750/750 591/752/752
f 771/751/751 591/752/752 770/753/753
f 770/753/753 591/752/752 592/754/754
f 770/753/753 592/754/754 769/755/755
f 769/755/755 592/754/754 593/756/756
f 769/755/755 593/756/756 768/757/757
f 768/757/757 593/756/756 594/758/758
f 768/757/757 594/758/758 767/759/759
f 767/759/759 594/758/758 595/760/760
f 767/759/759 595/760/760 766/761/761
f 766/761/761 595/760/760 596/762/762
f 766/761/761 596/762/762 765/763/763
f 765/763/763 596/762/762 597/764/764
f 765/763/763 597/764/764 764/765/765
f 764/765/765 597/764/764 598/766/766
f 764/765/765 598/766/766 763/767/767
f 763/767/767 598/766/766 599/768/768
f 763/767/767 599/768/768 762/769/769
f 762/769/769 599/768/768 761/770/770
f 761/770/770 599/768/768 600/771/771
f 761/770/770 600/771/771 760/772/772
f 760/772/772 600/771/771 601/773/773
f 760/772/772 601/773/773 759/774/774
f 759/774/774 601/773/773 602/775/775
f 759/774/774 602/775/775 758/776/776
f 758/776/776 602/775/775 603/777/777
f 758/776/776 603/777/777 757/778/778
f 757/778/778 603/777/777 604/779/779
f 757/778/778 604/779/779 756/780/780
f 756/780/780 604/779/779 605/781/781
f 756/780/780 605/781/781 755/782/782
f 755/782/782 605/781/781 606/783/783
f 755/782/782 606/783/783 754/784/784
f 754/784/784 606/783/783 607/785/785
f 754/784/784 607/785/785 753/786/786
f 753/786/786 607/785/785 608/787/787
f 753/786/786 608/787/787 752/788/788
f 752/788/788 608/787/787 609/789/789
f 752/788/788 609/789/789 751/790/790
f 751/790/790 609/789/789 610/791/791
f 751/790/790 610/791/791 750/792/792
f 750/792/792 610/791/791 611/793/793
f 750/792/792 611/793/793 749/794/794
f 749/794/794 611/793/793 612/795/795
f 749/794/794 612/795/795 748/796/796
f 748/796/796 612/795/795 613/797/797
f 748/796/796 613/797/797 747/798/798
f 747/798/798 613/797/797 614/799/799
f 747/798/798 614/799/799 746/800/800
f 746/800/800 614/799/799 615/801/801
f 746/800/800 615/801/801 745/802/802
f 745/802/802 615/801/801 616/803/803
f 745/802/802 616/803/803 744/804/804
f 744/804/804 616/803/803 617/805/805
f 744/804/804 617/805/805 743/806/806
f 743/806/806 617/805/805 618/807/807
f 743/806/806 618/807/807 742/808/808
f 742/808/808 618/807/807 619/809/809
f 742/808/808 619/809/809 741/810/810
f 741/810/810 619/809/809 620/811/811
f 741/810/810 620/811/811 740/812/812
f 740/812/812 620/811/811 621/813/813
f 740/812/812 621/813/813 739/814/814
f 739/814/814 621/813/813 622/815/815
f 739/814/814 622/815/815 738/512/512
f 738/512/512 622/815/815 623/510/510
f 640/816/816 641/817/817 373/818/818
f 373/818/818 641/817/817 642/819/819
f 373/818/818 642/819/819 643/820/820
f 643/820/820 644/821/821 373/818/818
f 373/818/818 644/821/821 645/822/822
f 373/818/818 645/822/822 646/823/823
f 646/823/823 647/824/824 373/818/818
f 373/818/818 647/824/824 648/825/825
f 373/818/818 648/825/825 374/612/612
f 374/612/612 648/825/825 649/607/607
f 686/826/826 687/827/827 685/535/535
f 685/535/535 687/827/827 688/828/828
f 685/535/535 688/828/828 689/829/829
f 689/829/829 690/830/830 685/535/535
f 685/535/535 690/830/830 691/831/831
f 685/535/535 691/831/831 692/832/832
f 692/832/832 693/833/833 685/535/535
f 685/535/535 693/833/833 694/834/834
f 685/535/535 694/834/834 695/835/835
f 695/835/835 696/836/836 685/535/535
f 685/535/535 696/836/836 697/533/533
f 706/517/517 707/837/837 718/515/515
f 718/515/515 707/837/837 708/838/838
f 718/515/515 708/838/838 709/839/839
f 709/839/839 710/840/840 718/515/515
f 718/515/515 710/840/840 711/841/841
f 718/515/515 711/841/841 712/842/842
f 712/842/842 713/843/843 718/515/515
f 718/515/515 713/843/843 714/844/844
f 718/515/515 714/844/844 715/845/845
f 715/845/845 716/846/846 718/515/515
f 718/515/515 716/846/846 717/847/847
f 794/704/704 795/848/848 818/701/701
f 818/701/701 795/848/848 805/849/849
f 818/701/701 805/849/849 806/850/850
f 796/851/851 797/852/852 795/848/848
f 795/848/848 797/852/852 798/853/853
f 795/848/848 798/853/853 799/854/854
f 799/854/854 800/855/855 795/848/848
f 795/848/848 800/855/855 801/856/856
f 795/848/848 801/856/856 802/857/857
f 802/857/857 803/858/858 795/848/848
f 795/848/848 803/858/858 804/859/859
f 795/848/848 804/859/859 805/849/849
f 818/701/701 806/850/850 817/860/860
f 817/860/860 806/850/850 807/861/861
f 817/860/860 807/861/861 808/862/862
f 808/862/862 809/863/863 817/860/860
f 817/860/860 809/863/863 810/864/864
f 817/860/860 810/864/864 811/865/865
f 811/865/865 812/866/866 817/860/860
f 817/860/860 812/866/866 813/867/867
f 817/860/860 813/867/867 814/868/868
f 814/868/868 815/869/869 817/860/860
f 817/860/860 815/869/869 816/870/870
f 417/691/691 821/693/693 418/871/871
f 418/871/871 821/693/693 822/872/872
f 418/871/871 822/872/872 419/873/873
f 419/873/873 822/872/872 831/874/874
f 831/874/874 822/872/872 830/875/875
f 830/875/875 822/872/872 829/876/876
f 829/876/876 822/872/872 828/877/877
f 828/877/877 822/872/872 827/878/878
f 827/878/878 822/872/872 826/879/879
f 826/879/879 822/872/872 825/880/880
f 825/880/880 822/872/872 824/881/881
f 824/881/881 822/872/872 823/882/882
f 804/883/883 832/884/884 805/885/885
f 805/885/885 832/884/884 833/886/886
f 805/885/885 833/886/886 834/887/887
f 835/888/888 807/889/889 834/887/887
f 834/887/887 807/889/889 806/890/890
f 834/887/887 806/890/890 805/885/885
f 861/891/891 836/892/892 870/893/893
f 870/893/893 836/892/892 837/894/894
f 870/893/893 837/894/894 871/895/895
f 871/895/895 837/894/894 838/896/896
f 871/895/895 838/896/896 872/897/897
f 872/897/897 838/896/896 839/898/898
f 872/897/897 839/898/898 873/899/899
f 873/899/899 839/898/898 880/900/900
f 873/899/899 880/900/900 881/901/901
f 881/901/901 880/900/900 840/902/902
f 881/901/901 840/902/902 887/903/903
f 887/903/903 840/902/902 841/904/904
f 887/903/903 841/904/904 888/905/905
f 888/905/905 841/904/904 842/906/906
f 888/905/905 842/906/906 889/907/907
f 889/907/907 842/906/906 843/908/908
f 889/907/907 843/908/908 890/909/909
f 890/909/909 843/908/908 893/910/910
f 890/909/909 893/910/910 894/911/911
f 894/911/911 893/910/910 844/912/912
f 894/911/911 844/912/912 845/913/913
f 839/898/898 840/902/902 880/900/900
f 843/908/908 844/912/912 893/910/910
f 894/911/911 845/913/913 895/914/914
f 895/914/914 845/913/913 846/915/915
f 895/914/914 846/915/915 892/916/916
f 892/916/916 846/915/915 847/917/917
f 892/916/916 847/917/917 886/918/918
f 886/918/918 847/917/917 848/919/919
f 886/918/918 848/919/919 879/920/920
f 879/920/920 848/919/919 849/921/921
f 879/920/920 849/921/921 862/922/922
f 862/922/922 849/921/921 850/923/923
f 862/922/922 850/923/923 896/924/924
f 896/924/924 850/923/923 851/925/925
f 896/924/924 851/925/925 905/926/926
f 905/926/926 851/925/925 852/927/927
f 905/926/926 852/927/927 912/928/928
f 912/928/928 852/927/927 853/929/929
f 912/928/928 853/929/929 920/930/930
f 920/930/930 853/929/929 372/931/376
f 920/930/930 372/931/376 919/932/931
f 919/932/931 372/931/376 854/933/932
f 919/932/931 854/933/932 918/934/933
f 918/934/933 854/933/932 855/935/934
f 918/934/933 855/935/934 914/936/935
f 914/936/935 855/935/934 915/937/936
f 914/936/935 915/937/936 907/938/937
f 907/938/937 915/937/936 908/939/938
f 907/938/937 908/939/938 898/940/939
f 898/940/939 908/939/938 899/941/940
f 898/940/939 899/941/940 864/942/941
f 864/942/941 899/941/940 865/943/942
f 864/942/941 865/943/942 877/944/943
f 877/944/943 865/943/942 876/945/944
f 877/944/943 876/945/944 884/946/945
f 884/946/945 876/945/944 883/947/946
f 884/946/945 883/947/946 890/909/909
f 890/909/909 883/947/946 889/907/907
f 855/935/934 856/948/947 915/937/936
f 915/937/936 856/948/947 916/949/948
f 915/937/936 916/949/948 908/939/938
f 908/939/938 916/949/948 909/950/949
f 908/939/938 909/950/949 899/941/940
f 899/941/940 909/950/949 900/951/950
f 899/941/940 900/951/950 865/943/942
f 865/943/942 900/951/950 866/952/951
f 865/943/942 866/952/951 876/945/944
f 876/945/944 866/952/951 875/953/952
f 876/945/944 875/953/952 883/947/946
f 883/947/946 875/953/952 882/954/953
f 883/947/946 882/954/953 889/907/907
f 889/907/907 882/954/953 888/905/905
f 856/948/947 857/955/954 916/949/948
f 916/949/948 857/955/954 917/956/955
f 916/949/948 917/956/955 909/950/949
f 909/950/949 917/956/955 910/957/956
f 909/950/949 910/957/956 900/951/950
f 900/951/950 910/957/956 901/958/957
f 900/951/950 901/958/957 866/952/951
f 866/952/951 901/958/957 867/959/958
f 866/952/951 867/959/958 875/953/952
f 875/953/952 867/959/958 874/960/959
f 875/953/952 874/960/959 882/954/953
f 882/954/953 874/960/959 881/901/901
f 882/954/953 881/901/901 888/905/905
f 888/905/905 881/901/901 887/903/903
f 857/955/954 858/961/960 917/956/955
f 917/956/955 858/961/960 910/957/956
f 910/957/956 858/961/960 911/962/961
f 911/962/961 858/961/960 859/963/962
f 911/962/961 859/963/962 860/964/963
f 861/891/891 904/965/964 860/964/963
f 860/964/963 904/965/964 903/966/965
f 860/964/963 903/966/965 911/962/961
f 911/962/961 903/966/965 902/967/966
f 911/962/961 902/967/966 901/958/957
f 901/958/957 902/967/966 867/959/958
f 904/965/964 861/891/891 870/893/893
f 862/922/922 863/968/967 879/920/920
f 879/920/920 863/968/967 878/969/968
f 879/920/920 878/969/968 886/918/918
f 886/918/918 878/969/968 885/970/969
f 886/918/918 885/970/969 892/916/916
f 892/916/916 885/970/969 891/971/970
f 892/916/916 891/971/970 895/914/914
f 895/914/914 891/971/970 894/911/911
f 863/968/967 864/942/941 878/969/968
f 878/969/968 864/942/941 877/944/943
f 878/969/968 877/944/943 885/970/969
f 885/970/969 877/944/943 884/946/945
f 885/970/969 884/946/945 891/971/970
f 891/971/970 884/946/945 890/909/909
f 891/971/970 890/909/909 894/911/911
f 863/968/967 862/922/922 897/972/971
f 897/972/971 862/922/922 896/924/924
f 897/972/971 896/924/924 906/973/972
f 906/973/972 896/924/924 905/926/926
f 906/973/972 905/926/926 913/974/973
f 913/974/973 905/926/926 912/928/928
f 913/974/973 912/928/928 920/930/930
f 864/942/941 863/968/967 898/940/939
f 898/940/939 863/968/967 897/972/971
f 898/940/939 897/972/971 907/938/937
f 907/938/937 897/972/971 906/973/972
f 907/938/937 906/973/972 914/936/935
f 914/936/935 906/973/972 913/974/973
f 914/936/935 913/974/973 919/932/931
f 919/932/931 913/974/973 920/930/930
f 867/959/958 868/975/974 874/960/959
f 874/960/959 868/975/974 873/899/899
f 874/960/959 873/899/899 881/901/901
f 872/897/897 873/899/899 869/976/975
f 869/976/975 873/899/899 868/975/974
f 869/976/975 868/975/974 903/966/965
f 903/966/965 868/975/974 902/967/966
f 868/975/974 867/959/958 902/967/966
f 871/895/895 872/897/897 870/893/893
f 870/893/893 872/897/897 869/976/975
f 870/893/893 869/976/975 904/965/964
f 904/965/964 869/976/975 903/966/965
f 911/962/961 901/958/957 910/957/956
f 918/934/933 914/936/935 919/932/931
f 640/977/976 373/978/377 922/979/977
f 922/979/977 373/978/377 372/980/376
f 922/979/977 372/980/376 921/981/978
f 921/981/978 372/980/376 853/982/929
f 921/981/978 853/982/929 923/983/979
f 923/983/979 853/982/929 852/984/927
f 923/983/979 852/984/927 925/985/980
f 925/985/980 852/984/927 851/986/925
f 925/985/980 851/986/925 927/987/981
f 927/987/981 851/986/925 850/988/923
f 927/987/981 850/988/923 929/989/982
f 929/989/982 850/988/923 849/990/921
f 929/989/982 849/990/921 931/991/983
f 931/991/983 849/990/921 848/992/919
f 931/991/983 848/992/919 933/993/984
f 933/993/984 848/992/919 847/994/917
f 933/993/984 847/994/917 935/995/985
f 935/995/985 847/994/917 846/996/915
f 935/995/985 846/996/915 845/997/913
f 845/997/913 648/998/986 935/995/985
f 935/995/985 648/998/986 936/999/987
f 935/995/985 936/999/987 933/993/984
f 933/993/984 936/999/987 934/1000/988
f 933/993/984 934/1000/988 931/991/983
f 931/991/983 934/1000/988 932/1001/989
f 931/991/983 932/1001/989 929/989/982
f 929/989/982 932/1001/989 930/1002/990
f 929/989/982 930/1002/990 927/987/981
f 927/987/981 930/1002/990 928/1003/991
f 927/987/981 928/1003/991 925/985/980
f 925/985/980 928/1003/991 926/1004/992
f 925/985/980 926/1004/992 923/983/979
f 923/983/979 926/1004/992 924/1005/993
f 923/983/979 924/1005/993 921/981/978
f 921/981/978 924/1005/993 922/979/977
f 648/998/986 647/1006/994 936/999/987
f 936/999/987 647/1006/994 934/1000/988
f 647/1006/994 646/1007/995 934/1000/988
f 934/1000/988 646/1007/995 932/1001/989
f 646/1007/995 645/1008/996 932/1001/989
f 932/1001/989 645/1008/996 930/1002/990
f 645/1008/996 644/1009/997 930/1002/990
f 930/1002/990 644/1009/997 928/1003/991
f 644/1009/997 643/1010/998 928/1003/991
f 928/1003/991 643/1010/998 926/1004/992
f 643/1010/998 642/1011/999 926/1004/992
f 926/1004/992 642/1011/999 924/1005/993
f 642/1011/999 641/1012/1000 924/1005/993
f 924/1005/993 641/1012/1000 922/979/977
f 641/1012/1000 640/977/976 922/979/977
f 962/1013/1001 937/1014/1002 971/1015/1003
f 971/1015/1003 937/1014/1002 938/1016/1004
f 971/1015/1003 938/1016/1004 972/1017/1005
f 972/1017/1005 938/1016/1004 939/1018/1006
f 972/1017/1005 939/1018/1006 973/1019/1007
f 973/1019/1007 939/1018/1006 940/1020/1008
f 973/1019/1007 940/1020/1008 974/1021/1009
f 974/1021/1009 940/1020/1008 981/1022/1010
f 974/1021/1009 981/1022/1010 982/1023/1011
f 982/1023/1011 981/1022/1010 941/1024/1012
f 982/1023/1011 941/1024/1012 988/1025/1013
f 988/1025/1013 941/1024/1012 942/1026/1014
f 988/1025/1013 942/1026/1014 989/1027/1015
f 989/1027/1015 942/1026/1014 943/1028/1016
f 989/1027/1015 943/1028/1016 990/1029/1017
f 990/1029/1017 943/1028/1016 944/1030/1018
f 990/1029/1017 944/1030/1018 991/1031/1019
f 991/1031/1019 944/1030/1018 994/1032/1020
f 991/1031/1019 994/1032/1020 995/1033/1021
f 995/1033/1021 994/1032/1020 945/1034/1022
f 995/1033/1021 945/1034/1022 467/1035/382
f 940/1020/1008 941/1024/1012 981/1022/1010
f 944/1030/1018 945/1034/1022 994/1032/1020
f 995/1033/1021 467/1035/382 996/1036/1023
f 996/1036/1023 467/1035/382 946/1037/1024
f 996/1036/1023 946/1037/1024 993/1038/1025
f 993/1038/1025 946/1037/1024 947/1039/1026
f 993/1038/1025 947/1039/1026 987/1040/1027
f 987/1040/1027 947/1039/1026 948/1041/1028
f 987/1040/1027 948/1041/1028 980/1042/1029
f 980/1042/1029 948/1041/1028 949/1043/1030
f 980/1042/1029 949/1043/1030 963/1044/1031
f 963/1044/1031 949/1043/1030 950/1045/1032
f 963/1044/1031 950/1045/1032 997/1046/1033
f 997/1046/1033 950/1045/1032 951/1047/1034
f 997/1046/1033 951/1047/1034 1006/1048/1035
f 1006/1048/1035 951/1047/1034 952/1049/1036
f 1006/1048/1035 952/1049/1036 1013/1050/1037
f 1013/1050/1037 952/1049/1036 953/1051/1038
f 1013/1050/1037 953/1051/1038 1021/1052/1039
f 1021/1052/1039 953/1051/1038 954/1053/1040
f 1021/1052/1039 954/1053/1040 1020/1054/1041
f 1020/1054/1041 954/1053/1040 955/1055/1042
f 1020/1054/1041 955/1055/1042 1019/1056/1043
f 1019/1056/1043 955/1055/1042 956/1057/1044
f 1019/1056/1043 956/1057/1044 1015/1058/1045
f 1015/1058/1045 956/1057/1044 1016/1059/1046
f 1015/1058/1045 1016/1059/1046 1008/1060/1047
f 1008/1060/1047 1016/1059/1046 1009/1061/1048
f 1008/1060/1047 1009/1061/1048 999/1062/1049
f 999/1062/1049 1009/1061/1048 1000/1063/1050
f 999/1062/1049 1000/1063/1050 965/1064/1051
f 965/1064/1051 1000/1063/1050 966/1065/1052
f 965/1064/1051 966/1065/1052 978/1066/1053
f 978/1066/1053 966/1065/1052 977/1067/1054
f 978/1066/1053 977/1067/1054 985/1068/1055
f 985/1068/1055 977/1067/1054 984/1069/1056
f 985/1068/1055 984/1069/1056 991/1031/1019
f 991/1031/1019 984/1069/1056 990/1029/1017
f 956/1057/1044 957/1070/1057 1016/1059/1046
f 1016/1059/1046 957/1070/1057 1017/1071/1058
f 1016/1059/1046 1017/1071/1058 1009/1061/1048
f 1009/1061/1048 1017/1071/1058 1010/1072/1059
f 1009/1061/1048 1010/1072/1059 1000/1063/1050
f 1000/1063/1050 1010/1072/1059 1001/1073/1060
f 1000/1063/1050 1001/1073/1060 966/1065/1052
f 966/1065/1052 1001/1073/1060 967/1074/1061
f 966/1065/1052 967/1074/1061 977/1067/1054
f 977/1067/1054 967/1074/1061 976/1075/1062
f 977/1067/1054 976/1075/1062 984/1069/1056
f 984/1069/1056 976/1075/1062 983/1076/1063
f 984/1069/1056 983/1076/1063 990/1029/1017
f 990/1029/1017 983/1076/1063 989/1027/1015
f 957/1070/1057 958/1077/1064 1017/1071/1058
f 1017/1071/1058 958/1077/1064 1018/1078/1065
f 1017/1071/1058 1018/1078/1065 1010/1072/1059
f 1010/1072/1059 1018/1078/1065 1011/1079/1066
f 1010/1072/1059 1011/1079/1066 1001/1073/1060
f 1001/1073/1060 1011/1079/1066 1002/1080/1067
f 1001/1073/1060 1002/1080/1067 967/1074/1061
f 967/1074/1061 1002/1080/1067 968/1081/1068
f 967/1074/1061 968/1081/1068 976/1075/1062
f 976/1075/1062 968/1081/1068 975/1082/1069
f 976/1075/1062 975/1082/1069 983/1076/1063
f 983/1076/1063 975/1082/1069 982/1023/1011
f 983/1076/1063 982/1023/1011 989/1027/1015
f 989/1027/1015 982/1023/1011 988/1025/1013
f 958/1077/1064 959/1083/1070 1018/1078/1065
f 1018/1078/1065 959/1083/1070 1011/1079/1066
f 1011/1079/1066 959/1083/1070 1012/1084/1071
f 1012/1084/1071 959/1083/1070 960/1085/1072
f 1012/1084/1071 960/1085/1072 961/1086/1073
f 962/1013/1001 1005/1087/1074 961/1086/1073
f 961/1086/1073 1005/1087/1074 1004/1088/1075
f 961/1086/1073 1004/1088/1075 1012/1084/1071
f 1012/1084/1071 1004/1088/1075 1003/1089/1076
f 1012/1084/1071 1003/1089/1076 1002/1080/1067
f 1002/1080/1067 1003/1089/1076 968/1081/1068
f 1005/1087/1074 962/1013/1001 971/1015/1003
f 963/1044/1031 964/1090/1077 980/1042/1029
f 980/1042/1029 964/1090/1077 979/1091/1078
f 980/1042/1029 979/1091/1078 987/1040/1027
f 987/1040/1027 979/1091/1078 986/1092/1079
f 987/1040/1027 986/1092/1079 993/1038/1025
f 993/1038/1025 986/1092/1079 992/1093/1080
f 993/1038/1025 992/1093/1080 996/1036/1023
f 996/1036/1023 992/1093/1080 995/1033/1021
f 964/1090/1077 965/1064/1051 979/1091/1078
f 979/1091/1078 965/1064/1051 978/1066/1053
f 979/1091/1078 978/1066/1053 986/1092/1079
f 986/1092/1079 978/1066/1053 985/1068/1055
f 986/1092/1079 985/1068/1055 992/1093/1080
f 992/1093/1080 985/1068/1055 991/1031/1019
f 992/1093/1080 991/1031/1019 995/1033/1021
f 964/1090/1077 963/1044/1031 998/1094/1081
f 998/1094/1081 963/1044/1031 997/1046/1033
f 998/1094/1081 997/1046/1033 1007/1095/1082
f 1007/1095/1082 997/1046/1033 1006/1048/1035
f 1007/1095/1082 1006/1048/1035 1014/1096/1083
f 1014/1096/1083 1006/1048/1035 1013/1050/1037
f 1014/1096/1083 1013/1050/1037 1021/1052/1039
f 965/1064/1051 964/1090/1077 999/1062/1049
f 999/1062/1049 964/1090/1077 998/1094/1081
f 999/1062/1049 998/1094/1081 1008/1060/1047
f 1008/1060/1047 998/1094/1081 1007/1095/1082
f 1008/1060/1047 1007/1095/1082 1015/1058/1045
f 1015/1058/1045 1007/1095/1082 1014/1096/1083
f 1015/1058/1045 1014/1096/1083 1020/1054/1041
f 1020/1054/1041 1014/1096/1083 1021/1052/1039
f 968/1081/1068 969/1097/1084 975/1082/1069
f 975/1082/1069 969/1097/1084 974/1021/1009
f 975/1082/1069 974/1021/1009 982/1023/1011
f 973/1019/1007 974/1021/1009 970/1098/1085
f 970/1098/1085 974/1021/1009 969/1097/1084
f 970/1098/1085 969/1097/1084 1004/1088/1075
f 1004/1088/1075 969/1097/1084 1003/1089/1076
f 969/1097/1084 968/1081/1068 1003/1089/1076
f 972/1017/1005 973/1019/1007 971/1015/1003
f 971/1015/1003 973/1019/1007 970/1098/1085
f 971/1015/1003 970/1098/1085 1005/1087/1074
f 1005/1087/1074 970/1098/1085 1004/1088/1075
f 1012/1084/1071 1002/1080/1067 1011/1079/1066
f 1019/1056/1043 1015/1058/1045 1020/1054/1041
f 467/1099/382 466/1100/381 1031/1101/1086
f 1031/1101/1086 466/1100/381 1022/1102/1087
f 1031/1101/1086 1022/1102/1087 1032/1103/1088
f 1032/1103/1088 1022/1102/1087 1023/1104/1089
f 1032/1103/1088 1023/1104/1089 1033/1105/1090
f 1033/1105/1090 1023/1104/1089 1024/1106/1091
f 1033/1105/1090 1024/1106/1091 1034/1107/1092
f 1034/1107/1092 1024/1106/1091 1025/1108/1093
f 1034/1107/1092 1025/1108/1093 1035/1109/1094
f 1035/1109/1094 1025/1108/1093 1026/1110/1095
f 1035/1109/1094 1026/1110/1095 1036/1111/1096
f 1036/1111/1096 1026/1110/1095 1027/1112/1097
f 1036/1111/1096 1027/1112/1097 1037/1113/1098
f 1037/1113/1098 1027/1112/1097 1028/1114/1099
f 1037/1113/1098 1028/1114/1099 1038/1115/1100
f 1038/1115/1100 1028/1114/1099 1029/1116/1101
f 1038/1115/1100 1029/1116/1101 1030/1117/1102
f 1030/1117/1102 954/1118/1040 1038/1115/1100
f 1038/1115/1100 954/1118/1040 953/1119/1038
f 1038/1115/1100 953/1119/1038 1037/1113/1098
f 1037/1113/1098 953/1119/1038 952/1120/1036
f 1037/1113/1098 952/1120/1036 1036/1111/1096
f 1036/1111/1096 952/1120/1036 951/1121/1034
f 1036/1111/1096 951/1121/1034 1035/1109/1094
f 1035/1109/1094 951/1121/1034 950/1122/1032
f 1035/1109/1094 950/1122/1032 1034/1107/1092
f 1034/1107/1092 950/1122/1032 949/1123/1030
f 1034/1107/1092 949/1123/1030 1033/1105/1090
f 1033/1105/1090 949/1123/1030 948/1124/1028
f 1033/1105/1090 948/1124/1028 1032/1103/1088
f 1032/1103/1088 948/1124/1028 947/1125/1026
f 1032/1103/1088 947/1125/1026 1031/1101/1086
f 1031/1101/1086 947/1125/1026 946/1126/1024
f 1031/1101/1086 946/1126/1024 467/1099/382
f 1039/1127/1103 1040/1128/1104 954/1129/1040
f 954/1129/1040 1040/1128/1104 955/1130/1042
f 955/1130/1042 1040/1128/1104 1041/1131/1105
f 955/1130/1042 1041/1131/1105 1042/1132/1106
f 955/1130/1042 1042/1132/1106 956/1133/1044
f 956/1133/1044 1042/1132/1106 1043/1134/1107
f 956/1133/1044 1043/1134/1107 957/1135/1057
f 957/1135/1057 1043/1134/1107 1044/1136/1108
f 957/1135/1057 1044/1136/1108 1045/1137/1109
f 957/1135/1057 1045/1137/1109 958/1138/1064
f 958/1138/1064 1045/1137/1109 1046/1139/1110
f 958/1138/1064 1046/1139/1110 1047/1140/1111
f 958/1138/1064 1047/1140/1111 959/1141/1070
f 959/1141/1070 1047/1140/1111 1048/1142/1112
f 959/1141/1070 1048/1142/1112 1049/1143/1113
f 959/1141/1070 1049/1143/1113 960/1144/1072
f 960/1144/1072 1049/1143/1113 1050/1145/1114
f 960/1144/1072 1050/1145/1114 1051/1146/1115
f 960/1144/1072 1051/1146/1115 961/1147/1073
f 961/1147/1073 1051/1146/1115 1052/1148/1116
f 961/1147/1073 1052/1148/1116 962/1149/1001
f 962/1149/1001 1052/1148/1116 1053/1150/1117
f 962/1149/1001 1053/1150/1117 1054/1151/1118
f 1055/1152/1119 937/1153/1002 1054/1151/1118
f 1054/1151/1118 937/1153/1002 962/1149/1001
f 467/1154/382 945/1155/1022 468/1156/380
f 468/1156/380 945/1155/1022 1065/1157/1120
f 468/1156/380 1065/1157/1120 469/1158/378
f 469/1158/378 1065/1157/1120 854/1159/932
f 469/1158/378 854/1159/932 372/1160/376
f 945/1155/1022 944/1161/1018 1065/1157/1120
f 1065/1157/1120 944/1161/1018 1064/1162/1121
f 1065/1157/1120 1064/1162/1121 854/1159/932
f 854/1159/932 1064/1162/1121 855/1163/934
f 855/1163/934 1064/1162/1121 1063/1164/1122
f 855/1163/934 1063/1164/1122 856/1165/947
f 856/1165/947 1063/1164/1122 1062/1166/1123
f 856/1165/947 1062/1166/1123 857/1167/954
f 857/1167/954 1062/1166/1123 1061/1168/1124
f 857/1167/954 1061/1168/1124 858/1169/960
f 858/1169/960 1061/1168/1124 1060/1170/1125
f 858/1169/960 1060/1170/1125 859/1171/962
f 859/1171/962 1060/1170/1125 1059/1172/1126
f 859/1171/962 1059/1172/1126 860/1173/963
f 860/1173/963 1059/1172/1126 1058/1174/1127
f 860/1173/963 1058/1174/1127 861/1175/891
f 861/1175/891 1058/1174/1127 1057/1176/1128
f 861/1175/891 1057/1176/1128 836/1177/892
f 944/1161/1018 943/1178/1016 1064/1162/1121
f 1064/1162/1121 943/1178/1016 1063/1164/1122
f 943/1178/1016 942/1179/1014 1063/1164/1122
f 1063/1164/1122 942/1179/1014 1062/1166/1123
f 942/1179/1014 941/1180/1012 1062/1166/1123
f 1062/1166/1123 941/1180/1012 1061/1168/1124
f 941/1180/1012 940/1181/1008 1061/1168/1124
f 1061/1168/1124 940/1181/1008 1060/1170/1125
f 940/1181/1008 939/1182/1006 1060/1170/1125
f 1060/1170/1125 939/1182/1006 1059/1172/1126
f 939/1182/1006 938/1183/1004 1059/1172/1126
f 1059/1172/1126 938/1183/1004 1058/1174/1127
f 937/1184/1002 1056/1185/1129 938/1183/1004
f 938/1183/1004 1056/1185/1129 1058/1174/1127
f 1056/1185/1129 1057/1176/1128 1058/1174/1127
f 1066/1186/1130 1067/1187/1131 836/1188/892
f 836/1188/892 1067/1187/1131 837/1189/894
f 837/1189/894 1067/1187/1131 1068/1190/1132
f 837/1189/894 1068/1190/1132 1069/1191/1133
f 837/1189/894 1069/1191/1133 838/1192/896
f 838/1192/896 1069/1191/1133 1070/1193/1134
f 838/1192/896 1070/1193/1134 839/1194/898
f 839/1194/898 1070/1193/1134 1071/1195/1135
f 839/1194/898 1071/1195/1135 1072/1196/1136
f 839/1194/898 1072/1196/1136 840/1197/902
f 840/1197/902 1072/1196/1136 1073/1198/1137
f 840/1197/902 1073/1198/1137 1074/1199/1138
f 840/1197/902 1074/1199/1138 841/1200/904
f 841/1200/904 1074/1199/1138 1075/1201/1139
f 841/1200/904 1075/1201/1139 1076/1202/1140
f 841/1200/904 1076/1202/1140 842/1203/906
f 842/1203/906 1076/1202/1140 1077/1204/1141
f 842/1203/906 1077/1204/1141 1078/1205/1142
f 842/1203/906 1078/1205/1142 843/1206/908
f 843/1206/908 1078/1205/1142 1079/1207/1143
f 843/1206/908 1079/1207/1143 844/1208/912
f 844/1208/912 1079/1207/1143 1080/1209/1144
f 844/1208/912 1080/1209/1144 1081/1210/1145
f 1082/1211/1146 845/1212/913 1081/1210/1145
f 1081/1210/1145 845/1212/913 844/1208/912
f 845/1213/913 1082/1214/1146 648/1215/986
f 648/1215/986 1082/1214/1146 649/1216/1147
f 1084/1217/1148 1119/1218/1149 1083/1219/1150
f 1083/1219/1150 1119/1218/1149 1118/1220/1151
f 1083/1219/1150 1118/1220/1151 1109/1221/1152
f 1109/1221/1152 1118/1220/1151 1158/1222/1153
f 1109/1221/1152 1158/1222/1153 1108/1223/1154
f 1108/1223/1154 1158/1222/1153 1107/1224/1155
f 1107/1224/1155 1158/1222/1153 1165/1225/1156
f 1107/1224/1155 1165/1225/1156 1106/1226/1157
f 1106/1226/1157 1165/1225/1156 1164/1227/1158
f 1106/1226/1157 1164/1227/1158 1171/1228/1159
f 1171/1228/1159 1164/1227/1158 1163/1229/1160
f 1171/1228/1159 1163/1229/1160 1170/1230/1161
f 1170/1230/1161 1163/1229/1160 1162/1231/1162
f 1170/1230/1161 1162/1231/1162 1169/1232/1163
f 1169/1232/1163 1162/1231/1162 1161/1233/1164
f 1169/1232/1163 1161/1233/1164 1168/1234/1165
f 1168/1234/1165 1161/1233/1164 1160/1235/1166
f 1168/1234/1165 1160/1235/1166 1167/1236/1167
f 1167/1236/1167 1160/1235/1166 1159/1237/1168
f 1167/1236/1167 1159/1237/1168 1166/1238/1169
f 1166/1238/1169 1159/1237/1168 1099/1239/1170
f 1166/1238/1169 1099/1239/1170 1100/1240/1171
f 1084/1217/1148 1085/1241/1172 1119/1218/1149
f 1119/1218/1149 1085/1241/1172 1120/1242/1173
f 1119/1218/1149 1120/1242/1173 1118/1220/1151
f 1118/1220/1151 1120/1242/1173 1117/1243/1174
f 1118/1220/1151 1117/1243/1174 1158/1222/1153
f 1158/1222/1153 1117/1243/1174 1116/1244/1175
f 1158/1222/1153 1116/1244/1175 1157/1245/1176
f 1157/1245/1176 1116/1244/1175 1115/1246/1177
f 1157/1245/1176 1115/1246/1177 1156/1247/1178
f 1156/1247/1178 1115/1246/1177 1114/1248/1179
f 1156/1247/1178 1114/1248/1179 1155/1249/1180
f 1155/1249/1180 1114/1248/1179 1113/1250/1181
f 1155/1249/1180 1113/1250/1181 1154/1251/1182
f 1154/1251/1182 1113/1250/1181 1112/1252/1183
f 1154/1251/1182 1112/1252/1183 1153/1253/1184
f 1153/1253/1184 1112/1252/1183 1111/1254/1185
f 1153/1253/1184 1111/1254/1185 1152/1255/1186
f 1152/1255/1186 1111/1254/1185 1110/1256/1187
f 1152/1255/1186 1110/1256/1187 1151/1257/1188
f 1151/1257/1188 1110/1256/1187 1097/1258/1189
f 1151/1257/1188 1097/1258/1189 1098/1259/1190
f 1120/1242/1173 1085/1241/1172 1128/1260/1191
f 1128/1260/1191 1085/1241/1172 1086/1261/1192
f 1128/1260/1191 1086/1261/1192 1129/1262/1193
f 1129/1262/1193 1086/1261/1192 1136/1263/1194
f 1129/1262/1193 1136/1263/1194 1137/1264/1195
f 1137/1264/1195 1136/1263/1194 1087/1265/1196
f 1137/1264/1195 1087/1265/1196 1088/1266/1197
f 1086/1261/1192 1087/1265/1196 1136/1263/1194
f 1089/1267/1198 1143/1268/1199 1088/1266/1197
f 1088/1266/1197 1143/1268/1199 1138/1269/1200
f 1088/1266/1197 1138/1269/1200 1137/1264/1195
f 1137/1264/1195 1138/1269/1200 1130/1270/1201
f 1137/1264/1195 1130/1270/1201 1129/1262/1193
f 1129/1262/1193 1130/1270/1201 1121/1271/1202
f 1129/1262/1193 1121/1271/1202 1120/1242/1173
f 1120/1242/1173 1121/1271/1202 1117/1243/1174
f 1143/1268/1199 1089/1267/1198 1144/1272/1203
f 1144/1272/1203 1089/1267/1198 1090/1273/1204
f 1144/1272/1203 1090/1273/1204 1145/1274/1205
f 1145/1274/1205 1090/1273/1204 1148/1275/1206
f 1145/1274/1205 1148/1275/1206 1149/1276/1207
f 1149/1276/1207 1148/1275/1206 1092/1277/1208
f 1149/1276/1207 1092/1277/1208 835/1278/888
f 1090/1273/1204 1091/1279/1209 1148/1275/1206
f 1148/1275/1206 1091/1279/1209 1092/1277/1208
f 1149/1276/1207 835/1278/888 1150/1280/1210
f 1150/1280/1210 835/1278/888 1093/1281/1211
f 1150/1280/1210 1093/1281/1211 1147/1282/1212
f 1147/1282/1212 1093/1281/1211 1094/1283/1213
f 1147/1282/1212 1094/1283/1213 1142/1284/1214
f 1142/1284/1214 1094/1283/1213 1095/1285/1215
f 1142/1284/1214 1095/1285/1215 1135/1286/1216
f 1135/1286/1216 1095/1285/1215 1096/1287/1217
f 1135/1286/1216 1096/1287/1217 1127/1288/1218
f 1127/1288/1218 1096/1287/1217 1110/1256/1187
f 1127/1288/1218 1110/1256/1187 1111/1254/1185
f 1096/1287/1217 1097/1258/1189 1110/1256/1187
f 1151/1257/1188 1098/1259/1190 1159/1237/1168
f 1159/1237/1168 1098/1259/1190 1099/1239/1170
f 1101/1289/1219 1172/1290/1220 1100/1240/1171
f 1100/1240/1171 1172/1290/1220 1167/1236/1167
f 1100/1240/1171 1167/1236/1167 1166/1238/1169
f 1101/1289/1219 1102/1291/1221 1172/1290/1220
f 1172/1290/1220 1102/1291/1221 1173/1292/1222
f 1172/1290/1220 1173/1292/1222 1167/1236/1167
f 1167/1236/1167 1173/1292/1222 1168/1234/1165
f 1102/1291/1221 1103/1293/1223 1173/1292/1222
f 1173/1292/1222 1103/1293/1223 1168/1234/1165
f 1168/1234/1165 1103/1293/1223 1169/1232/1163
f 1169/1232/1163 1103/1293/1223 1104/1294/1224
f 1169/1232/1163 1104/1294/1224 1170/1230/1161
f 1170/1230/1161 1104/1294/1224 1105/1295/1225
f 1170/1230/1161 1105/1295/1225 1171/1228/1159
f 1171/1228/1159 1105/1295/1225 1106/1226/1157
f 1111/1254/1185 1112/1252/1183 1126/1296/1226
f 1126/1296/1226 1112/1252/1183 1125/1297/1227
f 1126/1296/1226 1125/1297/1227 1134/1298/1228
f 1134/1298/1228 1125/1297/1227 1133/1299/1229
f 1134/1298/1228 1133/1299/1229 1141/1300/1230
f 1141/1300/1230 1133/1299/1229 1140/1301/1231
f 1141/1300/1230 1140/1301/1231 1146/1302/1232
f 1146/1302/1232 1140/1301/1231 1145/1274/1205
f 1146/1302/1232 1145/1274/1205 1149/1276/1207
f 1112/1252/1183 1113/1250/1181 1125/1297/1227
f 1125/1297/1227 1113/1250/1181 1124/1303/1233
f 1125/1297/1227 1124/1303/1233 1133/1299/1229
f 1133/1299/1229 1124/1303/1233 1132/1304/1234
f 1133/1299/1229 1132/1304/1234 1140/1301/1231
f 1140/1301/1231 1132/1304/1234 1139/1305/1235
f 1140/1301/1231 1139/1305/1235 1145/1274/1205
f 1145/1274/1205 1139/1305/1235 1144/1272/1203
f 1113/1250/1181 1114/1248/1179 1124/1303/1233
f 1124/1303/1233 1114/1248/1179 1123/1306/1236
f 1124/1303/1233 1123/1306/1236 1132/1304/1234
f 1132/1304/1234 1123/1306/1236 1131/1307/1237
f 1132/1304/1234 1131/1307/1237 1139/1305/1235
f 1139/1305/1235 1131/1307/1237 1138/1269/1200
f 1139/1305/1235 1138/1269/1200 1144/1272/1203
f 1144/1272/1203 1138/1269/1200 1143/1268/1199
f 1114/1248/1179 1115/1246/1177 1123/1306/1236
f 1123/1306/1236 1115/1246/1177 1122/1308/1238
f 1123/1306/1236 1122/1308/1238 1131/1307/1237
f 1131/1307/1237 1122/1308/1238 1130/1270/1201
f 1131/1307/1237 1130/1270/1201 1138/1269/1200
f 1115/1246/1177 1116/1244/1175 1122/1308/1238
f 1122/1308/1238 1116/1244/1175 1121/1271/1202
f 1122/1308/1238 1121/1271/1202 1130/1270/1201
f 1116/1244/1175 1117/1243/1174 1121/1271/1202
f 1128/1260/1191 1129/1262/1193 1120/1242/1173
f 1135/1286/1216 1127/1288/1218 1126/1296/1226
f 1126/1296/1226 1127/1288/1218 1111/1254/1185
f 1135/1286/1216 1126/1296/1226 1134/1298/1228
f 1142/1284/1214 1135/1286/1216 1134/1298/1228
f 1142/1284/1214 1134/1298/1228 1141/1300/1230
f 1147/1282/1212 1142/1284/1214 1141/1300/1230
f 1147/1282/1212 1141/1300/1230 1146/1302/1232
f 1150/1280/1210 1147/1282/1212 1146/1302/1232
f 1150/1280/1210 1146/1302/1232 1149/1276/1207
f 1159/1237/1168 1160/1235/1166 1151/1257/1188
f 1151/1257/1188 1160/1235/1166 1152/1255/1186
f 1160/1235/1166 1161/1233/1164 1152/1255/1186
f 1152/1255/1186 1161/1233/1164 1153/1253/1184
f 1161/1233/1164 1162/1231/1162 1153/1253/1184
f 1153/1253/1184 1162/1231/1162 1154/1251/1182
f 1162/1231/1162 1163/1229/1160 1154/1251/1182
f 1154/1251/1182 1163/1229/1160 1155/1249/1180
f 1163/1229/1160 1164/1227/1158 1155/1249/1180
f 1155/1249/1180 1164/1227/1158 1156/1247/1178
f 1165/1225/1156 1158/1222/1153 1157/1245/1176
f 1164/1227/1158 1165/1225/1156 1156/1247/1178
f 1156/1247/1178 1165/1225/1156 1157/1245/1176
f 1199/1309/1239 1174/1310/1240 1201/1311/1241
f 1201/1311/1241 1174/1310/1240 1175/1312/1242
f 1201/1311/1241 1175/1312/1242 1200/1313/1243
f 1200/1313/1243 1175/1312/1242 1176/1314/1244
f 1200/1313/1243 1176/1314/1244 1203/1315/1245
f 1203/1315/1245 1176/1314/1244 1202/1316/1246
f 1203/1315/1245 1202/1316/1246 1209/1317/1247
f 1209/1317/1247 1202/1316/1246 1208/1318/1248
f 1209/1317/1247 1208/1318/1248 1216/1319/1249
f 1216/1319/1249 1208/1318/1248 1215/1320/1250
f 1216/1319/1249 1215/1320/1250 1224/1321/1251
f 1224/1321/1251 1215/1320/1250 1223/1322/1252
f 1224/1321/1251 1223/1322/1252 1232/1323/1253
f 1232/1323/1253 1223/1322/1252 1231/1324/1254
f 1232/1323/1253 1231/1324/1254 1240/1325/1255
f 1240/1325/1255 1231/1324/1254 1239/1326/1256
f 1240/1325/1255 1239/1326/1256 1246/1327/1257
f 1246/1327/1257 1239/1326/1256 1245/1328/1258
f 1246/1327/1257 1245/1328/1258 1188/1329/1259
f 1188/1329/1259 1245/1328/1258 1187/1330/1260
f 1187/1330/1260 1245/1328/1258 1244/1331/1261
f 1187/1330/1260 1244/1331/1261 1186/1332/1262
f 1186/1332/1262 1244/1331/1261 1243/1333/1263
f 1186/1332/1262 1243/1333/1263 1185/1334/1264
f 1185/1334/1264 1243/1333/1263 1237/1335/1265
f 1185/1334/1264 1237/1335/1265 1236/1336/1266
f 1236/1336/1266 1237/1335/1265 1228/1337/1267
f 1236/1336/1266 1228/1337/1267 1227/1338/1268
f 1227/1338/1268 1228/1337/1267 1219/1339/1269
f 1227/1338/1268 1219/1339/1269 1182/1340/1270
f 1182/1340/1270 1219/1339/1269 1181/1341/1271
f 1181/1341/1271 1219/1339/1269 1220/1342/1272
f 1181/1341/1271 1220/1342/1272 1212/1343/1273
f 1212/1343/1273 1220/1342/1272 1221/1344/1274
f 1212/1343/1273 1221/1344/1274 1213/1345/1275
f 1213/1345/1275 1221/1344/1274 1222/1346/1276
f 1213/1345/1275 1222/1346/1276 1214/1347/1277
f 1214/1347/1277 1222/1346/1276 1223/1322/1252
f 1214/1347/1277 1223/1322/1252 1215/1320/1250
f 1176/1314/1244 1177/1348/1278 1202/1316/1246
f 1202/1316/1246 1177/1348/1278 1178/1349/1279
f 1202/1316/1246 1178/1349/1279 1208/1318/1248
f 1208/1318/1248 1178/1349/1279 1207/1350/1280
f 1208/1318/1248 1207/1350/1280 1215/1320/1250
f 1215/1320/1250 1207/1350/1280 1214/1347/1277
f 1178/1349/1279 1179/1351/1281 1207/1350/1280
f 1207/1350/1280 1179/1351/1281 1206/1352/1282
f 1207/1350/1280 1206/1352/1282 1214/1347/1277
f 1214/1347/1277 1206/1352/1282 1213/1345/1275
f 1179/1351/1281 1180/1353/1283 1206/1352/1282
f 1206/1352/1282 1180/1353/1283 1213/1345/1275
f 1213/1345/1275 1180/1353/1283 1212/1343/1273
f 1212/1343/1273 1180/1353/1283 1181/1341/1271
f 1182/1340/1270 832/1354/884 1227/1338/1268
f 1227/1338/1268 832/1354/884 1183/1355/1284
f 1227/1338/1268 1183/1355/1284 1235/1356/1285
f 1235/1356/1285 1183/1355/1284 1184/1357/1286
f 1235/1356/1285 1184/1357/1286 1236/1336/1266
f 1236/1336/1266 1184/1357/1286 1185/1334/1264
f 1246/1327/1257 1188/1329/1259 1249/1358/1287
f 1249/1358/1287 1188/1329/1259 1189/1359/1288
f 1249/1358/1287 1189/1359/1288 1250/1360/1289
f 1250/1360/1289 1189/1359/1288 1190/1361/1290
f 1250/1360/1289 1190/1361/1290 1191/1362/1291
f 1250/1360/1289 1191/1362/1291 1251/1363/1292
f 1251/1363/1292 1191/1362/1291 1192/1364/1293
f 1251/1363/1292 1192/1364/1293 1248/1365/1294
f 1248/1365/1294 1192/1364/1293 1193/1366/1295
f 1248/1365/1294 1193/1366/1295 1242/1367/1296
f 1242/1367/1296 1193/1366/1295 1194/1368/1297
f 1242/1367/1296 1194/1368/1297 1234/1369/1298
f 1234/1369/1298 1194/1368/1297 1195/1370/1299
f 1234/1369/1298 1195/1370/1299 1226/1371/1300
f 1226/1371/1300 1195/1370/1299 1196/1372/1301
f 1226/1371/1300 1196/1372/1301 1218/1373/1302
f 1218/1373/1302 1196/1372/1301 1197/1374/1303
f 1218/1373/1302 1197/1374/1303 1211/1375/1304
f 1211/1375/1304 1197/1374/1303 1198/1376/1305
f 1211/1375/1304 1198/1376/1305 1205/1377/1306
f 1205/1377/1306 1198/1376/1305 1199/1309/1239
f 1205/1377/1306 1199/1309/1239 1204/1378/1307
f 1204/1378/1307 1199/1309/1239 1201/1311/1241
f 1204/1378/1307 1201/1311/1241 1200/1313/1243
f 1200/1313/1243 1203/1315/1245 1204/1378/1307
f 1204/1378/1307 1203/1315/1245 1210/1379/1308
f 1204/1378/1307 1210/1379/1308 1211/1375/1304
f 1211/1375/1304 1210/1379/1308 1218/1373/1302
f 1210/1379/1308 1203/1315/1245 1209/1317/1247
f 1211/1375/1304 1205/1377/1306 1204/1378/1307
f 1210/1379/1308 1209/1317/1247 1217/1380/1309
f 1217/1380/1309 1209/1317/1247 1216/1319/1249
f 1217/1380/1309 1216/1319/1249 1225/1381/1310
f 1225/1381/1310 1216/1319/1249 1224/1321/1251
f 1225/1381/1310 1224/1321/1251 1233/1382/1311
f 1233/1382/1311 1224/1321/1251 1232/1323/1253
f 1233/1382/1311 1232/1323/1253 1241/1383/1312
f 1241/1383/1312 1232/1323/1253 1240/1325/1255
f 1241/1383/1312 1240/1325/1255 1247/1384/1313
f 1247/1384/1313 1240/1325/1255 1246/1327/1257
f 1247/1384/1313 1246/1327/1257 1250/1360/1289
f 1250/1360/1289 1246/1327/1257 1249/1358/1287
f 1226/1371/1300 1218/1373/1302 1217/1380/1309
f 1217/1380/1309 1218/1373/1302 1210/1379/1308
f 1226/1371/1300 1217/1380/1309 1225/1381/1310
f 1219/1339/1269 1228/1337/1267 1220/1342/1272
f 1220/1342/1272 1228/1337/1267 1229/1385/1314
f 1220/1342/1272 1229/1385/1314 1221/1344/1274
f 1221/1344/1274 1229/1385/1314 1230/1386/1315
f 1221/1344/1274 1230/1386/1315 1222/1346/1276
f 1222/1346/1276 1230/1386/1315 1231/1324/1254
f 1222/1346/1276 1231/1324/1254 1223/1322/1252
f 1234/1369/1298 1226/1371/1300 1225/1381/1310
f 1234/1369/1298 1225/1381/1310 1233/1382/1311
f 1235/1356/1285 1236/1336/1266 1227/1338/1268
f 1228/1337/1267 1237/1335/1265 1229/1385/1314
f 1229/1385/1314 1237/1335/1265 1238/1387/1316
f 1229/1385/1314 1238/1387/1316 1230/1386/1315
f 1230/1386/1315 1238/1387/1316 1239/1326/1256
f 1230/1386/1315 1239/1326/1256 1231/1324/1254
f 1242/1367/1296 1234/1369/1298 1233/1382/1311
f 1242/1367/1296 1233/1382/1311 1241/1383/1312
f 1245/1328/1258 1239/1326/1256 1238/1387/1316
f 1243/1333/1263 1244/1331/1261 1237/1335/1265
f 1237/1335/1265 1244/1331/1261 1238/1387/1316
f 1244/1331/1261 1245/1328/1258 1238/1387/1316
f 1248/1365/1294 1242/1367/1296 1241/1383/1312
f 1248/1365/1294 1241/1383/1312 1247/1384/1313
f 1251/1363/1292 1248/1365/1294 1247/1384/1313
f 1251/1363/1292 1247/1384/1313 1250/1360/1289
f 796/1388/1317 795/1389/1318 1253/1390/1319
f 1253/1390/1319 795/1389/1318 1191/1391/1291
f 1253/1390/1319 1191/1391/1291 1252/1392/1320
f 1252/1392/1320 1191/1391/1291 1190/1393/1290
f 1252/1392/1320 1190/1393/1290 1254/1394/1321
f 1254/1394/1321 1190/1393/1290 1189/1395/1288
f 1254/1394/1321 1189/1395/1288 1256/1396/1322
f 1256/1396/1322 1189/1395/1288 1188/1397/1259
f 1256/1396/1322 1188/1397/1259 1258/1398/1323
f 1258/1398/1323 1188/1397/1259 1187/1399/1260
f 1258/1398/1323 1187/1399/1260 1260/1400/1324
f 1260/1400/1324 1187/1399/1260 1186/1401/1262
f 1260/1400/1324 1186/1401/1262 1262/1402/1325
f 1262/1402/1325 1186/1401/1262 1185/1403/1264
f 1262/1402/1325 1185/1403/1264 1264/1404/1326
f 1264/1404/1326 1185/1403/1264 1184/1405/1286
f 1264/1404/1326 1184/1405/1286 1266/1406/1327
f 1266/1406/1327 1184/1405/1286 1183/1407/1284
f 1266/1406/1327 1183/1407/1284 832/1408/884
f 832/1408/884 804/1409/883 1266/1406/1327
f 1266/1406/1327 804/1409/883 1267/1410/1328
f 1266/1406/1327 1267/1410/1328 1264/1404/1326
f 1264/1404/1326 1267/1410/1328 1265/1411/1329
f 1264/1404/1326 1265/1411/1329 1262/1402/1325
f 1262/1402/1325 1265/1411/1329 1263/1412/1330
f 1262/1402/1325 1263/1412/1330 1260/1400/1324
f 1260/1400/1324 1263/1412/1330 1261/1413/1331
f 1260/1400/1324 1261/1413/1331 1258/1398/1323
f 1258/1398/1323 1261/1413/1331 1259/1414/1332
f 1258/1398/1323 1259/1414/1332 1256/1396/1322
f 1256/1396/1322 1259/1414/1332 1257/1415/1333
f 1256/1396/1322 1257/1415/1333 1254/1394/1321
f 1254/1394/1321 1257/1415/1333 1255/1416/1334
f 1254/1394/1321 1255/1416/1334 1252/1392/1320
f 1252/1392/1320 1255/1416/1334 1253/1390/1319
f 804/1409/883 803/1417/1335 1267/1410/1328
f 1267/1410/1328 803/1417/1335 1265/1411/1329
f 803/1417/1335 802/1418/1336 1265/1411/1329
f 1265/1411/1329 802/1418/1336 1263/1412/1330
f 802/1418/1336 801/1419/1337 1263/1412/1330
f 1263/1412/1330 801/1419/1337 1261/1413/1331
f 801/1419/1337 800/1420/1338 1261/1413/1331
f 1261/1413/1331 800/1420/1338 1259/1414/1332
f 800/1420/1338 799/1421/1339 1259/1414/1332
f 1259/1414/1332 799/1421/1339 1257/1415/1333
f 799/1421/1339 798/1422/1340 1257/1415/1333
f 1257/1415/1333 798/1422/1340 1255/1416/1334
f 798/1422/1340 797/1423/1341 1255/1416/1334
f 1255/1416/1334 797/1423/1341 1253/1390/1319
f 797/1423/1341 796/1388/1317 1253/1390/1319
f 1268/1424/1342 1269/1425/1343 1191/1426/1291
f 1191/1426/1291 1269/1425/1343 1192/1427/1293
f 1192/1427/1293 1269/1425/1343 1270/1428/1344
f 1192/1427/1293 1270/1428/1344 1271/1429/1345
f 1192/1427/1293 1271/1429/1345 1193/1430/1295
f 1193/1430/1295 1271/1429/1345 1272/1431/1346
f 1193/1430/1295 1272/1431/1346 1194/1432/1297
f 1194/1432/1297 1272/1431/1346 1273/1433/1347
f 1194/1432/1297 1273/1433/1347 1274/1434/1348
f 1194/1432/1297 1274/1434/1348 1195/1435/1299
f 1195/1435/1299 1274/1434/1348 1275/1436/1349
f 1195/1435/1299 1275/1436/1349 1276/1437/1350
f 1195/1435/1299 1276/1437/1350 1196/1438/1301
f 1196/1438/1301 1276/1437/1350 1277/1439/1351
f 1196/1438/1301 1277/1439/1351 1278/1440/1352
f 1196/1438/1301 1278/1440/1352 1197/1441/1303
f 1197/1441/1303 1278/1440/1352 1279/1442/1353
f 1197/1441/1303 1279/1442/1353 1280/1443/1354
f 1197/1441/1303 1280/1443/1354 1198/1444/1305
f 1198/1444/1305 1280/1443/1354 1281/1445/1355
f 1198/1444/1305 1281/1445/1355 1199/1446/1239
f 1199/1446/1239 1281/1445/1355 1282/1447/1356
f 1199/1446/1239 1282/1447/1356 1283/1448/1357
f 1284/1449/1358 1174/1450/1240 1283/1448/1357
f 1283/1448/1357 1174/1450/1240 1199/1446/1239
f 832/1451/884 1182/1452/1270 833/1453/886
f 833/1453/886 1182/1452/1270 1294/1454/1359
f 833/1453/886 1294/1454/1359 834/1455/887
f 834/1455/887 1294/1454/1359 1093/1456/1211
f 834/1455/887 1093/1456/1211 835/1457/888
f 1182/1452/1270 1181/1458/1271 1294/1454/1359
f 1294/1454/1359 1181/1458/1271 1293/1459/1360
f 1294/1454/1359 1293/1459/1360 1093/1456/1211
f 1093/1456/1211 1293/1459/1360 1094/1460/1213
f 1094/1460/1213 1293/1459/1360 1292/1461/1361
f 1094/1460/1213 1292/1461/1361 1095/1462/1215
f 1095/1462/1215 1292/1461/1361 1291/1463/1362
f 1095/1462/1215 1291/1463/1362 1096/1464/1217
f 1096/1464/1217 1291/1463/1362 1290/1465/1363
f 1096/1464/1217 1290/1465/1363 1097/1466/1189
f 1097/1466/1189 1290/1465/1363 1289/1467/1364
f 1097/1466/1189 1289/1467/1364 1098/1468/1190
f 1098/1468/1190 1289/1467/1364 1288/1469/1365
f 1098/1468/1190 1288/1469/1365 1099/1470/1170
f 1099/1470/1170 1288/1469/1365 1287/1471/1366
f 1099/1470/1170 1287/1471/1366 1100/1472/1171
f 1100/1472/1171 1287/1471/1366 1286/1473/1367
f 1100/1472/1171 1286/1473/1367 1101/1474/1219
f 1181/1458/1271 1180/1475/1283 1293/1459/1360
f 1293/1459/1360 1180/1475/1283 1292/1461/1361
f 1180/1475/1283 1179/1476/1281 1292/1461/1361
f 1292/1461/1361 1179/1476/1281 1291/1463/1362
f 1179/1476/1281 1178/1477/1279 1291/1463/1362
f 1291/1463/1362 1178/1477/1279 1290/1465/1363
f 1178/1477/1279 1177/1478/1278 1290/1465/1363
f 1290/1465/1363 1177/1478/1278 1289/1467/1364
f 1177/1478/1278 1176/1479/1244 1289/1467/1364
f 1289/1467/1364 1176/1479/1244 1288/1469/1365
f 1176/1479/1244 1175/1480/1242 1288/1469/1365
f 1288/1469/1365 1175/1480/1242 1287/1471/1366
f 1174/1481/1240 1285/1482/1368 1175/1480/1242
f 1175/1480/1242 1285/1482/1368 1287/1471/1366
f 1285/1482/1368 1286/1473/1367 1287/1471/1366
f 1295/1483/1369 1296/1484/1370 1101/1485/1219
f 1101/1485/1219 1296/1484/1370 1102/1486/1221
f 1102/1486/1221 1296/1484/1370 1297/1487/1371
f 1102/1486/1221 1297/1487/1371 1298/1488/1372
f 1102/1486/1221 1298/1488/1372 1103/1489/1223
f 1103/1489/1223 1298/1488/1372 1299/1490/1373
f 1103/1489/1223 1299/1490/1373 1104/1491/1224
f 1104/1491/1224 1299/1490/1373 1300/1492/1374
f 1104/1491/1224 1300/1492/1374 1301/1493/1375
f 1104/1491/1224 1301/1493/1375 1105/1494/1225
f 1105/1494/1225 1301/1493/1375 1302/1495/1376
f 1105/1494/1225 1302/1495/1376 1303/1496/1377
f 1105/1494/1225 1303/1496/1377 1106/1497/1157
f 1106/1497/1157 1303/1496/1377 1304/1498/1378
f 1106/1497/1157 1304/1498/1378 1305/1499/1379
f 1106/1497/1157 1305/1499/1379 1107/1500/1155
f 1107/1500/1155 1305/1499/1379 1306/1501/1380
f 1107/1500/1155 1306/1501/1380 1307/1502/1381
f 1107/1500/1155 1307/1502/1381 1108/1503/1154
f 1108/1503/1154 1307/1502/1381 1308/1504/1382
f 1108/1503/1154 1308/1504/1382 1109/1505/1152
f 1109/1505/1152 1308/1504/1382 1309/1506/1383
f 1109/1505/1152 1309/1506/1383 1310/1507/1384
f 1311/1508/1385 1083/1509/1150 1310/1507/1384
f 1310/1507/1384 1083/1509/1150 1109/1505/1152
f 816/1510/1386 1312/1511/1387 817/1512/1388
f 817/1512/1388 1312/1511/1387 1313/1513/1389
f 817/1512/1388 1313/1513/1389 1083/1514/1150
f 1083/1514/1150 1313/1513/1389 1084/1515/1148
f 1084/1515/1148 1313/1513/1389 1085/1516/1172
f 1085/1516/1172 1313/1513/1389 1315/1517/1390
f 1085/1516/1172 1315/1517/1390 1086/1518/1192
f 1086/1518/1192 1315/1517/1390 1317/1519/1391
f 1086/1518/1192 1317/1519/1391 1087/1520/1196
f 1087/1520/1196 1317/1519/1391 1319/1521/1392
f 1087/1520/1196 1319/1521/1392 1088/1522/1197
f 1088/1522/1197 1319/1521/1392 1321/1523/1393
f 1088/1522/1197 1321/1523/1393 1089/1524/1198
f 1089/1524/1198 1321/1523/1393 1323/1525/1394
f 1089/1524/1198 1323/1525/1394 1090/1526/1204
f 1090/1526/1204 1323/1525/1394 1325/1527/1395
f 1090/1526/1204 1325/1527/1395 1091/1528/1209
f 1091/1528/1209 1325/1527/1395 1327/1529/1396
f 1091/1528/1209 1327/1529/1396 1092/1530/1208
f 1092/1530/1208 1327/1529/1396 1329/1531/1397
f 1092/1530/1208 1329/1531/1397 835/1532/888
f 835/1532/888 1329/1531/1397 1328/1533/1398
f 835/1532/888 1328/1533/1398 807/1534/889
f 807/1534/889 1328/1533/1398 808/1535/1399
f 808/1535/1399 1328/1533/1398 809/1536/1400
f 809/1536/1400 1328/1533/1398 1326/1537/1401
f 809/1536/1400 1326/1537/1401 810/1538/1402
f 810/1538/1402 1326/1537/1401 1324/1539/1403
f 810/1538/1402 1324/1539/1403 811/1540/1404
f 811/1540/1404 1324/1539/1403 1322/1541/1405
f 811/1540/1404 1322/1541/1405 812/1542/1406
f 812/1542/1406 1322/1541/1405 1320/1543/1407
f 812/1542/1406 1320/1543/1407 813/1544/1408
f 813/1544/1408 1320/1543/1407 1318/1545/1409
f 813/1544/1408 1318/1545/1409 814/1546/1410
f 814/1546/1410 1318/1545/1409 1316/1547/1411
f 814/1546/1410 1316/1547/1411 815/1548/1412
f 815/1548/1412 1316/1547/1411 1314/1549/1413
f 815/1548/1412 1314/1549/1413 816/1510/1386
f 816/1510/1386 1314/1549/1413 1312/1511/1387
f 1315/1517/1390 1313/1513/1389 1312/1511/1387
f 1315/1517/1390 1312/1511/1387 1314/1549/1413
f 1317/1519/1391 1315/1517/1390 1314/1549/1413
f 1317/1519/1391 1314/1549/1413 1316/1547/1411
f 1319/1521/1392 1317/1519/1391 1316/1547/1411
f 1319/1521/1392 1316/1547/1411 1318/1545/1409
f 1321/1523/1393 1319/1521/1392 1318/1545/1409
f 1321/1523/1393 1318/1545/1409 1320/1543/1407
f 1323/1525/1394 1321/1523/1393 1320/1543/1407
f 1323/1525/1394 1320/1543/1407 1322/1541/1405
f 1325/1527/1395 1323/1525/1394 1322/1541/1405
f 1325/1527/1395 1322/1541/1405 1324/1539/1403
f 1327/1529/1396 1325/1527/1395 1324/1539/1403
f 1327/1529/1396 1324/1539/1403 1326/1537/1401
f 1329/1531/1397 1327/1529/1396 1326/1537/1401
f 1329/1531/1397 1326/1537/1401 1328/1533/1398
f 1268/1550/1342 1191/1551/1291 794/1552/1414
f 794/1552/1414 1191/1551/1291 795/1553/1318
f 1356/1554/1415 1330/1555/1416 1359/1556/1417
f 1359/1556/1417 1330/1555/1416 1331/1557/1418
f 1359/1556/1417 1331/1557/1418 1362/1558/1419
f 1362/1558/1419 1331/1557/1418 1361/1559/1420
f 1362/1558/1419 1361/1559/1420 1368/1560/1421
f 1368/1560/1421 1361/1559/1420 1367/1561/1422
f 1368/1560/1421 1367/1561/1422 1375/1562/1423
f 1375/1562/1423 1367/1561/1422 1374/1563/1424
f 1375/1562/1423 1374/1563/1424 1381/1564/1425
f 1381/1564/1425 1374/1563/1424 1358/1565/1426
f 1381/1564/1425 1358/1565/1426 1396/1566/1427
f 1396/1566/1427 1358/1565/1426 1397/1567/1428
f 1396/1566/1427 1397/1567/1428 1399/1568/1429
f 1399/1568/1429 1397/1567/1428 1398/1569/1430
f 1399/1568/1429 1398/1569/1430 1407/1570/1431
f 1407/1570/1431 1398/1569/1430 1406/1571/1432
f 1407/1570/1431 1406/1571/1432 1414/1572/1433
f 1414/1572/1433 1406/1571/1432 1413/1573/1434
f 1414/1572/1433 1413/1573/1434 1338/1574/1435
f 1338/1574/1435 1413/1573/1434 1337/1575/1436
f 1337/1575/1436 1413/1573/1434 1406/1571/1432
f 1337/1575/1436 1406/1571/1432 1336/1576/1437
f 1336/1576/1437 1406/1571/1432 1398/1569/1430
f 1336/1576/1437 1398/1569/1430 1335/1577/1438
f 1335/1577/1438 1398/1569/1430 1397/1567/1428
f 1335/1577/1438 1397/1567/1428 1358/1565/1426
f 1331/1557/1418 1332/1578/1439 1361/1559/1420
f 1361/1559/1420 1332/1578/1439 1367/1561/1422
f 1332/1578/1439 1333/1579/1440 1367/1561/1422
f 1367/1561/1422 1333/1579/1440 1374/1563/1424
f 1333/1579/1440 1334/1580/1441 1374/1563/1424
f 1374/1563/1424 1334/1580/1441 1358/1565/1426
f 1334/1580/1441 1335/1577/1438 1358/1565/1426
f 1414/1572/1433 1338/1574/1435 1418/1581/1442
f 1418/1581/1442 1338/1574/1435 420/1582/473
f 1418/1581/1442 420/1582/473 1339/1583/1443
f 1418/1581/1442 1339/1583/1443 1419/1584/1444
f 1419/1584/1444 1339/1583/1443 1340/1585/1445
f 1419/1584/1444 1340/1585/1445 1341/1586/1446
f 1342/1587/1447 1416/1588/1448 1341/1586/1446
f 1341/1586/1446 1416/1588/1448 1415/1589/1449
f 1341/1586/1446 1415/1589/1449 1419/1584/1444
f 1419/1584/1444 1415/1589/1449 1414/1572/1433
f 1419/1584/1444 1414/1572/1433 1418/1581/1442
f 1416/1588/1448 1342/1587/1447 1417/1590/1450
f 1417/1590/1450 1342/1587/1447 1343/1591/1451
f 1417/1590/1450 1343/1591/1451 1410/1592/1452
f 1410/1592/1452 1343/1591/1451 1411/1593/1453
f 1410/1592/1452 1411/1593/1453 1402/1594/1454
f 1402/1594/1454 1411/1593/1453 1403/1595/1455
f 1402/1594/1454 1403/1595/1455 1393/1596/1456
f 1393/1596/1456 1403/1595/1455 1392/1597/1457
f 1393/1596/1456 1392/1597/1457 1384/1598/1458
f 1384/1598/1458 1392/1597/1457 1385/1599/1459
f 1384/1598/1458 1385/1599/1459 1378/1600/1460
f 1378/1600/1460 1385/1599/1459 1379/1601/1461
f 1378/1600/1460 1379/1601/1461 1371/1602/1462
f 1371/1602/1462 1379/1601/1461 1372/1603/1463
f 1371/1602/1462 1372/1603/1463 1365/1604/1464
f 1365/1604/1464 1372/1603/1463 1366/1605/1465
f 1365/1604/1464 1366/1605/1465 1353/1606/1466
f 1353/1606/1466 1366/1605/1465 1352/1607/1467
f 1352/1607/1467 1366/1605/1465 1372/1603/1463
f 1352/1607/1467 1372/1603/1463 1373/1608/1468
f 1373/1608/1468 1372/1603/1463 1380/1609/1469
f 1373/1608/1468 1380/1609/1469 1357/1610/1470
f 1357/1610/1470 1380/1609/1469 1387/1611/1471
f 1357/1610/1470 1387/1611/1471 1388/1612/1472
f 1388/1612/1472 1387/1611/1471 1389/1613/1473
f 1388/1612/1472 1389/1613/1473 1348/1614/1474
f 1348/1614/1474 1389/1613/1473 1347/1615/1475
f 1347/1615/1475 1389/1613/1473 1405/1616/1476
f 1347/1615/1475 1405/1616/1476 1346/1617/1477
f 1346/1617/1477 1405/1616/1476 1345/1618/1478
f 1345/1618/1478 1405/1616/1476 1404/1619/1479
f 1345/1618/1478 1404/1619/1479 1412/1620/1480
f 1412/1620/1480 1404/1619/1479 1403/1595/1455
f 1412/1620/1480 1403/1595/1455 1411/1593/1453
f 1343/1591/1451 1344/1621/1481 1411/1593/1453
f 1411/1593/1453 1344/1621/1481 1412/1620/1480
f 1344/1621/1481 1345/1618/1478 1412/1620/1480
f 1348/1614/1474 1349/1622/1482 1388/1612/1472
f 1388/1612/1472 1349/1622/1482 1357/1610/1470
f 1349/1622/1482 1350/1623/1483 1357/1610/1470
f 1357/1610/1470 1350/1623/1483 1351/1624/1484
f 1357/1610/1470 1351/1624/1484 1373/1608/1468
f 1373/1608/1468 1351/1624/1484 1352/1607/1467
f 1353/1606/1466 1354/1625/1485 1365/1604/1464
f 1365/1604/1464 1354/1625/1485 1364/1626/1486
f 1365/1604/1464 1364/1626/1486 1371/1602/1462
f 1371/1602/1462 1364/1626/1486 1370/1627/1487
f 1371/1602/1462 1370/1627/1487 1378/1600/1460
f 1378/1600/1460 1370/1627/1487 1377/1628/1488
f 1378/1600/1460 1377/1628/1488 1384/1598/1458
f 1384/1598/1458 1377/1628/1488 1383/1629/1489
f 1384/1598/1458 1383/1629/1489 1393/1596/1456
f 1393/1596/1456 1383/1629/1489 1394/1630/1490
f 1393/1596/1456 1394/1630/1490 1402/1594/1454
f 1402/1594/1454 1394/1630/1490 1401/1631/1491
f 1402/1594/1454 1401/1631/1491 1410/1592/1452
f 1410/1592/1452 1401/1631/1491 1409/1632/1492
f 1410/1592/1452 1409/1632/1492 1417/1590/1450
f 1417/1590/1450 1409/1632/1492 1416/1588/1448
f 1354/1625/1485 1355/1633/1493 1364/1626/1486
f 1364/1626/1486 1355/1633/1493 1363/1634/1494
f 1364/1626/1486 1363/1634/1494 1370/1627/1487
f 1370/1627/1487 1363/1634/1494 1369/1635/1495
f 1370/1627/1487 1369/1635/1495 1377/1628/1488
f 1377/1628/1488 1369/1635/1495 1376/1636/1496
f 1377/1628/1488 1376/1636/1496 1383/1629/1489
f 1383/1629/1489 1376/1636/1496 1382/1637/1497
f 1383/1629/1489 1382/1637/1497 1394/1630/1490
f 1394/1630/1490 1382/1637/1497 1395/1638/1498
f 1394/1630/1490 1395/1638/1498 1401/1631/1491
f 1401/1631/1491 1395/1638/1498 1400/1639/1499
f 1401/1631/1491 1400/1639/1499 1409/1632/1492
f 1409/1632/1492 1400/1639/1499 1408/1640/1500
f 1409/1632/1492 1408/1640/1500 1416/1588/1448
f 1416/1588/1448 1408/1640/1500 1415/1589/1449
f 1363/1634/1494 1355/1633/1493 1360/1641/1501
f 1360/1641/1501 1355/1633/1493 1356/1554/1415
f 1360/1641/1501 1356/1554/1415 1359/1556/1417
f 1363/1634/1494 1360/1641/1501 1359/1556/1417
f 1369/1635/1495 1363/1634/1494 1362/1558/1419
f 1362/1558/1419 1363/1634/1494 1359/1556/1417
f 1369/1635/1495 1362/1558/1419 1368/1560/1421
f 1376/1636/1496 1369/1635/1495 1368/1560/1421
f 1376/1636/1496 1368/1560/1421 1375/1562/1423
f 1380/1609/1469 1372/1603/1463 1379/1601/1461
f 1382/1637/1497 1376/1636/1496 1375/1562/1423
f 1382/1637/1497 1375/1562/1423 1381/1564/1425
f 1380/1609/1469 1379/1601/1461 1386/1642/1502
f 1386/1642/1502 1379/1601/1461 1385/1599/1459
f 1386/1642/1502 1385/1599/1459 1391/1643/1503
f 1391/1643/1503 1385/1599/1459 1392/1597/1457
f 1391/1643/1503 1392/1597/1457 1404/1619/1479
f 1404/1619/1479 1392/1597/1457 1403/1595/1455
f 1395/1638/1498 1382/1637/1497 1381/1564/1425
f 1395/1638/1498 1381/1564/1425 1396/1566/1427
f 1380/1609/1469 1386/1642/1502 1387/1611/1471
f 1387/1611/1471 1386/1642/1502 1390/1644/1504
f 1387/1611/1471 1390/1644/1504 1389/1613/1473
f 1389/1613/1473 1390/1644/1504 1405/1616/1476
f 1390/1644/1504 1386/1642/1502 1391/1643/1503
f 1404/1619/1479 1405/1616/1476 1391/1643/1503
f 1391/1643/1503 1405/1616/1476 1390/1644/1504
f 1395/1638/1498 1396/1566/1427 1400/1639/1499
f 1400/1639/1499 1396/1566/1427 1399/1568/1429
f 1400/1639/1499 1399/1568/1429 1408/1640/1500
f 1408/1640/1500 1399/1568/1429 1407/1570/1431
f 1408/1640/1500 1407/1570/1431 1415/1589/1449
f 1415/1589/1449 1407/1570/1431 1414/1572/1433
f 831/1645/1505 1420/1646/1506 419/1647/472
f 419/1647/472 1420/1646/1506 1421/1648/1507
f 419/1647/472 1421/1648/1507 420/1649/473
f 420/1649/473 1421/1648/1507 1339/1650/1443
f 1339/1650/1443 1421/1648/1507 1340/1651/1445
f 1340/1651/1445 1421/1648/1507 1423/1652/1508
f 1340/1651/1445 1423/1652/1508 1341/1653/1446
f 1341/1653/1446 1423/1652/1508 1425/1654/1509
f 1341/1653/1446 1425/1654/1509 1342/1655/1447
f 1342/1655/1447 1425/1654/1509 1427/1656/1510
f 1342/1655/1447 1427/1656/1510 1343/1657/1451
f 1343/1657/1451 1427/1656/1510 1429/1658/1511
f 1343/1657/1451 1429/1658/1511 1344/1659/1481
f 1344/1659/1481 1429/1658/1511 1431/1660/1512
f 1344/1659/1481 1431/1660/1512 1345/1661/1478
f 1345/1661/1478 1431/1660/1512 1433/1662/1513
f 1345/1661/1478 1433/1662/1513 1346/1663/1477
f 1346/1663/1477 1433/1662/1513 1435/1664/1514
f 1346/1663/1477 1435/1664/1514 1347/1665/1475
f 1347/1665/1475 1435/1664/1514 1437/1666/1515
f 1347/1665/1475 1437/1666/1515 1348/1667/1474
f 1348/1667/1474 1437/1666/1515 1436/1668/1516
f 1348/1667/1474 1436/1668/1516 822/1669/1517
f 822/1669/1517 1436/1668/1516 823/1670/1518
f 823/1670/1518 1436/1668/1516 824/1671/1519
f 824/1671/1519 1436/1668/1516 1434/1672/1520
f 824/1671/1519 1434/1672/1520 825/1673/1521
f 825/1673/1521 1434/1672/1520 1432/1674/1522
f 825/1673/1521 1432/1674/1522 826/1675/1523
f 826/1675/1523 1432/1674/1522 1430/1676/1524
f 826/1675/1523 1430/1676/1524 827/1677/1525
f 827/1677/1525 1430/1676/1524 1428/1678/1526
f 827/1677/1525 1428/1678/1526 828/1679/1527
f 828/1679/1527 1428/1678/1526 1426/1680/1528
f 828/1679/1527 1426/1680/1528 829/1681/1529
f 829/1681/1529 1426/1680/1528 1424/1682/1530
f 829/1681/1529 1424/1682/1530 830/1683/1531
f 830/1683/1531 1424/1682/1530 1422/1684/1532
f 830/1683/1531 1422/1684/1532 831/1645/1505
f 831/1645/1505 1422/1684/1532 1420/1646/1506
f 1423/1652/1508 1421/1648/1507 1420/1646/1506
f 1423/1652/1508 1420/1646/1506 1422/1684/1532
f 1425/1654/1509 1423/1652/1508 1422/1684/1532
f 1425/1654/1509 1422/1684/1532 1424/1682/1530
f 1427/1656/1510 1425/1654/1509 1424/1682/1530
f 1427/1656/1510 1424/1682/1530 1426/1680/1528
f 1429/1658/1511 1427/1656/1510 1426/1680/1528
f 1429/1658/1511 1426/1680/1528 1428/1678/1526
f 1431/1660/1512 1429/1658/1511 1428/1678/1526
f 1431/1660/1512 1428/1678/1526 1430/1676/1524
f 1433/1662/1513 1431/1660/1512 1430/1676/1524
f 1433/1662/1513 1430/1676/1524 1432/1674/1522
f 1435/1664/1514 1433/1662/1513 1432/1674/1522
f 1435/1664/1514 1432/1674/1522 1434/1672/1520
f 1437/1666/1515 1435/1664/1514 1434/1672/1520
f 1437/1666/1515 1434/1672/1520 1436/1668/1516
f 1438/1685/1533 1439/1686/1534 1348/1687/1474
f 1348/1687/1474 1439/1686/1534 1349/1688/1482
f 1349/1688/1482 1439/1686/1534 1440/1689/1535
f 1349/1688/1482 1440/1689/1535 1441/1690/1536
f 1349/1688/1482 1441/1690/1536 1350/1691/1483
f 1350/1691/1483 1441/1690/1536 1442/1692/1537
f 1350/1691/1483 1442/1692/1537 1351/1693/1484
f 1351/1693/1484 1442/1692/1537 1443/1694/1538
f 1351/1693/1484 1443/1694/1538 1444/1695/1539
f 1351/1693/1484 1444/1695/1539 1352/1696/1467
f 1352/1696/1467 1444/1695/1539 1445/1697/1540
f 1352/1696/1467 1445/1697/1540 1446/1698/1541
f 1352/1696/1467 1446/1698/1541 1353/1699/1466
f 1353/1699/1466 1446/1698/1541 1447/1700/1542
f 1353/1699/1466 1447/1700/1542 1448/1701/1543
f 1353/1699/1466 1448/1701/1543 1354/1702/1485
f 1354/1702/1485 1448/1701/1543 1449/1703/1544
f 1354/1702/1485 1449/1703/1544 1450/1704/1545
f 1354/1702/1485 1450/1704/1545 1355/1705/1493
f 1355/1705/1493 1450/1704/1545 1451/1706/1546
f 1355/1705/1493 1451/1706/1546 1356/1707/1415
f 1356/1707/1415 1451/1706/1546 1452/1708/1547
f 1356/1707/1415 1452/1708/1547 1453/1709/1548
f 1454/1710/1549 1330/1711/1416 1453/1709/1548
f 1453/1709/1548 1330/1711/1416 1356/1707/1415
f 1480/1712/1550 1455/1713/1551 1481/1714/1552
f 1481/1714/1552 1455/1713/1551 1456/1715/1553
f 1481/1714/1552 1456/1715/1553 1484/1716/1554
f 1484/1716/1554 1456/1715/1553 1483/1717/1555
f 1484/1716/1554 1483/1717/1555 1488/1718/1556
f 1488/1718/1556 1483/1717/1555 1487/1719/1557
f 1488/1718/1556 1487/1719/1557 1494/1720/1558
f 1494/1720/1558 1487/1719/1557 1493/1721/1559
f 1494/1720/1558 1493/1721/1559 1501/1722/1560
f 1501/1722/1560 1493/1721/1559 1500/1723/1561
f 1501/1722/1560 1500/1723/1561 1509/1724/1562
f 1509/1724/1562 1500/1723/1561 1508/1725/1563
f 1509/1724/1562 1508/1725/1563 1517/1726/1564
f 1517/1726/1564 1508/1725/1563 1516/1727/1565
f 1517/1726/1564 1516/1727/1565 1525/1728/1566
f 1525/1728/1566 1516/1727/1565 1524/1729/1567
f 1525/1728/1566 1524/1729/1567 1531/1730/1568
f 1531/1730/1568 1524/1729/1567 1530/1731/1569
f 1531/1730/1568 1530/1731/1569 1464/1732/1570
f 1464/1732/1570 1530/1731/1569 1463/1733/1571
f 1463/1733/1571 1530/1731/1569 1524/1729/1567
f 1463/1733/1571 1524/1729/1567 1462/1734/1572
f 1462/1734/1572 1524/1729/1567 1516/1727/1565
f 1462/1734/1572 1516/1727/1565 1461/1735/1573
f 1461/1735/1573 1516/1727/1565 1508/1725/1563
f 1461/1735/1573 1508/1725/1563 1460/1736/1574
f 1460/1736/1574 1508/1725/1563 1500/1723/1561
f 1460/1736/1574 1500/1723/1561 1459/1737/1575
f 1459/1737/1575 1500/1723/1561 1493/1721/1559
f 1459/1737/1575 1493/1721/1559 1458/1738/1576
f 1458/1738/1576 1493/1721/1559 1487/1719/1557
f 1458/1738/1576 1487/1719/1557 1457/1739/1577
f 1457/1739/1577 1487/1719/1557 1483/1717/1555
f 1457/1739/1577 1483/1717/1555 1456/1715/1553
f 1464/1732/1570 1465/1740/1578 1531/1730/1568
f 1531/1730/1568 1465/1740/1578 1466/1741/1579
f 1531/1730/1568 1466/1741/1579 1532/1742/1580
f 1532/1742/1580 1466/1741/1579 1467/1743/1581
f 1532/1742/1580 1467/1743/1581 1526/1744/1582
f 1526/1744/1582 1467/1743/1581 1527/1745/1583
f 1526/1744/1582 1527/1745/1583 1518/1746/1584
f 1518/1746/1584 1527/1745/1583 1519/1747/1585
f 1518/1746/1584 1519/1747/1585 1510/1748/1586
f 1510/1748/1586 1519/1747/1585 1511/1749/1587
f 1510/1748/1586 1511/1749/1587 1502/1750/1588
f 1502/1750/1588 1511/1749/1587 1503/1751/1589
f 1502/1750/1588 1503/1751/1589 1495/1752/1590
f 1495/1752/1590 1503/1751/1589 1496/1753/1591
f 1495/1752/1590 1496/1753/1591 1489/1754/1592
f 1489/1754/1592 1496/1753/1591 1490/1755/1593
f 1489/1754/1592 1490/1755/1593 1485/1756/1594
f 1485/1756/1594 1490/1755/1593 1486/1757/1595
f 1485/1756/1594 1486/1757/1595 1479/1758/1596
f 1479/1758/1596 1486/1757/1595 1478/1759/1597
f 1478/1759/1597 1486/1757/1595 1477/1760/1598
f 1477/1760/1598 1486/1757/1595 1490/1755/1593
f 1477/1760/1598 1490/1755/1593 1491/1761/1599
f 1491/1761/1599 1490/1755/1593 1497/1762/1600
f 1491/1761/1599 1497/1762/1600 1498/1763/1601
f 1498/1763/1601 1497/1762/1600 1505/1764/1602
f 1498/1763/1601 1505/1764/1602 1506/1765/1603
f 1506/1765/1603 1505/1764/1602 1514/1766/1604
f 1506/1765/1603 1514/1766/1604 1515/1767/1605
f 1515/1767/1605 1514/1766/1604 1523/1768/1606
f 1515/1767/1605 1523/1768/1606 1472/1769/1607
f 1472/1769/1607 1523/1768/1606 1471/1770/1608
f 1471/1770/1608 1523/1768/1606 1522/1771/1609
f 1471/1770/1608 1522/1771/1609 1470/1772/1610
f 1470/1772/1610 1522/1771/1609 1521/1773/1611
f 1470/1772/1610 1521/1773/1611 1529/1774/1612
f 1529/1774/1612 1521/1773/1611 1520/1775/1613
f 1529/1774/1612 1520/1775/1613 1528/1776/1614
f 1528/1776/1614 1520/1775/1613 1519/1747/1585
f 1528/1776/1614 1519/1747/1585 1527/1745/1583
f 1467/1743/1581 1468/1777/1615 1527/1745/1583
f 1527/1745/1583 1468/1777/1615 1528/1776/1614
f 1468/1777/1615 1469/1778/1616 1528/1776/1614
f 1528/1776/1614 1469/1778/1616 1529/1774/1612
f 1469/1778/1616 1470/1772/1610 1529/1774/1612
f 1472/1769/1607 423/1779/469 1515/1767/1605
f 1515/1767/1605 423/1779/469 1473/1780/1617
f 1515/1767/1605 1473/1780/1617 1507/1781/1618
f 1507/1781/1618 1473/1780/1617 1474/1782/1619
f 1507/1781/1618 1474/1782/1619 1506/1765/1603
f 1506/1765/1603 1474/1782/1619 1499/1783/1620
f 1506/1765/1603 1499/1783/1620 1498/1763/1601
f 1498/1763/1601 1499/1783/1620 1475/1784/1621
f 1498/1763/1601 1475/1784/1621 1492/1785/1622
f 1492/1785/1622 1475/1784/1621 1476/1786/1623
f 1492/1785/1622 1476/1786/1623 1491/1761/1599
f 1491/1761/1599 1476/1786/1623 1477/1760/1598
f 1474/1782/1619 1475/1784/1621 1499/1783/1620
f 1485/1756/1594 1479/1758/1596 1482/1787/1624
f 1482/1787/1624 1479/1758/1596 1480/1712/1550
f 1482/1787/1624 1480/1712/1550 1481/1714/1552
f 1482/1787/1624 1481/1714/1552 1484/1716/1554
f 1485/1756/1594 1482/1787/1624 1484/1716/1554
f 1489/1754/1592 1485/1756/1594 1484/1716/1554
f 1489/1754/1592 1484/1716/1554 1488/1718/1556
f 1495/1752/1590 1489/1754/1592 1488/1718/1556
f 1495/1752/1590 1488/1718/1556 1494/1720/1558
f 1497/1762/1600 1490/1755/1593 1496/1753/1591
f 1498/1763/1601 1492/1785/1622 1491/1761/1599
f 1502/1750/1588 1495/1752/1590 1494/1720/1558
f 1502/1750/1588 1494/1720/1558 1501/1722/1560
f 1497/1762/1600 1496/1753/1591 1504/1788/1625
f 1504/1788/1625 1496/1753/1591 1503/1751/1589
f 1504/1788/1625 1503/1751/1589 1512/1789/1626
f 1512/1789/1626 1503/1751/1589 1511/1749/1587
f 1512/1789/1626 1511/1749/1587 1520/1775/1613
f 1520/1775/1613 1511/1749/1587 1519/1747/1585
f 1510/1748/1586 1502/1750/1588 1501/1722/1560
f 1510/1748/1586 1501/1722/1560 1509/1724/1562
f 1497/1762/1600 1504/1788/1625 1505/1764/1602
f 1505/1764/1602 1504/1788/1625 1513/1790/1627
f 1505/1764/1602 1513/1790/1627 1514/1766/1604
f 1514/1766/1604 1513/1790/1627 1522/1771/1609
f 1514/1766/1604 1522/1771/1609 1523/1768/1606
f 1513/1790/1627 1504/1788/1625 1512/1789/1626
f 1515/1767/1605 1507/1781/1618 1506/1765/1603
f 1518/1746/1584 1510/1748/1586 1509/1724/1562
f 1518/1746/1584 1509/1724/1562 1517/1726/1564
f 1520/1775/1613 1521/1773/1611 1512/1789/1626
f 1512/1789/1626 1521/1773/1611 1513/1790/1627
f 1521/1773/1611 1522/1771/1609 1513/1790/1627
f 1526/1744/1582 1518/1746/1584 1517/1726/1564
f 1526/1744/1582 1517/1726/1564 1525/1728/1566
f 1532/1742/1580 1526/1744/1582 1525/1728/1566
f 1532/1742/1580 1525/1728/1566 1531/1730/1568
f 1534/1791/1628 1542/1792/1629 1533/1793/1630
f 1533/1793/1630 1542/1792/1629 1543/1794/1631
f 1533/1793/1630 1543/1794/1631 1464/1795/1570
f 1464/1795/1570 1543/1794/1631 1465/1796/1578
f 1465/1796/1578 1543/1794/1631 1466/1797/1579
f 1466/1797/1579 1543/1794/1631 1545/1798/1632
f 1466/1797/1579 1545/1798/1632 1467/1799/1581
f 1467/1799/1581 1545/1798/1632 1547/1800/1633
f 1467/1799/1581 1547/1800/1633 1468/1801/1615
f 1468/1801/1615 1547/1800/1633 1549/1802/1634
f 1468/1801/1615 1549/1802/1634 1469/1803/1616
f 1469/1803/1616 1549/1802/1634 1551/1804/1635
f 1469/1803/1616 1551/1804/1635 1470/1805/1610
f 1470/1805/1610 1551/1804/1635 1553/1806/1636
f 1470/1805/1610 1553/1806/1636 1471/1807/1608
f 1471/1807/1608 1553/1806/1636 1555/1808/1637
f 1471/1807/1608 1555/1808/1637 1472/1809/1607
f 1472/1809/1607 1555/1808/1637 1557/1810/1638
f 1472/1809/1607 1557/1810/1638 423/1811/469
f 423/1811/469 1557/1810/1638 1556/1812/1639
f 423/1811/469 1556/1812/1639 424/1813/467
f 424/1813/467 1556/1812/1639 1541/1814/1640
f 1541/1814/1640 1556/1812/1639 1540/1815/1641
f 1540/1815/1641 1556/1812/1639 1554/1816/1642
f 1540/1815/1641 1554/1816/1642 1539/1817/1643
f 1539/1817/1643 1554/1816/1642 1552/1818/1644
f 1539/1817/1643 1552/1818/1644 1538/1819/1645
f 1538/1819/1645 1552/1818/1644 1550/1820/1646
f 1538/1819/1645 1550/1820/1646 1537/1821/1647
f 1537/1821/1647 1550/1820/1646 1548/1822/1648
f 1537/1821/1647 1548/1822/1648 1536/1823/1649
f 1536/1823/1649 1548/1822/1648 1546/1824/1650
f 1536/1823/1649 1546/1824/1650 1535/1825/1651
f 1535/1825/1651 1546/1824/1650 1544/1826/1652
f 1535/1825/1651 1544/1826/1652 1534/1791/1628
f 1534/1791/1628 1544/1826/1652 1542/1792/1629
f 1545/1798/1632 1543/1794/1631 1542/1792/1629
f 1545/1798/1632 1542/1792/1629 1544/1826/1652
f 1547/1800/1633 1545/1798/1632 1544/1826/1652
f 1547/1800/1633 1544/1826/1652 1546/1824/1650
f 1549/1802/1634 1547/1800/1633 1546/1824/1650
f 1549/1802/1634 1546/1824/1650 1548/1822/1648
f 1551/1804/1635 1549/1802/1634 1548/1822/1648
f 1551/1804/1635 1548/1822/1648 1550/1820/1646
f 1553/1806/1636 1551/1804/1635 1550/1820/1646
f 1553/1806/1636 1550/1820/1646 1552/1818/1644
f 1555/1808/1637 1553/1806/1636 1552/1818/1644
f 1555/1808/1637 1552/1818/1644 1554/1816/1642
f 1557/1810/1638 1555/1808/1637 1554/1816/1642
f 1557/1810/1638 1554/1816/1642 1556/1812/1639
f 420/1827/473 1338/1828/1435 421/1829/471
f 421/1829/471 1338/1828/1435 1567/1830/1653
f 421/1829/471 1567/1830/1653 422/1831/468
f 422/1831/468 1567/1830/1653 1473/1832/1617
f 422/1831/468 1473/1832/1617 423/1833/469
f 1338/1828/1435 1337/1834/1436 1567/1830/1653
f 1567/1830/1653 1337/1834/1436 1566/1835/1654
f 1567/1830/1653 1566/1835/1654 1473/1832/1617
f 1473/1832/1617 1566/1835/1654 1474/1836/1619
f 1474/1836/1619 1566/1835/1654 1565/1837/1655
f 1474/1836/1619 1565/1837/1655 1475/1838/1621
f 1475/1838/1621 1565/1837/1655 1564/1839/1656
f 1475/1838/1621 1564/1839/1656 1476/1840/1623
f 1476/1840/1623 1564/1839/1656 1563/1841/1657
f 1476/1840/1623 1563/1841/1657 1477/1842/1598
f 1477/1842/1598 1563/1841/1657 1562/1843/1658
f 1477/1842/1598 1562/1843/1658 1478/1844/1597
f 1478/1844/1597 1562/1843/1658 1561/1845/1659
f 1478/1844/1597 1561/1845/1659 1479/1846/1596
f 1479/1846/1596 1561/1845/1659 1560/1847/1660
f 1479/1846/1596 1560/1847/1660 1480/1848/1550
f 1480/1848/1550 1560/1847/1660 1559/1849/1661
f 1480/1848/1550 1559/1849/1661 1455/1850/1551
f 1337/1834/1436 1336/1851/1437 1566/1835/1654
f 1566/1835/1654 1336/1851/1437 1565/1837/1655
f 1336/1851/1437 1335/1852/1438 1565/1837/1655
f 1565/1837/1655 1335/1852/1438 1564/1839/1656
f 1335/1852/1438 1334/1853/1441 1564/1839/1656
f 1564/1839/1656 1334/1853/1441 1563/1841/1657
f 1334/1853/1441 1333/1854/1440 1563/1841/1657
f 1563/1841/1657 1333/1854/1440 1562/1843/1658
f 1333/1854/1440 1332/1855/1439 1562/1843/1658
f 1562/1843/1658 1332/1855/1439 1561/1845/1659
f 1332/1855/1439 1331/1856/1418 1561/1845/1659
f 1561/1845/1659 1331/1856/1418 1560/1847/1660
f 1330/1857/1416 1558/1858/1662 1331/1856/1418
f 1331/1856/1418 1558/1858/1662 1560/1847/1660
f 1558/1858/1662 1559/1849/1661 1560/1847/1660
f 1568/1859/1663 1569/1860/1664 1455/1861/1551
f 1455/1861/1551 1569/1860/1664 1456/1862/1553
f 1456/1862/1553 1569/1860/1664 1570/1863/1665
f 1456/1862/1553 1570/1863/1665 1571/1864/1666
f 1456/1862/1553 1571/1864/1666 1457/1865/1577
f 1457/1865/1577 1571/1864/1666 1572/1866/1667
f 1457/1865/1577 1572/1866/1667 1458/1867/1576
f 1458/1867/1576 1572/1866/1667 1573/1868/1668
f 1458/1867/1576 1573/1868/1668 1574/1869/1669
f 1458/1867/1576 1574/1869/1669 1459/1870/1575
f 1459/1870/1575 1574/1869/1669 1575/1871/1670
f 1459/1870/1575 1575/1871/1670 1576/1872/1671
f 1459/1870/1575 1576/1872/1671 1460/1873/1574
f 1460/1873/1574 1576/1872/1671 1577/1874/1672
f 1460/1873/1574 1577/1874/1672 1578/1875/1673
f 1460/1873/1574 1578/1875/1673 1461/1876/1573
f 1461/1876/1573 1578/1875/1673 1579/1877/1674
f 1461/1876/1573 1579/1877/1674 1580/1878/1675
f 1461/1876/1573 1580/1878/1675 1462/1879/1572
f 1462/1879/1572 1580/1878/1675 1581/1880/1676
f 1462/1879/1572 1581/1880/1676 1463/1881/1571
f 1463/1881/1571 1581/1880/1676 1582/1882/1677
f 1463/1881/1571 1582/1882/1677 1583/1883/1678
f 1584/1884/1679 1464/1885/1570 1583/1883/1678
f 1583/1883/1678 1464/1885/1570 1463/1881/1571
f 1464/1886/1570 1584/1887/1679 1533/1888/1630
f 1533/1888/1630 1584/1887/1679 1585/1889/1680
f 1083/1890/1150 1311/1891/1385 817/1892/1388
f 817/1892/1388 1311/1891/1385 818/1893/1681
f 822/1894/1517 821/1895/1682 1348/1896/1474
f 1348/1896/1474 821/1895/1682 1438/1897/1533
f 1284/1898/1358 1586/1899/1683 1174/1900/1240
f 1174/1900/1240 1586/1899/1683 1285/1901/1368
f 1285/1901/1368 1586/1899/1683 1587/1902/1684
f 1285/1901/1368 1587/1902/1684 1286/1903/1367
f 1286/1903/1367 1587/1902/1684 1295/1904/1369
f 1286/1903/1367 1295/1904/1369 1101/1905/1219
f 1330/1906/1416 1454/1907/1549 1558/1908/1662
f 1558/1908/1662 1454/1907/1549 1588/1909/1685
f 1558/1908/1662 1588/1909/1685 1559/1910/1661
f 1559/1910/1661 1588/1909/1685 1589/1911/1686
f 1559/1910/1661 1589/1911/1686 1455/1912/1551
f 1455/1912/1551 1589/1911/1686 1568/1913/1663
f 1030/1914/1102 1590/1915/1687 954/1916/1040
f 954/1916/1040 1590/1915/1687 1039/1917/1103
f 1055/1918/1119 1591/1919/1688 937/1920/1002
f 937/1920/1002 1591/1919/1688 1056/1921/1129
f 1056/1921/1129 1591/1919/1688 1592/1922/1689
f 1056/1921/1129 1592/1922/1689 1057/1923/1128
f 1057/1923/1128 1592/1922/1689 836/1924/892
f 836/1924/892 1592/1922/1689 1066/1925/1130
f 1585/1926/1690 1593/1927/1691 1533/1928/1692
f 1533/1928/1692 1593/1927/1691 426/1929/1693
f 1533/1928/1692 426/1929/1693 1534/1930/1694
f 1534/1930/1694 426/1929/1693 425/1931/1695
f 1534/1930/1694 425/1931/1695 1535/1932/1696
f 1535/1932/1696 425/1931/1695 1536/1933/1697
f 1536/1933/1697 425/1931/1695 1537/1934/1698
f 1537/1934/1698 425/1931/1695 1538/1935/1699
f 1538/1935/1699 425/1931/1695 1539/1936/1700
f 1539/1936/1700 425/1931/1695 1540/1937/1701
f 1540/1937/1701 425/1931/1695 1541/1938/1702
f 1541/1938/1702 425/1931/1695 424/1939/1703
f 426/1929/1693 1593/1927/1691 427/1940/1704
f 427/1940/1704 1593/1927/1691 1594/1941/1705
f 427/1940/1704 1594/1941/1705 428/1942/1706
f 428/1942/1706 1594/1941/1705 1595/1943/1707
f 428/1942/1706 1595/1943/1707 429/1944/1708
f 429/1944/1708 1595/1943/1707 1596/1945/1709
f 429/1944/1708 1596/1945/1709 430/1946/1710
f 430/1946/1710 1596/1945/1709 1597/1947/1711
f 430/1946/1710 1597/1947/1711 431/1948/1712
f 431/1948/1712 1597/1947/1711 1598/1949/1713
f 431/1948/1712 1598/1949/1713 432/1950/1714
f 432/1950/1714 1598/1949/1713 1599/1951/1715
f 432/1950/1714 1599/1951/1715 433/1952/1716
f 433/1952/1716 1599/1951/1715 1600/1953/1717
f 433/1952/1716 1600/1953/1717 434/1954/1718
f 434/1954/1718 1600/1953/1717 1601/1955/1719
f 434/1954/1718 1601/1955/1719 435/1956/1720
f 435/1956/1720 1601/1955/1719 1602/1957/1721
f 435/1956/1720 1602/1957/1721 436/1958/1722
f 436/1958/1722 1602/1957/1721 1603/1959/1723
f 436/1958/1722 1603/1959/1723 437/1960/1724
f 437/1960/1724 1603/1959/1723 1604/1961/1725
f 437/1960/1724 1604/1961/1725 438/1962/1726
f 438/1962/1726 1604/1961/1725 1605/1963/1727
f 438/1962/1726 1605/1963/1727 439/1964/1728
f 439/1964/1728 1605/1963/1727 1606/1965/1729
f 439/1964/1728 1606/1965/1729 440/1966/1730
f 440/1966/1730 1606/1965/1729 441/1967/1731
f 441/1967/1731 1606/1965/1729 1607/1968/1732
f 441/1967/1731 1607/1968/1732 442/1969/1733
f 442/1969/1733 1607/1968/1732 1608/1970/1734
f 442/1969/1733 1608/1970/1734 443/1971/1735
f 443/1971/1735 1608/1970/1734 1609/1972/1736
f 443/1971/1735 1609/1972/1736 444/1973/1737
f 444/1973/1737 1609/1972/1736 1610/1974/1738
f 444/1973/1737 1610/1974/1738 445/1975/1739
f 445/1975/1739 1610/1974/1738 1611/1976/1740
f 445/1975/1739 1611/1976/1740 446/1977/1741
f 446/1977/1741 1611/1976/1740 1612/1978/1742
f 446/1977/1741 1612/1978/1742 447/1979/1743
f 447/1979/1743 1612/1978/1742 1613/1980/1744
f 447/1979/1743 1613/1980/1744 448/1981/1745
f 448/1981/1745 1613/1980/1744 1614/1982/1746
f 448/1981/1745 1614/1982/1746 449/1983/1747
f 449/1983/1747 1614/1982/1746 1615/1984/1748
f 449/1983/1747 1615/1984/1748 450/1985/1749
f 450/1985/1749 1615/1984/1748 1616/1986/1750
f 450/1985/1749 1616/1986/1750 451/1987/1751
f 451/1987/1751 1616/1986/1750 1617/1988/1752
f 451/1987/1751 1617/1988/1752 452/1989/1753
f 452/1989/1753 1617/1988/1752 1618/1990/1754
f 452/1989/1753 1618/1990/1754 453/1991/1755
f 453/1991/1755 1618/1990/1754 1619/1992/1756
f 453/1991/1755 1619/1992/1756 454/1993/1757
f 454/1993/1757 1619/1992/1756 1620/1994/1758
f 454/1993/1757 1620/1994/1758 455/1995/1759
f 455/1995/1759 1620/1994/1758 456/1996/1760
f 456/1996/1760 1620/1994/1758 1621/1997/1761
f 456/1996/1760 1621/1997/1761 457/1998/1762
f 457/1998/1762 1621/1997/1761 1622/1999/1763
f 457/1998/1762 1622/1999/1763 458/2000/1764
f 458/2000/1764 1622/1999/1763 1623/2001/1765
f 458/2000/1764 1623/2001/1765 459/2002/1766
f 459/2002/1766 1623/2001/1765 1624/2003/1767
f 459/2002/1766 1624/2003/1767 460/2004/1768
f 460/2004/1768 1624/2003/1767 1625/2005/1769
f 460/2004/1768 1625/2005/1769 461/2006/1770
f 461/2006/1770 1625/2005/1769 1626/2007/1771
f 461/2006/1770 1626/2007/1771 462/2008/1772
f 462/2008/1772 1626/2007/1771 1627/2009/1773
f 462/2008/1772 1627/2009/1773 463/2010/1774
f 463/2010/1774 1627/2009/1773 1628/2011/1775
f 463/2010/1774 1628/2011/1775 1030/2012/1776
f 1030/2012/1776 1628/2011/1775 1590/2013/1777
f 463/2010/1774 1030/2012/1776 464/2014/1778
f 464/2014/1778 1030/2012/1776 1029/2015/1779
f 464/2014/1778 1029/2015/1779 1028/2016/1780
f 464/2014/1778 1028/2016/1780 465/2017/1781
f 465/2017/1781 1028/2016/1780 1027/2018/1782
f 465/2017/1781 1027/2018/1782 1026/2019/1783
f 1026/2019/1783 1025/2020/1784 465/2017/1781
f 465/2017/1781 1025/2020/1784 1024/2021/1785
f 465/2017/1781 1024/2021/1785 1023/2022/1786
f 1023/2022/1786 1022/2023/1787 465/2017/1781
f 465/2017/1781 1022/2023/1787 466/2024/1788
f 181/2025/1789 1629/2026/1790 182/2027/1791
f 182/2027/1791 1629/2026/1790 1630/2028/1792
f 182/2027/1791 1630/2028/1792 707/2029/1793
f 707/2029/1793 1630/2028/1792 708/2030/1794
f 708/2030/1794 1630/2028/1792 709/2031/1795
f 709/2031/1795 1630/2028/1792 1632/2032/1796
f 709/2031/1795 1632/2032/1796 710/2033/1797
f 710/2033/1797 1632/2032/1796 1634/2034/1798
f 710/2033/1797 1634/2034/1798 711/2035/1799
f 711/2035/1799 1634/2034/1798 1636/2036/1800
f 711/2035/1799 1636/2036/1800 712/2037/1801
f 712/2037/1801 1636/2036/1800 1638/2038/1802
f 712/2037/1801 1638/2038/1802 713/2039/1803
f 713/2039/1803 1638/2038/1802 1640/2040/1804
f 713/2039/1803 1640/2040/1804 714/2041/1805
f 714/2041/1805 1640/2040/1804 1642/2042/1806
f 714/2041/1805 1642/2042/1806 715/2043/1807
f 715/2043/1807 1642/2042/1806 1644/2044/1808
f 715/2043/1807 1644/2044/1808 716/2045/1809
f 716/2045/1809 1644/2044/1808 1646/2046/1810
f 716/2045/1809 1646/2046/1810 717/2047/1811
f 717/2047/1811 1646/2046/1810 1648/2048/1812
f 717/2047/1811 1648/2048/1812 718/2049/1813
f 718/2049/1813 1648/2048/1812 1647/2050/1814
f 718/2049/1813 1647/2050/1814 171/2051/1815
f 171/2051/1815 1647/2050/1814 172/2052/1816
f 172/2052/1816 1647/2050/1814 173/2053/1817
f 173/2053/1817 1647/2050/1814 1645/2054/1818
f 173/2053/1817 1645/2054/1818 174/2055/1819
f 174/2055/1819 1645/2054/1818 1643/2056/1820
f 174/2055/1819 1643/2056/1820 175/2057/1821
f 175/2057/1821 1643/2056/1820 1641/2058/1822
f 175/2057/1821 1641/2058/1822 176/2059/1823
f 176/2059/1823 1641/2058/1822 1639/2060/1824
f 176/2059/1823 1639/2060/1824 177/2061/1825
f 177/2061/1825 1639/2060/1824 1637/2062/1826
f 177/2061/1825 1637/2062/1826 178/2063/1827
f 178/2063/1827 1637/2062/1826 1635/2064/1828
f 178/2063/1827 1635/2064/1828 179/2065/1829
f 179/2065/1829 1635/2064/1828 1633/2066/1830
f 179/2065/1829 1633/2066/1830 180/2067/1831
f 180/2067/1831 1633/2066/1830 1631/2068/1832
f 180/2067/1831 1631/2068/1832 181/2025/1789
f 181/2025/1789 1631/2068/1832 1629/2026/1790
f 1632/2032/1796 1630/2028/1792 1629/2026/1790
f 1632/2032/1796 1629/2026/1790 1631/2068/1832
f 1634/2034/1798 1632/2032/1796 1631/2068/1832
f 1634/2034/1798 1631/2068/1832 1633/2066/1830
f 1636/2036/1800 1634/2034/1798 1633/2066/1830
f 1636/2036/1800 1633/2066/1830 1635/2064/1828
f 1638/2038/1802 1636/2036/1800 1635/2064/1828
f 1638/2038/1802 1635/2064/1828 1637/2062/1826
f 1640/2040/1804 1638/2038/1802 1637/2062/1826
f 1640/2040/1804 1637/2062/1826 1639/2060/1824
f 1642/2042/1806 1640/2040/1804 1639/2060/1824
f 1642/2042/1806 1639/2060/1824 1641/2058/1822
f 1644/2044/1808 1642/2042/1806 1641/2058/1822
f 1644/2044/1808 1641/2058/1822 1643/2056/1820
f 1646/2046/1810 1644/2044/1808 1643/2056/1820
f 1646/2046/1810 1643/2056/1820 1645/2054/1818
f 1648/2048/1812 1646/2046/1810 1645/2054/1818
f 1648/2048/1812 1645/2054/1818 1647/2050/1814
f 171/2069/1815 371/2070/1833 718/2071/1813
f 718/2071/1813 371/2070/1833 719/2072/1834
f 208/2073/1835 1649/2074/1836 209/2075/1837
f 209/2075/1837 1649/2074/1836 1650/2076/1838
f 209/2075/1837 1650/2076/1838 685/2077/1839
f 685/2077/1839 1650/2076/1838 686/2078/1840
f 686/2078/1840 1650/2076/1838 687/2079/1841
f 687/2079/1841 1650/2076/1838 1652/2080/1842
f 687/2079/1841 1652/2080/1842 688/2081/1843
f 688/2081/1843 1652/2080/1842 1654/2082/1844
f 688/2081/1843 1654/2082/1844 689/2083/1845
f 689/2083/1845 1654/2082/1844 1656/2084/1846
f 689/2083/1845 1656/2084/1846 690/2085/1847
f 690/2085/1847 1656/2084/1846 1658/2086/1848
f 690/2085/1847 1658/2086/1848 691/2087/1849
f 691/2087/1849 1658/2086/1848 1660/2088/1850
f 691/2087/1849 1660/2088/1850 692/2089/1851
f 692/2089/1851 1660/2088/1850 1662/2090/1852
f 692/2089/1851 1662/2090/1852 693/2091/1853
f 693/2091/1853 1662/2090/1852 1664/2092/1854
f 693/2091/1853 1664/2092/1854 694/2093/1855
f 694/2093/1855 1664/2092/1854 1666/2094/1856
f 694/2093/1855 1666/2094/1856 695/2095/1857
f 695/2095/1857 1666/2094/1856 1668/2096/1858
f 695/2095/1857 1668/2096/1858 696/2097/1859
f 696/2097/1859 1668/2096/1858 1667/2098/1860
f 696/2097/1859 1667/2098/1860 198/2099/1861
f 198/2099/1861 1667/2098/1860 199/2100/1862
f 199/2100/1862 1667/2098/1860 200/2101/1863
f 200/2101/1863 1667/2098/1860 1665/2102/1864
f 200/2101/1863 1665/2102/1864 201/2103/1865
f 201/2103/1865 1665/2102/1864 1663/2104/1866
f 201/2103/1865 1663/2104/1866 202/2105/1867
f 202/2105/1867 1663/2104/1866 1661/2106/1868
f 202/2105/1867 1661/2106/1868 203/2107/1869
f 203/2107/1869 1661/2106/1868 1659/2108/1870
f 203/2107/1869 1659/2108/1870 204/2109/1871
f 204/2109/1871 1659/2108/1870 1657/2110/1872
f 204/2109/1871 1657/2110/1872 205/2111/1873
f 205/2111/1873 1657/2110/1872 1655/2112/1874
f 205/2111/1873 1655/2112/1874 206/2113/1875
f 206/2113/1875 1655/2112/1874 1653/2114/1876
f 206/2113/1875 1653/2114/1876 207/2115/1877
f 207/2115/1877 1653/2114/1876 1651/2116/1878
f 207/2115/1877 1651/2116/1878 208/2073/1835
f 208/2073/1835 1651/2116/1878 1649/2074/1836
f 1652/2080/1842 1650/2076/1838 1649/2074/1836
f 1652/2080/1842 1649/2074/1836 1651/2116/1878
f 1654/2082/1844 1652/2080/1842 1651/2116/1878
f 1654/2082/1844 1651/2116/1878 1653/2114/1876
f 1656/2084/1846 1654/2082/1844 1653/2114/1876
f 1656/2084/1846 1653/2114/1876 1655/2112/1874
f 1658/2086/1848 1656/2084/1846 1655/2112/1874
f 1658/2086/1848 1655/2112/1874 1657/2110/1872
f 1660/2088/1850 1658/2086/1848 1657/2110/1872
f 1660/2088/1850 1657/2110/1872 1659/2108/1870
f 1662/2090/1852 1660/2088/1850 1659/2108/1870
f 1662/2090/1852 1659/2108/1870 1661/2106/1868
f 1664/2092/1854 1662/2090/1852 1661/2106/1868
f 1664/2092/1854 1661/2106/1868 1663/2104/1866
f 1666/2094/1856 1664/2092/1854 1663/2104/1866
f 1666/2094/1856 1663/2104/1866 1665/2102/1864
f 1668/2096/1858 1666/2094/1856 1665/2102/1864
f 1668/2096/1858 1665/2102/1864 1667/2098/1860
f 685/2117/1839 684/2118/1879 209/2119/1837
f 209/2119/1837 684/2118/1879 210/2120/1880
f 195/2121/1881 194/2122/1882 1669/2123/1883
f 1669/2123/1883 194/2122/1882 1670/2124/1884
f 1685/2125/1885 1671/2126/1886 1684/2127/1887
f 1684/2127/1887 1671/2126/1886 1672/2128/1888
f 1684/2127/1887 1672/2128/1888 1683/2129/1889
f 1683/2129/1889 1672/2128/1888 1673/2130/1890
f 1683/2129/1889 1673/2130/1890 1682/2131/1891
f 1682/2131/1891 1673/2130/1890 1674/2132/1892
f 1682/2131/1891 1674/2132/1892 1681/2133/1893
f 1681/2133/1893 1674/2132/1892 1675/2134/1894
f 1681/2133/1893 1675/2134/1894 1680/2135/1895
f 1680/2135/1895 1675/2134/1894 1676/2136/1896
f 1680/2135/1895 1676/2136/1896 1679/2137/1897
f 1679/2137/1897 1676/2136/1896 1677/2138/1898
f 1679/2137/1897 1677/2138/1898 1678/2139/1899
f 1678/2139/1899 1677/2138/1898 1669/2140/1900
f 1678/2139/1899 1669/2140/1900 1670/2141/1901
f 186/2142/1902 1685/2143/1903 187/2144/1904
f 187/2144/1904 1685/2143/1903 1684/2145/1905
f 187/2144/1904 1684/2145/1905 188/2146/1906
f 188/2146/1906 1684/2145/1905 1683/2147/1907
f 188/2146/1906 1683/2147/1907 189/2148/1908
f 189/2148/1908 1683/2147/1907 1682/2149/1909
f 189/2148/1908 1682/2149/1909 190/2150/1910
f 190/2150/1910 1682/2149/1909 1681/2151/1911
f 190/2150/1910 1681/2151/1911 191/2152/1912
f 191/2152/1912 1681/2151/1911 1680/2153/1913
f 191/2152/1912 1680/2153/1913 192/2154/1914
f 192/2154/1914 1680/2153/1913 1679/2155/1915
f 192/2154/1914 1679/2155/1915 193/2156/1916
f 193/2156/1916 1679/2155/1915 1678/2157/1917
f 193/2156/1916 1678/2157/1917 194/2158/1918
f 194/2158/1918 1678/2157/1917 1670/2159/1919
f 1671/2160/1920 1685/2161/1921 185/2162/1922
f 185/2162/1922 1685/2161/1921 186/2163/1923
f 182/2164/1791 707/2165/1793 183/2166/1924
f 183/2166/1924 707/2165/1793 706/2167/1925
f 183/2166/1924 706/2167/1925 184/2168/1926
f 184/2168/1926 706/2167/1925 705/2169/1927
f 184/2168/1926 705/2169/1927 185/2170/1928
f 185/2170/1928 705/2169/1927 1671/2171/1929
f 1671/2171/1929 705/2169/1927 704/2172/1930
f 1671/2171/1929 704/2172/1930 1672/2173/1931
f 1672/2173/1931 704/2172/1930 703/2174/1932
f 1672/2173/1931 703/2174/1932 1673/2175/1933
f 1673/2175/1933 703/2174/1932 702/2176/1934
f 1673/2175/1933 702/2176/1934 1674/2177/1935
f 1674/2177/1935 702/2176/1934 1675/2178/1936
f 1675/2178/1936 702/2176/1934 701/2179/1937
f 1675/2178/1936 701/2179/1937 1676/2180/1938
f 1676/2180/1938 701/2179/1937 700/2181/1939
f 1676/2180/1938 700/2181/1939 1677/2182/1940
f 1677/2182/1940 700/2181/1939 699/2183/1941
f 1677/2182/1940 699/2183/1941 1669/2184/1942
f 1669/2184/1942 699/2183/1941 698/2185/1943
f 1669/2184/1942 698/2185/1943 195/2186/1944
f 195/2186/1944 698/2185/1943 196/2187/1945
f 196/2187/1945 698/2185/1943 697/2188/1946
f 196/2187/1945 697/2188/1946 197/2189/1947
f 197/2189/1947 697/2188/1946 696/2190/1859
f 197/2189/1947 696/2190/1859 198/2191/1861
f 639/2192/1948 1843/2193/1949 470/2194/1950
f 470/2194/1950 1843/2193/1949 1844/2195/1951
f 470/2194/1950 1844/2195/1951 471/2196/1952
f 471/2196/1952 1844/2195/1951 1845/2197/1953
f 471/2196/1952 1845/2197/1953 472/2198/1954
f 472/2198/1954 1845/2197/1953 1846/2199/1955
f 472/2198/1954 1846/2199/1955 473/2200/1956
f 473/2200/1956 1846/2199/1955 7/2201/1957
f 473/2200/1956 7/2201/1957 474/2202/1958
f 474/2202/1958 7/2201/1957 6/2203/1959
f 474/2202/1958 6/2203/1959 15/2204/1960
f 1843/2193/1949 639/2192/1948 1842/2205/1961
f 1842/2205/1961 639/2192/1948 638/2206/1962
f 1842/2205/1961 638/2206/1962 1841/2207/1963
f 1841/2207/1963 638/2206/1962 637/2208/1964
f 1841/2207/1963 637/2208/1964 1840/2209/1965
f 1840/2209/1965 637/2208/1964 636/2210/1966
f 1840/2209/1965 636/2210/1966 1839/2211/1967
f 1839/2211/1967 636/2210/1966 635/2212/1968
f 1839/2211/1967 635/2212/1968 1838/2213/1969
f 1838/2213/1969 635/2212/1968 634/2214/1970
f 1838/2213/1969 634/2214/1970 1837/2215/1971
f 1837/2215/1971 634/2214/1970 633/2216/1972
f 1837/2215/1971 633/2216/1972 1836/2217/1973
f 1836/2217/1973 633/2216/1972 632/2218/1974
f 1836/2217/1973 632/2218/1974 1835/2219/1975
f 1835/2219/1975 632/2218/1974 631/2220/1976
f 1835/2219/1975 631/2220/1976 1834/2221/1977
f 1834/2221/1977 631/2220/1976 630/2222/1978
f 1834/2221/1977 630/2222/1978 1833/2223/1979
f 1833/2223/1979 630/2222/1978 629/2224/1980
f 1833/2223/1979 629/2224/1980 1832/2225/1981
f 1832/2225/1981 629/2224/1980 628/2226/1982
f 1832/2225/1981 628/2226/1982 1831/2227/1983
f 1831/2227/1983 628/2226/1982 627/2228/1984
f 1831/2227/1983 627/2228/1984 1830/2229/1985
f 1830/2229/1985 627/2228/1984 626/2230/1986
f 1830/2229/1985 626/2230/1986 1829/2231/1987
f 1829/2231/1987 626/2230/1986 625/2232/1988
f 1829/2231/1987 625/2232/1988 1828/2233/1989
f 1828/2233/1989 625/2232/1988 624/2234/1990
f 1828/2233/1989 624/2234/1990 1827/2235/1991
f 1827/2235/1991 624/2234/1990 623/2236/1992
f 1827/2235/1991 623/2236/1992 1826/2237/1993
f 1826/2237/1993 623/2236/1992 622/2238/1994
f 1826/2237/1993 622/2238/1994 1825/2239/1995
f 1825/2239/1995 622/2238/1994 621/2240/1996
f 1825/2239/1995 621/2240/1996 1824/2241/1997
f 1824/2241/1997 621/2240/1996 620/2242/1998
f 1824/2241/1997 620/2242/1998 1823/2243/1999
f 1823/2243/1999 620/2242/1998 619/2244/2000
f 1823/2243/1999 619/2244/2000 1822/2245/2001
f 1822/2245/2001 619/2244/2000 618/2246/2002
f 1822/2245/2001 618/2246/2002 1821/2247/2003
f 1821/2247/2003 618/2246/2002 617/2248/2004
f 1821/2247/2003 617/2248/2004 1820/2249/2005
f 1820/2249/2005 617/2248/2004 616/2250/2006
f 1820/2249/2005 616/2250/2006 1819/2251/2007
f 1819/2251/2007 616/2250/2006 615/2252/2008
f 1819/2251/2007 615/2252/2008 1818/2253/2009
f 1818/2253/2009 615/2252/2008 614/2254/2010
f 1818/2253/2009 614/2254/2010 1817/2255/2011
f 1817/2255/2011 614/2254/2010 613/2256/2012
f 1817/2255/2011 613/2256/2012 1816/2257/2013
f 1816/2257/2013 613/2256/2012 612/2258/2014
f 1816/2257/2013 612/2258/2014 1815/2259/2015
f 1815/2259/2015 612/2258/2014 611/2260/2016
f 1815/2259/2015 611/2260/2016 1814/2261/2017
f 1814/2261/2017 611/2260/2016 610/2262/2018
f 1814/2261/2017 610/2262/2018 1813/2263/2019
f 1813/2263/2019 610/2262/2018 609/2264/2020
f 1813/2263/2019 609/2264/2020 1812/2265/2021
f 1812/2265/2021 609/2264/2020 608/2266/2022
f 1812/2265/2021 608/2266/2022 1811/2267/2023
f 1811/2267/2023 608/2266/2022 607/2268/2024
f 1811/2267/2023 607/2268/2024 1810/2269/2025
f 1810/2269/2025 607/2268/2024 606/2270/2026
f 1810/2269/2025 606/2270/2026 1809/2271/2027
f 1809/2271/2027 606/2270/2026 605/2272/2028
f 1809/2271/2027 605/2272/2028 1808/2273/2029
f 1808/2273/2029 605/2272/2028 604/2274/2030
f 1808/2273/2029 604/2274/2030 1807/2275/2031
f 1807/2275/2031 604/2274/2030 603/2276/2032
f 1807/2275/2031 603/2276/2032 1806/2277/2033
f 1806/2277/2033 603/2276/2032 602/2278/2034
f 1806/2277/2033 602/2278/2034 1805/2279/2035
f 1805/2279/2035 602/2278/2034 601/2280/2036
f 1805/2279/2035 601/2280/2036 1804/2281/2037
f 1804/2281/2037 601/2280/2036 600/2282/2038
f 1804/2281/2037 600/2282/2038 1803/2283/2039
f 1803/2283/2039 600/2282/2038 599/2284/2040
f 1803/2283/2039 599/2284/2040 1802/2285/2041
f 1802/2285/2041 599/2284/2040 598/2286/2042
f 1802/2285/2041 598/2286/2042 1801/2287/2043
f 1801/2287/2043 598/2286/2042 597/2288/2044
f 1801/2287/2043 597/2288/2044 1800/2289/2045
f 1800/2289/2045 597/2288/2044 596/2290/2046
f 1800/2289/2045 596/2290/2046 1799/2291/2047
f 1799/2291/2047 596/2290/2046 595/2292/2048
f 1799/2291/2047 595/2292/2048 1798/2293/2049
f 1798/2293/2049 595/2292/2048 594/2294/2050
f 1798/2293/2049 594/2294/2050 1797/2295/2051
f 1797/2295/2051 594/2294/2050 593/2296/2052
f 1797/2295/2051 593/2296/2052 1796/2297/2053
f 1796/2297/2053 593/2296/2052 592/2298/2054
f 1796/2297/2053 592/2298/2054 1795/2299/2055
f 1795/2299/2055 592/2298/2054 591/2300/2056
f 1795/2299/2055 591/2300/2056 1794/2301/2057
f 1794/2301/2057 591/2300/2056 590/2302/2058
f 1794/2301/2057 590/2302/2058 1793/2303/2059
f 1793/2303/2059 590/2302/2058 589/2304/2060
f 1793/2303/2059 589/2304/2060 1792/2305/2061
f 1792/2305/2061 589/2304/2060 588/2306/2062
f 1792/2305/2061 588/2306/2062 1791/2307/2063
f 1791/2307/2063 588/2306/2062 587/2308/2064
f 1791/2307/2063 587/2308/2064 1790/2309/2065
f 1790/2309/2065 587/2308/2064 586/2310/2066
f 1790/2309/2065 586/2310/2066 1789/2311/2067
f 1789/2311/2067 586/2310/2066 585/2312/2068
f 1789/2311/2067 585/2312/2068 1788/2313/2069
f 1788/2313/2069 585/2312/2068 584/2314/2070
f 1788/2313/2069 584/2314/2070 1787/2315/2071
f 1787/2315/2071 584/2314/2070 583/2316/2072
f 1787/2315/2071 583/2316/2072 1786/2317/2073
f 1786/2317/2073 583/2316/2072 582/2318/2074
f 1786/2317/2073 582/2318/2074 1785/2319/2075
f 1785/2319/2075 582/2318/2074 581/2320/2076
f 1785/2319/2075 581/2320/2076 1784/2321/2077
f 1784/2321/2077 581/2320/2076 580/2322/2078
f 1784/2321/2077 580/2322/2078 1783/2323/2079
f 1783/2323/2079 580/2322/2078 579/2324/2080
f 1783/2323/2079 579/2324/2080 1782/2325/2081
f 1782/2325/2081 579/2324/2080 578/2326/2082
f 1782/2325/2081 578/2326/2082 1781/2327/2083
f 1781/2327/2083 578/2326/2082 577/2328/2084
f 1781/2327/2083 577/2328/2084 1780/2329/2085
f 1780/2329/2085 577/2328/2084 576/2330/2086
f 1780/2329/2085 576/2330/2086 1779/2331/2087
f 1779/2331/2087 576/2330/2086 575/2332/2088
f 1779/2331/2087 575/2332/2088 1778/2333/2089
f 1778/2333/2089 575/2332/2088 574/2334/2090
f 1778/2333/2089 574/2334/2090 1777/2335/2091
f 1777/2335/2091 574/2334/2090 573/2336/2092
f 1777/2335/2091 573/2336/2092 1776/2337/2093
f 1776/2337/2093 573/2336/2092 572/2338/2094
f 1776/2337/2093 572/2338/2094 1775/2339/2095
f 1775/2339/2095 572/2338/2094 571/2340/2096
f 1775/2339/2095 571/2340/2096 1774/2341/2097
f 1774/2341/2097 571/2340/2096 570/2342/2098
f 1774/2341/2097 570/2342/2098 1773/2343/2099
f 1773/2343/2099 570/2342/2098 569/2344/2100
f 1773/2343/2099 569/2344/2100 1772/2345/2101
f 1772/2345/2101 569/2344/2100 568/2346/2102
f 1772/2345/2101 568/2346/2102 1771/2347/2103
f 1771/2347/2103 568/2346/2102 567/2348/2104
f 1771/2347/2103 567/2348/2104 1770/2349/2105
f 1770/2349/2105 567/2348/2104 566/2350/2106
f 1770/2349/2105 566/2350/2106 1769/2351/2107
f 1769/2351/2107 566/2350/2106 565/2352/2108
f 1769/2351/2107 565/2352/2108 1768/2353/2109
f 1768/2353/2109 565/2352/2108 564/2354/2110
f 1768/2353/2109 564/2354/2110 1767/2355/2111
f 1767/2355/2111 564/2354/2110 563/2356/2112
f 1767/2355/2111 563/2356/2112 1766/2357/2113
f 1766/2357/2113 563/2356/2112 562/2358/2114
f 1766/2357/2113 562/2358/2114 1765/2359/2115
f 1765/2359/2115 562/2358/2114 561/2360/2116
f 1765/2359/2115 561/2360/2116 1764/2361/2117
f 1764/2361/2117 561/2360/2116 560/2362/2118
f 1764/2361/2117 560/2362/2118 1763/2363/2119
f 1763/2363/2119 560/2362/2118 559/2364/2120
f 1763/2363/2119 559/2364/2120 1762/2365/2121
f 1762/2365/2121 559/2364/2120 558/2366/2122
f 1762/2365/2121 558/2366/2122 1761/2367/2123
f 1761/2367/2123 558/2366/2122 557/2368/2124
f 1761/2367/2123 557/2368/2124 1760/2369/2125
f 1760/2369/2125 557/2368/2124 556/2370/2126
f 1760/2369/2125 556/2370/2126 1759/2371/2127
f 1759/2371/2127 556/2370/2126 555/2372/2128
f 1759/2371/2127 555/2372/2128 1758/2373/2129
f 1758/2373/2129 555/2372/2128 554/2374/2130
f 1758/2373/2129 554/2374/2130 1757/2375/2131
f 1757/2375/2131 554/2374/2130 553/2376/2132
f 1757/2375/2131 553/2376/2132 1756/2377/2133
f 1756/2377/2133 553/2376/2132 552/2378/2134
f 1756/2377/2133 552/2378/2134 1755/2379/2135
f 1755/2379/2135 552/2378/2134 551/2380/2136
f 1755/2379/2135 551/2380/2136 1754/2381/2137
f 1754/2381/2137 551/2380/2136 550/2382/2138
f 1754/2381/2137 550/2382/2138 1753/2383/2139
f 1753/2383/2139 550/2382/2138 549/2384/2140
f 1753/2383/2139 549/2384/2140 1752/2385/2141
f 1752/2385/2141 549/2384/2140 548/2386/2142
f 1752/2385/2141 548/2386/2142 1751/2387/2143
f 1751/2387/2143 548/2386/2142 547/2388/2144
f 1751/2387/2143 547/2388/2144 1750/2389/2145
f 1750/2389/2145 547/2388/2144 546/2390/2146
f 1750/2389/2145 546/2390/2146 1749/2391/2147
f 1749/2391/2147 546/2390/2146 545/2392/2148
f 1749/2391/2147 545/2392/2148 1748/2393/2149
f 1748/2393/2149 545/2392/2148 544/2394/2150
f 1748/2393/2149 544/2394/2150 1747/2395/2151
f 1747/2395/2151 544/2394/2150 543/2396/2152
f 1747/2395/2151 543/2396/2152 1746/2397/2153
f 1746/2397/2153 543/2396/2152 542/2398/2154
f 1746/2397/2153 542/2398/2154 1745/2399/2155
f 1745/2399/2155 542/2398/2154 541/2400/2156
f 1745/2399/2155 541/2400/2156 1744/2401/2157
f 1744/2401/2157 541/2400/2156 540/2402/2158
f 1744/2401/2157 540/2402/2158 1743/2403/2159
f 1743/2403/2159 540/2402/2158 539/2404/2160
f 1743/2403/2159 539/2404/2160 1742/2405/2161
f 1742/2405/2161 539/2404/2160 538/2406/2162
f 1742/2405/2161 538/2406/2162 1741/2407/2163
f 1741/2407/2163 538/2406/2162 537/2408/2164
f 1741/2407/2163 537/2408/2164 1740/2409/2165
f 1740/2409/2165 537/2408/2164 536/2410/2166
f 1740/2409/2165 536/2410/2166 1739/2411/2167
f 1739/2411/2167 536/2410/2166 535/2412/2168
f 1739/2411/2167 535/2412/2168 1738/2413/2169
f 1738/2413/2169 535/2412/2168 534/2414/2170
f 1738/2413/2169 534/2414/2170 1737/2415/2171
f 1737/2415/2171 534/2414/2170 533/2416/2172
f 1737/2415/2171 533/2416/2172 1736/2417/2173
f 1736/2417/2173 533/2416/2172 532/2418/2174
f 1736/2417/2173 532/2418/2174 1735/2419/2175
f 1735/2419/2175 532/2418/2174 531/2420/2176
f 1735/2419/2175 531/2420/2176 1734/2421/2177
f 1734/2421/2177 531/2420/2176 530/2422/2178
f 1734/2421/2177 530/2422/2178 1733/2423/2179
f 1733/2423/2179 530/2422/2178 529/2424/2180
f 1733/2423/2179 529/2424/2180 1732/2425/2181
f 1732/2425/2181 529/2424/2180 528/2426/2182
f 1732/2425/2181 528/2426/2182 1731/2427/2183
f 1731/2427/2183 528/2426/2182 527/2428/2184
f 1731/2427/2183 527/2428/2184 1730/2429/2185
f 1730/2429/2185 527/2428/2184 526/2430/2186
f 1730/2429/2185 526/2430/2186 1729/2431/2187
f 1729/2431/2187 526/2430/2186 525/2432/2188
f 1729/2431/2187 525/2432/2188 1728/2433/2189
f 1728/2433/2189 525/2432/2188 524/2434/2190
f 1728/2433/2189 524/2434/2190 1727/2435/2191
f 1727/2435/2191 524/2434/2190 523/2436/2192
f 1727/2435/2191 523/2436/2192 1726/2437/2193
f 1726/2437/2193 523/2436/2192 522/2438/2194
f 1726/2437/2193 522/2438/2194 1725/2439/2195
f 1725/2439/2195 522/2438/2194 521/2440/2196
f 1725/2439/2195 521/2440/2196 1724/2441/2197
f 1724/2441/2197 521/2440/2196 520/2442/2198
f 1724/2441/2197 520/2442/2198 1723/2443/2199
f 1723/2443/2199 520/2442/2198 519/2444/2200
f 1723/2443/2199 519/2444/2200 1722/2445/2201
f 1722/2445/2201 519/2444/2200 518/2446/2202
f 1722/2445/2201 518/2446/2202 1721/2447/2203
f 1721/2447/2203 518/2446/2202 517/2448/2204
f 1721/2447/2203 517/2448/2204 1720/2449/2205
f 1720/2449/2205 517/2448/2204 516/2450/2206
f 1720/2449/2205 516/2450/2206 1719/2451/2207
f 1719/2451/2207 516/2450/2206 515/2452/2208
f 1719/2451/2207 515/2452/2208 1718/2453/2209
f 1718/2453/2209 515/2452/2208 514/2454/2210
f 1718/2453/2209 514/2454/2210 1717/2455/2211
f 1717/2455/2211 514/2454/2210 513/2456/2212
f 1717/2455/2211 513/2456/2212 1716/2457/2213
f 1716/2457/2213 513/2456/2212 512/2458/2214
f 1716/2457/2213 512/2458/2214 1715/2459/2215
f 1715/2459/2215 512/2458/2214 511/2460/2216
f 1715/2459/2215 511/2460/2216 1714/2461/2217
f 1714/2461/2217 511/2460/2216 510/2462/2218
f 1714/2461/2217 510/2462/2218 1713/2463/2219
f 1713/2463/2219 510/2462/2218 509/2464/2220
f 1713/2463/2219 509/2464/2220 1712/2465/2221
f 1712/2465/2221 509/2464/2220 508/2466/2222
f 1712/2465/2221 508/2466/2222 1711/2467/2223
f 1711/2467/2223 508/2466/2222 507/2468/2224
f 1711/2467/2223 507/2468/2224 1710/2469/2225
f 1710/2469/2225 507/2468/2224 506/2470/2226
f 1710/2469/2225 506/2470/2226 1709/2471/2227
f 1709/2471/2227 506/2470/2226 505/2472/2228
f 1709/2471/2227 505/2472/2228 1708/2473/2229
f 1708/2473/2229 505/2472/2228 504/2474/2230
f 1708/2473/2229 504/2474/2230 1707/2475/2231
f 1707/2475/2231 504/2474/2230 503/2476/2232
f 1707/2475/2231 503/2476/2232 1706/2477/2233
f 1706/2477/2233 503/2476/2232 502/2478/2234
f 1706/2477/2233 502/2478/2234 1705/2479/2235
f 1705/2479/2235 502/2478/2234 501/2480/2236
f 1705/2479/2235 501/2480/2236 1704/2481/2237
f 1704/2481/2237 501/2480/2236 500/2482/2238
f 1704/2481/2237 500/2482/2238 1703/2483/2239
f 1703/2483/2239 500/2482/2238 499/2484/2240
f 1703/2483/2239 499/2484/2240 1702/2485/2241
f 1702/2485/2241 499/2484/2240 498/2486/2242
f 1702/2485/2241 498/2486/2242 1701/2487/2243
f 1701/2487/2243 498/2486/2242 497/2488/2244
f 1701/2487/2243 497/2488/2244 1700/2489/2245
f 1700/2489/2245 497/2488/2244 496/2490/2246
f 1700/2489/2245 496/2490/2246 1699/2491/2247
f 1699/2491/2247 496/2490/2246 495/2492/2248
f 1699/2491/2247 495/2492/2248 1698/2493/2249
f 1698/2493/2249 495/2492/2248 494/2494/2250
f 1698/2493/2249 494/2494/2250 1697/2495/2251
f 1697/2495/2251 494/2494/2250 493/2496/2252
f 1697/2495/2251 493/2496/2252 1696/2497/2253
f 1696/2497/2253 493/2496/2252 492/2498/2254
f 1696/2497/2253 492/2498/2254 1695/2499/2255
f 1695/2499/2255 492/2498/2254 491/2500/2256
f 1695/2499/2255 491/2500/2256 1694/2501/2257
f 1694/2501/2257 491/2500/2256 490/2502/2258
f 1694/2501/2257 490/2502/2258 1693/2503/2259
f 1693/2503/2259 490/2502/2258 489/2504/2260
f 1693/2503/2259 489/2504/2260 1692/2505/2261
f 1692/2505/2261 489/2504/2260 488/2506/2262
f 1692/2505/2261 488/2506/2262 1691/2507/2263
f 1691/2507/2263 488/2506/2262 487/2508/2264
f 1691/2507/2263 487/2508/2264 1690/2509/2265
f 1690/2509/2265 487/2508/2264 486/2510/2266
f 1690/2509/2265 486/2510/2266 1689/2511/2267
f 1689/2511/2267 486/2510/2266 485/2512/2268
f 1689/2511/2267 485/2512/2268 1688/2513/2269
f 1688/2513/2269 485/2512/2268 484/2514/2270
f 1688/2513/2269 484/2514/2270 1687/2515/2271
f 1687/2515/2271 484/2514/2270 483/2516/2272
f 1687/2515/2271 483/2516/2272 1686/2517/2273
f 1686/2517/2273 483/2516/2272 482/2518/2274
f 1686/2517/2273 482/2518/2274 4/2519/2275
f 4/2519/2275 482/2518/2274 481/2520/2276
f 4/2519/2275 481/2520/2276 1/2521/2277
f 1/2521/2277 481/2520/2276 9/2522/2278
f 9/2522/2278 481/2520/2276 480/2523/2279
f 9/2522/2278 480/2523/2279 10/2524/2280
f 10/2524/2280 480/2523/2279 479/2525/2281
f 10/2524/2280 479/2525/2281 11/2526/2282
f 11/2526/2282 479/2525/2281 478/2527/2283
f 11/2526/2282 478/2527/2283 12/2528/2284
f 12/2529/2284 478/2530/2283 477/2531/2285
f 12/2529/2284 477/2531/2285 13/2532/2286
f 13/2532/2286 477/2531/2285 476/2533/2287
f 13/2532/2286 476/2533/2287 14/2534/2288
f 14/2534/2288 476/2533/2287 475/2535/2289
f 14/2534/2288 475/2535/2289 15/2204/1960
f 15/2204/1960 475/2535/2289 474/2202/1958
f 1269/2536/2290 1268/2537/2291 296/2538/2292
f 296/2538/2292 1268/2537/2291 794/2539/2293
f 296/2538/2292 794/2539/2293 793/2540/2294
f 296/2538/2292 793/2540/2294 297/2541/2295
f 297/2541/2295 793/2540/2294 792/2542/2296
f 297/2541/2295 792/2542/2296 298/2543/2297
f 298/2543/2297 792/2542/2296 791/2544/2298
f 298/2543/2297 791/2544/2298 299/2545/2299
f 299/2545/2299 791/2544/2298 790/2546/2300
f 299/2545/2299 790/2546/2300 300/2547/2301
f 300/2547/2301 790/2546/2300 789/2548/2302
f 300/2547/2301 789/2548/2302 301/2549/2303
f 301/2549/2303 789/2548/2302 788/2550/2304
f 301/2549/2303 788/2550/2304 302/2551/2305
f 302/2551/2305 788/2550/2304 787/2552/2306
f 302/2551/2305 787/2552/2306 303/2553/2307
f 303/2553/2307 787/2552/2306 786/2554/2308
f 303/2553/2307 786/2554/2308 304/2555/2309
f 304/2555/2309 786/2554/2308 785/2556/2310
f 304/2555/2309 785/2556/2310 305/2557/2311
f 305/2557/2311 785/2556/2310 784/2558/2312
f 305/2557/2311 784/2558/2312 306/2559/2313
f 306/2559/2313 784/2558/2312 783/2560/2314
f 306/2559/2313 783/2560/2314 307/2561/2315
f 307/2561/2315 783/2560/2314 782/2562/2316
f 307/2561/2315 782/2562/2316 308/2563/2317
f 308/2563/2317 782/2562/2316 781/2564/2318
f 308/2563/2317 781/2564/2318 309/2565/2319
f 309/2565/2319 781/2564/2318 780/2566/2320
f 309/2565/2319 780/2566/2320 310/2567/2321
f 310/2567/2321 780/2566/2320 779/2568/2322
f 310/2567/2321 779/2568/2322 311/2569/2323
f 311/2569/2323 779/2568/2322 778/2570/2324
f 311/2569/2323 778/2570/2324 312/2571/2325
f 312/2571/2325 778/2570/2324 777/2572/2326
f 312/2571/2325 777/2572/2326 313/2573/2327
f 313/2573/2327 777/2572/2326 776/2574/2328
f 313/2573/2327 776/2574/2328 314/2575/2329
f 314/2575/2329 776/2574/2328 775/2576/2330
f 314/2575/2329 775/2576/2330 315/2577/2331
f 315/2577/2331 775/2576/2330 774/2578/2332
f 315/2577/2331 774/2578/2332 316/2579/2333
f 316/2579/2333 774/2578/2332 773/2580/2334
f 316/2579/2333 773/2580/2334 317/2581/2335
f 317/2581/2335 773/2580/2334 772/2582/2336
f 317/2581/2335 772/2582/2336 318/2583/2337
f 318/2583/2337 772/2582/2336 771/2584/2338
f 318/2583/2337 771/2584/2338 319/2585/2339
f 319/2585/2339 771/2584/2338 770/2586/2340
f 319/2585/2339 770/2586/2340 320/2587/2341
f 320/2587/2341 770/2586/2340 769/2588/2342
f 320/2587/2341 769/2588/2342 321/2589/2343
f 321/2589/2343 769/2588/2342 768/2590/2344
f 321/2589/2343 768/2590/2344 322/2591/2345
f 322/2591/2345 768/2590/2344 767/2592/2346
f 322/2591/2345 767/2592/2346 323/2593/2347
f 323/2593/2347 767/2592/2346 766/2594/2348
f 323/2593/2347 766/2594/2348 324/2595/2349
f 324/2595/2349 766/2594/2348 765/2596/2350
f 324/2595/2349 765/2596/2350 325/2597/2351
f 325/2597/2351 765/2596/2350 764/2598/2352
f 325/2597/2351 764/2598/2352 326/2599/2353
f 326/2599/2353 764/2598/2352 763/2600/2354
f 326/2599/2353 763/2600/2354 327/2601/2355
f 327/2601/2355 763/2600/2354 762/2602/2356
f 327/2601/2355 762/2602/2356 328/2603/2357
f 328/2603/2357 762/2602/2356 761/2604/2358
f 328/2603/2357 761/2604/2358 329/2605/2359
f 329/2605/2359 761/2604/2358 760/2606/2360
f 329/2605/2359 760/2606/2360 330/2607/2361
f 330/2607/2361 760/2606/2360 759/2608/2362
f 330/2607/2361 759/2608/2362 331/2609/2363
f 331/2609/2363 759/2608/2362 758/2610/2364
f 331/2609/2363 758/2610/2364 332/2611/2365
f 332/2611/2365 758/2610/2364 757/2612/2366
f 332/2611/2365 757/2612/2366 333/2613/2367
f 333/2613/2367 757/2612/2366 756/2614/2368
f 333/2613/2367 756/2614/2368 334/2615/2369
f 334/2615/2369 756/2614/2368 755/2616/2370
f 334/2615/2369 755/2616/2370 335/2617/2371
f 335/2617/2371 755/2616/2370 754/2618/2372
f 335/2617/2371 754/2618/2372 336/2619/2373
f 336/2619/2373 754/2618/2372 753/2620/2374
f 336/2619/2373 753/2620/2374 337/2621/2375
f 337/2621/2375 753/2620/2374 752/2622/2376
f 337/2621/2375 752/2622/2376 338/2623/2377
f 338/2623/2377 752/2622/2376 751/2624/2378
f 338/2623/2377 751/2624/2378 339/2625/2379
f 339/2625/2379 751/2624/2378 750/2626/2380
f 339/2625/2379 750/2626/2380 340/2627/2381
f 340/2627/2381 750/2626/2380 749/2628/2382
f 340/2627/2381 749/2628/2382 341/2629/2383
f 341/2629/2383 749/2628/2382 748/2630/2384
f 341/2629/2383 748/2630/2384 342/2631/2385
f 342/2631/2385 748/2630/2384 747/2632/2386
f 342/2631/2385 747/2632/2386 343/2633/2387
f 343/2633/2387 747/2632/2386 746/2634/2388
f 343/2633/2387 746/2634/2388 344/2635/2389
f 344/2635/2389 746/2634/2388 745/2636/2390
f 344/2635/2389 745/2636/2390 345/2637/2391
f 345/2637/2391 745/2636/2390 744/2638/2392
f 345/2637/2391 744/2638/2392 346/2639/2393
f 346/2639/2393 744/2638/2392 743/2640/2394
f 346/2639/2393 743/2640/2394 347/2641/2395
f 347/2641/2395 743/2640/2394 742/2642/2396
f 347/2641/2395 742/2642/2396 348/2643/2397
f 348/2643/2397 742/2642/2396 741/2644/2398
f 348/2643/2397 741/2644/2398 349/2645/2399
f 349/2645/2399 741/2644/2398 740/2646/2400
f 349/2645/2399 740/2646/2400 350/2647/2401
f 350/2647/2401 740/2646/2400 739/2648/2402
f 350/2647/2401 739/2648/2402 351/2649/2403
f 351/2649/2403 739/2648/2402 738/2650/2404
f 351/2649/2403 738/2650/2404 352/2651/2405
f 352/2651/2405 738/2650/2404 737/2652/2406
f 352/2651/2405 737/2652/2406 353/2653/2407
f 353/2653/2407 737/2652/2406 736/2654/2408
f 353/2653/2407 736/2654/2408 354/2655/2409
f 354/2655/2409 736/2654/2408 735/2656/2410
f 354/2655/2409 735/2656/2410 355/2657/2411
f 355/2657/2411 735/2656/2410 734/2658/2412
f 355/2657/2411 734/2658/2412 356/2659/2413
f 356/2659/2413 734/2658/2412 733/2660/2414
f 356/2659/2413 733/2660/2414 357/2661/2415
f 357/2661/2415 733/2660/2414 732/2662/2416
f 357/2661/2415 732/2662/2416 358/2663/2417
f 358/2663/2417 732/2662/2416 731/2664/2418
f 358/2663/2417 731/2664/2418 359/2665/2419
f 359/2665/2419 731/2664/2418 730/2666/2420
f 359/2665/2419 730/2666/2420 360/2667/2421
f 360/2667/2421 730/2666/2420 729/2668/2422
f 360/2667/2421 729/2668/2422 361/2669/2423
f 361/2669/2423 729/2668/2422 728/2670/2424
f 361/2669/2423 728/2670/2424 362/2671/2425
f 362/2671/2425 728/2670/2424 727/2672/2426
f 362/2671/2425 727/2672/2426 363/2673/2427
f 363/2673/2427 727/2672/2426 726/2674/2428
f 363/2673/2427 726/2674/2428 364/2675/2429
f 364/2675/2429 726/2674/2428 725/2676/2430
f 364/2675/2429 725/2676/2430 365/2677/2431
f 365/2677/2431 725/2676/2430 724/2678/2432
f 365/2677/2431 724/2678/2432 366/2679/2433
f 366/2679/2433 724/2678/2432 723/2680/2434
f 366/2679/2433 723/2680/2434 367/2681/2435
f 367/2681/2435 723/2680/2434 722/2682/2436
f 367/2681/2435 722/2682/2436 368/2683/2437
f 368/2683/2437 722/2682/2436 721/2684/2438
f 368/2683/2437 721/2684/2438 369/2685/2439
f 369/2685/2439 721/2684/2438 720/2686/2440
f 369/2685/2439 720/2686/2440 370/2687/2441
f 370/2687/2441 720/2686/2440 719/2688/2442
f 370/2687/2441 719/2688/2442 371/2689/2443
f 295/2690/2444 1276/2691/2445 296/2538/2292
f 296/2538/2292 1276/2691/2445 1275/2692/2446
f 296/2538/2292 1275/2692/2446 1274/2693/2447
f 294/2694/2448 1284/2695/2449 295/2690/2444
f 295/2690/2444 1284/2695/2449 1283/2696/2450
f 295/2690/2444 1283/2696/2450 1282/2697/2451
f 293/2698/2452 1587/2699/2453 294/2694/2448
f 294/2694/2448 1587/2699/2453 1586/2700/2454
f 294/2694/2448 1586/2700/2454 1284/2695/2449
f 292/2701/2455 1299/2702/2456 293/2698/2452
f 293/2698/2452 1299/2702/2456 1298/2703/2457
f 293/2698/2452 1298/2703/2457 1297/2704/2458
f 291/2705/2459 1310/2706/2460 292/2701/2455
f 292/2701/2455 1310/2706/2460 1309/2707/2461
f 292/2701/2455 1309/2707/2461 1308/2708/2462
f 290/2709/2463 819/2710/2464 291/2705/2459
f 291/2705/2459 819/2710/2464 818/2711/2465
f 291/2705/2459 818/2711/2465 1311/2712/2466
f 289/2713/2467 1438/2714/2468 290/2709/2463
f 290/2709/2463 1438/2714/2468 821/2715/2469
f 290/2709/2463 821/2715/2469 820/2716/2470
f 288/2717/2471 1450/2718/2472 289/2713/2467
f 289/2713/2467 1450/2718/2472 1449/2719/2473
f 289/2713/2467 1449/2719/2473 1448/2720/2474
f 287/2721/2475 1588/2722/2476 288/2717/2471
f 288/2717/2471 1588/2722/2476 1454/2723/2477
f 288/2717/2471 1454/2723/2477 1453/2724/2478
f 286/2725/2479 1568/2726/2480 287/2721/2475
f 287/2721/2475 1568/2726/2480 1589/2727/2481
f 287/2721/2475 1589/2727/2481 1588/2722/2476
f 285/2728/2482 1575/2729/2483 286/2725/2479
f 286/2725/2479 1575/2729/2483 1574/2730/2484
f 286/2725/2479 1574/2730/2484 1573/2731/2485
f 284/2732/2486 1593/2733/2487 285/2728/2482
f 285/2728/2482 1593/2733/2487 1585/2734/2488
f 285/2728/2482 1585/2734/2488 1584/2735/2489
f 1593/2733/2487 284/2732/2486 1594/2736/2490
f 1594/2736/2490 284/2732/2486 283/2737/2491
f 1594/2736/2490 283/2737/2491 1595/2738/2492
f 1595/2738/2492 283/2737/2491 282/2739/2493
f 1595/2738/2492 282/2739/2493 1596/2740/2494
f 1596/2740/2494 282/2739/2493 281/2741/2495
f 1596/2740/2494 281/2741/2495 1597/2742/2496
f 1597/2742/2496 281/2741/2495 280/2743/2497
f 1597/2742/2496 280/2743/2497 1598/2744/2498
f 1598/2744/2498 280/2743/2497 279/2745/2499
f 1598/2744/2498 279/2745/2499 1599/2746/2500
f 1599/2746/2500 279/2745/2499 278/2747/2501
f 1599/2746/2500 278/2747/2501 1600/2748/2502
f 1600/2748/2502 278/2747/2501 277/2749/2503
f 1600/2748/2502 277/2749/2503 1601/2750/2504
f 1601/2750/2504 277/2749/2503 276/2751/2505
f 1601/2750/2504 276/2751/2505 1602/2752/2506
f 1602/2752/2506 276/2751/2505 275/2753/2507
f 1602/2752/2506 275/2753/2507 1603/2754/2508
f 1603/2754/2508 275/2753/2507 274/2755/2509
f 1603/2754/2508 274/2755/2509 1604/2756/2510
f 1604/2756/2510 274/2755/2509 273/2757/2511
f 1604/2756/2510 273/2757/2511 1605/2758/2512
f 1605/2758/2512 273/2757/2511 272/2759/2513
f 1605/2758/2512 272/2759/2513 1606/2760/2514
f 1606/2760/2514 272/2759/2513 271/2761/2515
f 1606/2760/2514 271/2761/2515 1607/2762/2516
f 1607/2762/2516 271/2761/2515 270/2763/2517
f 1607/2762/2516 270/2763/2517 1608/2764/2518
f 1608/2764/2518 270/2763/2517 269/2765/2519
f 1608/2764/2518 269/2765/2519 1609/2766/2520
f 1609/2766/2520 269/2765/2519 268/2767/2521
f 1609/2766/2520 268/2767/2521 1610/2768/2522
f 1610/2768/2522 268/2767/2521 267/2769/2523
f 1610/2768/2522 267/2769/2523 1611/2770/2524
f 1611/2770/2524 267/2769/2523 266/2771/2525
f 1611/2770/2524 266/2771/2525 1612/2772/2526
f 1612/2772/2526 266/2771/2525 265/2773/2527
f 1612/2772/2526 265/2773/2527 1613/2774/2528
f 1613/2774/2528 265/2773/2527 264/2775/2529
f 1613/2774/2528 264/2775/2529 1614/2776/2530
f 1614/2776/2530 264/2775/2529 263/2777/2531
f 1614/2776/2530 263/2777/2531 1615/2778/2532
f 1615/2778/2532 263/2777/2531 262/2779/2533
f 1615/2778/2532 262/2779/2533 1616/2780/2534
f 1616/2780/2534 262/2779/2533 261/2781/2535
f 1616/2780/2534 261/2781/2535 1617/2782/2536
f 1617/2782/2536 261/2781/2535 260/2783/2537
f 1617/2782/2536 260/2783/2537 1618/2784/2538
f 1618/2784/2538 260/2783/2537 259/2785/2539
f 1618/2784/2538 259/2785/2539 1619/2786/2540
f 1619/2786/2540 259/2785/2539 258/2787/2541
f 1619/2786/2540 258/2787/2541 1620/2788/2542
f 1620/2788/2542 258/2787/2541 257/2789/2543
f 1620/2788/2542 257/2789/2543 1621/2790/2544
f 1621/2790/2544 257/2789/2543 256/2791/2545
f 1621/2790/2544 256/2791/2545 1622/2792/2546
f 1622/2792/2546 256/2791/2545 255/2793/2547
f 1622/2792/2546 255/2793/2547 1623/2794/2548
f 1623/2794/2548 255/2793/2547 254/2795/2549
f 1623/2794/2548 254/2795/2549 1624/2796/2550
f 1624/2796/2550 254/2795/2549 253/2797/2551
f 1624/2796/2550 253/2797/2551 1625/2798/2552
f 1625/2798/2552 253/2797/2551 252/2799/2553
f 1625/2798/2552 252/2799/2553 1626/2800/2554
f 1626/2800/2554 252/2799/2553 251/2801/2555
f 1626/2800/2554 251/2801/2555 1627/2802/2556
f 1627/2802/2556 251/2801/2555 250/2803/2557
f 1627/2802/2556 250/2803/2557 1628/2804/2558
f 1628/2804/2558 250/2803/2557 249/2805/2559
f 1628/2804/2558 249/2805/2559 1590/2806/2560
f 1590/2806/2560 249/2805/2559 1039/2807/2561
f 1039/2807/2561 249/2805/2559 1040/2808/2562
f 1040/2808/2562 249/2805/2559 248/2809/2563
f 1040/2808/2562 248/2809/2563 1041/2810/2564
f 1041/2810/2564 248/2809/2563 1042/2811/2565
f 1042/2811/2565 248/2809/2563 1043/2812/2566
f 1043/2812/2566 248/2809/2563 1044/2813/2567
f 1044/2813/2567 248/2809/2563 1045/2814/2568
f 1045/2814/2568 248/2809/2563 1046/2815/2569
f 1046/2815/2569 248/2809/2563 1047/2816/2570
f 1047/2816/2570 248/2809/2563 1048/2817/2571
f 1048/2817/2571 248/2809/2563 1049/2818/2572
f 1049/2818/2572 248/2809/2563 1050/2819/2573
f 1050/2819/2573 248/2809/2563 1051/2820/2574
f 1051/2820/2574 248/2809/2563 1052/2821/2575
f 1052/2821/2575 248/2809/2563 1053/2822/2576
f 1053/2822/2576 248/2809/2563 247/2823/2577
f 1053/2822/2576 247/2823/2577 1054/2824/2578
f 1054/2824/2578 247/2823/2577 1055/2825/2579
f 1055/2825/2579 247/2823/2577 1591/2826/2580
f 1591/2826/2580 247/2823/2577 246/2827/2581
f 1591/2826/2580 246/2827/2581 1592/2828/2582
f 1592/2828/2582 246/2827/2581 1066/2829/2583
f 1066/2829/2583 246/2827/2581 1067/2830/2584
f 1067/2830/2584 246/2827/2581 245/2831/2585
f 1067/2830/2584 245/2831/2585 1068/2832/2586
f 1068/2832/2586 245/2831/2585 1069/2833/2587
f 1069/2833/2587 245/2831/2585 1070/2834/2588
f 1070/2834/2588 245/2831/2585 1071/2835/2589
f 1071/2835/2589 245/2831/2585 1072/2836/2590
f 1072/2836/2590 245/2831/2585 1073/2837/2591
f 1073/2837/2591 245/2831/2585 1074/2838/2592
f 1074/2838/2592 245/2831/2585 1075/2839/2593
f 1075/2839/2593 245/2831/2585 1076/2840/2594
f 1076/2840/2594 245/2831/2585 1077/2841/2595
f 1077/2841/2595 245/2831/2585 1078/2842/2596
f 1078/2842/2596 245/2831/2585 244/2843/2597
f 1078/2842/2596 244/2843/2597 1079/2844/2598
f 1079/2844/2598 244/2843/2597 1080/2845/2599
f 1080/2845/2599 244/2843/2597 1081/2846/2600
f 1081/2846/2600 244/2843/2597 1082/2847/2601
f 1082/2847/2601 244/2843/2597 649/2848/2602
f 649/2848/2602 244/2843/2597 650/2849/2603
f 650/2849/2603 244/2843/2597 243/2850/2604
f 650/2849/2603 243/2850/2604 651/2851/2605
f 651/2851/2605 243/2850/2604 242/2852/2606
f 651/2851/2605 242/2852/2606 652/2853/2607
f 652/2853/2607 242/2852/2606 241/2854/2608
f 652/2853/2607 241/2854/2608 653/2855/2609
f 653/2855/2609 241/2854/2608 240/2856/2610
f 653/2855/2609 240/2856/2610 654/2857/2611
f 654/2857/2611 240/2856/2610 239/2858/2612
f 654/2857/2611 239/2858/2612 655/2859/2613
f 655/2859/2613 239/2858/2612 238/2860/2614
f 655/2859/2613 238/2860/2614 656/2861/2615
f 656/2861/2615 238/2860/2614 237/2862/2616
f 656/2861/2615 237/2862/2616 657/2863/2617
f 657/2863/2617 237/2862/2616 236/2864/2618
f 657/2863/2617 236/2864/2618 658/2865/2619
f 658/2865/2619 236/2864/2618 235/2866/2620
f 658/2865/2619 235/2866/2620 659/2867/2621
f 659/2867/2621 235/2866/2620 234/2868/2622
f 659/2867/2621 234/2868/2622 660/2869/2623
f 660/2869/2623 234/2868/2622 233/2870/2624
f 660/2869/2623 233/2870/2624 661/2871/2625
f 661/2871/2625 233/2870/2624 232/2872/2626
f 661/2871/2625 232/2872/2626 662/2873/2627
f 662/2873/2627 232/2872/2626 231/2874/2628
f 662/2873/2627 231/2874/2628 663/2875/2629
f 663/2875/2629 231/2874/2628 230/2876/2630
f 663/2875/2629 230/2876/2630 664/2877/2631
f 664/2877/2631 230/2876/2630 229/2878/2632
f 664/2877/2631 229/2878/2632 665/2879/2633
f 665/2879/2633 229/2878/2632 228/2880/2634
f 665/2879/2633 228/2880/2634 666/2881/2635
f 666/2881/2635 228/2880/2634 227/2882/2636
f 666/2881/2635 227/2882/2636 667/2883/2637
f 667/2883/2637 227/2882/2636 226/2884/2638
f 667/2883/2637 226/2884/2638 668/2885/2639
f 668/2885/2639 226/2884/2638 225/2886/2640
f 668/2885/2639 225/2886/2640 669/2887/2641
f 669/2887/2641 225/2886/2640 224/2888/2642
f 669/2887/2641 224/2888/2642 670/2889/2643
f 670/2889/2643 224/2888/2642 223/2890/2644
f 670/2889/2643 223/2890/2644 671/2891/2645
f 671/2891/2645 223/2890/2644 222/2892/2646
f 671/2891/2645 222/2892/2646 672/2893/2647
f 672/2893/2647 222/2892/2646 221/2894/2648
f 672/2893/2647 221/2894/2648 673/2895/2649
f 673/2895/2649 221/2894/2648 220/2896/2650
f 673/2895/2649 220/2896/2650 674/2897/2651
f 674/2897/2651 220/2896/2650 219/2898/2652
f 674/2897/2651 219/2898/2652 675/2899/2653
f 675/2899/2653 219/2898/2652 218/2900/2654
f 675/2899/2653 218/2900/2654 676/2901/2655
f 676/2901/2655 218/2900/2654 217/2902/2656
f 676/2901/2655 217/2902/2656 677/2903/2657
f 677/2903/2657 217/2902/2656 216/2904/2658
f 677/2903/2657 216/2904/2658 678/2905/2659
f 678/2905/2659 216/2904/2658 215/2906/2660
f 678/2905/2659 215/2906/2660 679/2907/2661
f 679/2907/2661 215/2906/2660 214/2908/2662
f 679/2907/2661 214/2908/2662 680/2909/2663
f 680/2909/2663 214/2908/2662 213/2910/2664
f 680/2909/2663 213/2910/2664 681/2911/2665
f 681/2911/2665 213/2910/2664 212/2912/2666
f 681/2911/2665 212/2912/2666 682/2913/2667
f 682/2913/2667 212/2912/2666 211/2914/2668
f 682/2913/2667 211/2914/2668 683/2915/2669
f 683/2915/2669 211/2914/2668 210/2916/2670
f 683/2915/2669 210/2916/2670 684/2917/2671
f 1584/2735/2489 1583/2918/2672 285/2728/2482
f 285/2728/2482 1583/2918/2672 1582/2919/2673
f 285/2728/2482 1582/2919/2673 1581/2920/2674
f 1581/2920/2674 1580/2921/2675 285/2728/2482
f 285/2728/2482 1580/2921/2675 1579/2922/2676
f 285/2728/2482 1579/2922/2676 1578/2923/2677
f 1578/2923/2677 1577/2924/2678 285/2728/2482
f 285/2728/2482 1577/2924/2678 1576/2925/2679
f 285/2728/2482 1576/2925/2679 1575/2729/2483
f 1573/2731/2485 1572/2926/2680 286/2725/2479
f 286/2725/2479 1572/2926/2680 1571/2927/2681
f 286/2725/2479 1571/2927/2681 1570/2928/2682
f 1570/2928/2682 1569/2929/2683 286/2725/2479
f 286/2725/2479 1569/2929/2683 1568/2726/2480
f 1453/2724/2478 1452/2930/2684 288/2717/2471
f 288/2717/2471 1452/2930/2684 1451/2931/2685
f 288/2717/2471 1451/2931/2685 1450/2718/2472
f 1448/2720/2474 1447/2932/2686 289/2713/2467
f 289/2713/2467 1447/2932/2686 1446/2933/2687
f 289/2713/2467 1446/2933/2687 1445/2934/2688
f 1445/2934/2688 1444/2935/2689 289/2713/2467
f 289/2713/2467 1444/2935/2689 1443/2936/2690
f 289/2713/2467 1443/2936/2690 1442/2937/2691
f 1442/2937/2691 1441/2938/2692 289/2713/2467
f 289/2713/2467 1441/2938/2692 1440/2939/2693
f 289/2713/2467 1440/2939/2693 1439/2940/2694
f 1439/2940/2694 1438/2714/2468 289/2713/2467
f 820/2716/2470 819/2710/2464 290/2709/2463
f 1311/2712/2466 1310/2706/2460 291/2705/2459
f 1308/2708/2462 1307/2941/2695 292/2701/2455
f 292/2701/2455 1307/2941/2695 1306/2942/2696
f 292/2701/2455 1306/2942/2696 1305/2943/2697
f 1305/2943/2697 1304/2944/2698 292/2701/2455
f 292/2701/2455 1304/2944/2698 1303/2945/2699
f 292/2701/2455 1303/2945/2699 1302/2946/2700
f 1302/2946/2700 1301/2947/2701 292/2701/2455
f 292/2701/2455 1301/2947/2701 1300/2948/2702
f 292/2701/2455 1300/2948/2702 1299/2702/2456
f 1297/2704/2458 1296/2949/2703 293/2698/2452
f 293/2698/2452 1296/2949/2703 1295/2950/2704
f 293/2698/2452 1295/2950/2704 1587/2699/2453
f 1282/2697/2451 1281/2951/2705 295/2690/2444
f 295/2690/2444 1281/2951/2705 1280/2952/2706
f 295/2690/2444 1280/2952/2706 1279/2953/2707
f 1279/2953/2707 1278/2954/2708 295/2690/2444
f 295/2690/2444 1278/2954/2708 1277/2955/2709
f 295/2690/2444 1277/2955/2709 1276/2691/2445
f 1274/2693/2447 1273/2956/2710 296/2538/2292
f 296/2538/2292 1273/2956/2710 1272/2957/2711
f 296/2538/2292 1272/2957/2711 1271/2958/2712
f 1271/2958/2712 1270/2959/2713 296/2538/2292
f 296/2538/2292 1270/2959/2713 1269/2536/2290
f 3/2960/2714 2/2961/2715 2001/2962/2716
f 2001/2962/2716 2/2961/2715 170/2963/2717
f 2001/2962/2716 170/2963/2717 2000/2964/2718
f 2000/2964/2718 170/2963/2717 169/2965/2719
f 2000/2964/2718 169/2965/2719 168/2966/2720
f 2000/2964/2718 168/2966/2720 1999/2967/2721
f 1999/2967/2721 168/2966/2720 167/2968/2722
f 1999/2967/2721 167/2968/2722 1998/2969/2723
f 1998/2969/2723 167/2968/2722 166/2970/2724
f 1998/2969/2723 166/2970/2724 1997/2971/2725
f 1997/2971/2725 166/2970/2724 165/2972/2726
f 1997/2971/2725 165/2972/2726 1996/2973/2727
f 1996/2973/2727 165/2972/2726 164/2974/2728
f 1996/2973/2727 164/2974/2728 1995/2975/2729
f 1995/2975/2729 164/2974/2728 163/2976/2730
f 1995/2975/2729 163/2976/2730 1994/2977/2731
f 1994/2977/2731 163/2976/2730 162/2978/2732
f 1994/2977/2731 162/2978/2732 1993/2979/2733
f 1993/2979/2733 162/2978/2732 161/2980/2734
f 1993/2979/2733 161/2980/2734 1992/2981/2735
f 1992/2981/2735 161/2980/2734 160/2982/2736
f 1992/2981/2735 160/2982/2736 1991/2983/2737
f 1991/2983/2737 160/2982/2736 159/2984/2738
f 1991/2983/2737 159/2984/2738 1990/2985/2739
f 1990/2985/2739 159/2984/2738 158/2986/2740
f 1990/2985/2739 158/2986/2740 1989/2987/2741
f 1989/2987/2741 158/2986/2740 157/2988/2742
f 1989/2987/2741 157/2988/2742 1988/2989/2743
f 1988/2989/2743 157/2988/2742 156/2990/2744
f 1988/2989/2743 156/2990/2744 1987/2991/2745
f 1987/2991/2745 156/2990/2744 155/2992/2746
f 1987/2991/2745 155/2992/2746 1986/2993/2747
f 1986/2993/2747 155/2992/2746 154/2994/2748
f 1986/2993/2747 154/2994/2748 1985/2995/2749
f 1985/2995/2749 154/2994/2748 153/2996/2750
f 1985/2995/2749 153/2996/2750 1984/2997/2751
f 1984/2997/2751 153/2996/2750 152/2998/2752
f 1984/2997/2751 152/2998/2752 1983/2999/2753
f 1983/2999/2753 152/2998/2752 151/3000/2754
f 1983/2999/2753 151/3000/2754 1982/3001/2755
f 1982/3001/2755 151/3000/2754 150/3002/2756
f 1982/3001/2755 150/3002/2756 1981/3003/2757
f 1981/3003/2757 150/3002/2756 149/3004/2758
f 1981/3003/2757 149/3004/2758 1980/3005/2759
f 1980/3005/2759 149/3004/2758 148/3006/2760
f 1980/3005/2759 148/3006/2760 1979/3007/2761
f 1979/3007/2761 148/3006/2760 147/3008/2762
f 1979/3007/2761 147/3008/2762 1978/3009/2763
f 1978/3009/2763 147/3008/2762 146/3010/2764
f 1978/3009/2763 146/3010/2764 1977/3011/2765
f 1977/3011/2765 146/3010/2764 145/3012/2766
f 1977/3011/2765 145/3012/2766 1976/3013/2767
f 1976/3013/2767 145/3012/2766 144/3014/2768
f 1976/3013/2767 144/3014/2768 1975/3015/2769
f 1975/3015/2769 144/3014/2768 143/3016/2770
f 1975/3015/2769 143/3016/2770 1974/3017/2771
f 1974/3017/2771 143/3016/2770 142/3018/2772
f 1974/3017/2771 142/3018/2772 1973/3019/2773
f 1973/3019/2773 142/3018/2772 141/3020/2774
f 1973/3019/2773 141/3020/2774 1972/3021/2775
f 1972/3021/2775 141/3020/2774 140/3022/2776
f 1972/3021/2775 140/3022/2776 1971/3023/2777
f 1971/3023/2777 140/3022/2776 139/3024/2778
f 1971/3023/2777 139/3024/2778 1970/3025/2779
f 1970/3025/2779 139/3024/2778 138/3026/2780
f 1970/3025/2779 138/3026/2780 1969/3027/2781
f 1969/3027/2781 138/3026/2780 137/3028/2782
f 1969/3027/2781 137/3028/2782 1968/3029/2783
f 1968/3029/2783 137/3028/2782 136/3030/2784
f 1968/3029/2783 136/3030/2784 1967/3031/2785
f 1967/3031/2785 136/3030/2784 135/3032/2786
f 1967/3031/2785 135/3032/2786 1966/3033/2787
f 1966/3033/2787 135/3032/2786 134/3034/2788
f 1966/3033/2787 134/3034/2788 1965/3035/2789
f 1965/3035/2789 134/3034/2788 133/3036/2790
f 1965/3035/2789 133/3036/2790 1964/3037/2791
f 1964/3037/2791 133/3036/2790 132/3038/2792
f 1964/3037/2791 132/3038/2792 1963/3039/2793
f 1963/3039/2793 132/3038/2792 131/3040/2794
f 1963/3039/2793 131/3040/2794 1962/3041/2795
f 1962/3041/2795 131/3040/2794 130/3042/2796
f 1962/3041/2795 130/3042/2796 1961/3043/2797
f 1961/3043/2797 130/3042/2796 129/3044/2798
f 1961/3043/2797 129/3044/2798 1960/3045/2799
f 1960/3045/2799 129/3044/2798 128/3046/2800
f 1960/3045/2799 128/3046/2800 1959/3047/2801
f 1959/3047/2801 128/3046/2800 127/3048/2802
f 1959/3047/2801 127/3048/2802 1958/3049/2803
f 1958/3049/2803 127/3048/2802 126/3050/2804
f 1958/3049/2803 126/3050/2804 1957/3051/2805
f 1957/3051/2805 126/3050/2804 125/3052/2806
f 1957/3051/2805 125/3052/2806 1956/3053/2807
f 1956/3053/2807 125/3052/2806 124/3054/2808
f 1956/3053/2807 124/3054/2808 1955/3055/2809
f 1955/3055/2809 124/3054/2808 123/3056/2810
f 1955/3055/2809 123/3056/2810 1954/3057/2811
f 1954/3057/2811 123/3056/2810 122/3058/2812
f 1954/3057/2811 122/3058/2812 1953/3059/2813
f 1953/3059/2813 122/3058/2812 121/3060/2814
f 1953/3059/2813 121/3060/2814 1952/3061/2815
f 1952/3061/2815 121/3060/2814 120/3062/2816
f 1952/3061/2815 120/3062/2816 1951/3063/2817
f 1951/3063/2817 120/3062/2816 119/3064/2818
f 1951/3063/2817 119/3064/2818 1950/3065/2819
f 1950/3065/2819 119/3064/2818 118/3066/2820
f 1950/3065/2819 118/3066/2820 1949/3067/2821
f 1949/3067/2821 118/3066/2820 117/3068/2822
f 1949/3067/2821 117/3068/2822 1948/3069/2823
f 1948/3069/2823 117/3068/2822 116/3070/2824
f 1948/3069/2823 116/3070/2824 1947/3071/2825
f 1947/3071/2825 116/3070/2824 115/3072/2826
f 1947/3071/2825 115/3072/2826 1946/3073/2827
f 1946/3073/2827 115/3072/2826 114/3074/2828
f 1946/3073/2827 114/3074/2828 1945/3075/2829
f 1945/3075/2829 114/3074/2828 113/3076/2830
f 1945/3075/2829 113/3076/2830 1944/3077/2831
f 1944/3077/2831 113/3076/2830 112/3078/2832
f 1944/3077/2831 112/3078/2832 1943/3079/2833
f 1943/3079/2833 112/3078/2832 111/3080/2834
f 1943/3079/2833 111/3080/2834 1942/3081/2835
f 1942/3081/2835 111/3080/2834 110/3082/2836
f 1942/3081/2835 110/3082/2836 1941/3083/2837
f 1941/3083/2837 110/3082/2836 109/3084/2838
f 1941/3083/2837 109/3084/2838 1940/3085/2839
f 1940/3085/2839 109/3084/2838 108/3086/2840
f 1940/3085/2839 108/3086/2840 1939/3087/2841
f 1939/3087/2841 108/3086/2840 107/3088/2842
f 1939/3087/2841 107/3088/2842 1938/3089/2843
f 1938/3089/2843 107/3088/2842 106/3090/2844
f 1938/3089/2843 106/3090/2844 1937/3091/2845
f 1937/3091/2845 106/3090/2844 105/3092/2846
f 1937/3091/2845 105/3092/2846 1936/3093/2847
f 1936/3093/2847 105/3092/2846 104/3094/2848
f 1936/3093/2847 104/3094/2848 1935/3095/2849
f 1935/3095/2849 104/3094/2848 103/3096/2850
f 1935/3095/2849 103/3096/2850 1934/3097/2851
f 1934/3097/2851 103/3096/2850 102/3098/2852
f 1934/3097/2851 102/3098/2852 1933/3099/2853
f 1933/3099/2853 102/3098/2852 101/3100/2854
f 1933/3099/2853 101/3100/2854 1932/3101/2855
f 1932/3101/2855 101/3100/2854 100/3102/2856
f 1932/3101/2855 100/3102/2856 1931/3103/2857
f 1931/3103/2857 100/3102/2856 99/3104/2858
f 1931/3103/2857 99/3104/2858 1930/3105/2859
f 1930/3105/2859 99/3104/2858 98/3106/2860
f 1930/3105/2859 98/3106/2860 1929/3107/2861
f 1929/3107/2861 98/3106/2860 97/3108/2862
f 1929/3107/2861 97/3108/2862 1928/3109/2863
f 1928/3109/2863 97/3108/2862 96/3110/2864
f 1928/3109/2863 96/3110/2864 1927/3111/2865
f 1927/3111/2865 96/3110/2864 95/3112/2866
f 1927/3111/2865 95/3112/2866 1926/3113/2867
f 1926/3113/2867 95/3112/2866 94/3114/2868
f 1926/3113/2867 94/3114/2868 1925/3115/2869
f 1925/3115/2869 94/3114/2868 93/3116/2870
f 1925/3115/2869 93/3116/2870 1924/3117/2871
f 1924/3117/2871 93/3116/2870 92/3118/2872
f 1924/3117/2871 92/3118/2872 1923/3119/2873
f 1923/3119/2873 92/3118/2872 91/3120/2874
f 1923/3119/2873 91/3120/2874 1922/3121/2875
f 1922/3121/2875 91/3120/2874 90/3122/2876
f 1922/3121/2875 90/3122/2876 1921/3123/2877
f 1921/3123/2877 90/3122/2876 89/3124/2878
f 1921/3123/2877 89/3124/2878 1920/3125/2879
f 1920/3125/2879 89/3124/2878 88/3126/2880
f 1920/3125/2879 88/3126/2880 1919/3127/2881
f 1919/3127/2881 88/3126/2880 87/3128/2882
f 1919/3127/2881 87/3128/2882 1918/3129/2883
f 1918/3129/2883 87/3128/2882 86/3130/2884
f 1918/3129/2883 86/3130/2884 1917/3131/2885
f 1917/3131/2885 86/3130/2884 85/3132/2886
f 1917/3131/2885 85/3132/2886 1916/3133/2887
f 1916/3133/2887 85/3132/2886 84/3134/2888
f 1916/3133/2887 84/3134/2888 1915/3135/2889
f 1915/3135/2889 84/3134/2888 83/3136/2890
f 1915/3135/2889 83/3136/2890 1914/3137/2891
f 1914/3137/2891 83/3136/2890 82/3138/2892
f 1914/3137/2891 82/3138/2892 1913/3139/2893
f 1913/3139/2893 82/3138/2892 81/3140/2894
f 1913/3139/2893 81/3140/2894 1912/3141/2895
f 1912/3141/2895 81/3140/2894 80/3142/2896
f 1912/3141/2895 80/3142/2896 1911/3143/2897
f 1911/3143/2897 80/3142/2896 79/3144/2898
f 1911/3143/2897 79/3144/2898 1910/3145/2899
f 1910/3145/2899 79/3144/2898 78/3146/2900
f 1910/3145/2899 78/3146/2900 1909/3147/2901
f 1909/3147/2901 78/3146/2900 77/3148/2902
f 1909/3147/2901 77/3148/2902 1908/3149/2903
f 1908/3149/2903 77/3148/2902 76/3150/2904
f 1908/3149/2903 76/3150/2904 1907/3151/2905
f 1907/3151/2905 76/3150/2904 75/3152/2906
f 1907/3151/2905 75/3152/2906 1906/3153/2907
f 1906/3153/2907 75/3152/2906 74/3154/2908
f 1906/3153/2907 74/3154/2908 1905/3155/2909
f 1905/3155/2909 74/3154/2908 73/3156/2910
f 1905/3155/2909 73/3156/2910 1904/3157/2911
f 1904/3157/2911 73/3156/2910 72/3158/2912
f 1904/3157/2911 72/3158/2912 1903/3159/2913
f 1903/3159/2913 72/3158/2912 71/3160/2914
f 1903/3159/2913 71/3160/2914 1902/3161/2915
f 1902/3161/2915 71/3160/2914 70/3162/2916
f 1902/3161/2915 70/3162/2916 1901/3163/2917
f 1901/3163/2917 70/3162/2916 69/3164/2918
f 1901/3163/2917 69/3164/2918 1900/3165/2919
f 1900/3165/2919 69/3164/2918 68/3166/2920
f 1900/3165/2919 68/3166/2920 1899/3167/2921
f 1899/3167/2921 68/3166/2920 67/3168/2922
f 1899/3167/2921 67/3168/2922 1898/3169/2923
f 1898/3169/2923 67/3168/2922 66/3170/2924
f 1898/3169/2923 66/3170/2924 1897/3171/2925
f 1897/3171/2925 66/3170/2924 65/3172/2926
f 1897/3171/2925 65/3172/2926 1896/3173/2927
f 1896/3173/2927 65/3172/2926 64/3174/2928
f 1896/3173/2927 64/3174/2928 1895/3175/2929
f 1895/3175/2929 64/3174/2928 63/3176/2930
f 1895/3175/2929 63/3176/2930 1894/3177/2931
f 1894/3177/2931 63/3176/2930 62/3178/2932
f 1894/3177/2931 62/3178/2932 1893/3179/2933
f 1893/3179/2933 62/3178/2932 61/3180/2934
f 1893/3179/2933 61/3180/2934 1892/3181/2935
f 1892/3181/2935 61/3180/2934 60/3182/2936
f 1892/3181/2935 60/3182/2936 1891/3183/2937
f 1891/3183/2937 60/3182/2936 59/3184/2938
f 1891/3183/2937 59/3184/2938 1890/3185/2939
f 1890/3185/2939 59/3184/2938 58/3186/2940
f 1890/3185/2939 58/3186/2940 1889/3187/2941
f 1889/3187/2941 58/3186/2940 57/3188/2942
f 1889/3187/2941 57/3188/2942 1888/3189/2943
f 1888/3189/2943 57/3188/2942 56/3190/2944
f 1888/3189/2943 56/3190/2944 1887/3191/2945
f 1887/3191/2945 56/3190/2944 55/3192/2946
f 1887/3191/2945 55/3192/2946 1886/3193/2947
f 1886/3193/2947 55/3192/2946 54/3194/2948
f 1886/3193/2947 54/3194/2948 1885/3195/2949
f 1885/3195/2949 54/3194/2948 53/3196/2950
f 1885/3195/2949 53/3196/2950 1884/3197/2951
f 1884/3197/2951 53/3196/2950 52/3198/2952
f 1884/3197/2951 52/3198/2952 1883/3199/2953
f 1883/3199/2953 52/3198/2952 51/3200/2954
f 1883/3199/2953 51/3200/2954 1882/3201/2955
f 1882/3201/2955 51/3200/2954 50/3202/2956
f 1882/3201/2955 50/3202/2956 1881/3203/2957
f 1881/3203/2957 50/3202/2956 49/3204/2958
f 1881/3203/2957 49/3204/2958 1880/3205/2959
f 1880/3205/2959 49/3204/2958 48/3206/2960
f 1880/3205/2959 48/3206/2960 1879/3207/2961
f 1879/3207/2961 48/3206/2960 47/3208/2962
f 1879/3207/2961 47/3208/2962 1878/3209/2963
f 1878/3209/2963 47/3208/2962 46/3210/2964
f 1878/3209/2963 46/3210/2964 1877/3211/2965
f 1877/3211/2965 46/3210/2964 45/3212/2966
f 1877/3211/2965 45/3212/2966 1876/3213/2967
f 1876/3213/2967 45/3212/2966 44/3214/2968
f 1876/3213/2967 44/3214/2968 1875/3215/2969
f 1875/3215/2969 44/3214/2968 43/3216/2970
f 1875/3215/2969 43/3216/2970 1874/3217/2971
f 1874/3217/2971 43/3216/2970 42/3218/2972
f 1874/3217/2971 42/3218/2972 1873/3219/2973
f 1873/3219/2973 42/3218/2972 41/3220/2974
f 1873/3219/2973 41/3220/2974 1872/3221/2975
f 1872/3221/2975 41/3220/2974 40/3222/2976
f 1872/3221/2975 40/3222/2976 1871/3223/2977
f 1871/3223/2977 40/3222/2976 39/3224/2978
f 1871/3223/2977 39/3224/2978 1870/3225/2979
f 1870/3225/2979 39/3224/2978 38/3226/2980
f 1870/3225/2979 38/3226/2980 1869/3227/2981
f 1869/3227/2981 38/3226/2980 37/3228/2982
f 1869/3227/2981 37/3228/2982 1868/3229/2983
f 1868/3229/2983 37/3228/2982 36/3230/2984
f 1868/3229/2983 36/3230/2984 1867/3231/2985
f 1867/3231/2985 36/3230/2984 35/3232/2986
f 1867/3231/2985 35/3232/2986 1866/3233/2987
f 1866/3233/2987 35/3232/2986 34/3234/2988
f 1866/3233/2987 34/3234/2988 1865/3235/2989
f 1865/3235/2989 34/3234/2988 33/3236/2990
f 1865/3235/2989 33/3236/2990 1864/3237/2991
f 1864/3237/2991 33/3236/2990 32/3238/2992
f 1864/3237/2991 32/3238/2992 1863/3239/2993
f 1863/3239/2993 32/3238/2992 31/3240/2994
f 1863/3239/2993 31/3240/2994 1862/3241/2995
f 1862/3241/2995 31/3240/2994 30/3242/2996
f 1862/3241/2995 30/3242/2996 1861/3243/2997
f 1861/3243/2997 30/3242/2996 29/3244/2998
f 1861/3243/2997 29/3244/2998 1860/3245/2999
f 1860/3245/2999 29/3244/2998 28/3246/3000
f 1860/3245/2999 28/3246/3000 1859/3247/3001
f 1859/3247/3001 28/3246/3000 27/3248/3002
f 1859/3247/3001 27/3248/3002 1858/3249/3003
f 1858/3249/3003 27/3248/3002 26/3250/3004
f 1858/3249/3003 26/3250/3004 1857/3251/3005
f 1857/3251/3005 26/3250/3004 25/3252/3006
f 1857/3251/3005 25/3252/3006 1856/3253/3007
f 1856/3253/3007 25/3252/3006 24/3254/3008
f 1856/3253/3007 24/3254/3008 1855/3255/3009
f 1855/3255/3009 24/3254/3008 23/3256/3010
f 1855/3255/3009 23/3256/3010 1854/3257/3011
f 1854/3257/3011 23/3256/3010 22/3258/3012
f 1854/3257/3011 22/3258/3012 1853/3259/3013
f 1853/3259/3013 22/3258/3012 21/3260/3014
f 1853/3259/3013 21/3260/3014 1852/3261/3015
f 1852/3261/3015 21/3260/3014 20/3262/3016
f 1852/3261/3015 20/3262/3016 1851/3263/3017
f 1851/3263/3017 20/3262/3016 19/3264/3018
f 1851/3263/3017 19/3264/3018 1850/3265/3019
f 1850/3265/3019 19/3264/3018 18/3266/3020
f 1850/3265/3019 18/3266/3020 1849/3267/3021
f 1849/3267/3021 18/3266/3020 17/3268/3022
f 1849/3267/3021 17/3268/3022 1848/3269/3023
f 1848/3269/3023 17/3268/3022 1847/3270/3024
f 1847/3270/3024 17/3268/3022 16/3271/3025
f 1847/3270/3024 16/3271/3025 8/3272/3026
f 8/3272/3026 16/3271/3025 5/3273/3027
f 4/3274/3028 3/3275/3029 1686/3276/3030
f 1686/3276/3030 3/3275/3029 2001/3277/3031
f 1686/3276/3030 2001/3277/3031 1687/3278/3032
f 1687/3278/3032 2001/3277/3031 2000/3279/3033
f 1687/3278/3032 2000/3279/3033 1688/3280/3034
f 1688/3280/3034 2000/3279/3033 1999/3281/3035
f 1688/3280/3034 1999/3281/3035 1689/3282/3036
f 1689/3282/3036 1999/3281/3035 1998/3283/3037
f 1689/3282/3036 1998/3283/3037 1690/3284/3038
f 1690/3284/3038 1998/3283/3037 1997/3285/3039
f 1690/3284/3038 1997/3285/3039 1691/3286/3040
f 1691/3286/3040 1997/3285/3039 1996/3287/3041
f 1691/3286/3040 1996/3287/3041 1692/3288/3042
f 1692/3288/3042 1996/3287/3041 1995/3289/3043
f 1692/3288/3042 1995/3289/3043 1693/3290/3044
f 1693/3290/3044 1995/3289/3043 1994/3291/3045
f 1693/3290/3044 1994/3291/3045 1694/3292/3046
f 1694/3292/3046 1994/3291/3045 1993/3293/3047
f 1694/3292/3046 1993/3293/3047 1695/3294/3048
f 1695/3294/3048 1993/3293/3047 1992/3295/3049
f 1695/3294/3048 1992/3295/3049 1696/3296/3050
f 1696/3296/3050 1992/3295/3049 1991/3297/3051
f 1696/3296/3050 1991/3297/3051 1697/3298/3052
f 1697/3298/3052 1991/3297/3051 1990/3299/3053
f 1697/3298/3052 1990/3299/3053 1698/3300/3054
f 1698/3300/3054 1990/3299/3053 1989/3301/3055
f 1698/3300/3054 1989/3301/3055 1699/3302/3056
f 1699/3302/3056 1989/3301/3055 1988/3303/3057
f 1699/3302/3056 1988/3303/3057 1700/3304/3058
f 1700/3304/3058 1988/3303/3057 1987/3305/3059
f 1700/3304/3058 1987/3305/3059 1701/3306/3060
f 1701/3306/3060 1987/3305/3059 1986/3307/3061
f 1701/3306/3060 1986/3307/3061 1702/3308/3062
f 1702/3308/3062 1986/3307/3061 1703/3309/3063
f 1703/3309/3063 1986/3307/3061 1985/3310/3064
f 1703/3309/3063 1985/3310/3064 1704/3311/3065
f 1704/3311/3065 1985/3310/3064 1984/3312/3066
f 1704/3311/3065 1984/3312/3066 1705/3313/3067
f 1705/3313/3067 1984/3312/3066 1983/3314/3068
f 1705/3313/3067 1983/3314/3068 1706/3315/3069
f 1706/3315/3069 1983/3314/3068 1982/3316/3070
f 1706/3315/3069 1982/3316/3070 1707/3317/3071
f 1707/3317/3071 1982/3316/3070 1981/3318/3072
f 1707/3317/3071 1981/3318/3072 1708/3319/3073
f 1708/3319/3073 1981/3318/3072 1980/3320/3074
f 1708/3319/3073 1980/3320/3074 1709/3321/3075
f 1709/3321/3075 1980/3320/3074 1979/3322/3076
f 1709/3321/3075 1979/3322/3076 1710/3323/3077
f 1710/3323/3077 1979/3322/3076 1978/3324/3078
f 1710/3323/3077 1978/3324/3078 1711/3325/3079
f 1711/3325/3079 1978/3324/3078 1977/3326/3080
f 1711/3325/3079 1977/3326/3080 1712/3327/3081
f 1712/3327/3081 1977/3326/3080 1976/3328/3082
f 1712/3327/3081 1976/3328/3082 1713/3329/3083
f 1713/3329/3083 1976/3328/3082 1975/3330/3084
f 1713/3329/3083 1975/3330/3084 1714/3331/3085
f 1714/3331/3085 1975/3330/3084 1974/3332/3086
f 1714/3331/3085 1974/3332/3086 1715/3333/3087
f 1715/3333/3087 1974/3332/3086 1973/3334/3088
f 1715/3333/3087 1973/3334/3088 1716/3335/3089
f 1716/3335/3089 1973/3334/3088 1972/3336/3090
f 1716/3335/3089 1972/3336/3090 1717/3337/3091
f 1717/3337/3091 1972/3336/3090 1971/3338/3092
f 1717/3337/3091 1971/3338/3092 1718/3339/3093
f 1718/3339/3093 1971/3338/3092 1970/3340/3094
f 1718/3339/3093 1970/3340/3094 1719/3341/3095
f 1719/3341/3095 1970/3340/3094 1969/3342/3096
f 1719/3341/3095 1969/3342/3096 1720/3343/3097
f 1720/3343/3097 1969/3342/3096 1968/3344/3098
f 1720/3343/3097 1968/3344/3098 1721/3345/3099
f 1721/3345/3099 1968/3344/3098 1967/3346/3100
f 1721/3345/3099 1967/3346/3100 1722/3347/3101
f 1722/3347/3101 1967/3346/3100 1966/3348/3102
f 1722/3347/3101 1966/3348/3102 1723/3349/3103
f 1723/3349/3103 1966/3348/3102 1965/3350/3104
f 1723/3349/3103 1965/3350/3104 1724/3351/3105
f 1724/3351/3105 1965/3350/3104 1964/3352/3106
f 1724/3351/3105 1964/3352/3106 1725/3353/3107
f 1725/3353/3107 1964/3352/3106 1963/3354/3108
f 1725/3353/3107 1963/3354/3108 1726/3355/3109
f 1726/3355/3109 1963/3354/3108 1962/3356/3110
f 1726/3355/3109 1962/3356/3110 1727/3357/3111
f 1727/3357/3111 1962/3356/3110 1961/3358/3112
f 1727/3357/3111 1961/3358/3112 1728/3359/3113
f 1728/3359/3113 1961/3358/3112 1960/3360/3114
f 1728/3359/3113 1960/3360/3114 1729/3361/3115
f 1729/3361/3115 1960/3360/3114 1959/3362/3116
f 1729/3361/3115 1959/3362/3116 1730/3363/3117
f 1730/3363/3117 1959/3362/3116 1958/3364/3118
f 1730/3363/3117 1958/3364/3118 1731/3365/3119
f 1731/3365/3119 1958/3364/3118 1957/3366/3120
f 1731/3365/3119 1957/3366/3120 1732/3367/3121
f 1732/3367/3121 1957/3366/3120 1956/3368/3122
f 1732/3367/3121 1956/3368/3122 1733/3369/3123
f 1733/3369/3123 1956/3368/3122 1955/3370/3124
f 1733/3369/3123 1955/3370/3124 1734/3371/3125
f 1734/3371/3125 1955/3370/3124 1954/3372/3126
f 1734/3371/3125 1954/3372/3126 1735/3373/3127
f 1735/3373/3127 1954/3372/3126 1953/3374/3128
f 1735/3373/3127 1953/3374/3128 1736/3375/3129
f 1736/3375/3129 1953/3374/3128 1952/3376/3130
f 1736/3375/3129 1952/3376/3130 1737/3377/3131
f 1737/3377/3131 1952/3376/3130 1951/3378/3132
f 1737/3377/3131 1951/3378/3132 1738/3379/3133
f 1738/3379/3133 1951/3378/3132 1950/3380/3134
f 1738/3379/3133 1950/3380/3134 1739/3381/3135
f 1739/3381/3135 1950/3380/3134 1949/3382/3136
f 1739/3381/3135 1949/3382/3136 1740/3383/3137
f 1740/3383/3137 1949/3382/3136 1741/3384/3138
f 1741/3384/3138 1949/3382/3136 1948/3385/3139
f 1741/3384/3138 1948/3385/3139 1742/3386/3140
f 1742/3386/3140 1948/3385/3139 1947/3387/3141
f 1742/3386/3140 1947/3387/3141 1743/3388/3142
f 1743/3388/3142 1947/3387/3141 1946/3389/3143
f 1743/3388/3142 1946/3389/3143 1744/3390/3144
f 1744/3390/3144 1946/3389/3143 1945/3391/3145
f 1744/3390/3144 1945/3391/3145 1745/3392/3146
f 1745/3392/3146 1945/3391/3145 1944/3393/3147
f 1745/3392/3146 1944/3393/3147 1746/3394/3148
f 1746/3394/3148 1944/3393/3147 1943/3395/3149
f 1746/3394/3148 1943/3395/3149 1747/3396/3150
f 1747/3396/3150 1943/3395/3149 1942/3397/3151
f 1747/3396/3150 1942/3397/3151 1748/3398/3152
f 1748/3398/3152 1942/3397/3151 1941/3399/3153
f 1748/3398/3152 1941/3399/3153 1749/3400/3154
f 1749/3400/3154 1941/3399/3153 1940/3401/3155
f 1749/3400/3154 1940/3401/3155 1750/3402/3156
f 1750/3402/3156 1940/3401/3155 1939/3403/3157
f 1750/3402/3156 1939/3403/3157 1751/3404/3158
f 1751/3404/3158 1939/3403/3157 1938/3405/3159
f 1751/3404/3158 1938/3405/3159 1752/3406/3160
f 1752/3406/3160 1938/3405/3159 1937/3407/3161
f 1752/3406/3160 1937/3407/3161 1753/3408/3162
f 1753/3408/3162 1937/3407/3161 1936/3409/3163
f 1753/3408/3162 1936/3409/3163 1754/3410/3164
f 1754/3410/3164 1936/3409/3163 1935/3411/3165
f 1754/3410/3164 1935/3411/3165 1755/3412/3166
f 1755/3412/3166 1935/3411/3165 1934/3413/3167
f 1755/3412/3166 1934/3413/3167 1756/3414/3168
f 1756/3414/3168 1934/3413/3167 1933/3415/3169
f 1756/3414/3168 1933/3415/3169 1757/3416/3170
f 1757/3416/3170 1933/3415/3169 1932/3417/3171
f 1757/3416/3170 1932/3417/3171 1758/3418/3172
f 1758/3418/3172 1932/3417/3171 1931/3419/3173
f 1758/3418/3172 1931/3419/3173 1759/3420/3174
f 1759/3420/3174 1931/3419/3173 1930/3421/3175
f 1759/3420/3174 1930/3421/3175 1760/3422/3176
f 1760/3422/3176 1930/3421/3175 1929/3423/3177
f 1760/3422/3176 1929/3423/3177 1761/3424/3178
f 1761/3424/3178 1929/3423/3177 1928/3425/3179
f 1761/3424/3178 1928/3425/3179 1762/3426/3180
f 1762/3426/3180 1928/3425/3179 1927/3427/3181
f 1762/3426/3180 1927/3427/3181 1763/3428/3182
f 1763/3428/3182 1927/3427/3181 1926/3429/3183
f 1763/3428/3182 1926/3429/3183 1764/3430/3184
f 1764/3430/3184 1926/3429/3183 1925/3431/3185
f 1764/3430/3184 1925/3431/3185 1765/3432/3186
f 1765/3432/3186 1925/3431/3185 1924/3433/3187
f 1765/3432/3186 1924/3433/3187 1766/3434/3188
f 1766/3434/3188 1924/3433/3187 1767/3435/3189
f 1767/3435/3189 1924/3433/3187 1923/3436/3190
f 1767/3435/3189 1923/3436/3190 1768/3437/3191
f 1768/3437/3191 1923/3436/3190 1922/3438/3192
f 1768/3437/3191 1922/3438/3192 1769/3439/3193
f 1769/3439/3193 1922/3438/3192 1921/3440/3194
f 1769/3439/3193 1921/3440/3194 1770/3441/3195
f 1770/3441/3195 1921/3440/3194 1920/3442/3196
f 1770/3441/3195 1920/3442/3196 1771/3443/3197
f 1771/3443/3197 1920/3442/3196 1919/3444/3198
f 1771/3443/3197 1919/3444/3198 1772/3445/3199
f 1772/3445/3199 1919/3444/3198 1918/3446/3200
f 1772/3445/3199 1918/3446/3200 1773/3447/3201
f 1773/3447/3201 1918/3446/3200 1917/3448/3202
f 1773/3447/3201 1917/3448/3202 1774/3449/3203
f 1774/3449/3203 1917/3448/3202 1916/3450/3204
f 1774/3449/3203 1916/3450/3204 1775/3451/3205
f 1775/3451/3205 1916/3450/3204 1915/3452/3206
f 1775/3451/3205 1915/3452/3206 1776/3453/3207
f 1776/3453/3207 1915/3452/3206 1914/3454/3208
f 1776/3453/3207 1914/3454/3208 1777/3455/3209
f 1777/3455/3209 1914/3454/3208 1913/3456/3210
f 1777/3455/3209 1913/3456/3210 1778/3457/3211
f 1778/3457/3211 1913/3456/3210 1912/3458/3212
f 1778/3457/3211 1912/3458/3212 1779/3459/3213
f 1779/3459/3213 1912/3458/3212 1911/3460/3214
f 1779/3459/3213 1911/3460/3214 1780/3461/3215
f 1780/3461/3215 1911/3460/3214 1910/3462/3216
f 1780/3461/3215 1910/3462/3216 1781/3463/3217
f 1781/3463/3217 1910/3462/3216 1909/3464/3218
f 1781/3463/3217 1909/3464/3218 1782/3465/3219
f 1782/3465/3219 1909/3464/3218 1908/3466/3220
f 1782/3465/3219 1908/3466/3220 1783/3467/3221
f 1783/3467/3221 1908/3466/3220 1907/3468/3222
f 1783/3467/3221 1907/3468/3222 1784/3469/3223
f 1784/3469/3223 1907/3468/3222 1906/3470/3224
f 1784/3469/3223 1906/3470/3224 1785/3471/3225
f 1785/3471/3225 1906/3470/3224 1905/3472/3226
f 1785/3471/3225 1905/3472/3226 1786/3473/3227
f 1786/3473/3227 1905/3472/3226 1904/3474/3228
f 1786/3473/3227 1904/3474/3228 1787/3475/3229
f 1787/3475/3229 1904/3474/3228 1903/3476/3230
f 1787/3475/3229 1903/3476/3230 1788/3477/3231
f 1788/3477/3231 1903/3476/3230 1902/3478/3232
f 1788/3477/3231 1902/3478/3232 1789/3479/3233
f 1789/3479/3233 1902/3478/3232 1901/3480/3234
f 1789/3479/3233 1901/3480/3234 1790/3481/3235
f 1790/3481/3235 1901/3480/3234 1900/3482/3236
f 1790/3481/3235 1900/3482/3236 1791/3483/3237
f 1791/3483/3237 1900/3482/3236 1899/3484/3238
f 1791/3483/3237 1899/3484/3238 1792/3485/3239
f 1792/3485/3239 1899/3484/3238 1793/3486/3240
f 1793/3486/3240 1899/3484/3238 1898/3487/3241
f 1793/3486/3240 1898/3487/3241 1794/3488/3242
f 1794/3488/3242 1898/3487/3241 1897/3489/3243
f 1794/3488/3242 1897/3489/3243 1795/3490/3244
f 1795/3490/3244 1897/3489/3243 1896/3491/3245
f 1795/3490/3244 1896/3491/3245 1796/3492/3246
f 1796/3492/3246 1896/3491/3245 1895/3493/3247
f 1796/3492/3246 1895/3493/3247 1797/3494/3248
f 1797/3494/3248 1895/3493/3247 1894/3495/3249
f 1797/3494/3248 1894/3495/3249 1798/3496/3250
f 1798/3496/3250 1894/3495/3249 1893/3497/3251
f 1798/3496/3250 1893/3497/3251 1799/3498/3252
f 1799/3498/3252 1893/3497/3251 1892/3499/3253
f 1799/3498/3252 1892/3499/3253 1800/3500/3254
f 1800/3500/3254 1892/3499/3253 1891/3501/3255
f 1800/3500/3254 1891/3501/3255 1801/3502/3256
f 1801/3502/3256 1891/3501/3255 1890/3503/3257
f 1801/3502/3256 1890/3503/3257 1802/3504/3258
f 1802/3504/3258 1890/3503/3257 1889/3505/3259
f 1802/3504/3258 1889/3505/3259 1803/3506/3260
f 1803/3506/3260 1889/3505/3259 1888/3507/3261
f 1803/3506/3260 1888/3507/3261 1804/3508/3262
f 1804/3508/3262 1888/3507/3261 1887/3509/3263
f 1804/3508/3262 1887/3509/3263 1805/3510/3264
f 1805/3510/3264 1887/3509/3263 1886/3511/3265
f 1805/3510/3264 1886/3511/3265 1806/3512/3266
f 1806/3512/3266 1886/3511/3265 1885/3513/3267
f 1806/3512/3266 1885/3513/3267 1807/3514/3268
f 1807/3514/3268 1885/3513/3267 1884/3515/3269
f 1807/3514/3268 1884/3515/3269 1808/3516/3270
f 1808/3516/3270 1884/3515/3269 1883/3517/3271
f 1808/3516/3270 1883/3517/3271 1809/3518/3272
f 1809/3518/3272 1883/3517/3271 1882/3519/3273
f 1809/3518/3272 1882/3519/3273 1810/3520/3274
f 1810/3520/3274 1882/3519/3273 1881/3521/3275
f 1810/3520/3274 1881/3521/3275 1811/3522/3276
f 1811/3522/3276 1881/3521/3275 1880/3523/3277
f 1811/3522/3276 1880/3523/3277 1812/3524/3278
f 1812/3524/3278 1880/3523/3277 1879/3525/3279
f 1812/3524/3278 1879/3525/3279 1813/3526/3280
f 1813/3526/3280 1879/3525/3279 1878/3527/3281
f 1813/3526/3280 1878/3527/3281 1814/3528/3282
f 1814/3528/3282 1878/3527/3281 1877/3529/3283
f 1814/3528/3282 1877/3529/3283 1815/3530/3284
f 1815/3530/3284 1877/3529/3283 1876/3531/3285
f 1815/3530/3284 1876/3531/3285 1816/3532/3286
f 1816/3532/3286 1876/3531/3285 1875/3533/3287
f 1816/3532/3286 1875/3533/3287 1817/3534/3288
f 1817/3534/3288 1875/3533/3287 1874/3535/3289
f 1817/3534/3288 1874/3535/3289 1818/3536/3290
f 1818/3536/3290 1874/3535/3289 1873/3537/3291
f 1818/3536/3290 1873/3537/3291 1819/3538/3292
f 1819/3538/3292 1873/3537/3291 1872/3539/3293
f 1819/3538/3292 1872/3539/3293 1820/3540/3294
f 1820/3540/3294 1872/3539/3293 1871/3541/3295
f 1820/3540/3294 1871/3541/3295 1821/3542/3296
f 1821/3542/3296 1871/3541/3295 1870/3543/3297
f 1821/3542/3296 1870/3543/3297 1822/3544/3298
f 1822/3544/3298 1870/3543/3297 1869/3545/3299
f 1822/3544/3298 1869/3545/3299 1823/3546/3300
f 1823/3546/3300 1869/3545/3299 1868/3547/3301
f 1823/3546/3300 1868/3547/3301 1824/3548/3302
f 1824/3548/3302 1868/3547/3301 1867/3549/3303
f 1824/3548/3302 1867/3549/3303 1825/3550/3304
f 1825/3550/3304 1867/3549/3303 1866/3551/3305
f 1825/3550/3304 1866/3551/3305 1826/3552/3306
f 1826/3552/3306 1866/3551/3305 1865/3553/3307
f 1826/3552/3306 1865/3553/3307 1827/3554/3308
f 1827/3554/3308 1865/3553/3307 1864/3555/3309
f 1827/3554/3308 1864/3555/3309 1828/3556/3310
f 1828/3556/3310 1864/3555/3309 1863/3557/3311
f 1828/3556/3310 1863/3557/3311 1829/3558/3312
f 1829/3558/3312 1863/3557/3311 1862/3559/3313
f 1829/3558/3312 1862/3559/3313 1830/3560/3314
f 1830/3560/3314 1862/3559/3313 1831/3561/3315
f 1831/3561/3315 1862/3559/3313 1861/3562/3316
f 1831/3561/3315 1861/3562/3316 1832/3563/3317
f 1832/3563/3317 1861/3562/3316 1860/3564/3318
f 1832/3563/3317 1860/3564/3318 1833/3565/3319
f 1833/3565/3319 1860/3564/3318 1859/3566/3320
f 1833/3565/3319 1859/3566/3320 1834/3567/3321
f 1834/3567/3321 1859/3566/3320 1858/3568/3322
f 1834/3567/3321 1858/3568/3322 1835/3569/3323
f 1835/3569/3323 1858/3568/3322 1857/3570/3324
f 1835/3569/3323 1857/3570/3324 1836/3571/3325
f 1836/3571/3325 1857/3570/3324 1856/3572/3326
f 1836/3571/3325 1856/3572/3326 1837/3573/3327
f 1837/3573/3327 1856/3572/3326 1855/3574/3328
f 1837/3573/3327 1855/3574/3328 1838/3575/3329
f 1838/3575/3329 1855/3574/3328 1854/3576/3330
f 1838/3575/3329 1854/3576/3330 1839/3577/3331
f 1839/3577/3331 1854/3576/3330 1853/3578/3332
f 1839/3577/3331 1853/3578/3332 1840/3579/3333
f 1840/3579/3333 1853/3578/3332 1852/3580/3334
f 1840/3579/3333 1852/3580/3334 1841/3581/3335
f 1841/3581/3335 1852/3580/3334 1851/3582/3336
f 1841/3581/3335 1851/3582/3336 1842/3583/3337
f 1842/3583/3337 1851/3582/3336 1850/3584/3338
f 1842/3583/3337 1850/3584/3338 1843/3585/3339
f 1843/3585/3339 1850/3584/3338 1849/3586/3340
f 1843/3585/3339 1849/3586/3340 1844/3587/3341
f 1844/3587/3341 1849/3586/3340 1848/3588/3342
f 1844/3587/3341 1848/3588/3342 1845/3589/3343
f 1845/3589/3343 1848/3588/3342 1847/3590/3344
f 1845/3589/3343 1847/3590/3344 1846/3591/3345
f 1846/3591/3345 1847/3590/3344 8/3592/3346
f 1846/3591/3345 8/3592/3346 7/3593/3347

# 2001 vertices
# 3593 texture params
# 3347 normals
# 4002 facets

# 1 groups
