# WaveFront *.obj file (generated by Autodesk ATF)

mtllib Tip_Clear.mtl

g Solid1

v 0.000000 7.782142 2.420901
v 0.374303 7.835847 2.240984
v 0.749203 7.885392 2.059877
v 1.124502 7.930752 1.877677
v 1.500000 7.971903 1.694480
v 1.500000 0.000000 0.000000
v 1.316239 0.807451 0.265562
v 1.314703 0.846561 0.274661
v 1.313021 0.889376 0.284621
v 1.311171 0.936449 0.295572
v 1.309126 0.988450 0.307670
v 1.306856 1.046197 0.321106
v 1.304318 1.110700 0.336113
v 1.301465 1.183220 0.352986
v 1.299901 1.222969 0.362235
v 1.298233 1.265352 0.372096
v 1.296450 1.310641 0.382634
v 1.294541 1.359146 0.393920
v 1.292490 1.411221 0.406037
v 1.290283 1.467278 0.419080
v 1.287900 1.527789 0.433161
v 1.285320 1.593310 0.448406
v 1.282517 1.664489 0.464969
v 1.279460 1.742092 0.483027
v 1.276114 1.827032 0.502792
v 1.272436 1.920401 0.524518
v 1.270456 1.970649 0.536210
v 1.268373 2.023520 0.548513
v 1.266178 2.079225 0.561476
v 1.263863 2.137999 0.575152
v 1.261416 2.200103 0.589604
v 1.258826 2.265828 0.604898
v 1.256080 2.335500 0.621110
v 1.253165 2.409486 0.638327
v 1.250063 2.488200 0.656644
v 1.246756 2.572110 0.676170
v 1.243224 2.661747 0.697028
v 1.239441 2.757720 0.719361
v 1.194425 2.839883 0.759836
v 1.148070 2.924379 0.801492
v 1.100317 3.011314 0.844381
v 1.051106 3.100801 0.888557
v 1.000370 3.192958 0.934080
v 0.948041 3.287912 0.981012
v 0.894044 3.385797 1.029420
v 0.838301 3.486754 1.079373
v 0.833018 3.567759 1.099292
v 0.827494 3.652446 1.120117
v 0.821712 3.741072 1.141910
v 0.815655 3.833918 1.164741
v 0.809302 3.931294 1.188687
v 0.802630 4.033539 1.213830
v 0.795616 4.141029 1.240263
v 0.788233 4.254178 1.268088
v 0.780449 4.373445 1.297418
v 0.772232 4.499341 1.328378
v 0.763545 4.632434 1.361108
v 0.754347 4.773360 1.395765
v 0.744590 4.922832 1.432524
v 0.739486 5.001020 1.451752
v 0.734222 5.081653 1.471582
v 0.728790 5.164847 1.492041
v 0.723184 5.250727 1.513162
v 0.717393 5.339424 1.534975
v 0.711409 5.431081 1.557516
v 0.606385 5.535224 1.633338
v 0.499192 5.641189 1.710655
v 0.389772 5.749035 1.789511
v 0.278063 5.858822 1.869949
v 0.247376 6.071103 1.930757
v 0.215644 6.290602 1.993634
v 0.182813 6.517694 2.058685
v 0.148827 6.752779 2.126027
v 0.113621 6.996287 2.195783
v 0.095541 7.121343 2.231606
v 0.077130 7.248681 2.268084
v 0.058380 7.378363 2.305233
v 0.039282 7.510455 2.343072
v 0.019825 7.645024 2.381621
v 0.000000 6.124672 5.376885
v 0.374303 6.246912 5.234366
v 0.749203 6.365837 5.089069
v 1.124502 6.481383 4.941071
v 1.500000 6.593489 4.790450
v 1.316239 0.629629 0.571023
v 1.314703 0.661658 0.595242
v 1.313021 0.696720 0.621756
v 1.311171 0.735269 0.650907
v 1.309126 0.777853 0.683110
v 1.306856 0.825143 0.718872
v 1.304318 0.877966 0.758817
v 1.301465 0.937353 0.803728
v 1.299901 0.969903 0.828344
v 1.298233 1.004611 0.854592
v 1.296450 1.041699 0.882640
v 1.294541 1.081420 0.912678
v 1.292490 1.124065 0.944929
v 1.290283 1.169969 0.979645
v 1.287900 1.219522 1.017120
v 1.285320 1.273178 1.057697
v 1.282517 1.331466 1.101779
v 1.279460 1.395016 1.149840
v 1.276114 1.464573 1.202444
v 1.272436 1.541033 1.260269
v 1.270456 1.582181 1.291388
v 1.268373 1.625477 1.324131
v 1.266178 1.671094 1.358630
v 1.263863 1.719224 1.395030
v 1.261416 1.770081 1.433492
v 1.258826 1.823903 1.474197
v 1.256080 1.880957 1.517346
v 1.253165 1.941544 1.563167
v 1.250063 2.006003 1.611916
v 1.246756 2.074716 1.663883
v 1.243224 2.148120 1.719397
v 1.239441 2.226712 1.778835
v 1.194425 2.285309 1.849229
v 1.148070 2.345557 1.921651
v 1.100317 2.407532 1.996192
v 1.051106 2.471314 2.072946
v 1.000370 2.536988 2.152018
v 0.948041 2.604644 2.233514
v 0.894044 2.674376 2.317549
v 0.838301 2.746288 2.404247
v 0.833018 2.812188 2.455392
v 0.827494 2.881083 2.508861
v 0.821712 2.953183 2.564818
v 0.815655 3.028715 2.623439
v 0.809302 3.107933 2.684921
v 0.802630 3.191112 2.749477
v 0.795616 3.278558 2.817345
v 0.788233 3.370607 2.888786
v 0.780449 3.467634 2.964090
v 0.772232 3.570052 3.043580
v 0.763545 3.678326 3.127615
v 0.754347 3.792973 3.216595
v 0.744590 3.914571 3.310972
v 0.739486 3.978178 3.360339
v 0.734222 4.043774 3.411251
v 0.728790 4.111454 3.463780
v 0.723184 4.181319 3.518005
v 0.717393 4.253476 3.574009
v 0.711409 4.328041 3.631882
v 0.606385 4.392340 3.743507
v 0.499192 4.457697 3.857240
v 0.389772 4.524145 3.973143
v 0.278063 4.591723 4.091281
v 0.247376 4.760919 4.233175
v 0.215644 4.935867 4.379893
v 0.182813 5.116867 4.531687
v 0.148827 5.304237 4.688825
v 0.113621 5.498321 4.851594
v 0.095541 5.597995 4.935185
v 0.077130 5.699487 5.020301
v 0.058380 5.802847 5.106985
v 0.039282 5.908129 5.195280
v 0.019825 6.015385 5.285231
v 0.000000 3.408190 7.403158
v 0.374303 3.577829 7.322680
v 0.749203 3.745570 7.238315
v 1.124502 3.911323 7.150108
v 1.500000 4.075000 7.058107
v 1.316239 0.342939 0.777749
v 1.314703 0.362347 0.812901
v 1.313021 0.383594 0.851384
v 1.311171 0.406954 0.893694
v 1.309126 0.432759 0.940433
v 1.306856 0.461414 0.992338
v 1.304318 0.493423 1.050315
v 1.301465 0.529409 1.115498
v 1.299901 0.549133 1.151225
v 1.298233 0.570164 1.189321
v 1.296450 0.592638 1.230028
v 1.294541 0.616706 1.273626
v 1.292490 0.642547 1.320434
v 1.290283 0.670363 1.370819
v 1.287900 0.700389 1.425210
v 1.285320 0.732901 1.484102
v 1.282517 0.768221 1.548081
v 1.279460 0.806729 1.617835
v 1.276114 0.848876 1.694183
v 1.272436 0.895206 1.778107
v 1.270456 0.920139 1.823272
v 1.268373 0.946374 1.870795
v 1.266178 0.974015 1.920866
v 1.263863 1.003179 1.973695
v 1.261416 1.033995 2.029517
v 1.258826 1.066608 2.088594
v 1.256080 1.101180 2.151219
v 1.253165 1.137892 2.217722
v 1.250063 1.176950 2.288474
v 1.246756 1.218585 2.363896
v 1.243224 1.263064 2.444467
v 1.239441 1.310685 2.530732
v 1.194425 1.335584 2.618874
v 1.148070 1.361167 2.709540
v 1.100317 1.387465 2.802843
v 1.051106 1.414514 2.898905
v 1.000370 1.442349 2.997852
v 0.948041 1.471008 3.099820
v 0.894044 1.500532 3.204954
v 0.838301 1.530963 3.313405
v 0.833018 1.570364 3.386932
v 0.827494 1.611555 3.463801
v 0.821712 1.654661 3.544245
v 0.815655 1.699820 3.628520
v 0.809302 1.747183 3.716907
v 0.802630 1.796913 3.809715
v 0.795616 1.849194 3.907282
v 0.788233 1.904228 4.009987
v 0.780449 1.962237 4.118245
v 0.772232 2.023470 4.232520
v 0.763545 2.088203 4.353328
v 0.754347 2.156746 4.481247
v 0.744590 2.229445 4.616923
v 0.739486 2.267473 4.687894
v 0.734222 2.306691 4.761084
v 0.728790 2.347154 4.836600
v 0.723184 2.388924 4.914553
v 0.717393 2.432063 4.995064
v 0.711409 2.476642 5.078262
v 0.606385 2.489981 5.206389
v 0.499192 2.503428 5.336872
v 0.389772 2.516990 5.469782
v 0.278063 2.530674 5.605193
v 0.247376 2.627529 5.803638
v 0.215644 2.727676 6.008830
v 0.182813 2.831287 6.221120
v 0.148827 2.938545 6.440883
v 0.113621 3.049646 6.668520
v 0.095541 3.106702 6.785426
v 0.077130 3.164800 6.904464
v 0.058380 3.223967 7.025694
v 0.039282 3.284233 7.149177
v 0.019825 3.345630 7.274976
v -0.000000 8.094010 -0.953679
v 0.374303 8.069892 -1.139886
v 0.749203 8.041491 -1.325487
v 1.124502 8.008823 -1.510384
v 1.500000 7.971903 -1.694480
v 1.316239 0.845657 -0.085817
v 1.314703 0.885087 -0.093413
v 1.313021 0.928251 -0.101728
v 1.311171 0.975709 -0.110869
v 1.309126 1.028135 -0.120968
v 1.306856 1.086354 -0.132182
v 1.304318 1.151385 -0.144708
v 1.301465 1.224498 -0.158790
v 1.299901 1.264572 -0.166508
v 1.298233 1.307302 -0.174738
v 1.296450 1.352962 -0.183532
v 1.294541 1.401863 -0.192950
v 1.292490 1.454365 -0.203062
v 1.290283 1.510880 -0.213946
v 1.287900 1.571887 -0.225696
v 1.285320 1.637944 -0.238418
v 1.282517 1.709706 -0.252238
v 1.279460 1.787945 -0.267306
v 1.276114 1.873581 -0.283798
v 1.272436 1.967715 -0.301927
v 1.270456 2.018374 -0.311683
v 1.268373 2.071678 -0.321948
v 1.266178 2.127839 -0.332763
v 1.263863 2.187095 -0.344175
v 1.261416 2.249708 -0.356233
v 1.258826 2.315971 -0.368994
v 1.256080 2.386214 -0.382521
v 1.253165 2.460806 -0.396886
v 1.250063 2.540165 -0.412168
v 1.246756 2.624762 -0.428460
v 1.243224 2.715134 -0.445863
v 1.239441 2.811893 -0.464496
v 1.194425 2.903415 -0.460939
v 1.148070 2.997549 -0.457252
v 1.100317 3.094413 -0.453432
v 1.051106 3.194131 -0.449472
v 1.000370 3.296837 -0.445368
v 0.948041 3.402671 -0.441115
v 0.894044 3.511782 -0.436706
v 0.838301 3.624329 -0.432134
v 0.833018 3.706433 -0.446885
v 0.827494 3.792268 -0.462306
v 0.821712 3.882096 -0.478444
v 0.815655 3.976201 -0.495351
v 0.809302 4.074898 -0.513082
v 0.802630 4.178531 -0.531699
v 0.795616 4.287479 -0.551272
v 0.788233 4.402163 -0.571874
v 0.780449 4.523048 -0.593590
v 0.772232 4.650652 -0.616513
v 0.763545 4.785551 -0.640747
v 0.754347 4.928390 -0.666406
v 0.744590 5.079891 -0.693621
v 0.739486 5.159140 -0.707857
v 0.734222 5.240867 -0.722537
v 0.728790 5.325190 -0.737685
v 0.723184 5.412236 -0.753321
v 0.717393 5.502138 -0.769470
v 0.711409 5.595039 -0.786158
v 0.606385 5.721017 -0.759250
v 0.499192 5.849269 -0.731717
v 0.389772 5.979865 -0.703544
v 0.278063 6.112877 -0.674714
v 0.247376 6.331538 -0.705506
v 0.215644 6.557635 -0.737344
v 0.182813 6.791552 -0.770282
v 0.148827 7.033704 -0.804380
v 0.113621 7.284532 -0.839699
v 0.095541 7.413347 -0.857838
v 0.077130 7.544512 -0.876307
v 0.058380 7.678092 -0.895116
v 0.039282 7.814155 -0.914274
v 0.019825 7.952770 -0.933792
v -0.000000 7.006350 -4.163360
v 0.374303 6.908580 -4.323658
v 0.749203 6.807144 -4.481662
v 1.124502 6.702095 -4.637286
v 1.500000 6.593489 -4.790450
v 1.316239 0.737641 -0.422357
v 1.314703 0.770573 -0.445334
v 1.313021 0.806623 -0.470487
v 1.311171 0.846260 -0.498141
v 1.309126 0.890046 -0.528690
v 1.306856 0.938671 -0.562614
v 1.304318 0.992984 -0.600507
v 1.301465 1.054049 -0.643110
v 1.299901 1.087519 -0.666460
v 1.298233 1.123207 -0.691359
v 1.296450 1.161343 -0.717964
v 1.294541 1.202186 -0.746458
v 1.292490 1.246036 -0.777050
v 1.290283 1.293238 -0.809980
v 1.287900 1.344192 -0.845527
v 1.285320 1.399363 -0.884017
v 1.282517 1.459300 -0.925831
v 1.279460 1.524646 -0.971419
v 1.276114 1.596170 -1.021316
v 1.272436 1.674792 -1.076165
v 1.270456 1.717103 -1.105683
v 1.268373 1.761624 -1.136741
v 1.266178 1.808531 -1.169465
v 1.263863 1.858022 -1.203991
v 1.261416 1.910317 -1.240473
v 1.258826 1.965662 -1.279083
v 1.256080 2.024330 -1.320011
v 1.253165 2.086631 -1.363473
v 1.250063 2.152912 -1.409713
v 1.246756 2.223569 -1.459004
v 1.243224 2.299050 -1.511661
v 1.239441 2.379864 -1.568039
v 1.194425 2.464921 -1.602014
v 1.148070 2.552416 -1.636934
v 1.100317 2.642459 -1.672842
v 1.051106 2.735167 -1.709783
v 1.000370 2.830663 -1.747809
v 0.948041 2.929077 -1.786969
v 0.894044 3.030548 -1.827321
v 0.838301 3.135224 -1.868922
v 0.833018 3.204230 -1.915792
v 0.827494 3.276372 -1.964792
v 0.821712 3.351870 -2.016071
v 0.815655 3.430963 -2.069792
v 0.809302 3.513915 -2.126134
v 0.802630 3.601016 -2.185293
v 0.795616 3.692584 -2.247486
v 0.788233 3.788974 -2.312954
v 0.780449 3.890575 -2.381961
v 0.772232 3.997824 -2.454804
v 0.763545 4.111204 -2.531810
v 0.754347 4.231257 -2.613349
v 0.744590 4.358590 -2.699832
v 0.739486 4.425197 -2.745070
v 0.734222 4.493888 -2.791723
v 0.728790 4.564760 -2.839859
v 0.723184 4.637920 -2.889547
v 0.717393 4.713481 -2.940867
v 0.711409 4.791563 -2.993898
v 0.606385 4.917594 -3.020557
v 0.499192 5.045957 -3.047569
v 0.389772 5.176721 -3.074949
v 0.278063 5.309960 -3.102713
v 0.247376 5.497193 -3.219780
v 0.215644 5.690793 -3.340827
v 0.182813 5.891090 -3.466061
v 0.148827 6.098437 -3.595703
v 0.113621 6.313214 -3.729989
v 0.095541 6.423515 -3.798953
v 0.077130 6.535829 -3.869175
v 0.058380 6.650210 -3.940690
v 0.039282 6.766717 -4.013534
v 0.019825 6.885409 -4.087745
v 0.000000 0.102401 8.149357
v 0.374303 0.290108 8.144835
v 0.749203 0.477661 8.135990
v 1.124502 0.664960 8.122828
v 1.500000 0.851907 8.105353
v 1.316239 -0.003049 0.849995
v 1.314703 0.000384 0.890002
v 1.313021 0.004142 0.933800
v 1.311171 0.008273 0.981953
v 1.309126 0.012836 1.035147
v 1.306856 0.017903 1.094220
v 1.304318 0.023562 1.160203
v 1.301465 0.029925 1.234388
v 1.299901 0.033412 1.275049
v 1.298233 0.037131 1.318405
v 1.296450 0.041104 1.364734
v 1.294541 0.045359 1.414353
v 1.292490 0.049927 1.467624
v 1.290283 0.054844 1.524967
v 1.287900 0.060153 1.586868
v 1.285320 0.065900 1.653893
v 1.282517 0.072143 1.726706
v 1.279460 0.078950 1.806092
v 1.276114 0.086401 1.892982
v 1.272436 0.094590 1.988495
v 1.270456 0.098998 2.039896
v 1.268373 0.103635 2.093981
v 1.266178 0.108521 2.150966
v 1.263863 0.113676 2.211090
v 1.261416 0.119123 2.274620
v 1.258826 0.124887 2.341854
v 1.256080 0.130998 2.413126
v 1.253165 0.137487 2.488812
v 1.250063 0.144391 2.569333
v 1.246756 0.151750 2.655170
v 1.243224 0.159612 2.746866
v 1.239441 0.168029 2.845042
v 1.194425 0.154925 2.935691
v 1.148070 0.141418 3.028924
v 1.100317 0.127494 3.124858
v 1.051106 0.113132 3.223616
v 1.000370 0.098315 3.325330
v 0.948041 0.083023 3.430140
v 0.894044 0.067232 3.538192
v 0.838301 0.050921 3.649645
v 0.833018 0.057009 3.732841
v 0.827494 0.063374 3.819818
v 0.821712 0.070034 3.910840
v 0.815655 0.077011 4.006198
v 0.809302 0.084328 4.106207
v 0.802630 0.092011 4.211218
v 0.795616 0.100088 4.321615
v 0.788233 0.108590 4.437824
v 0.780449 0.117551 4.560317
v 0.772232 0.127011 4.689619
v 0.763545 0.137010 4.826312
v 0.754347 0.147598 4.971050
v 0.744590 0.158828 5.124566
v 0.739486 0.164702 5.204869
v 0.734222 0.170760 5.287683
v 0.728790 0.177010 5.373127
v 0.723184 0.183461 5.461331
v 0.717393 0.190125 5.552428
v 0.711409 0.197010 5.646564
v 0.606385 0.157082 5.769040
v 0.499192 0.116294 5.893711
v 0.389772 0.074624 6.020647
v 0.278063 0.032049 6.149916
v 0.247376 0.039815 6.370599
v 0.215644 0.047845 6.598785
v 0.182813 0.056152 6.834864
v 0.148827 0.064751 7.079253
v 0.113621 0.073658 7.332399
v 0.095541 0.078232 7.462404
v 0.077130 0.082890 7.594781
v 0.058380 0.087633 7.729596
v 0.039282 0.092464 7.866916
v 0.019825 0.097386 8.006812
v 0.000000 -3.221094 7.486458
v 0.374303 -3.047776 7.558674
v 0.749203 -2.872841 7.626879
v 1.124502 -2.696380 7.691036
v 1.500000 -2.518489 7.751111
v 1.316239 -0.348509 0.775269
v 1.314703 -0.361646 0.813214
v 1.313021 -0.376027 0.854753
v 1.311171 -0.391839 0.900423
v 1.309126 -0.409306 0.950875
v 1.306856 -0.428704 1.006901
v 1.304318 -0.450372 1.069482
v 1.301465 -0.474733 1.139841
v 1.299901 -0.488086 1.178405
v 1.298233 -0.502323 1.219526
v 1.296450 -0.517537 1.263465
v 1.294541 -0.533832 1.310524
v 1.292490 -0.551326 1.361048
v 1.290283 -0.570157 1.415434
v 1.287900 -0.590485 1.474142
v 1.285320 -0.612496 1.537710
v 1.282517 -0.636408 1.606768
v 1.279460 -0.662479 1.682059
v 1.276114 -0.691014 1.764468
v 1.272436 -0.722381 1.855054
v 1.270456 -0.739262 1.903804
v 1.268373 -0.757024 1.955099
v 1.266178 -0.775738 2.009145
v 1.263863 -0.795483 2.066167
v 1.261416 -0.816347 2.126420
v 1.258826 -0.838428 2.190187
v 1.256080 -0.861834 2.257782
v 1.253165 -0.886690 2.329564
v 1.250063 -0.913134 2.405932
v 1.246756 -0.941324 2.487341
v 1.243224 -0.971438 2.574307
v 1.239441 -1.003681 2.667419
v 1.194425 -1.052523 2.744901
v 1.148070 -1.102782 2.824580
v 1.100317 -1.154523 2.906556
v 1.051106 -1.207811 2.990935
v 1.000370 -1.262718 3.077829
v 0.948041 -1.319319 3.167357
v 0.894044 -1.377693 3.259645
v 0.838301 -1.437925 3.354828
v 0.833018 -1.466202 3.433307
v 0.827494 -1.495765 3.515353
v 0.821712 -1.526703 3.601216
v 0.815655 -1.559114 3.691167
v 0.809302 -1.593107 3.785506
v 0.802630 -1.628800 3.884563
v 0.795616 -1.666324 3.988701
v 0.788233 -1.705824 4.098322
v 0.780449 -1.747460 4.213870
v 0.772232 -1.791410 4.335840
v 0.763545 -1.837873 4.464782
v 0.754347 -1.887071 4.601314
v 0.744590 -1.939252 4.746125
v 0.739486 -1.966548 4.821874
v 0.734222 -1.994698 4.899993
v 0.728790 -2.023741 4.980592
v 0.723184 -2.053723 5.063794
v 0.717393 -2.084688 5.149726
v 0.711409 -2.116687 5.238524
v 0.606385 -2.202979 5.334171
v 0.499192 -2.290949 5.431474
v 0.389772 -2.380645 5.530487
v 0.278063 -2.472119 5.631264
v 0.247376 -2.554783 5.836026
v 0.215644 -2.640259 6.047750
v 0.182813 -2.728692 6.266798
v 0.148827 -2.820238 6.493556
v 0.113621 -2.915065 6.728439
v 0.095541 -2.963764 6.849066
v 0.077130 -3.013352 6.971893
v 0.058380 -3.063853 7.096981
v 0.039282 -3.115293 7.224394
v 0.019825 -3.167697 7.354197
v -0.000000 4.707228 -6.653158
v 0.374303 4.552712 -6.759831
v 0.749203 4.395779 -6.862916
v 1.124502 4.236514 -6.962359
v 1.500000 4.075000 -7.058107
v 1.316239 0.502081 -0.685868
v 1.314703 0.522819 -0.720253
v 1.313021 0.545523 -0.757894
v 1.311171 0.570485 -0.799279
v 1.309126 0.598060 -0.844997
v 1.306856 0.628683 -0.895766
v 1.304318 0.662888 -0.952474
v 1.301465 0.701345 -1.016230
v 1.299901 0.722424 -1.051176
v 1.298233 0.744900 -1.088437
v 1.296450 0.768917 -1.128253
v 1.294541 0.794640 -1.170897
v 1.292490 0.822256 -1.216679
v 1.290283 0.851983 -1.265961
v 1.287900 0.884073 -1.319160
v 1.285320 0.918820 -1.376762
v 1.282517 0.956567 -1.439339
v 1.279460 0.997722 -1.507565
v 1.276114 1.042767 -1.582240
v 1.272436 1.092283 -1.664325
v 1.270456 1.118930 -1.708500
v 1.268373 1.146969 -1.754982
v 1.266178 1.176511 -1.803955
v 1.263863 1.207680 -1.855626
v 1.261416 1.240616 -1.910225
v 1.258826 1.275471 -1.968007
v 1.256080 1.312420 -2.029259
v 1.253165 1.351657 -2.094304
v 1.250063 1.393401 -2.163505
v 1.246756 1.437901 -2.237274
v 1.243224 1.485438 -2.316078
v 1.239441 1.536336 -2.400453
v 1.194425 1.600219 -2.466087
v 1.148070 1.665947 -2.533575
v 1.100317 1.733601 -2.603002
v 1.051106 1.803268 -2.674458
v 1.000370 1.875041 -2.748037
v 0.948041 1.949019 -2.823841
v 0.894044 2.025305 -2.901976
v 0.838301 2.104011 -2.982555
v 0.833018 2.147987 -3.053441
v 0.827494 2.193962 -3.127548
v 0.821712 2.242076 -3.205101
v 0.815655 2.292481 -3.286348
v 0.809302 2.345345 -3.371558
v 0.802630 2.400853 -3.461030
v 0.795616 2.459208 -3.555090
v 0.788233 2.520636 -3.654103
v 0.780449 2.585386 -3.758469
v 0.772232 2.653735 -3.868636
v 0.763545 2.725991 -3.985101
v 0.754347 2.802501 -4.108420
v 0.744590 2.883650 -4.239218
v 0.739486 2.926098 -4.307637
v 0.734222 2.969874 -4.378195
v 0.728790 3.015041 -4.450995
v 0.723184 3.061666 -4.526145
v 0.717393 3.109821 -4.603761
v 0.711409 3.159582 -4.683966
v 0.606385 3.263875 -4.759582
v 0.499192 3.370153 -4.836468
v 0.389772 3.478476 -4.914668
v 0.278063 3.588902 -4.994225
v 0.247376 3.712333 -5.177326
v 0.215644 3.839961 -5.366652
v 0.182813 3.972004 -5.562526
v 0.148827 4.108695 -5.765296
v 0.113621 4.250285 -5.975331
v 0.095541 4.323000 -6.083196
v 0.077130 4.397041 -6.193029
v 0.058380 4.472446 -6.304884
v 0.039282 4.549252 -6.418818
v 0.019825 4.627499 -6.534889
v -0.000000 1.594184 -7.992564
v 0.374303 1.409638 -8.027168
v 0.749203 1.224345 -8.057511
v 1.124502 1.038401 -8.083577
v 1.500000 0.851907 -8.105353
v 1.316239 0.179706 -0.830786
v 1.314703 0.184666 -0.870633
v 1.313021 0.190097 -0.914255
v 1.311171 0.196068 -0.962215
v 1.309126 0.202664 -1.015196
v 1.306856 0.209989 -1.074031
v 1.304318 0.218172 -1.139749
v 1.301465 0.227373 -1.213635
v 1.299901 0.232415 -1.254133
v 1.298233 0.237793 -1.297315
v 1.296450 0.243539 -1.343458
v 1.294541 0.249693 -1.392876
v 1.292490 0.256300 -1.445933
v 1.290283 0.263412 -1.503045
v 1.287900 0.271090 -1.564697
v 1.285320 0.279404 -1.631453
v 1.282517 0.288435 -1.703973
v 1.279460 0.298282 -1.783039
v 1.276114 0.309060 -1.869580
v 1.272436 0.320908 -1.964708
v 1.270456 0.327284 -2.015903
v 1.268373 0.333993 -2.069770
v 1.266178 0.341062 -2.126525
v 1.263863 0.348520 -2.186407
v 1.261416 0.356400 -2.249681
v 1.258826 0.364741 -2.316645
v 1.256080 0.373582 -2.387630
v 1.253165 0.382970 -2.463010
v 1.250063 0.392959 -2.543208
v 1.246756 0.403607 -2.628698
v 1.243224 0.414982 -2.720025
v 1.239441 0.427160 -2.817807
v 1.194425 0.458825 -2.903750
v 1.148070 0.491421 -2.992137
v 1.100317 0.524987 -3.083079
v 1.051106 0.559567 -3.176694
v 1.000370 0.595208 -3.273105
v 0.948041 0.631958 -3.372444
v 0.894044 0.669868 -3.474853
v 0.838301 0.708995 -3.580478
v 0.833018 0.720338 -3.663122
v 0.827494 0.732196 -3.749522
v 0.821712 0.744606 -3.839940
v 0.815655 0.757607 -3.934664
v 0.809302 0.771243 -4.034009
v 0.802630 0.785561 -4.138323
v 0.795616 0.800613 -4.247987
v 0.788233 0.816458 -4.363424
v 0.780449 0.833161 -4.485104
v 0.772232 0.850791 -4.613546
v 0.763545 0.869430 -4.749331
v 0.754347 0.889167 -4.893108
v 0.744590 0.910100 -5.045604
v 0.739486 0.921050 -5.125373
v 0.734222 0.932343 -5.207637
v 0.728790 0.943994 -5.292514
v 0.723184 0.956022 -5.380131
v 0.717393 0.968445 -5.470623
v 0.711409 0.981281 -5.564134
v 0.606385 1.045802 -5.675632
v 0.499192 1.111619 -5.789098
v 0.389772 1.178770 -5.904596
v 0.278063 1.247291 -6.022189
v 0.247376 1.285577 -6.239664
v 0.215644 1.325165 -6.464533
v 0.182813 1.366123 -6.697180
v 0.148827 1.408523 -6.938017
v 0.113621 1.452443 -7.187483
v 0.095541 1.474998 -7.315598
v 0.077130 1.497965 -7.446051
v 0.058380 1.521355 -7.578906
v 0.039282 1.545180 -7.714229
v 0.019825 1.569452 -7.852091
v 0.000000 -5.987633 5.529083
v 0.374303 -5.858672 5.665550
v 0.749203 -5.726602 5.799011
v 1.124502 -5.591492 5.929394
v 1.500000 -5.453414 6.056630
v 1.316239 -0.633709 0.566492
v 1.314703 -0.661144 0.595813
v 1.313021 -0.691177 0.627912
v 1.311171 -0.724198 0.663203
v 1.309126 -0.760676 0.702188
v 1.306856 -0.801184 0.745481
v 1.304318 -0.846433 0.793838
v 1.301465 -0.897305 0.848205
v 1.299901 -0.925189 0.878005
v 1.298233 -0.954921 0.909779
v 1.296450 -0.986692 0.943732
v 1.294541 -1.020718 0.980095
v 1.292490 -1.057249 1.019135
v 1.290283 -1.096573 1.061159
v 1.287900 -1.139023 1.106524
v 1.285320 -1.184986 1.155643
v 1.282517 -1.234919 1.209005
v 1.279460 -1.289360 1.267183
v 1.276114 -1.348947 1.330861
v 1.272436 -1.414447 1.400857
v 1.270456 -1.449696 1.438527
v 1.268373 -1.486786 1.478163
v 1.266178 -1.525865 1.519924
v 1.263863 -1.567096 1.563986
v 1.261416 -1.610663 1.610543
v 1.258826 -1.656771 1.659816
v 1.256080 -1.705648 1.712047
v 1.253165 -1.757551 1.767513
v 1.250063 -1.812770 1.826523
v 1.246756 -1.871635 1.889428
v 1.243224 -1.934518 1.956627
v 1.239441 -2.001845 2.028575
v 1.194425 -2.077979 2.079492
v 1.148070 -2.156302 2.131840
v 1.100317 -2.236912 2.185684
v 1.051106 -2.319913 2.241094
v 1.000370 -2.405416 2.298143
v 0.948041 -2.493538 2.356909
v 0.894044 -2.584402 2.417476
v 0.838301 -2.678142 2.479931
v 0.833018 -2.735894 2.540124
v 0.827494 -2.796272 2.603053
v 0.821712 -2.859459 2.668908
v 0.815655 -2.925655 2.737900
v 0.809302 -2.995080 2.810257
v 0.802630 -3.067977 2.886232
v 0.795616 -3.144614 2.966105
v 0.788233 -3.225285 3.050182
v 0.780449 -3.310319 3.138806
v 0.772232 -3.400079 3.232355
v 0.763545 -3.494971 3.331251
v 0.754347 -3.595448 3.435969
v 0.744590 -3.702018 3.547036
v 0.739486 -3.757764 3.605134
v 0.734222 -3.815253 3.665049
v 0.728790 -3.874569 3.726868
v 0.723184 -3.935800 3.790682
v 0.717393 -3.999040 3.856590
v 0.711409 -4.064389 3.924696
v 0.606385 -4.182124 3.976976
v 0.499192 -4.302065 4.030086
v 0.389772 -4.424279 4.084055
v 0.278063 -4.548834 4.138914
v 0.247376 -4.707636 4.292351
v 0.215644 -4.871838 4.451005
v 0.182813 -5.041721 4.615146
v 0.148827 -5.217583 4.785064
v 0.113621 -5.399747 4.961071
v 0.095541 -5.493299 5.051461
v 0.077130 -5.588558 5.143500
v 0.058380 -5.685571 5.237233
v 0.039282 -5.784387 5.332709
v 0.019825 -5.885057 5.429975
v -0.000000 -1.794510 -7.949983
v 0.374303 -1.977175 -7.906534
v 0.749203 -2.158790 -7.858888
v 1.124502 -2.339260 -7.807071
v 1.500000 -2.518489 -7.751111
v 1.316239 -0.173742 -0.832054
v 1.314703 -0.185418 -0.870474
v 1.313021 -0.198199 -0.912533
v 1.311171 -0.212251 -0.958775
v 1.309126 -0.227775 -1.009858
v 1.306856 -0.245013 -1.066586
v 1.304318 -0.264267 -1.129951
v 1.301465 -0.285915 -1.201192
v 1.299901 -0.297780 -1.240239
v 1.298233 -0.310431 -1.281875
v 1.296450 -0.323950 -1.326366
v 1.294541 -0.338428 -1.374015
v 1.292490 -0.353972 -1.425172
v 1.290283 -0.370704 -1.480240
v 1.287900 -0.388766 -1.539684
v 1.285320 -0.408323 -1.604050
v 1.282517 -0.429569 -1.673974
v 1.279460 -0.452733 -1.750210
v 1.276114 -0.478086 -1.833652
v 1.272436 -0.505955 -1.925375
v 1.270456 -0.520953 -1.974737
v 1.268373 -0.536733 -2.026676
v 1.266178 -0.553360 -2.081399
v 1.263863 -0.570903 -2.139138
v 1.261416 -0.589440 -2.200147
v 1.258826 -0.609057 -2.264714
v 1.256080 -0.629853 -2.333158
v 1.253165 -0.651936 -2.405840
v 1.250063 -0.675430 -2.483166
v 1.246756 -0.700475 -2.565597
v 1.243224 -0.727229 -2.653655
v 1.239441 -0.755875 -2.747936
v 1.194425 -0.761904 -2.839329
v 1.148070 -0.768077 -2.933332
v 1.100317 -0.774402 -3.030065
v 1.051106 -0.780888 -3.129651
v 1.000370 -0.787542 -3.232223
v 0.948041 -0.794374 -3.337922
v 0.894044 -0.801395 -3.446896
v 0.838301 -0.808612 -3.559304
v 0.833018 -0.831865 -3.639416
v 0.827494 -0.856174 -3.723169
v 0.821712 -0.881613 -3.810818
v 0.815655 -0.908263 -3.902641
v 0.809302 -0.936214 -3.998944
v 0.802630 -0.965562 -4.100062
v 0.795616 -0.996415 -4.206368
v 0.788233 -1.028893 -4.318270
v 0.780449 -1.063126 -4.436223
v 0.772232 -1.099262 -4.560732
v 0.763545 -1.137463 -4.692359
v 0.754347 -1.177912 -4.831733
v 0.744590 -1.220814 -4.979560
v 0.739486 -1.243256 -5.056886
v 0.734222 -1.266399 -5.136631
v 0.728790 -1.290278 -5.218909
v 0.723184 -1.314927 -5.303844
v 0.717393 -1.340385 -5.391565
v 0.711409 -1.366692 -5.482212
v 0.606385 -1.353100 -5.610313
v 0.499192 -1.339124 -5.740741
v 0.389772 -1.324756 -5.873566
v 0.278063 -1.309988 -6.008863
v 0.247376 -1.363467 -6.223108
v 0.215644 -1.418764 -6.444638
v 0.182813 -1.475973 -6.673831
v 0.148827 -1.535196 -6.911092
v 0.113621 -1.596540 -7.156854
v 0.095541 -1.628044 -7.283067
v 0.077130 -1.660122 -7.411584
v 0.058380 -1.692791 -7.542466
v 0.039282 -1.726067 -7.675781
v 0.019825 -1.759968 -7.811596
v 0.000000 -7.718855 2.615679
v 0.374303 -7.656550 2.792801
v 0.749203 -7.590181 2.968442
v 1.124502 -7.519784 3.142507
v 1.500000 -7.445395 3.314904
v 1.316239 -0.809335 0.259763
v 1.314703 -0.846324 0.275391
v 1.313021 -0.886816 0.292499
v 1.311171 -0.931336 0.311308
v 1.309126 -0.980517 0.332086
v 1.306856 -1.035133 0.355159
v 1.304318 -1.096138 0.380932
v 1.301465 -1.164725 0.409907
v 1.299901 -1.202319 0.425789
v 1.298233 -1.242404 0.442723
v 1.296450 -1.285238 0.460818
v 1.294541 -1.331113 0.480198
v 1.292490 -1.380365 0.501004
v 1.290283 -1.433382 0.523401
v 1.287900 -1.490613 0.547578
v 1.285320 -1.552581 0.573755
v 1.282517 -1.619902 0.602194
v 1.279460 -1.693298 0.633199
v 1.276114 -1.773634 0.667136
v 1.272436 -1.861941 0.704440
v 1.270456 -1.909465 0.724515
v 1.268373 -1.959470 0.745639
v 1.266178 -2.012155 0.767894
v 1.263863 -2.067744 0.791377
v 1.261416 -2.126481 0.816189
v 1.258826 -2.188643 0.842448
v 1.256080 -2.254539 0.870284
v 1.253165 -2.324515 0.899843
v 1.250063 -2.398962 0.931291
v 1.246756 -2.478323 0.964816
v 1.243224 -2.563102 1.000628
v 1.239441 -2.653872 1.038972
v 1.194425 -2.744134 1.054521
v 1.148070 -2.836977 1.070486
v 1.100317 -2.932519 1.086888
v 1.051106 -3.030881 1.103747
v 1.000370 -3.132196 1.121087
v 0.948041 -3.236601 1.138931
v 0.894044 -3.344245 1.157303
v 0.838301 -3.455283 1.176231
v 0.833018 -3.532525 1.207730
v 0.827494 -3.613279 1.240661
v 0.821712 -3.697789 1.275122
v 0.815655 -3.786323 1.311225
v 0.809302 -3.879176 1.349089
v 0.802630 -3.976673 1.388846
v 0.795616 -4.079171 1.430642
v 0.788233 -4.187066 1.474638
v 0.780449 -4.300794 1.521014
v 0.772232 -4.420844 1.569966
v 0.763545 -4.547757 1.621717
v 0.754347 -4.682139 1.676513
v 0.744590 -4.824671 1.734632
v 0.739486 -4.899229 1.765034
v 0.734222 -4.976117 1.796386
v 0.728790 -5.055449 1.828734
v 0.723184 -5.137341 1.862126
v 0.717393 -5.221921 1.896614
v 0.711409 -5.309322 1.932252
v 0.606385 -5.438142 1.932125
v 0.499192 -5.569316 1.931859
v 0.389772 -5.702915 1.931453
v 0.278063 -5.839015 1.930909
v 0.247376 -6.046496 2.006490
v 0.215644 -6.261033 2.084640
v 0.182813 -6.482990 2.165493
v 0.148827 -6.712760 2.249192
v 0.113621 -6.950764 2.335889
v 0.095541 -7.072993 2.380413
v 0.077130 -7.197452 2.425750
v 0.058380 -7.324203 2.471921
v 0.039282 -7.453309 2.518949
v 0.019825 -7.584837 2.566860
v -0.000000 -4.872916 -6.532778
v 0.374303 -5.022116 -6.418789
v 0.749203 -5.168651 -6.301393
v 1.124502 -5.312442 -6.180652
v 1.500000 -5.453414 -6.056630
v 1.316239 -0.497148 -0.689452
v 1.314703 -0.523441 -0.719801
v 1.313021 -0.552224 -0.753025
v 1.311171 -0.583870 -0.789554
v 1.309126 -0.618829 -0.829907
v 1.306856 -0.657650 -0.874719
v 1.304318 -0.701013 -0.924775
v 1.301465 -0.749765 -0.981051
v 1.299901 -0.776486 -1.011897
v 1.298233 -0.804979 -1.044788
v 1.296450 -0.835424 -1.079933
v 1.294541 -0.868032 -1.117574
v 1.292490 -0.903039 -1.157986
v 1.290283 -0.940723 -1.201487
v 1.287900 -0.981402 -1.248446
v 1.285320 -1.025448 -1.299292
v 1.282517 -1.073298 -1.354530
v 1.279460 -1.125466 -1.414753
v 1.276114 -1.182567 -1.480670
v 1.272436 -1.245333 -1.553128
v 1.270456 -1.279112 -1.592122
v 1.268373 -1.314654 -1.633151
v 1.266178 -1.352101 -1.676381
v 1.263863 -1.391612 -1.721992
v 1.261416 -1.433361 -1.770188
v 1.258826 -1.477543 -1.821193
v 1.256080 -1.524380 -1.875262
v 1.253165 -1.574116 -1.932678
v 1.250063 -1.627031 -1.993763
v 1.246756 -1.683438 -2.058881
v 1.243224 -1.743696 -2.128443
v 1.239441 -1.808212 -2.202923
v 1.194425 -1.850893 -2.283962
v 1.148070 -1.894767 -2.367327
v 1.100317 -1.939890 -2.453124
v 1.051106 -1.986320 -2.541463
v 1.000370 -2.034119 -2.632460
v 0.948041 -2.083352 -2.726242
v 0.894044 -2.134089 -2.822939
v 0.838301 -2.186404 -2.922694
v 0.833018 -2.240230 -2.986422
v 0.827494 -2.296503 -3.053047
v 0.821712 -2.355393 -3.122771
v 0.815655 -2.417087 -3.195816
v 0.809302 -2.481791 -3.272424
v 0.802630 -2.549730 -3.352864
v 0.795616 -2.621155 -3.437430
v 0.788233 -2.696339 -3.526448
v 0.780449 -2.775588 -3.620279
v 0.772232 -2.859242 -3.719326
v 0.763545 -2.947679 -3.824036
v 0.754347 -3.041319 -3.934908
v 0.744590 -3.140639 -4.052504
v 0.739486 -3.192592 -4.114018
v 0.734222 -3.246169 -4.177455
v 0.728790 -3.301449 -4.242908
v 0.723184 -3.358513 -4.310473
v 0.717393 -3.417449 -4.380256
v 0.711409 -3.478352 -4.452367
v 0.606385 -3.518038 -4.574921
v 0.499192 -3.558320 -4.699757
v 0.389772 -3.599219 -4.826943
v 0.278063 -3.640758 -4.956549
v 0.247376 -3.776755 -5.130520
v 0.215644 -3.917376 -5.310407
v 0.182813 -4.062860 -5.496516
v 0.148827 -4.213465 -5.689176
v 0.113621 -4.369467 -5.888740
v 0.095541 -4.449583 -5.991228
v 0.077130 -4.531160 -6.095586
v 0.058380 -4.614239 -6.201865
v 0.039282 -4.698862 -6.310120
v 0.019825 -4.785073 -6.420405
v -0.000000 -7.108750 -3.985997
v 0.374303 -7.198688 -3.821177
v 0.749203 -7.284805 -3.654329
v 1.124502 -7.367055 -3.485541
v 1.500000 -7.445395 -3.314904
v 1.316239 -0.734593 -0.427637
v 1.314703 -0.770957 -0.444668
v 1.313021 -0.810765 -0.463313
v 1.311171 -0.854532 -0.483812
v 1.309126 -0.902882 -0.506457
v 1.306856 -0.956574 -0.531606
v 1.304318 -1.016547 -0.559696
v 1.301465 -1.083974 -0.591278
v 1.299901 -1.120931 -0.608589
v 1.298233 -1.160338 -0.627047
v 1.296450 -1.202446 -0.646770
v 1.294541 -1.247545 -0.667894
v 1.292490 -1.295963 -0.690574
v 1.290283 -1.348082 -0.714987
v 1.287900 -1.404344 -0.741340
v 1.285320 -1.465263 -0.769875
v 1.282517 -1.531443 -0.800875
v 1.279460 -1.603597 -0.834673
v 1.276114 -1.682571 -0.871666
v 1.272436 -1.769382 -0.912330
v 1.270456 -1.816101 -0.934214
v 1.268373 -1.865259 -0.957240
v 1.266178 -1.917052 -0.981501
v 1.263863 -1.971698 -1.007099
v 1.261416 -2.029440 -1.034147
v 1.258826 -2.090549 -1.062771
v 1.256080 -2.155328 -1.093115
v 1.253165 -2.224118 -1.125338
v 1.250063 -2.297303 -1.159620
v 1.246756 -2.375319 -1.196165
v 1.243224 -2.458661 -1.235205
v 1.239441 -2.547894 -1.277004
v 1.194425 -2.619846 -1.333677
v 1.148070 -2.693834 -1.391990
v 1.100317 -2.769953 -1.452016
v 1.051106 -2.848299 -1.513833
v 1.000370 -2.928978 -1.577522
v 0.948041 -3.012099 -1.643170
v 0.894044 -3.097780 -1.710871
v 0.838301 -3.186146 -1.780723
v 0.833018 -3.261239 -1.817049
v 0.827494 -3.339746 -1.855026
v 0.821712 -3.421904 -1.894769
v 0.815655 -3.507974 -1.936405
v 0.809302 -3.598244 -1.980073
v 0.802630 -3.693027 -2.025925
v 0.795616 -3.792673 -2.074129
v 0.788233 -3.897564 -2.124870
v 0.780449 -4.008127 -2.178356
v 0.772232 -4.124834 -2.234815
v 0.763545 -4.248214 -2.294502
v 0.754347 -4.378855 -2.357701
v 0.744590 -4.517418 -2.424734
v 0.739486 -4.589899 -2.459798
v 0.734222 -4.664647 -2.495959
v 0.728790 -4.741770 -2.533269
v 0.723184 -4.821382 -2.571783
v 0.717393 -4.903606 -2.611561
v 0.711409 -4.988573 -2.652666
v 0.606385 -5.074676 -2.748483
v 0.499192 -5.162251 -2.846142
v 0.389772 -5.251345 -2.945697
v 0.278063 -5.342008 -3.047203
v 0.247376 -5.537008 -3.150819
v 0.215644 -5.738638 -3.257958
v 0.182813 -5.947242 -3.368803
v 0.148827 -6.163188 -3.483550
v 0.113621 -6.386873 -3.602409
v 0.095541 -6.501748 -3.663451
v 0.077130 -6.618719 -3.725606
v 0.058380 -6.737843 -3.788906
v 0.039282 -6.859181 -3.853382
v 0.019825 -6.982795 -3.919067
v 1.124502 -7.367055 3.485541
v 0.749203 -7.284805 3.654329
v 0.374303 -7.198688 3.821177
v 0.000000 -7.108750 3.985997
v 0.019825 -6.982795 3.919067
v 0.039282 -6.859181 3.853382
v 0.058380 -6.737843 3.788906
v 0.077130 -6.618719 3.725606
v 0.095541 -6.501748 3.663451
v 0.113621 -6.386873 3.602409
v 0.148827 -6.163188 3.483550
v 0.182813 -5.947242 3.368803
v 0.215644 -5.738638 3.257958
v 0.247376 -5.537008 3.150819
v 0.278063 -5.342008 3.047203
v 0.389772 -5.251345 2.945697
v 0.499192 -5.162251 2.846142
v 0.606385 -5.074676 2.748483
v 0.711409 -4.988573 2.652666
v 0.717393 -4.903606 2.611561
v 0.723184 -4.821382 2.571783
v 0.728790 -4.741770 2.533269
v 0.734222 -4.664647 2.495959
v 0.739486 -4.589899 2.459798
v 0.744590 -4.517418 2.424734
v 0.754347 -4.378855 2.357701
v 0.763545 -4.248214 2.294502
v 0.772232 -4.124834 2.234815
v 0.780449 -4.008127 2.178356
v 0.788233 -3.897564 2.124870
v 0.795616 -3.792673 2.074129
v 0.802630 -3.693027 2.025925
v 0.809302 -3.598244 1.980073
v 0.815655 -3.507974 1.936405
v 0.821712 -3.421904 1.894769
v 0.827494 -3.339746 1.855026
v 0.833018 -3.261239 1.817049
v 0.838301 -3.186146 1.780723
v 0.894044 -3.097780 1.710871
v 0.948041 -3.012099 1.643170
v 1.000370 -2.928978 1.577522
v 1.051106 -2.848299 1.513833
v 1.100317 -2.769953 1.452016
v 1.148070 -2.693834 1.391990
v 1.194425 -2.619846 1.333677
v 1.239441 -2.547894 1.277004
v 1.243224 -2.458661 1.235205
v 1.246756 -2.375319 1.196165
v 1.250063 -2.297303 1.159620
v 1.253165 -2.224118 1.125338
v 1.256080 -2.155328 1.093115
v 1.258826 -2.090549 1.062771
v 1.261416 -2.029440 1.034147
v 1.263863 -1.971698 1.007099
v 1.266178 -1.917052 0.981501
v 1.268373 -1.865259 0.957240
v 1.270456 -1.816101 0.934214
v 1.272436 -1.769382 0.912330
v 1.276114 -1.682571 0.871666
v 1.279460 -1.603597 0.834673
v 1.282517 -1.531443 0.800875
v 1.285320 -1.465263 0.769875
v 1.287900 -1.404344 0.741340
v 1.290283 -1.348082 0.714987
v 1.292490 -1.295963 0.690574
v 1.294541 -1.247545 0.667894
v 1.296450 -1.202446 0.646770
v 1.298233 -1.160338 0.627047
v 1.299901 -1.120931 0.608589
v 1.301465 -1.083974 0.591278
v 1.304318 -1.016547 0.559696
v 1.306856 -0.956574 0.531606
v 1.309126 -0.902882 0.506457
v 1.311171 -0.854532 0.483812
v 1.313021 -0.810765 0.463313
v 1.314703 -0.770957 0.444668
v 1.316239 -0.734593 0.427637
v 1.124502 -7.519784 -3.142507
v 0.749203 -7.590181 -2.968442
v 0.374303 -7.656550 -2.792801
v -0.000000 -7.718855 -2.615679
v 0.019825 -7.584837 -2.566860
v 0.039282 -7.453309 -2.518949
v 0.058380 -7.324203 -2.471921
v 0.077130 -7.197452 -2.425750
v 0.095541 -7.072993 -2.380413
v 0.113621 -6.950764 -2.335889
v 0.148827 -6.712760 -2.249192
v 0.182813 -6.482990 -2.165493
v 0.215644 -6.261033 -2.084640
v 0.247376 -6.046496 -2.006490
v 0.278063 -5.839015 -1.930909
v 0.389772 -5.702915 -1.931453
v 0.499192 -5.569316 -1.931859
v 0.606385 -5.438142 -1.932125
v 0.711409 -5.309322 -1.932252
v 0.717393 -5.221921 -1.896614
v 0.723184 -5.137341 -1.862126
v 0.728790 -5.055449 -1.828734
v 0.734222 -4.976117 -1.796386
v 0.739486 -4.899229 -1.765034
v 0.744590 -4.824671 -1.734632
v 0.754347 -4.682139 -1.676513
v 0.763545 -4.547757 -1.621717
v 0.772232 -4.420844 -1.569966
v 0.780449 -4.300794 -1.521014
v 0.788233 -4.187066 -1.474638
v 0.795616 -4.079171 -1.430642
v 0.802630 -3.976673 -1.388846
v 0.809302 -3.879176 -1.349089
v 0.815655 -3.786323 -1.311225
v 0.821712 -3.697789 -1.275122
v 0.827494 -3.613279 -1.240661
v 0.833018 -3.532525 -1.207730
v 0.838301 -3.455283 -1.176231
v 0.894044 -3.344245 -1.157303
v 0.948041 -3.236601 -1.138931
v 1.000370 -3.132196 -1.121087
v 1.051106 -3.030881 -1.103747
v 1.100317 -2.932519 -1.086888
v 1.148070 -2.836977 -1.070486
v 1.194425 -2.744134 -1.054521
v 1.239441 -2.653872 -1.038972
v 1.243224 -2.563102 -1.000628
v 1.246756 -2.478323 -0.964816
v 1.250063 -2.398962 -0.931291
v 1.253165 -2.324515 -0.899843
v 1.256080 -2.254539 -0.870284
v 1.258826 -2.188643 -0.842448
v 1.261416 -2.126481 -0.816189
v 1.263863 -2.067744 -0.791377
v 1.266178 -2.012155 -0.767894
v 1.268373 -1.959470 -0.745639
v 1.270456 -1.909465 -0.724515
v 1.272436 -1.861941 -0.704440
v 1.276114 -1.773634 -0.667136
v 1.279460 -1.693298 -0.633199
v 1.282517 -1.619902 -0.602194
v 1.285320 -1.552581 -0.573755
v 1.287900 -1.490613 -0.547578
v 1.290283 -1.433382 -0.523401
v 1.292490 -1.380365 -0.501004
v 1.294541 -1.331113 -0.480198
v 1.296450 -1.285238 -0.460818
v 1.298233 -1.242404 -0.442723
v 1.299901 -1.202319 -0.425789
v 1.301465 -1.164725 -0.409907
v 1.304318 -1.096138 -0.380932
v 1.306856 -1.035133 -0.355159
v 1.309126 -0.980517 -0.332086
v 1.311171 -0.931336 -0.311308
v 1.313021 -0.886816 -0.292499
v 1.314703 -0.846324 -0.275391
v 1.316239 -0.809335 -0.259763
v 1.124502 -5.312442 6.180652
v 0.749203 -5.168651 6.301393
v 0.374303 -5.022116 6.418789
v 0.000000 -4.872916 6.532778
v 0.019825 -4.785073 6.420405
v 0.039282 -4.698862 6.310120
v 0.058380 -4.614239 6.201865
v 0.077130 -4.531160 6.095586
v 0.095541 -4.449583 5.991228
v 0.113621 -4.369467 5.888740
v 0.148827 -4.213465 5.689176
v 0.182813 -4.062860 5.496516
v 0.215644 -3.917376 5.310407
v 0.247376 -3.776755 5.130520
v 0.278063 -3.640758 4.956549
v 0.389772 -3.599219 4.826943
v 0.499192 -3.558320 4.699757
v 0.606385 -3.518038 4.574921
v 0.711409 -3.478352 4.452367
v 0.717393 -3.417449 4.380256
v 0.723184 -3.358513 4.310473
v 0.728790 -3.301449 4.242908
v 0.734222 -3.246169 4.177455
v 0.739486 -3.192592 4.114018
v 0.744590 -3.140639 4.052504
v 0.754347 -3.041319 3.934908
v 0.763545 -2.947679 3.824036
v 0.772232 -2.859242 3.719326
v 0.780449 -2.775588 3.620279
v 0.788233 -2.696339 3.526448
v 0.795616 -2.621155 3.437430
v 0.802630 -2.549730 3.352864
v 0.809302 -2.481791 3.272424
v 0.815655 -2.417087 3.195816
v 0.821712 -2.355393 3.122771
v 0.827494 -2.296503 3.053047
v 0.833018 -2.240230 2.986422
v 0.838301 -2.186404 2.922694
v 0.894044 -2.134089 2.822939
v 0.948041 -2.083352 2.726242
v 1.000370 -2.034119 2.632460
v 1.051106 -1.986320 2.541463
v 1.100317 -1.939890 2.453124
v 1.148070 -1.894767 2.367327
v 1.194425 -1.850893 2.283962
v 1.239441 -1.808212 2.202923
v 1.243224 -1.743696 2.128443
v 1.246756 -1.683438 2.058881
v 1.250063 -1.627031 1.993763
v 1.253165 -1.574116 1.932678
v 1.256080 -1.524380 1.875262
v 1.258826 -1.477543 1.821193
v 1.261416 -1.433361 1.770188
v 1.263863 -1.391612 1.721992
v 1.266178 -1.352101 1.676381
v 1.268373 -1.314654 1.633151
v 1.270456 -1.279112 1.592122
v 1.272436 -1.245333 1.553128
v 1.276114 -1.182567 1.480670
v 1.279460 -1.125466 1.414753
v 1.282517 -1.073298 1.354530
v 1.285320 -1.025448 1.299292
v 1.287900 -0.981402 1.248446
v 1.290283 -0.940723 1.201487
v 1.292490 -0.903039 1.157986
v 1.294541 -0.868032 1.117574
v 1.296450 -0.835424 1.079933
v 1.298233 -0.804979 1.044788
v 1.299901 -0.776486 1.011897
v 1.301465 -0.749765 0.981051
v 1.304318 -0.701013 0.924775
v 1.306856 -0.657650 0.874719
v 1.309126 -0.618829 0.829907
v 1.311171 -0.583870 0.789554
v 1.313021 -0.552224 0.753025
v 1.314703 -0.523441 0.719801
v 1.316239 -0.497148 0.689452
v 1.124502 -2.339260 7.807071
v 0.749203 -2.158790 7.858888
v 0.374303 -1.977175 7.906534
v 0.000000 -1.794510 7.949983
v 0.019825 -1.759968 7.811596
v 0.039282 -1.726067 7.675781
v 0.058380 -1.692791 7.542466
v 0.077130 -1.660122 7.411584
v 0.095541 -1.628044 7.283067
v 0.113621 -1.596540 7.156854
v 0.148827 -1.535196 6.911092
v 0.182813 -1.475973 6.673831
v 0.215644 -1.418764 6.444638
v 0.247376 -1.363467 6.223108
v 0.278063 -1.309988 6.008863
v 0.389772 -1.324756 5.873566
v 0.499192 -1.339124 5.740741
v 0.606385 -1.353100 5.610313
v 0.711409 -1.366692 5.482212
v 0.717393 -1.340385 5.391565
v 0.723184 -1.314927 5.303844
v 0.728790 -1.290278 5.218909
v 0.734222 -1.266399 5.136631
v 0.739486 -1.243256 5.056886
v 0.744590 -1.220814 4.979560
v 0.754347 -1.177912 4.831733
v 0.763545 -1.137463 4.692359
v 0.772232 -1.099262 4.560732
v 0.780449 -1.063126 4.436223
v 0.788233 -1.028893 4.318270
v 0.795616 -0.996415 4.206368
v 0.802630 -0.965562 4.100062
v 0.809302 -0.936214 3.998944
v 0.815655 -0.908263 3.902641
v 0.821712 -0.881613 3.810818
v 0.827494 -0.856174 3.723169
v 0.833018 -0.831865 3.639416
v 0.838301 -0.808612 3.559304
v 0.894044 -0.801395 3.446896
v 0.948041 -0.794374 3.337922
v 1.000370 -0.787542 3.232223
v 1.051106 -0.780888 3.129651
v 1.100317 -0.774402 3.030065
v 1.148070 -0.768077 2.933332
v 1.194425 -0.761904 2.839329
v 1.239441 -0.755875 2.747936
v 1.243224 -0.727229 2.653655
v 1.246756 -0.700475 2.565597
v 1.250063 -0.675430 2.483166
v 1.253165 -0.651936 2.405840
v 1.256080 -0.629853 2.333158
v 1.258826 -0.609057 2.264714
v 1.261416 -0.589440 2.200147
v 1.263863 -0.570903 2.139138
v 1.266178 -0.553360 2.081399
v 1.268373 -0.536733 2.026676
v 1.270456 -0.520953 1.974737
v 1.272436 -0.505955 1.925375
v 1.276114 -0.478086 1.833652
v 1.279460 -0.452733 1.750210
v 1.282517 -0.429569 1.673974
v 1.285320 -0.408323 1.604050
v 1.287900 -0.388766 1.539684
v 1.290283 -0.370704 1.480240
v 1.292490 -0.353972 1.425172
v 1.294541 -0.338428 1.374015
v 1.296450 -0.323950 1.326366
v 1.298233 -0.310431 1.281875
v 1.299901 -0.297780 1.240239
v 1.301465 -0.285915 1.201192
v 1.304318 -0.264267 1.129951
v 1.306856 -0.245013 1.066586
v 1.309126 -0.227775 1.009858
v 1.311171 -0.212251 0.958775
v 1.313021 -0.198199 0.912533
v 1.314703 -0.185418 0.870474
v 1.316239 -0.173742 0.832054
v 1.124502 1.038401 8.083577
v 0.749203 1.224345 8.057511
v 0.374303 1.409638 8.027168
v 0.000000 1.594184 7.992564
v 0.019825 1.569452 7.852091
v 0.039282 1.545180 7.714229
v 0.058380 1.521355 7.578906
v 0.077130 1.497965 7.446051
v 0.095541 1.474998 7.315598
v 0.113621 1.452443 7.187483
v 0.148827 1.408523 6.938017
v 0.182813 1.366123 6.697180
v 0.215644 1.325165 6.464533
v 0.247376 1.285577 6.239664
v 0.278063 1.247291 6.022189
v 0.389772 1.178770 5.904596
v 0.499192 1.111619 5.789098
v 0.606385 1.045802 5.675632
v 0.711409 0.981281 5.564134
v 0.717393 0.968445 5.470623
v 0.723184 0.956022 5.380131
v 0.728790 0.943994 5.292514
v 0.734222 0.932343 5.207637
v 0.739486 0.921050 5.125373
v 0.744590 0.910100 5.045604
v 0.754347 0.889167 4.893108
v 0.763545 0.869430 4.749331
v 0.772232 0.850791 4.613546
v 0.780449 0.833161 4.485104
v 0.788233 0.816458 4.363424
v 0.795616 0.800613 4.247987
v 0.802630 0.785561 4.138323
v 0.809302 0.771243 4.034009
v 0.815655 0.757607 3.934664
v 0.821712 0.744606 3.839940
v 0.827494 0.732196 3.749522
v 0.833018 0.720338 3.663122
v 0.838301 0.708995 3.580478
v 0.894044 0.669868 3.474853
v 0.948041 0.631958 3.372444
v 1.000370 0.595208 3.273105
v 1.051106 0.559567 3.176694
v 1.100317 0.524987 3.083079
v 1.148070 0.491421 2.992137
v 1.194425 0.458825 2.903750
v 1.239441 0.427160 2.817807
v 1.243224 0.414982 2.720025
v 1.246756 0.403607 2.628698
v 1.250063 0.392959 2.543208
v 1.253165 0.382970 2.463010
v 1.256080 0.373582 2.387630
v 1.258826 0.364741 2.316645
v 1.261416 0.356400 2.249681
v 1.263863 0.348520 2.186407
v 1.266178 0.341062 2.126525
v 1.268373 0.333993 2.069770
v 1.270456 0.327284 2.015903
v 1.272436 0.320908 1.964708
v 1.276114 0.309060 1.869580
v 1.279460 0.298282 1.783039
v 1.282517 0.288435 1.703973
v 1.285320 0.279404 1.631453
v 1.287900 0.271090 1.564697
v 1.290283 0.263412 1.503045
v 1.292490 0.256300 1.445933
v 1.294541 0.249693 1.392876
v 1.296450 0.243539 1.343458
v 1.298233 0.237793 1.297315
v 1.299901 0.232415 1.254133
v 1.301465 0.227373 1.213635
v 1.304318 0.218172 1.139749
v 1.306856 0.209989 1.074031
v 1.309126 0.202664 1.015196
v 1.311171 0.196068 0.962215
v 1.313021 0.190097 0.914255
v 1.314703 0.184666 0.870633
v 1.316239 0.179706 0.830786
v 1.124502 4.236514 6.962359
v 0.749203 4.395779 6.862916
v 0.374303 4.552712 6.759831
v 0.000000 4.707228 6.653158
v 0.019825 4.627499 6.534889
v 0.039282 4.549252 6.418818
v 0.058380 4.472446 6.304884
v 0.077130 4.397041 6.193029
v 0.095541 4.323000 6.083196
v 0.113621 4.250285 5.975331
v 0.148827 4.108695 5.765296
v 0.182813 3.972004 5.562526
v 0.215644 3.839961 5.366652
v 0.247376 3.712333 5.177326
v 0.278063 3.588902 4.994225
v 0.389772 3.478476 4.914668
v 0.499192 3.370153 4.836468
v 0.606385 3.263875 4.759582
v 0.711409 3.159582 4.683966
v 0.717393 3.109821 4.603761
v 0.723184 3.061666 4.526145
v 0.728790 3.015041 4.450995
v 0.734222 2.969874 4.378195
v 0.739486 2.926098 4.307637
v 0.744590 2.883650 4.239218
v 0.754347 2.802501 4.108420
v 0.763545 2.725991 3.985101
v 0.772232 2.653735 3.868636
v 0.780449 2.585386 3.758469
v 0.788233 2.520636 3.654103
v 0.795616 2.459208 3.555090
v 0.802630 2.400853 3.461030
v 0.809302 2.345345 3.371558
v 0.815655 2.292481 3.286348
v 0.821712 2.242076 3.205101
v 0.827494 2.193962 3.127548
v 0.833018 2.147987 3.053441
v 0.838301 2.104011 2.982555
v 0.894044 2.025305 2.901976
v 0.948041 1.949019 2.823841
v 1.000370 1.875041 2.748037
v 1.051106 1.803268 2.674458
v 1.100317 1.733601 2.603002
v 1.148070 1.665947 2.533575
v 1.194425 1.600219 2.466087
v 1.239441 1.536336 2.400453
v 1.243224 1.485438 2.316078
v 1.246756 1.437901 2.237274
v 1.250063 1.393401 2.163505
v 1.253165 1.351657 2.094304
v 1.256080 1.312420 2.029259
v 1.258826 1.275471 1.968007
v 1.261416 1.240616 1.910225
v 1.263863 1.207680 1.855626
v 1.266178 1.176511 1.803955
v 1.268373 1.146969 1.754982
v 1.270456 1.118930 1.708500
v 1.272436 1.092283 1.664325
v 1.276114 1.042767 1.582240
v 1.279460 0.997722 1.507565
v 1.282517 0.956567 1.439339
v 1.285320 0.918820 1.376762
v 1.287900 0.884073 1.319160
v 1.290283 0.851983 1.265961
v 1.292490 0.822256 1.216679
v 1.294541 0.794640 1.170897
v 1.296450 0.768917 1.128253
v 1.298233 0.744900 1.088437
v 1.299901 0.722424 1.051176
v 1.301465 0.701345 1.016230
v 1.304318 0.662888 0.952474
v 1.306856 0.628683 0.895766
v 1.309126 0.598060 0.844997
v 1.311171 0.570485 0.799279
v 1.313021 0.545523 0.757894
v 1.314703 0.522819 0.720253
v 1.316239 0.502081 0.685868
v 1.124502 6.702095 4.637286
v 0.749203 6.807144 4.481662
v 0.374303 6.908580 4.323658
v 0.000000 7.006350 4.163360
v 0.019825 6.885409 4.087745
v 0.039282 6.766717 4.013534
v 0.058380 6.650210 3.940690
v 0.077130 6.535829 3.869176
v 0.095541 6.423515 3.798953
v 0.113621 6.313214 3.729989
v 0.148827 6.098437 3.595703
v 0.182813 5.891090 3.466061
v 0.215644 5.690793 3.340827
v 0.247376 5.497193 3.219780
v 0.278063 5.309960 3.102713
v 0.389772 5.176721 3.074949
v 0.499192 5.045957 3.047569
v 0.606385 4.917594 3.020557
v 0.711409 4.791563 2.993898
v 0.717393 4.713481 2.940867
v 0.723184 4.637920 2.889547
v 0.728790 4.564760 2.839859
v 0.734222 4.493888 2.791723
v 0.739486 4.425197 2.745070
v 0.744590 4.358590 2.699832
v 0.754347 4.231257 2.613349
v 0.763545 4.111204 2.531810
v 0.772232 3.997824 2.454804
v 0.780449 3.890575 2.381961
v 0.788233 3.788974 2.312954
v 0.795616 3.692584 2.247486
v 0.802630 3.601016 2.185293
v 0.809302 3.513915 2.126134
v 0.815655 3.430963 2.069792
v 0.821712 3.351870 2.016071
v 0.827494 3.276372 1.964792
v 0.833018 3.204230 1.915792
v 0.838301 3.135224 1.868922
v 0.894044 3.030548 1.827321
v 0.948041 2.929077 1.786969
v 1.000370 2.830663 1.747809
v 1.051106 2.735167 1.709783
v 1.100317 2.642459 1.672842
v 1.148070 2.552416 1.636934
v 1.194425 2.464921 1.602014
v 1.239441 2.379864 1.568039
v 1.243224 2.299050 1.511661
v 1.246756 2.223569 1.459004
v 1.250063 2.152912 1.409713
v 1.253165 2.086631 1.363473
v 1.256080 2.024330 1.320011
v 1.258826 1.965662 1.279083
v 1.261416 1.910317 1.240473
v 1.263863 1.858022 1.203991
v 1.266178 1.808531 1.169465
v 1.268373 1.761624 1.136741
v 1.270456 1.717103 1.105683
v 1.272436 1.674792 1.076165
v 1.276114 1.596170 1.021316
v 1.279460 1.524646 0.971419
v 1.282517 1.459300 0.925831
v 1.285320 1.399363 0.884017
v 1.287900 1.344192 0.845527
v 1.290283 1.293238 0.809980
v 1.292490 1.246036 0.777050
v 1.294541 1.202186 0.746458
v 1.296450 1.161343 0.717964
v 1.298233 1.123207 0.691359
v 1.299901 1.087519 0.666460
v 1.301465 1.054049 0.643110
v 1.304318 0.992984 0.600507
v 1.306856 0.938671 0.562614
v 1.309126 0.890046 0.528690
v 1.311171 0.846260 0.498141
v 1.313021 0.806623 0.470487
v 1.314703 0.770573 0.445334
v 1.316239 0.737641 0.422357
v 1.124502 8.008823 1.510384
v 0.749203 8.041491 1.325487
v 0.374303 8.069892 1.139886
v 0.000000 8.094010 0.953679
v 0.019825 7.952770 0.933792
v 0.039282 7.814155 0.914274
v 0.058380 7.678092 0.895116
v 0.077130 7.544512 0.876307
v 0.095541 7.413347 0.857838
v 0.113621 7.284532 0.839699
v 0.148827 7.033704 0.804380
v 0.182813 6.791552 0.770282
v 0.215644 6.557635 0.737344
v 0.247376 6.331538 0.705506
v 0.278063 6.112877 0.674714
v 0.389772 5.979865 0.703544
v 0.499192 5.849269 0.731717
v 0.606385 5.721017 0.759250
v 0.711409 5.595039 0.786158
v 0.717393 5.502138 0.769470
v 0.723184 5.412236 0.753321
v 0.728790 5.325190 0.737685
v 0.734222 5.240867 0.722537
v 0.739486 5.159140 0.707857
v 0.744590 5.079891 0.693621
v 0.754347 4.928390 0.666406
v 0.763545 4.785551 0.640747
v 0.772232 4.650652 0.616513
v 0.780449 4.523048 0.593590
v 0.788233 4.402163 0.571874
v 0.795616 4.287479 0.551272
v 0.802630 4.178531 0.531699
v 0.809302 4.074898 0.513082
v 0.815655 3.976201 0.495351
v 0.821712 3.882096 0.478444
v 0.827494 3.792268 0.462306
v 0.833018 3.706433 0.446885
v 0.838301 3.624329 0.432134
v 0.894044 3.511782 0.436706
v 0.948041 3.402671 0.441115
v 1.000370 3.296837 0.445368
v 1.051106 3.194131 0.449472
v 1.100317 3.094413 0.453432
v 1.148070 2.997549 0.457252
v 1.194425 2.903415 0.460939
v 1.239441 2.811893 0.464496
v 1.243224 2.715134 0.445863
v 1.246756 2.624762 0.428460
v 1.250063 2.540165 0.412168
v 1.253165 2.460806 0.396886
v 1.256080 2.386214 0.382521
v 1.258826 2.315971 0.368994
v 1.261416 2.249708 0.356233
v 1.263863 2.187095 0.344175
v 1.266178 2.127839 0.332763
v 1.268373 2.071678 0.321948
v 1.270456 2.018374 0.311683
v 1.272436 1.967715 0.301927
v 1.276114 1.873581 0.283798
v 1.279460 1.787945 0.267306
v 1.282517 1.709706 0.252238
v 1.285320 1.637944 0.238418
v 1.287900 1.571887 0.225696
v 1.290283 1.510880 0.213946
v 1.292490 1.454365 0.203062
v 1.294541 1.401863 0.192950
v 1.296450 1.352962 0.183532
v 1.298233 1.307302 0.174738
v 1.299901 1.264572 0.166508
v 1.301465 1.224498 0.158790
v 1.304318 1.151385 0.144708
v 1.306856 1.086354 0.132182
v 1.309126 1.028135 0.120968
v 1.311171 0.975709 0.110869
v 1.313021 0.928251 0.101728
v 1.314703 0.885087 0.093413
v 1.316239 0.845657 0.085817
v 1.124502 7.930752 -1.877677
v 0.749203 7.885392 -2.059877
v 0.374303 7.835847 -2.240984
v -0.000000 7.782142 -2.420901
v 0.019825 7.645024 -2.381621
v 0.039282 7.510455 -2.343072
v 0.058380 7.378363 -2.305233
v 0.077130 7.248681 -2.268084
v 0.095541 7.121343 -2.231606
v 0.113621 6.996287 -2.195783
v 0.148827 6.752779 -2.126027
v 0.182813 6.517694 -2.058685
v 0.215644 6.290602 -1.993634
v 0.247376 6.071103 -1.930757
v 0.278063 5.858822 -1.869949
v 0.389772 5.749035 -1.789511
v 0.499192 5.641189 -1.710655
v 0.606385 5.535224 -1.633338
v 0.711409 5.431081 -1.557516
v 0.717393 5.339424 -1.534975
v 0.723184 5.250727 -1.513162
v 0.728790 5.164847 -1.492041
v 0.734222 5.081653 -1.471582
v 0.739486 5.001020 -1.451752
v 0.744590 4.922832 -1.432524
v 0.754347 4.773360 -1.395765
v 0.763545 4.632434 -1.361108
v 0.772232 4.499341 -1.328378
v 0.780449 4.373445 -1.297418
v 0.788233 4.254178 -1.268088
v 0.795616 4.141029 -1.240263
v 0.802630 4.033539 -1.213830
v 0.809302 3.931294 -1.188687
v 0.815655 3.833918 -1.164741
v 0.821712 3.741072 -1.141910
v 0.827494 3.652446 -1.120117
v 0.833018 3.567759 -1.099292
v 0.838301 3.486754 -1.079373
v 0.894044 3.385797 -1.029420
v 0.948041 3.287912 -0.981012
v 1.000370 3.192958 -0.934080
v 1.051106 3.100801 -0.888557
v 1.100317 3.011314 -0.844381
v 1.148070 2.924379 -0.801492
v 1.194425 2.839883 -0.759836
v 1.239441 2.757720 -0.719361
v 1.243224 2.661747 -0.697028
v 1.246756 2.572110 -0.676170
v 1.250063 2.488200 -0.656644
v 1.253165 2.409486 -0.638327
v 1.256080 2.335500 -0.621110
v 1.258826 2.265828 -0.604898
v 1.261416 2.200103 -0.589604
v 1.263863 2.137999 -0.575152
v 1.266178 2.079225 -0.561476
v 1.268373 2.023520 -0.548513
v 1.270456 1.970649 -0.536210
v 1.272436 1.920401 -0.524518
v 1.276114 1.827032 -0.502792
v 1.279460 1.742092 -0.483027
v 1.282517 1.664489 -0.464969
v 1.285320 1.593310 -0.448406
v 1.287900 1.527789 -0.433161
v 1.290283 1.467278 -0.419080
v 1.292490 1.411221 -0.406037
v 1.294541 1.359146 -0.393920
v 1.296450 1.310641 -0.382634
v 1.298233 1.265352 -0.372096
v 1.299901 1.222969 -0.362235
v 1.301465 1.183220 -0.352986
v 1.304318 1.110700 -0.336113
v 1.306856 1.046197 -0.321106
v 1.309126 0.988450 -0.307670
v 1.311171 0.936449 -0.295572
v 1.313021 0.889376 -0.284621
v 1.314703 0.846561 -0.274661
v 1.316239 0.807451 -0.265562
v 1.124502 6.481383 -4.941071
v 0.749203 6.365837 -5.089069
v 0.374303 6.246912 -5.234366
v -0.000000 6.124672 -5.376885
v 0.019825 6.015385 -5.285231
v 0.039282 5.908129 -5.195280
v 0.058380 5.802847 -5.106985
v 0.077130 5.699487 -5.020302
v 0.095541 5.597995 -4.935185
v 0.113621 5.498321 -4.851594
v 0.148827 5.304237 -4.688825
v 0.182813 5.116867 -4.531687
v 0.215644 4.935867 -4.379893
v 0.247376 4.760919 -4.233175
v 0.278063 4.591723 -4.091281
v 0.389772 4.524145 -3.973143
v 0.499192 4.457697 -3.857240
v 0.606385 4.392340 -3.743507
v 0.711409 4.328041 -3.631882
v 0.717393 4.253476 -3.574009
v 0.723184 4.181319 -3.518005
v 0.728790 4.111454 -3.463780
v 0.734222 4.043774 -3.411251
v 0.739486 3.978178 -3.360339
v 0.744590 3.914571 -3.310972
v 0.754347 3.792973 -3.216595
v 0.763545 3.678326 -3.127615
v 0.772232 3.570052 -3.043580
v 0.780449 3.467634 -2.964090
v 0.788233 3.370607 -2.888786
v 0.795616 3.278558 -2.817345
v 0.802630 3.191112 -2.749477
v 0.809302 3.107933 -2.684921
v 0.815655 3.028715 -2.623439
v 0.821712 2.953183 -2.564818
v 0.827494 2.881083 -2.508861
v 0.833018 2.812188 -2.455392
v 0.838301 2.746288 -2.404247
v 0.894044 2.674376 -2.317549
v 0.948041 2.604644 -2.233514
v 1.000370 2.536988 -2.152018
v 1.051106 2.471314 -2.072946
v 1.100317 2.407532 -1.996192
v 1.148070 2.345557 -1.921651
v 1.194425 2.285309 -1.849229
v 1.239441 2.226712 -1.778835
v 1.243224 2.148120 -1.719397
v 1.246756 2.074716 -1.663883
v 1.250063 2.006003 -1.611916
v 1.253165 1.941544 -1.563167
v 1.256080 1.880957 -1.517346
v 1.258826 1.823903 -1.474197
v 1.261416 1.770081 -1.433492
v 1.263863 1.719224 -1.395030
v 1.266178 1.671094 -1.358630
v 1.268373 1.625477 -1.324131
v 1.270456 1.582181 -1.291388
v 1.272436 1.541033 -1.260269
v 1.276114 1.464573 -1.202444
v 1.279460 1.395016 -1.149840
v 1.282517 1.331466 -1.101779
v 1.285320 1.273178 -1.057697
v 1.287900 1.219522 -1.017120
v 1.290283 1.169969 -0.979645
v 1.292490 1.124065 -0.944929
v 1.294541 1.081420 -0.912678
v 1.296450 1.041699 -0.882640
v 1.298233 1.004611 -0.854592
v 1.299901 0.969903 -0.828344
v 1.301465 0.937353 -0.803728
v 1.304318 0.877966 -0.758817
v 1.306856 0.825143 -0.718872
v 1.309126 0.777853 -0.683110
v 1.311171 0.735269 -0.650907
v 1.313021 0.696720 -0.621756
v 1.314703 0.661658 -0.595242
v 1.316239 0.629629 -0.571023
v 1.124502 3.911323 -7.150108
v 0.749203 3.745570 -7.238315
v 0.374303 3.577829 -7.322680
v -0.000000 3.408190 -7.403158
v 0.019825 3.345630 -7.274976
v 0.039282 3.284233 -7.149177
v 0.058380 3.223967 -7.025694
v 0.077130 3.164800 -6.904464
v 0.095541 3.106702 -6.785425
v 0.113621 3.049646 -6.668520
v 0.148827 2.938545 -6.440882
v 0.182813 2.831287 -6.221120
v 0.215644 2.727676 -6.008830
v 0.247376 2.627529 -5.803638
v 0.278063 2.530674 -5.605193
v 0.389772 2.516990 -5.469782
v 0.499192 2.503428 -5.336872
v 0.606385 2.489981 -5.206389
v 0.711409 2.476642 -5.078262
v 0.717393 2.432063 -4.995064
v 0.723184 2.388924 -4.914553
v 0.728790 2.347154 -4.836600
v 0.734222 2.306691 -4.761084
v 0.739486 2.267473 -4.687894
v 0.744590 2.229445 -4.616923
v 0.754347 2.156746 -4.481247
v 0.763545 2.088203 -4.353328
v 0.772232 2.023470 -4.232520
v 0.780449 1.962237 -4.118245
v 0.788233 1.904228 -4.009987
v 0.795616 1.849194 -3.907282
v 0.802630 1.796913 -3.809715
v 0.809302 1.747183 -3.716907
v 0.815655 1.699820 -3.628520
v 0.821712 1.654661 -3.544245
v 0.827494 1.611555 -3.463801
v 0.833018 1.570364 -3.386932
v 0.838301 1.530963 -3.313405
v 0.894044 1.500532 -3.204954
v 0.948041 1.471008 -3.099820
v 1.000370 1.442349 -2.997852
v 1.051106 1.414514 -2.898905
v 1.100317 1.387465 -2.802843
v 1.148070 1.361167 -2.709540
v 1.194425 1.335584 -2.618874
v 1.239441 1.310685 -2.530732
v 1.243224 1.263064 -2.444467
v 1.246756 1.218585 -2.363896
v 1.250063 1.176950 -2.288474
v 1.253165 1.137892 -2.217722
v 1.256080 1.101180 -2.151219
v 1.258826 1.066608 -2.088594
v 1.261416 1.033995 -2.029517
v 1.263863 1.003179 -1.973695
v 1.266178 0.974015 -1.920866
v 1.268373 0.946374 -1.870795
v 1.270456 0.920139 -1.823272
v 1.272436 0.895206 -1.778107
v 1.276114 0.848876 -1.694183
v 1.279460 0.806729 -1.617835
v 1.282517 0.768221 -1.548081
v 1.285320 0.732901 -1.484102
v 1.287900 0.700389 -1.425210
v 1.290283 0.670363 -1.370819
v 1.292490 0.642547 -1.320434
v 1.294541 0.616706 -1.273626
v 1.296450 0.592638 -1.230028
v 1.298233 0.570164 -1.189321
v 1.299901 0.549133 -1.151225
v 1.301465 0.529409 -1.115498
v 1.304318 0.493423 -1.050315
v 1.306856 0.461414 -0.992338
v 1.309126 0.432759 -0.940433
v 1.311171 0.406954 -0.893694
v 1.313021 0.383594 -0.851384
v 1.314703 0.362347 -0.812901
v 1.316239 0.342939 -0.777749
v 1.124502 0.664960 -8.122828
v 0.749203 0.477661 -8.135990
v 0.374303 0.290108 -8.144835
v -0.000000 0.102401 -8.149357
v 0.019825 0.097386 -8.006812
v 0.039282 0.092464 -7.866916
v 0.058380 0.087633 -7.729596
v 0.077130 0.082890 -7.594781
v 0.095541 0.078232 -7.462404
v 0.113621 0.073658 -7.332399
v 0.148827 0.064751 -7.079253
v 0.182813 0.056152 -6.834864
v 0.215644 0.047845 -6.598785
v 0.247376 0.039815 -6.370599
v 0.278063 0.032049 -6.149916
v 0.389772 0.074624 -6.020647
v 0.499192 0.116294 -5.893711
v 0.606385 0.157082 -5.769040
v 0.711409 0.197010 -5.646564
v 0.717393 0.190125 -5.552428
v 0.723184 0.183461 -5.461331
v 0.728790 0.177010 -5.373127
v 0.734222 0.170760 -5.287683
v 0.739486 0.164702 -5.204869
v 0.744590 0.158828 -5.124566
v 0.754347 0.147598 -4.971050
v 0.763545 0.137010 -4.826312
v 0.772232 0.127011 -4.689619
v 0.780449 0.117551 -4.560317
v 0.788233 0.108590 -4.437824
v 0.795616 0.100088 -4.321615
v 0.802630 0.092011 -4.211218
v 0.809302 0.084328 -4.106207
v 0.815655 0.077011 -4.006198
v 0.821712 0.070034 -3.910840
v 0.827494 0.063374 -3.819818
v 0.833018 0.057009 -3.732841
v 0.838301 0.050921 -3.649645
v 0.894044 0.067232 -3.538192
v 0.948041 0.083023 -3.430140
v 1.000370 0.098315 -3.325330
v 1.051106 0.113132 -3.223616
v 1.100317 0.127494 -3.124858
v 1.148070 0.141418 -3.028924
v 1.194425 0.154925 -2.935691
v 1.239441 0.168029 -2.845042
v 1.243224 0.159612 -2.746866
v 1.246756 0.151750 -2.655170
v 1.250063 0.144391 -2.569333
v 1.253165 0.137487 -2.488812
v 1.256080 0.130998 -2.413126
v 1.258826 0.124887 -2.341854
v 1.261416 0.119123 -2.274620
v 1.263863 0.113676 -2.211090
v 1.266178 0.108521 -2.150966
v 1.268373 0.103635 -2.093981
v 1.270456 0.098998 -2.039896
v 1.272436 0.094590 -1.988495
v 1.276114 0.086401 -1.892982
v 1.279460 0.078950 -1.806092
v 1.282517 0.072143 -1.726706
v 1.285320 0.065900 -1.653893
v 1.287900 0.060153 -1.586868
v 1.290283 0.054844 -1.524967
v 1.292490 0.049927 -1.467624
v 1.294541 0.045359 -1.414353
v 1.296450 0.041104 -1.364734
v 1.298233 0.037131 -1.318405
v 1.299901 0.033412 -1.275049
v 1.301465 0.029925 -1.234388
v 1.304318 0.023562 -1.160203
v 1.306856 0.017903 -1.094220
v 1.309126 0.012836 -1.035147
v 1.311171 0.008273 -0.981953
v 1.313021 0.004142 -0.933800
v 1.314703 0.000384 -0.890002
v 1.316239 -0.003049 -0.849995
v 1.124502 -2.696380 -7.691036
v 0.749203 -2.872841 -7.626879
v 0.374303 -3.047776 -7.558674
v -0.000000 -3.221094 -7.486458
v 0.019825 -3.167697 -7.354197
v 0.039282 -3.115293 -7.224394
v 0.058380 -3.063853 -7.096981
v 0.077130 -3.013352 -6.971893
v 0.095541 -2.963764 -6.849066
v 0.113621 -2.915065 -6.728439
v 0.148827 -2.820238 -6.493556
v 0.182813 -2.728692 -6.266798
v 0.215644 -2.640259 -6.047750
v 0.247376 -2.554783 -5.836026
v 0.278063 -2.472119 -5.631264
v 0.389772 -2.380645 -5.530487
v 0.499192 -2.290949 -5.431474
v 0.606385 -2.202979 -5.334171
v 0.711409 -2.116687 -5.238524
v 0.717393 -2.084688 -5.149726
v 0.723184 -2.053723 -5.063794
v 0.728790 -2.023741 -4.980592
v 0.734222 -1.994698 -4.899993
v 0.739486 -1.966548 -4.821874
v 0.744590 -1.939252 -4.746125
v 0.754347 -1.887071 -4.601314
v 0.763545 -1.837873 -4.464782
v 0.772232 -1.791410 -4.335840
v 0.780449 -1.747460 -4.213870
v 0.788233 -1.705824 -4.098322
v 0.795616 -1.666324 -3.988701
v 0.802630 -1.628800 -3.884563
v 0.809302 -1.593107 -3.785506
v 0.815655 -1.559114 -3.691167
v 0.821712 -1.526703 -3.601216
v 0.827494 -1.495765 -3.515353
v 0.833018 -1.466202 -3.433307
v 0.838301 -1.437925 -3.354828
v 0.894044 -1.377693 -3.259645
v 0.948041 -1.319319 -3.167357
v 1.000370 -1.262718 -3.077829
v 1.051106 -1.207811 -2.990935
v 1.100317 -1.154523 -2.906556
v 1.148070 -1.102782 -2.824580
v 1.194425 -1.052523 -2.744901
v 1.239441 -1.003681 -2.667419
v 1.243224 -0.971438 -2.574307
v 1.246756 -0.941324 -2.487341
v 1.250063 -0.913134 -2.405932
v 1.253165 -0.886690 -2.329564
v 1.256080 -0.861834 -2.257782
v 1.258826 -0.838428 -2.190187
v 1.261416 -0.816347 -2.126420
v 1.263863 -0.795483 -2.066167
v 1.266178 -0.775738 -2.009145
v 1.268373 -0.757024 -1.955099
v 1.270456 -0.739262 -1.903804
v 1.272436 -0.722381 -1.855054
v 1.276114 -0.691014 -1.764468
v 1.279460 -0.662479 -1.682059
v 1.282517 -0.636408 -1.606768
v 1.285320 -0.612496 -1.537710
v 1.287900 -0.590485 -1.474142
v 1.290283 -0.570157 -1.415434
v 1.292490 -0.551326 -1.361048
v 1.294541 -0.533832 -1.310524
v 1.296450 -0.517537 -1.263465
v 1.298233 -0.502323 -1.219526
v 1.299901 -0.488086 -1.178405
v 1.301465 -0.474733 -1.139841
v 1.304318 -0.450372 -1.069482
v 1.306856 -0.428704 -1.006901
v 1.309126 -0.409306 -0.950875
v 1.311171 -0.391839 -0.900423
v 1.313021 -0.376027 -0.854753
v 1.314703 -0.361646 -0.813214
v 1.316239 -0.348509 -0.775269
v 1.124502 -5.591492 -5.929394
v 0.749203 -5.726602 -5.799011
v 0.374303 -5.858672 -5.665550
v -0.000000 -5.987633 -5.529083
v 0.019825 -5.885057 -5.429975
v 0.039282 -5.784387 -5.332709
v 0.058380 -5.685571 -5.237233
v 0.077130 -5.588558 -5.143500
v 0.095541 -5.493299 -5.051461
v 0.113621 -5.399747 -4.961071
v 0.148827 -5.217583 -4.785064
v 0.182813 -5.041721 -4.615146
v 0.215644 -4.871838 -4.451005
v 0.247376 -4.707636 -4.292351
v 0.278063 -4.548834 -4.138914
v 0.389772 -4.424279 -4.084055
v 0.499192 -4.302065 -4.030086
v 0.606385 -4.182124 -3.976976
v 0.711409 -4.064389 -3.924696
v 0.717393 -3.999040 -3.856590
v 0.723184 -3.935800 -3.790682
v 0.728790 -3.874569 -3.726868
v 0.734222 -3.815253 -3.665049
v 0.739486 -3.757764 -3.605134
v 0.744590 -3.702018 -3.547036
v 0.754347 -3.595448 -3.435969
v 0.763545 -3.494971 -3.331251
v 0.772232 -3.400079 -3.232355
v 0.780449 -3.310319 -3.138806
v 0.788233 -3.225285 -3.050182
v 0.795616 -3.144614 -2.966105
v 0.802630 -3.067977 -2.886232
v 0.809302 -2.995080 -2.810257
v 0.815655 -2.925655 -2.737900
v 0.821712 -2.859459 -2.668908
v 0.827494 -2.796272 -2.603053
v 0.833018 -2.735894 -2.540124
v 0.838301 -2.678142 -2.479931
v 0.894044 -2.584402 -2.417476
v 0.948041 -2.493538 -2.356909
v 1.000370 -2.405416 -2.298143
v 1.051106 -2.319913 -2.241094
v 1.100317 -2.236912 -2.185684
v 1.148070 -2.156302 -2.131840
v 1.194425 -2.077979 -2.079492
v 1.239441 -2.001845 -2.028575
v 1.243224 -1.934518 -1.956627
v 1.246756 -1.871635 -1.889428
v 1.250063 -1.812770 -1.826523
v 1.253165 -1.757551 -1.767513
v 1.256080 -1.705648 -1.712047
v 1.258826 -1.656771 -1.659816
v 1.261416 -1.610663 -1.610543
v 1.263863 -1.567096 -1.563986
v 1.266178 -1.525865 -1.519924
v 1.268373 -1.486786 -1.478163
v 1.270456 -1.449696 -1.438527
v 1.272436 -1.414447 -1.400857
v 1.276114 -1.348947 -1.330861
v 1.279460 -1.289360 -1.267183
v 1.282517 -1.234919 -1.209005
v 1.285320 -1.184986 -1.155643
v 1.287900 -1.139023 -1.106524
v 1.290283 -1.096573 -1.061159
v 1.292490 -1.057249 -1.019135
v 1.294541 -1.020718 -0.980095
v 1.296450 -0.986692 -0.943732
v 1.298233 -0.954921 -0.909779
v 1.299901 -0.925189 -0.878005
v 1.301465 -0.897305 -0.848205
v 1.304318 -0.846433 -0.793838
v 1.306856 -0.801184 -0.745481
v 1.309126 -0.760676 -0.702188
v 1.311171 -0.724198 -0.663203
v 1.313021 -0.691177 -0.627912
v 1.314703 -0.661144 -0.595813
v 1.316239 -0.633709 -0.566492
v 1.316239 -0.670434 -0.522511
v 1.316239 -0.704113 -0.476156
v 1.316239 -0.845020 0.091881
v 1.316239 -0.836910 0.148602
v 1.316239 -0.824997 0.204647
v 1.316239 -0.704113 0.476156
v 1.316239 -0.670434 0.522511
v 1.316239 -0.399948 -0.750028
v 1.316239 -0.449569 -0.721379
v 1.316239 -0.824997 -0.204647
v 1.316239 -0.836910 -0.148602
v 1.316239 -0.845020 -0.091881
v 1.316239 -0.060307 -0.847858
v 1.316239 -0.117291 -0.841869
v 1.316239 -0.449569 0.721379
v 1.316239 -0.399948 0.750028
v 1.316239 0.289762 -0.799086
v 1.316239 0.235268 -0.816792
v 1.316239 -0.117291 0.841869
v 1.316239 -0.060307 0.847858
v 1.316239 0.589728 -0.612144
v 1.316239 0.547148 -0.650484
v 1.316239 0.547148 0.650484
v 1.316239 0.589728 0.612144
v 1.316239 0.235268 0.816792
v 1.316239 0.289762 0.799086
v 1.316239 0.787725 -0.319358
v 1.316239 0.764420 -0.371702
v 1.316239 0.764420 0.371702
v 1.316239 0.787725 0.319358
v 5.000000 8.150000 0.000000
v 5.000000 8.145300 -0.276747
v 5.000000 8.131205 -0.553174
v 5.000000 8.107732 -0.828963
v 5.000000 8.074908 -1.103797
v 5.000000 8.032770 -1.377357
v 5.000000 7.981367 -1.649328
v 5.000000 7.920758 -1.919397
v 5.000000 7.851014 -2.187253
v 5.000000 7.772215 -2.452585
v 5.000000 7.684451 -2.715089
v 5.000000 7.587824 -2.974462
v 5.000000 7.482446 -3.230403
v 5.000000 7.368437 -3.482619
v 5.000000 7.245930 -3.730818
v 5.000000 7.115065 -3.974714
v 5.000000 6.975994 -4.214025
v 5.000000 6.828877 -4.448476
v 5.000000 6.673883 -4.677797
v 5.000000 6.511192 -4.901722
v 5.000000 6.340991 -5.119993
v 5.000000 6.163477 -5.332359
v 5.000000 5.978853 -5.538575
v 5.000000 5.787334 -5.738403
v 5.000000 5.589140 -5.931612
v 5.000000 5.384499 -6.117979
v 5.000000 5.173648 -6.297291
v 5.000000 4.956829 -6.469339
v 5.000000 4.734294 -6.633925
v 5.000000 4.506298 -6.790860
v 5.000000 4.273104 -6.939962
v 5.000000 4.034982 -7.081060
v 5.000000 3.792206 -7.213991
v 5.000000 3.545057 -7.338602
v 5.000000 3.293818 -7.454748
v 5.000000 3.038780 -7.562296
v 5.000000 2.780238 -7.661121
v 5.000000 2.518489 -7.751111
v 5.000000 2.253834 -7.832160
v 5.000000 1.986581 -7.904176
v 5.000000 1.717036 -7.967075
v 5.000000 1.445511 -8.020785
v 5.000000 1.172318 -8.065245
v 5.000000 0.897774 -8.100401
v 5.000000 0.622194 -8.126215
v 5.000000 0.345896 -8.142657
v 5.000000 0.069199 -8.149706
v 5.000000 -0.207577 -8.147356
v 5.000000 -0.484114 -8.135609
v 5.000000 -0.760093 -8.114478
v 5.000000 -1.035195 -8.083989
v 5.000000 -1.309103 -8.044175
v 5.000000 -1.581501 -7.995083
v 5.000000 -1.852076 -7.936770
v 5.000000 -2.120513 -7.869303
v 5.000000 -2.386506 -7.792759
v 5.000000 -2.649745 -7.707227
v 5.000000 -2.909929 -7.612806
v 5.000000 -3.166756 -7.509604
v 5.000000 -3.419930 -7.397741
v 5.000000 -3.669161 -7.277346
v 5.000000 -3.914159 -7.148557
v 5.000000 -4.154642 -7.011522
v 5.000000 -4.390334 -6.866401
v 5.000000 -4.620962 -6.713360
v 5.000000 -4.846260 -6.552577
v 5.000000 -5.065969 -6.384235
v 5.000000 -5.279835 -6.208530
v 5.000000 -5.487611 -6.025664
v 5.000000 -5.689057 -5.835849
v 5.000000 -5.883942 -5.639302
v 5.000000 -6.072041 -5.436251
v 5.000000 -6.253136 -5.226930
v 5.000000 -6.427019 -5.011580
v 5.000000 -6.593489 -4.790450
v 5.000000 -6.752354 -4.563795
v 5.000000 -6.903431 -4.331875
v 5.000000 -7.046545 -4.094960
v 5.000000 -7.181533 -3.853321
v 5.000000 -7.308237 -3.607239
v 5.000000 -7.426512 -3.356995
v 5.000000 -7.536222 -3.102880
v 5.000000 -7.637239 -2.845186
v 5.000000 -7.729448 -2.584210
v 5.000000 -7.812741 -2.320254
v 5.000000 -7.887024 -2.053621
v 5.000000 -7.952209 -1.784620
v 5.000000 -8.008223 -1.513561
v 5.000000 -8.055000 -1.240756
v 5.000000 -8.092487 -0.966519
v 5.000000 -8.120640 -0.691168
v 5.000000 -8.139426 -0.415020
v 5.000000 -8.148825 -0.138393
v 5.000000 -8.148825 0.138393
v 5.000000 -8.139426 0.415020
v 5.000000 -8.120640 0.691168
v 5.000000 -8.092487 0.966519
v 5.000000 -8.055000 1.240756
v 5.000000 -8.008223 1.513561
v 5.000000 -7.952209 1.784620
v 5.000000 -7.887024 2.053621
v 5.000000 -7.812741 2.320254
v 5.000000 -7.729448 2.584210
v 5.000000 -7.637239 2.845186
v 5.000000 -7.536222 3.102880
v 5.000000 -7.426512 3.356995
v 5.000000 -7.308237 3.607239
v 5.000000 -7.181533 3.853321
v 5.000000 -7.046545 4.094960
v 5.000000 -6.903431 4.331875
v 5.000000 -6.752354 4.563795
v 5.000000 -6.593489 4.790450
v 5.000000 -6.427019 5.011580
v 5.000000 -6.253136 5.226930
v 5.000000 -6.072041 5.436251
v 5.000000 -5.883942 5.639302
v 5.000000 -5.689057 5.835849
v 5.000000 -5.487611 6.025664
v 5.000000 -5.279835 6.208530
v 5.000000 -5.065969 6.384235
v 5.000000 -4.846260 6.552577
v 5.000000 -4.620962 6.713360
v 5.000000 -4.390334 6.866401
v 5.000000 -4.154642 7.011522
v 5.000000 -3.914159 7.148557
v 5.000000 -3.669161 7.277346
v 5.000000 -3.419930 7.397741
v 5.000000 -3.166756 7.509604
v 5.000000 -2.909929 7.612806
v 5.000000 -2.649745 7.707227
v 5.000000 -2.386506 7.792759
v 5.000000 -2.120513 7.869303
v 5.000000 -1.852076 7.936770
v 5.000000 -1.581501 7.995083
v 5.000000 -1.309103 8.044175
v 5.000000 -1.035195 8.083989
v 5.000000 -0.760093 8.114478
v 5.000000 -0.484114 8.135609
v 5.000000 -0.207577 8.147356
v 5.000000 0.069199 8.149706
v 5.000000 0.345896 8.142657
v 5.000000 0.622194 8.126215
v 5.000000 0.897774 8.100401
v 5.000000 1.172318 8.065245
v 5.000000 1.445511 8.020785
v 5.000000 1.717036 7.967075
v 5.000000 1.986581 7.904176
v 5.000000 2.253834 7.832160
v 5.000000 2.518489 7.751111
v 5.000000 2.780238 7.661121
v 5.000000 3.038780 7.562296
v 5.000000 3.293818 7.454748
v 5.000000 3.545057 7.338602
v 5.000000 3.792206 7.213991
v 5.000000 4.034982 7.081060
v 5.000000 4.273104 6.939962
v 5.000000 4.506298 6.790860
v 5.000000 4.734294 6.633925
v 5.000000 4.956829 6.469339
v 5.000000 5.173648 6.297291
v 5.000000 5.384499 6.117979
v 5.000000 5.589140 5.931612
v 5.000000 5.787334 5.738403
v 5.000000 5.978853 5.538575
v 5.000000 6.163477 5.332359
v 5.000000 6.340991 5.119993
v 5.000000 6.511192 4.901722
v 5.000000 6.673883 4.677797
v 5.000000 6.828877 4.448476
v 5.000000 6.975994 4.214025
v 5.000000 7.115065 3.974714
v 5.000000 7.245930 3.730818
v 5.000000 7.368437 3.482619
v 5.000000 7.482446 3.230403
v 5.000000 7.587824 2.974462
v 5.000000 7.684451 2.715089
v 5.000000 7.772215 2.452585
v 5.000000 7.851014 2.187253
v 5.000000 7.920758 1.919397
v 5.000000 7.981367 1.649328
v 5.000000 8.032770 1.377357
v 5.000000 8.074908 1.103797
v 5.000000 8.107732 0.828963
v 5.000000 8.131205 0.553174
v 5.000000 8.145300 0.276747
v 0.000000 7.696664 2.680272
v 0.000000 7.602545 2.936633
v 0.000000 7.499889 3.189697
v 0.000000 7.388812 3.439180
v 0.000000 7.269439 3.684801
v 0.000000 7.141904 3.926285
v 0.000000 5.941088 5.579065
v 0.000000 5.750834 5.774981
v 0.000000 5.554123 5.964413
v 0.000000 5.351175 6.147148
v 0.000000 5.142219 6.322980
v 0.000000 4.927490 6.491713
v 0.000000 3.158244 7.513188
v 0.000000 2.904752 7.614783
v 0.000000 2.647998 7.707828
v 0.000000 2.388272 7.792218
v 0.000000 2.125863 7.867859
v 0.000000 1.861068 7.934666
v 0.000000 -0.170690 8.148212
v 0.000000 -0.443588 8.137919
v 0.000000 -0.715989 8.118489
v 0.000000 -0.987586 8.089943
v 0.000000 -1.258074 8.052313
v 0.000000 -1.527149 8.005643
v 0.000000 -3.470109 7.374337
v 0.000000 -3.715228 7.253935
v 0.000000 -3.956175 7.125390
v 0.000000 -4.192681 6.988843
v 0.000000 -4.424478 6.844450
v 0.000000 -4.651308 6.692371
v 0.000000 -6.169516 5.325371
v 0.000000 -6.344471 5.115680
v 0.000000 -6.512303 4.900246
v 0.000000 -6.672823 4.679309
v 0.000000 -6.825851 4.453118
v 0.000000 -6.971214 4.221928
v 0.000000 -7.802156 2.355601
v 0.000000 -7.876697 2.092878
v 0.000000 -7.942394 1.827805
v 0.000000 -7.999174 1.560680
v 0.000000 -8.046971 1.291803
v 0.000000 -8.085734 1.021475
v 0.000000 -8.115417 0.750000
v 0.374303 -8.130541 0.562849
v 0.749203 -8.141350 0.375398
v 1.124502 -8.147837 0.187749
v 1.500000 -8.150000 0.000000
v 1.124502 -8.147837 -0.187749
v 0.749203 -8.141350 -0.375398
v 0.374303 -8.130541 -0.562849
v 0.000000 -8.115417 -0.750000
v 0.000000 -8.085734 -1.021475
v 0.000000 -8.046971 -1.291803
v 0.000000 -7.999174 -1.560680
v 0.000000 -7.942394 -1.827805
v 0.000000 -7.876697 -2.092878
v 0.000000 -7.802156 -2.355601
v 0.000000 -6.971214 -4.221928
v 0.000000 -6.825851 -4.453118
v 0.000000 -6.672823 -4.679309
v 0.000000 -6.512303 -4.900246
v 0.000000 -6.344471 -5.115680
v 0.000000 -6.169516 -5.325371
v 0.000000 -4.651308 -6.692371
v 0.000000 -4.424478 -6.844450
v 0.000000 -4.192681 -6.988843
v 0.000000 -3.956175 -7.125390
v 0.000000 -3.715228 -7.253935
v 0.000000 -3.470109 -7.374337
v 0.000000 -1.527149 -8.005643
v 0.000000 -1.258074 -8.052313
v 0.000000 -0.987586 -8.089943
v 0.000000 -0.715989 -8.118489
v 0.000000 -0.443588 -8.137919
v 0.000000 -0.170690 -8.148212
v 0.000000 1.861068 -7.934666
v 0.000000 2.125863 -7.867859
v 0.000000 2.388272 -7.792218
v 0.000000 2.647998 -7.707828
v 0.000000 2.904752 -7.614783
v 0.000000 3.158244 -7.513188
v 0.000000 4.927490 -6.491713
v 0.000000 5.142219 -6.322980
v 0.000000 5.351175 -6.147148
v 0.000000 5.554123 -5.964413
v 0.000000 5.750834 -5.774981
v 0.000000 5.941088 -5.579065
v 0.000000 7.141904 -3.926285
v 0.000000 7.269439 -3.684801
v 0.000000 7.388812 -3.439180
v 0.000000 7.499889 -3.189697
v 0.000000 7.602545 -2.936633
v 0.000000 7.696664 -2.680272
v 0.000000 8.121418 -0.681966
v 0.000000 8.139706 -0.409486
v 0.000000 8.148856 -0.136546
v 0.000000 8.148856 0.136546
v 0.000000 8.139706 0.409486
v 0.000000 8.121418 0.681966
v 4.075000 -8.150000 -0.000000
v 4.075000 8.148831 -0.138052
v 4.075000 8.148831 0.138052
v 4.075000 6.593489 -4.790450
v 4.075000 2.649422 -7.707338
v 4.075000 2.386832 -7.792659
v 4.075000 -2.518489 -7.751111
v 4.075000 -6.511398 -4.901449
v 4.075000 -6.673687 -4.678076
v 4.075000 -6.673687 4.678076
v 4.075000 -6.511398 4.901449
v 4.075000 -2.518489 7.751111
v 4.075000 2.386832 7.792659
v 4.075000 2.649422 7.707338
v 4.075000 6.593489 4.790450
v 4.075000 8.139426 -0.415020
v 4.075000 8.120640 -0.691168
v 4.075000 8.092487 -0.966519
v 4.075000 8.055000 -1.240756
v 4.075000 8.008223 -1.513561
v 4.075000 7.952209 -1.784620
v 4.075000 7.887024 -2.053621
v 4.075000 7.812741 -2.320254
v 4.075000 7.729448 -2.584210
v 4.075000 7.637239 -2.845186
v 4.075000 7.536222 -3.102880
v 4.075000 7.426512 -3.356995
v 4.075000 7.308237 -3.607239
v 4.075000 7.181533 -3.853321
v 4.075000 7.046545 -4.094960
v 4.075000 6.903431 -4.331875
v 4.075000 6.752354 -4.563795
v 4.075000 6.427019 -5.011580
v 4.075000 6.253136 -5.226930
v 4.075000 6.072041 -5.436251
v 4.075000 5.883942 -5.639302
v 4.075000 5.689057 -5.835849
v 4.075000 5.487611 -6.025664
v 4.075000 5.279835 -6.208530
v 4.075000 5.065969 -6.384235
v 4.075000 4.846260 -6.552577
v 4.075000 4.620962 -6.713360
v 4.075000 4.390334 -6.866401
v 4.075000 4.154642 -7.011522
v 4.075000 3.914159 -7.148557
v 4.075000 3.669161 -7.277346
v 4.075000 3.419930 -7.397741
v 4.075000 3.166756 -7.509604
v 4.075000 2.909929 -7.612806
v 4.075000 2.120513 -7.869303
v 4.075000 1.852076 -7.936770
v 4.075000 1.581501 -7.995083
v 4.075000 1.309103 -8.044175
v 4.075000 1.035195 -8.083989
v 4.075000 0.760093 -8.114478
v 4.075000 0.484114 -8.135609
v 4.075000 0.207577 -8.147356
v 4.075000 -0.069199 -8.149706
v 4.075000 -0.345896 -8.142657
v 4.075000 -0.622194 -8.126215
v 4.075000 -0.897774 -8.100401
v 4.075000 -1.172318 -8.065245
v 4.075000 -1.445511 -8.020785
v 4.075000 -1.717036 -7.967075
v 4.075000 -1.986581 -7.904176
v 4.075000 -2.253834 -7.832160
v 4.075000 -2.780238 -7.661121
v 4.075000 -3.038780 -7.562296
v 4.075000 -3.293818 -7.454748
v 4.075000 -3.545057 -7.338602
v 4.075000 -3.792206 -7.213991
v 4.075000 -4.034982 -7.081060
v 4.075000 -4.273104 -6.939962
v 4.075000 -4.506298 -6.790860
v 4.075000 -4.734294 -6.633925
v 4.075000 -4.956829 -6.469339
v 4.075000 -5.173648 -6.297291
v 4.075000 -5.384499 -6.117979
v 4.075000 -5.589140 -5.931612
v 4.075000 -5.787334 -5.738403
v 4.075000 -5.978853 -5.538575
v 4.075000 -6.163477 -5.332359
v 4.075000 -6.340991 -5.119993
v 4.075000 -6.828877 -4.448476
v 4.075000 -6.975994 -4.214025
v 4.075000 -7.115065 -3.974714
v 4.075000 -7.245930 -3.730818
v 4.075000 -7.368437 -3.482619
v 4.075000 -7.482446 -3.230403
v 4.075000 -7.587824 -2.974462
v 4.075000 -7.684451 -2.715089
v 4.075000 -7.772215 -2.452585
v 4.075000 -7.851014 -2.187253
v 4.075000 -7.920758 -1.919397
v 4.075000 -7.981367 -1.649328
v 4.075000 -8.032770 -1.377357
v 4.075000 -8.074908 -1.103797
v 4.075000 -8.107732 -0.828963
v 4.075000 -8.131205 -0.553174
v 4.075000 -8.145300 -0.276747
v 4.075000 -8.145300 0.276747
v 4.075000 -8.131205 0.553174
v 4.075000 -8.107732 0.828963
v 4.075000 -8.074908 1.103797
v 4.075000 -8.032770 1.377357
v 4.075000 -7.981367 1.649328
v 4.075000 -7.920758 1.919397
v 4.075000 -7.851014 2.187253
v 4.075000 -7.772215 2.452585
v 4.075000 -7.684451 2.715089
v 4.075000 -7.587824 2.974462
v 4.075000 -7.482446 3.230403
v 4.075000 -7.368437 3.482619
v 4.075000 -7.245930 3.730818
v 4.075000 -7.115065 3.974714
v 4.075000 -6.975994 4.214025
v 4.075000 -6.828877 4.448476
v 4.075000 -6.340991 5.119993
v 4.075000 -6.163477 5.332359
v 4.075000 -5.978853 5.538575
v 4.075000 -5.787334 5.738403
v 4.075000 -5.589140 5.931612
v 4.075000 -5.384499 6.117979
v 4.075000 -5.173648 6.297291
v 4.075000 -4.956829 6.469339
v 4.075000 -4.734294 6.633925
v 4.075000 -4.506298 6.790860
v 4.075000 -4.273104 6.939962
v 4.075000 -4.034982 7.081060
v 4.075000 -3.792206 7.213991
v 4.075000 -3.545057 7.338602
v 4.075000 -3.293818 7.454748
v 4.075000 -3.038780 7.562296
v 4.075000 -2.780238 7.661121
v 4.075000 -2.253834 7.832160
v 4.075000 -1.986581 7.904176
v 4.075000 -1.717036 7.967075
v 4.075000 -1.445511 8.020785
v 4.075000 -1.172318 8.065245
v 4.075000 -0.897774 8.100401
v 4.075000 -0.622194 8.126215
v 4.075000 -0.345896 8.142657
v 4.075000 -0.069199 8.149706
v 4.075000 0.207577 8.147356
v 4.075000 0.484114 8.135609
v 4.075000 0.760093 8.114478
v 4.075000 1.035195 8.083989
v 4.075000 1.309103 8.044175
v 4.075000 1.581501 7.995083
v 4.075000 1.852076 7.936770
v 4.075000 2.120513 7.869303
v 4.075000 2.909929 7.612806
v 4.075000 3.166756 7.509604
v 4.075000 3.419930 7.397741
v 4.075000 3.669161 7.277346
v 4.075000 3.914159 7.148557
v 4.075000 4.154642 7.011522
v 4.075000 4.390334 6.866401
v 4.075000 4.620962 6.713360
v 4.075000 4.846260 6.552577
v 4.075000 5.065969 6.384235
v 4.075000 5.279835 6.208530
v 4.075000 5.487611 6.025664
v 4.075000 5.689057 5.835849
v 4.075000 5.883942 5.639302
v 4.075000 6.072041 5.436251
v 4.075000 6.253136 5.226930
v 4.075000 6.427019 5.011580
v 4.075000 6.752354 4.563795
v 4.075000 6.903431 4.331875
v 4.075000 7.046545 4.094960
v 4.075000 7.181533 3.853321
v 4.075000 7.308237 3.607239
v 4.075000 7.426512 3.356995
v 4.075000 7.536222 3.102880
v 4.075000 7.637239 2.845186
v 4.075000 7.729448 2.584210
v 4.075000 7.812741 2.320254
v 4.075000 7.887024 2.053621
v 4.075000 7.952209 1.784620
v 4.075000 8.008223 1.513561
v 4.075000 8.055000 1.240756
v 4.075000 8.092487 0.966519
v 4.075000 8.120640 0.691168
v 4.075000 8.139426 0.415020
v 0.019825 -7.973129 -0.740087
v 0.039282 -7.833485 -0.730359
v 0.058380 -7.696413 -0.720810
v 0.077130 -7.561841 -0.711435
v 0.095541 -7.429702 -0.702230
v 0.113621 -7.299930 -0.693189
v 0.148827 -7.047240 -0.675587
v 0.182813 -6.803291 -0.658593
v 0.215644 -6.567637 -0.642178
v 0.247376 -6.339862 -0.626312
v 0.278063 -6.119577 -0.610968
v 0.278063 -6.093085 -0.834752
v 0.278063 -6.058414 -1.057414
v 0.278063 -6.015608 -1.278657
v 0.278063 -5.964725 -1.498183
v 0.278063 -5.905835 -1.715698
v 0.278063 -5.226786 -3.240865
v 0.278063 -5.104547 -3.430175
v 0.278063 -4.975455 -3.614879
v 0.278063 -4.839682 -3.794731
v 0.278063 -4.697411 -3.969487
v 0.278063 -5.905835 1.715698
v 0.278063 -5.964725 1.498183
v 0.278063 -6.015608 1.278657
v 0.278063 -6.058414 1.057414
v 0.278063 -6.093085 0.834752
v 0.278063 -6.119577 0.610968
v 0.247376 -6.339862 0.626312
v 0.215644 -6.567637 0.642178
v 0.182813 -6.803291 0.658593
v 0.148827 -7.047240 0.675587
v 0.113621 -7.299930 0.693189
v 0.095541 -7.429702 0.702230
v 0.077130 -7.561841 0.711435
v 0.058380 -7.696413 0.720810
v 0.039282 -7.833485 0.730359
v 0.019825 -7.973129 0.740087
v 0.278063 -4.697411 3.969487
v 0.278063 -4.839682 3.794731
v 0.278063 -4.975455 3.614879
v 0.278063 -5.104547 3.430175
v 0.278063 -5.226786 3.240865
v 0.278063 -3.456729 -5.086603
v 0.278063 -3.268058 -5.209827
v 0.278063 -3.075000 -5.326056
v 0.278063 -2.877813 -5.435135
v 0.278063 -2.676763 -5.536916
v 0.278063 -1.088971 -6.052821
v 0.278063 -0.866492 -6.088653
v 0.278063 -0.642850 -6.116310
v 0.278063 -0.418345 -6.135755
v 0.278063 -0.193278 -6.146962
v 0.278063 -2.676763 5.536916
v 0.278063 -2.877813 5.435135
v 0.278063 -3.075000 5.326056
v 0.278063 -3.268058 5.209827
v 0.278063 -3.456729 5.086603
v 0.278063 1.467080 -5.972452
v 0.278063 1.684898 -5.914695
v 0.278063 1.900455 -5.848998
v 0.278063 2.113459 -5.775447
v 0.278063 2.323627 -5.694143
v 0.278063 -0.193278 6.146962
v 0.278063 -0.418345 6.135755
v 0.278063 -0.642850 6.116310
v 0.278063 -0.866492 6.088653
v 0.278063 -1.088971 6.052821
v 0.278063 3.769459 -4.859391
v 0.278063 3.944954 -4.718033
v 0.278063 4.115153 -4.570341
v 0.278063 4.279827 -4.416512
v 0.278063 4.438755 -4.256754
v 0.278063 4.438755 4.256754
v 0.278063 4.279827 4.416512
v 0.278063 4.115153 4.570341
v 0.278063 3.944954 4.718033
v 0.278063 3.769459 4.859391
v 0.278063 2.323627 5.694143
v 0.278063 2.113459 5.775447
v 0.278063 1.900455 5.848998
v 0.278063 1.684898 5.914695
v 0.278063 1.467080 5.972452
v 0.278063 5.420064 -2.906098
v 0.278063 5.522892 -2.705580
v 0.278063 5.618305 -2.501430
v 0.278063 5.706174 -2.293922
v 0.278063 5.786382 -2.083334
v 0.278063 5.786382 2.083334
v 0.278063 5.706174 2.293922
v 0.278063 5.618305 2.501430
v 0.278063 5.522892 2.705580
v 0.278063 5.420064 2.906098
v 0.389772 -5.995465 -0.555114
v 0.499192 -5.873581 -0.500404
v 0.606385 -5.753856 -0.446808
v 0.711409 -5.636225 -0.394296
v 0.711409 -5.616020 -0.618721
v 0.711409 -5.586883 -0.842162
v 0.711409 -5.548860 -1.064263
v 0.711409 -5.502010 -1.284672
v 0.711409 -5.446410 -1.503037
v 0.711409 -5.382146 -1.719012
v 0.711409 -4.878834 -2.849471
v 0.711409 -4.761334 -3.041743
v 0.711409 -4.636261 -3.229177
v 0.711409 -4.503813 -3.411475
v 0.711409 -4.364203 -3.588347
v 0.711409 -4.217650 -3.759512
v 0.711409 -5.382146 1.719012
v 0.711409 -5.446410 1.503037
v 0.711409 -5.502010 1.284672
v 0.711409 -5.548860 1.064263
v 0.711409 -5.586883 0.842162
v 0.711409 -5.616020 0.618721
v 0.711409 -5.636225 0.394296
v 0.606385 -5.753856 0.446808
v 0.499192 -5.873581 0.500404
v 0.389772 -5.995465 0.555114
v 0.711409 -4.217650 3.759512
v 0.711409 -4.364203 3.588347
v 0.711409 -4.503813 3.411475
v 0.711409 -4.636261 3.229177
v 0.711409 -4.761334 3.041743
v 0.711409 -4.878834 2.849471
v 0.711409 -3.298052 -4.587521
v 0.711409 -3.112506 -4.715379
v 0.711409 -2.922010 -4.835737
v 0.711409 -2.726866 -4.948404
v 0.711409 -2.527385 -5.053199
v 0.711409 -2.323884 -5.149958
v 0.711409 -1.147007 -5.532348
v 0.711409 -0.925499 -5.573684
v 0.711409 -0.702518 -5.606155
v 0.711409 -0.478419 -5.629708
v 0.711409 -0.253560 -5.644308
v 0.711409 -0.028297 -5.649929
v 0.711409 -2.323884 5.149958
v 0.711409 -2.527385 5.053199
v 0.711409 -2.726866 4.948404
v 0.711409 -2.922010 4.835737
v 0.711409 -3.112506 4.715379
v 0.711409 -3.298052 4.587521
v 0.711409 1.202365 -5.520581
v 0.711409 1.421537 -5.468248
v 0.711409 1.638447 -5.407217
v 0.711409 1.852751 -5.337585
v 0.711409 2.064108 -5.259464
v 0.711409 2.272182 -5.172977
v 0.711409 -0.028297 5.649929
v 0.711409 -0.253560 5.644308
v 0.711409 -0.478419 5.629708
v 0.711409 -0.702518 5.606155
v 0.711409 -0.925499 5.573684
v 0.711409 -1.147007 5.532348
v 0.711409 3.343838 -4.554256
v 0.711409 3.522775 -4.417302
v 0.711409 3.696109 -4.273322
v 0.711409 3.863564 -4.122545
v 0.711409 4.024873 -3.965211
v 0.711409 4.179781 -3.801569
v 0.711409 4.179781 3.801569
v 0.711409 4.024873 3.965211
v 0.711409 3.863564 4.122545
v 0.711409 3.696109 4.273322
v 0.711409 3.522775 4.417302
v 0.711409 3.343838 4.554256
v 0.711409 2.272182 5.172977
v 0.711409 2.064108 5.259464
v 0.711409 1.852751 5.337585
v 0.711409 1.638447 5.407217
v 0.711409 1.421537 5.468248
v 0.711409 1.202365 5.520581
v 0.711409 4.907131 -2.800458
v 0.711409 5.014894 -2.602564
v 0.711409 5.114680 -2.400531
v 0.711409 5.206331 -2.194679
v 0.711409 5.289701 -1.985337
v 0.711409 5.364658 -1.772836
v 0.711409 5.364658 1.772836
v 0.711409 5.289701 1.985337
v 0.711409 5.206331 2.194679
v 0.711409 5.114680 2.400531
v 0.711409 5.014894 2.602564
v 0.711409 4.907131 2.800458
v 1.239441 -2.109511 -1.916368
v 1.239441 -2.210896 -1.798455
v 1.239441 -2.305698 -1.675188
v 1.239441 -2.393637 -1.546934
v 1.239441 -2.474449 -1.414074
v 1.314703 -0.885167 0.092649
v 1.313021 -0.929117 0.093490
v 1.311171 -0.977438 0.094415
v 1.309126 -1.030818 0.095437
v 1.306856 -1.090097 0.096572
v 1.304318 -1.156311 0.097841
v 1.301465 -1.230754 0.099268
v 1.299901 -1.271557 0.100050
v 1.298233 -1.315064 0.100884
v 1.296450 -1.361555 0.101775
v 1.294541 -1.411346 0.102730
v 1.292490 -1.464803 0.103755
v 1.290283 -1.522346 0.104858
v 1.287900 -1.584462 0.106050
v 1.285320 -1.651721 0.107340
v 1.282517 -1.724788 0.108742
v 1.279460 -1.804450 0.110270
v 1.276114 -1.891644 0.111943
v 1.272436 -1.987489 0.113782
v 1.270456 -2.039070 0.114772
v 1.268373 -2.093343 0.115813
v 1.266178 -2.150526 0.116911
v 1.263863 -2.210860 0.118069
v 1.261416 -2.274611 0.119292
v 1.258826 -2.342080 0.120587
v 1.256080 -2.413600 0.121960
v 1.253165 -2.489549 0.123418
v 1.250063 -2.570351 0.124969
v 1.246756 -2.656487 0.126622
v 1.243224 -2.748502 0.128388
v 1.239441 -2.847021 0.130279
v 1.239441 -2.835677 0.285372
v 1.239441 -2.815890 0.439614
v 1.239441 -2.787721 0.592548
v 1.239441 -2.751251 0.743718
v 1.239441 -2.706591 0.892674
v 1.239441 -2.474449 1.414074
v 1.239441 -2.393637 1.546934
v 1.239441 -2.305698 1.675188
v 1.239441 -2.210896 1.798455
v 1.239441 -2.109511 1.916368
v 1.239441 -1.147677 -2.608704
v 1.239441 -1.288256 -2.542223
v 1.239441 -1.425000 -2.468172
v 1.239441 -1.557501 -2.386774
v 1.239441 -1.685366 -2.298269
v 1.239441 -2.706591 -0.892674
v 1.239441 -2.751251 -0.743718
v 1.239441 -2.787721 -0.592548
v 1.239441 -2.815890 -0.439614
v 1.239441 -2.835677 -0.285372
v 1.239441 -2.847021 -0.130279
v 1.243224 -2.748502 -0.128388
v 1.246756 -2.656487 -0.126622
v 1.250063 -2.570351 -0.124969
v 1.253165 -2.489549 -0.123418
v 1.256080 -2.413600 -0.121960
v 1.258826 -2.342080 -0.120587
v 1.261416 -2.274611 -0.119292
v 1.263863 -2.210860 -0.118069
v 1.266178 -2.150526 -0.116911
v 1.268373 -2.093343 -0.115813
v 1.270456 -2.039070 -0.114772
v 1.272436 -1.987489 -0.113782
v 1.276114 -1.891644 -0.111943
v 1.279460 -1.804450 -0.110270
v 1.282517 -1.724788 -0.108742
v 1.285320 -1.651721 -0.107340
v 1.287900 -1.584462 -0.106050
v 1.290283 -1.522346 -0.104858
v 1.292490 -1.464803 -0.103755
v 1.294541 -1.411346 -0.102730
v 1.296450 -1.361555 -0.101775
v 1.298233 -1.315064 -0.100884
v 1.299901 -1.271557 -0.100050
v 1.301465 -1.230754 -0.099268
v 1.304318 -1.156311 -0.097841
v 1.306856 -1.090097 -0.096572
v 1.309126 -1.030818 -0.095437
v 1.311171 -0.977438 -0.094415
v 1.313021 -0.929117 -0.093490
v 1.314703 -0.885167 -0.092649
v 1.239441 0.012601 -2.849972
v 1.239441 -0.142865 -2.846417
v 1.239441 -0.297906 -2.834387
v 1.239441 -0.452060 -2.813919
v 1.239441 -0.604868 -2.785074
v 1.239441 -1.685366 2.298269
v 1.239441 -1.557501 2.386774
v 1.239441 -1.425000 2.468172
v 1.239441 -1.288256 2.542223
v 1.239441 -1.147677 2.608704
v 1.239441 1.170699 -2.598454
v 1.239441 1.027228 -2.658440
v 1.239441 0.880698 -2.710511
v 1.239441 0.731547 -2.754513
v 1.239441 0.580217 -2.790313
v 1.239441 -0.604868 2.785074
v 1.239441 -0.452060 2.813919
v 1.239441 -0.297906 2.834387
v 1.239441 -0.142865 2.846417
v 1.239441 0.012601 2.849972
v 1.239441 2.126373 -1.897640
v 1.239441 2.019704 -2.010794
v 1.239441 1.907022 -2.117963
v 1.239441 1.788662 -2.218825
v 1.239441 1.664978 -2.313082
v 1.239441 1.664978 2.313082
v 1.239441 1.788662 2.218825
v 1.239441 1.907022 2.117963
v 1.239441 2.019704 2.010794
v 1.239441 2.126373 1.897640
v 1.239441 0.580217 2.790313
v 1.239441 0.731547 2.754513
v 1.239441 0.880698 2.710511
v 1.239441 1.027228 2.658440
v 1.239441 1.170699 2.598454
v 1.239441 2.714378 -0.868706
v 1.239441 2.662956 -1.015464
v 1.239441 2.603605 -1.159199
v 1.239441 2.536502 -1.299483
v 1.239441 2.461848 -1.435898
v 1.239441 2.461848 1.435898
v 1.239441 2.536502 1.299483
v 1.239441 2.603605 1.159199
v 1.239441 2.662956 1.015464
v 1.239441 2.714378 0.868706
v 0.717393 -5.541884 -0.391303
v 0.723184 -5.450590 -0.388408
v 0.728790 -5.362195 -0.385605
v 0.734222 -5.276565 -0.382889
v 0.739486 -5.193572 -0.380257
v 0.744590 -5.113095 -0.377705
v 0.754347 -4.959246 -0.372827
v 0.763545 -4.814194 -0.368227
v 0.772232 -4.677205 -0.363884
v 0.780449 -4.547623 -0.359775
v 0.788233 -4.424864 -0.355884
v 0.795616 -4.308403 -0.352192
v 0.802630 -4.197766 -0.348685
v 0.809302 -4.092528 -0.345349
v 0.815655 -3.992301 -0.342173
v 0.821712 -3.896737 -0.339144
v 0.827494 -3.805517 -0.336253
v 0.833018 -3.718351 -0.333491
v 0.838301 -3.634974 -0.330849
v 0.838301 -3.615181 -0.502959
v 0.838301 -3.587243 -0.673935
v 0.838301 -3.551224 -0.843393
v 0.838301 -3.507204 -1.010951
v 0.838301 -3.098060 -1.929902
v 0.838301 -3.002995 -2.074733
v 0.838301 -2.901165 -2.214891
v 0.838301 -2.792799 -2.350058
v 0.838301 -3.507204 1.010951
v 0.838301 -3.551224 0.843393
v 0.838301 -3.587243 0.673935
v 0.838301 -3.615181 0.502959
v 0.838301 -3.634974 0.330849
v 0.833018 -3.718351 0.333491
v 0.827494 -3.805517 0.336253
v 0.821712 -3.896737 0.339144
v 0.815655 -3.992301 0.342173
v 0.809302 -4.092528 0.345349
v 0.802630 -4.197766 0.348685
v 0.795616 -4.308403 0.352192
v 0.788233 -4.424864 0.355884
v 0.780449 -4.547623 0.359775
v 0.772232 -4.677205 0.363884
v 0.763545 -4.814194 0.368227
v 0.754347 -4.959246 0.372827
v 0.744590 -5.113095 0.377705
v 0.739486 -5.193572 0.380257
v 0.734222 -5.276565 0.382889
v 0.728790 -5.362195 0.385605
v 0.723184 -5.450590 0.388408
v 0.717393 -5.541884 0.391303
v 0.838301 -2.792799 2.350058
v 0.838301 -2.901165 2.214891
v 0.838301 -3.002995 2.074733
v 0.838301 -3.098060 1.929902
v 0.838301 -2.045257 -3.023148
v 0.838301 -1.899503 -3.116792
v 0.838301 -1.749469 -3.203413
v 0.838301 -1.595494 -3.282819
v 0.838301 -0.638810 -3.593664
v 0.838301 -0.467569 -3.619928
v 0.838301 -0.295274 -3.638037
v 0.838301 -0.122314 -3.647950
v 0.838301 -1.595494 3.282819
v 0.838301 -1.749469 3.203413
v 0.838301 -1.899503 3.116792
v 0.838301 -2.045257 3.023148
v 0.838301 0.878093 -3.542803
v 0.838301 1.045212 -3.497146
v 0.838301 1.209977 -3.443611
v 0.838301 1.372015 -3.382318
v 0.838301 -0.122314 3.647950
v 0.838301 -0.295274 3.638037
v 0.838301 -0.467569 3.619928
v 0.838301 -0.638810 3.593664
v 0.838301 2.243165 -2.879359
v 0.838301 2.377266 -2.769676
v 0.838301 2.506011 -2.653753
v 0.838301 2.629111 -2.531852
v 0.838301 2.629111 2.531852
v 0.838301 2.506011 2.653753
v 0.838301 2.377266 2.769676
v 0.838301 2.243165 2.879359
v 0.838301 1.372015 3.382318
v 0.838301 1.209977 3.443611
v 0.838301 1.045212 3.497146
v 0.838301 0.878093 3.542803
v 0.838301 3.220374 -1.718048
v 0.838301 3.298269 -1.563304
v 0.838301 3.368734 -1.405038
v 0.838301 3.431609 -1.243606
v 0.838301 3.431609 1.243606
v 0.838301 3.368734 1.405038
v 0.838301 3.298269 1.563304
v 0.838301 3.220374 1.718048
v 1.194425 -2.935803 0.152787
v 1.148070 -3.027114 0.175965
v 1.100317 -3.121066 0.199841
v 1.051106 -3.217782 0.224447
v 1.000370 -3.317391 0.249815
v 0.948041 -3.420027 0.275979
v 0.894044 -3.525837 0.302978
v 0.894044 -3.525837 -0.302978
v 0.948041 -3.420027 -0.275979
v 1.000370 -3.317391 -0.249815
v 1.051106 -3.217782 -0.224447
v 1.100317 -3.121066 -0.199841
v 1.148070 -3.027114 -0.175965
v 1.194425 -2.935803 -0.152787
v 0.838301 3.640751 0.259671
v 0.838301 3.648972 0.086622
v 0.838301 3.648972 -0.086622
v 0.838301 3.640751 -0.259671
v 1.239441 2.833043 -0.310435
v 1.239441 2.845757 -0.155449
v 1.239441 2.850000 -0.000000
v 1.239441 2.845757 0.155449
v 1.239441 2.833043 0.310435
v 0.711409 5.621936 0.562436
v 0.711409 5.639892 0.337820
v 0.711409 5.648877 0.112666
v 0.711409 5.648877 -0.112666
v 0.711409 5.639892 -0.337820
v 0.711409 5.621936 -0.562436
v 0.278063 6.133491 -0.450313
v 0.278063 6.145871 -0.225308
v 0.278063 6.150000 0.000000
v 0.278063 6.145871 0.225308
v 0.278063 6.133491 0.450313
v 1.316239 0.849517 0.028649
v 1.316239 0.849517 -0.028649
vt -0.000000 0.811542 0.000000
vt -0.041848 0.813054 0.000000
vt -0.002217 0.797313 0.000000
vt -0.004392 0.783349 0.000000
vt -0.006527 0.769641 0.000000
vt -0.008623 0.756184 0.000000
vt -0.010682 0.742970 0.000000
vt -0.012703 0.729993 0.000000
vt -0.016639 0.704724 0.000000
vt -0.020439 0.680329 0.000000
vt -0.024110 0.656764 0.000000
vt -0.027657 0.633986 0.000000
vt -0.043578 0.599547 0.000000
vt -0.031088 0.611958 0.000000
vt -0.055811 0.587358 0.000000
vt -0.083763 0.814135 0.000000
vt -0.067796 0.575386 0.000000
vt -0.079538 0.563622 0.000000
vt -0.125723 0.814784 0.000000
vt -0.080207 0.554188 0.000000
vt -0.080854 0.545059 0.000000
vt -0.081481 0.536220 0.000000
vt -0.082088 0.527657 0.000000
vt -0.082677 0.519357 0.000000
vt -0.083248 0.511309 0.000000
vt -0.084339 0.495925 0.000000
vt -0.085367 0.481419 0.000000
vt -0.117517 0.321778 0.000000
vt -0.086338 0.467720 0.000000
vt -0.111845 0.331739 0.000000
vt -0.087257 0.454762 0.000000
vt -0.088127 0.442486 0.000000
vt -0.088953 0.430840 0.000000
vt -0.105994 0.342003 0.000000
vt -0.089737 0.419777 0.000000
vt -0.090483 0.409253 0.000000
vt -0.099957 0.352584 0.000000
vt -0.091193 0.399230 0.000000
vt -0.091870 0.389674 0.000000
vt -0.092517 0.380552 0.000000
vt -0.093134 0.371835 0.000000
vt -0.093725 0.363497 0.000000
vt -0.167705 0.815000 0.000000
vt -0.128358 0.302711 0.000000
vt -0.123019 0.312107 0.000000
vt -0.167705 0.000000 0.000000
vt -0.138574 0.284702 0.000000
vt -0.133541 0.293580 0.000000
vt -0.147160 0.084502 0.000000
vt -0.146988 0.088517 0.000000
vt -0.146800 0.092912 0.000000
vt -0.146593 0.097744 0.000000
vt -0.146365 0.103082 0.000000
vt -0.146111 0.109010 0.000000
vt -0.145827 0.115631 0.000000
vt -0.145508 0.123075 0.000000
vt -0.145333 0.127156 0.000000
vt -0.145147 0.131506 0.000000
vt -0.144948 0.136155 0.000000
vt -0.144734 0.141135 0.000000
vt -0.144505 0.146480 0.000000
vt -0.144258 0.152235 0.000000
vt -0.143992 0.158446 0.000000
vt -0.143703 0.165172 0.000000
vt -0.143390 0.172479 0.000000
vt -0.143048 0.180445 0.000000
vt -0.142674 0.189164 0.000000
vt -0.142263 0.198749 0.000000
vt -0.142041 0.203907 0.000000
vt -0.141808 0.209334 0.000000
vt -0.141563 0.215053 0.000000
vt -0.141304 0.221086 0.000000
vt -0.141031 0.227461 0.000000
vt -0.140741 0.234208 0.000000
vt -0.140434 0.241360 0.000000
vt -0.140108 0.248955 0.000000
vt -0.139761 0.257035 0.000000
vt -0.139392 0.265649 0.000000
vt -0.138997 0.274850 0.000000
vt -0.000000 0.811542 0.000000
vt -0.041848 0.813054 0.000000
vt -0.002217 0.797313 0.000000
vt -0.004392 0.783349 0.000000
vt -0.006527 0.769641 0.000000
vt -0.008623 0.756184 0.000000
vt -0.010682 0.742970 0.000000
vt -0.012703 0.729993 0.000000
vt -0.016639 0.704724 0.000000
vt -0.020439 0.680329 0.000000
vt -0.024110 0.656764 0.000000
vt -0.027657 0.633986 0.000000
vt -0.043578 0.599547 0.000000
vt -0.031088 0.611958 0.000000
vt -0.055811 0.587358 0.000000
vt -0.083763 0.814135 0.000000
vt -0.067796 0.575386 0.000000
vt -0.079538 0.563622 0.000000
vt -0.125723 0.814784 0.000000
vt -0.080207 0.554188 0.000000
vt -0.080854 0.545059 0.000000
vt -0.081481 0.536220 0.000000
vt -0.082088 0.527657 0.000000
vt -0.082677 0.519357 0.000000
vt -0.083248 0.511309 0.000000
vt -0.084339 0.495925 0.000000
vt -0.085367 0.481419 0.000000
vt -0.117517 0.321778 0.000000
vt -0.086338 0.467720 0.000000
vt -0.111845 0.331739 0.000000
vt -0.087257 0.454762 0.000000
vt -0.088127 0.442486 0.000000
vt -0.088953 0.430840 0.000000
vt -0.105994 0.342003 0.000000
vt -0.089737 0.419777 0.000000
vt -0.090483 0.409253 0.000000
vt -0.099957 0.352584 0.000000
vt -0.091193 0.399230 0.000000
vt -0.091870 0.389674 0.000000
vt -0.092517 0.380552 0.000000
vt -0.093134 0.371835 0.000000
vt -0.093725 0.363497 0.000000
vt -0.167705 0.815000 0.000000
vt -0.128358 0.302711 0.000000
vt -0.123019 0.312107 0.000000
vt -0.167705 0.000000 0.000000
vt -0.138574 0.284702 0.000000
vt -0.133541 0.293580 0.000000
vt -0.147160 0.084502 0.000000
vt -0.146988 0.088517 0.000000
vt -0.146800 0.092912 0.000000
vt -0.146593 0.097744 0.000000
vt -0.146365 0.103082 0.000000
vt -0.146111 0.109010 0.000000
vt -0.145827 0.115631 0.000000
vt -0.145508 0.123075 0.000000
vt -0.145333 0.127156 0.000000
vt -0.145147 0.131506 0.000000
vt -0.144948 0.136155 0.000000
vt -0.144734 0.141135 0.000000
vt -0.144505 0.146480 0.000000
vt -0.144258 0.152235 0.000000
vt -0.143992 0.158446 0.000000
vt -0.143703 0.165172 0.000000
vt -0.143390 0.172479 0.000000
vt -0.143048 0.180445 0.000000
vt -0.142674 0.189164 0.000000
vt -0.142263 0.198749 0.000000
vt -0.142041 0.203907 0.000000
vt -0.141808 0.209334 0.000000
vt -0.141563 0.215053 0.000000
vt -0.141304 0.221086 0.000000
vt -0.141031 0.227461 0.000000
vt -0.140741 0.234208 0.000000
vt -0.140434 0.241360 0.000000
vt -0.140108 0.248955 0.000000
vt -0.139761 0.257035 0.000000
vt -0.139392 0.265649 0.000000
vt -0.138997 0.274850 0.000000
vt -0.000000 0.811542 0.000000
vt -0.041848 0.813054 0.000000
vt -0.002217 0.797313 0.000000
vt -0.004392 0.783349 0.000000
vt -0.006527 0.769641 0.000000
vt -0.008623 0.756184 0.000000
vt -0.010682 0.742970 0.000000
vt -0.012703 0.729993 0.000000
vt -0.016639 0.704724 0.000000
vt -0.020439 0.680329 0.000000
vt -0.024110 0.656764 0.000000
vt -0.027657 0.633986 0.000000
vt -0.043578 0.599547 0.000000
vt -0.031088 0.611958 0.000000
vt -0.055811 0.587358 0.000000
vt -0.083763 0.814135 0.000000
vt -0.067796 0.575386 0.000000
vt -0.079538 0.563622 0.000000
vt -0.125723 0.814784 0.000000
vt -0.080207 0.554188 0.000000
vt -0.080854 0.545059 0.000000
vt -0.081481 0.536220 0.000000
vt -0.082088 0.527657 0.000000
vt -0.082677 0.519357 0.000000
vt -0.083248 0.511309 0.000000
vt -0.084339 0.495925 0.000000
vt -0.085367 0.481419 0.000000
vt -0.117517 0.321778 0.000000
vt -0.086338 0.467720 0.000000
vt -0.111845 0.331739 0.000000
vt -0.087257 0.454762 0.000000
vt -0.088127 0.442486 0.000000
vt -0.088953 0.430840 0.000000
vt -0.105994 0.342003 0.000000
vt -0.089737 0.419777 0.000000
vt -0.090483 0.409253 0.000000
vt -0.099957 0.352584 0.000000
vt -0.091193 0.399230 0.000000
vt -0.091870 0.389674 0.000000
vt -0.092517 0.380552 0.000000
vt -0.093134 0.371835 0.000000
vt -0.093725 0.363497 0.000000
vt -0.167705 0.815000 0.000000
vt -0.128358 0.302711 0.000000
vt -0.123019 0.312107 0.000000
vt -0.167705 0.000000 0.000000
vt -0.138574 0.284702 0.000000
vt -0.133541 0.293580 0.000000
vt -0.147160 0.084502 0.000000
vt -0.146988 0.088517 0.000000
vt -0.146800 0.092912 0.000000
vt -0.146593 0.097744 0.000000
vt -0.146365 0.103082 0.000000
vt -0.146111 0.109010 0.000000
vt -0.145827 0.115631 0.000000
vt -0.145508 0.123075 0.000000
vt -0.145333 0.127156 0.000000
vt -0.145147 0.131506 0.000000
vt -0.144948 0.136155 0.000000
vt -0.144734 0.141135 0.000000
vt -0.144505 0.146480 0.000000
vt -0.144258 0.152235 0.000000
vt -0.143992 0.158446 0.000000
vt -0.143703 0.165172 0.000000
vt -0.143390 0.172479 0.000000
vt -0.143048 0.180445 0.000000
vt -0.142674 0.189164 0.000000
vt -0.142263 0.198749 0.000000
vt -0.142041 0.203907 0.000000
vt -0.141808 0.209334 0.000000
vt -0.141563 0.215053 0.000000
vt -0.141304 0.221086 0.000000
vt -0.141031 0.227461 0.000000
vt -0.140741 0.234208 0.000000
vt -0.140434 0.241360 0.000000
vt -0.140108 0.248955 0.000000
vt -0.139761 0.257035 0.000000
vt -0.139392 0.265649 0.000000
vt -0.138997 0.274850 0.000000
vt -0.000000 0.811542 0.000000
vt -0.041848 0.813054 0.000000
vt -0.002217 0.797313 0.000000
vt -0.004392 0.783349 0.000000
vt -0.006527 0.769641 0.000000
vt -0.008623 0.756184 0.000000
vt -0.010682 0.742970 0.000000
vt -0.012703 0.729993 0.000000
vt -0.016639 0.704724 0.000000
vt -0.020439 0.680329 0.000000
vt -0.024110 0.656764 0.000000
vt -0.027657 0.633986 0.000000
vt -0.043578 0.599547 0.000000
vt -0.031088 0.611958 0.000000
vt -0.055811 0.587358 0.000000
vt -0.083763 0.814135 0.000000
vt -0.067796 0.575386 0.000000
vt -0.079538 0.563622 0.000000
vt -0.125723 0.814784 0.000000
vt -0.080207 0.554188 0.000000
vt -0.080854 0.545059 0.000000
vt -0.081481 0.536220 0.000000
vt -0.082088 0.527657 0.000000
vt -0.082677 0.519357 0.000000
vt -0.083248 0.511309 0.000000
vt -0.084339 0.495925 0.000000
vt -0.085367 0.481419 0.000000
vt -0.117517 0.321778 0.000000
vt -0.086338 0.467720 0.000000
vt -0.111845 0.331739 0.000000
vt -0.087257 0.454762 0.000000
vt -0.088127 0.442486 0.000000
vt -0.088953 0.430840 0.000000
vt -0.105994 0.342003 0.000000
vt -0.089737 0.419777 0.000000
vt -0.090483 0.409253 0.000000
vt -0.099957 0.352584 0.000000
vt -0.091193 0.399230 0.000000
vt -0.091870 0.389674 0.000000
vt -0.092517 0.380552 0.000000
vt -0.093134 0.371835 0.000000
vt -0.093725 0.363497 0.000000
vt -0.167705 0.815000 0.000000
vt -0.128358 0.302711 0.000000
vt -0.123019 0.312107 0.000000
vt -0.167705 -0.000000 0.000000
vt -0.138574 0.284702 0.000000
vt -0.133541 0.293580 0.000000
vt -0.147160 0.084502 0.000000
vt -0.146988 0.088517 0.000000
vt -0.146800 0.092912 0.000000
vt -0.146593 0.097744 0.000000
vt -0.146365 0.103082 0.000000
vt -0.146111 0.109010 0.000000
vt -0.145827 0.115631 0.000000
vt -0.145508 0.123075 0.000000
vt -0.145333 0.127156 0.000000
vt -0.145147 0.131506 0.000000
vt -0.144948 0.136155 0.000000
vt -0.144734 0.141135 0.000000
vt -0.144505 0.146480 0.000000
vt -0.144258 0.152235 0.000000
vt -0.143992 0.158446 0.000000
vt -0.143703 0.165172 0.000000
vt -0.143390 0.172479 0.000000
vt -0.143048 0.180445 0.000000
vt -0.142674 0.189164 0.000000
vt -0.142263 0.198749 0.000000
vt -0.142041 0.203907 0.000000
vt -0.141808 0.209334 0.000000
vt -0.141563 0.215053 0.000000
vt -0.141304 0.221086 0.000000
vt -0.141031 0.227461 0.000000
vt -0.140741 0.234208 0.000000
vt -0.140434 0.241360 0.000000
vt -0.140108 0.248955 0.000000
vt -0.139761 0.257035 0.000000
vt -0.139392 0.265649 0.000000
vt -0.138997 0.274850 0.000000
vt -0.000000 0.811542 0.000000
vt -0.041848 0.813054 0.000000
vt -0.002217 0.797313 0.000000
vt -0.004392 0.783349 0.000000
vt -0.006527 0.769641 0.000000
vt -0.008623 0.756184 0.000000
vt -0.010682 0.742970 0.000000
vt -0.012703 0.729993 0.000000
vt -0.016639 0.704724 0.000000
vt -0.020439 0.680329 0.000000
vt -0.024110 0.656764 0.000000
vt -0.027657 0.633986 0.000000
vt -0.043578 0.599547 0.000000
vt -0.031088 0.611958 0.000000
vt -0.055811 0.587358 0.000000
vt -0.083763 0.814135 0.000000
vt -0.067796 0.575386 0.000000
vt -0.079538 0.563622 0.000000
vt -0.125723 0.814784 0.000000
vt -0.080207 0.554188 0.000000
vt -0.080854 0.545059 0.000000
vt -0.081481 0.536220 0.000000
vt -0.082088 0.527657 0.000000
vt -0.082677 0.519357 0.000000
vt -0.083248 0.511309 0.000000
vt -0.084339 0.495925 0.000000
vt -0.085367 0.481419 0.000000
vt -0.117517 0.321778 0.000000
vt -0.086338 0.467720 0.000000
vt -0.111845 0.331739 0.000000
vt -0.087257 0.454762 0.000000
vt -0.088127 0.442486 0.000000
vt -0.088953 0.430840 0.000000
vt -0.105994 0.342003 0.000000
vt -0.089737 0.419777 0.000000
vt -0.090483 0.409253 0.000000
vt -0.099957 0.352584 0.000000
vt -0.091193 0.399230 0.000000
vt -0.091870 0.389674 0.000000
vt -0.092517 0.380552 0.000000
vt -0.093134 0.371835 0.000000
vt -0.093725 0.363497 0.000000
vt -0.167705 0.815000 0.000000
vt -0.128358 0.302711 0.000000
vt -0.123019 0.312107 0.000000
vt -0.167705 -0.000000 0.000000
vt -0.138574 0.284702 0.000000
vt -0.133541 0.293580 0.000000
vt -0.147160 0.084502 0.000000
vt -0.146988 0.088517 0.000000
vt -0.146800 0.092912 0.000000
vt -0.146593 0.097744 0.000000
vt -0.146365 0.103082 0.000000
vt -0.146111 0.109010 0.000000
vt -0.145827 0.115631 0.000000
vt -0.145508 0.123075 0.000000
vt -0.145333 0.127156 0.000000
vt -0.145147 0.131506 0.000000
vt -0.144948 0.136155 0.000000
vt -0.144734 0.141135 0.000000
vt -0.144505 0.146480 0.000000
vt -0.144258 0.152235 0.000000
vt -0.143992 0.158446 0.000000
vt -0.143703 0.165172 0.000000
vt -0.143390 0.172479 0.000000
vt -0.143048 0.180445 0.000000
vt -0.142674 0.189164 0.000000
vt -0.142263 0.198749 0.000000
vt -0.142041 0.203907 0.000000
vt -0.141808 0.209334 0.000000
vt -0.141563 0.215053 0.000000
vt -0.141304 0.221086 0.000000
vt -0.141031 0.227461 0.000000
vt -0.140741 0.234208 0.000000
vt -0.140434 0.241360 0.000000
vt -0.140108 0.248955 0.000000
vt -0.139761 0.257035 0.000000
vt -0.139392 0.265649 0.000000
vt -0.138997 0.274850 0.000000
vt -0.000000 0.811542 0.000000
vt -0.041848 0.813054 0.000000
vt -0.002217 0.797313 0.000000
vt -0.004392 0.783349 0.000000
vt -0.006527 0.769641 0.000000
vt -0.008623 0.756184 0.000000
vt -0.010682 0.742970 0.000000
vt -0.012703 0.729993 0.000000
vt -0.016639 0.704724 0.000000
vt -0.020439 0.680329 0.000000
vt -0.024110 0.656764 0.000000
vt -0.027657 0.633986 0.000000
vt -0.043578 0.599547 0.000000
vt -0.031088 0.611958 0.000000
vt -0.055811 0.587358 0.000000
vt -0.083763 0.814135 0.000000
vt -0.067796 0.575386 0.000000
vt -0.079538 0.563622 0.000000
vt -0.125723 0.814784 0.000000
vt -0.080207 0.554188 0.000000
vt -0.080854 0.545059 0.000000
vt -0.081481 0.536220 0.000000
vt -0.082088 0.527657 0.000000
vt -0.082677 0.519357 0.000000
vt -0.083248 0.511309 0.000000
vt -0.084339 0.495925 0.000000
vt -0.085367 0.481419 0.000000
vt -0.117517 0.321778 0.000000
vt -0.086338 0.467720 0.000000
vt -0.111845 0.331739 0.000000
vt -0.087257 0.454762 0.000000
vt -0.088127 0.442486 0.000000
vt -0.088953 0.430840 0.000000
vt -0.105994 0.342003 0.000000
vt -0.089737 0.419777 0.000000
vt -0.090483 0.409253 0.000000
vt -0.099957 0.352584 0.000000
vt -0.091193 0.399230 0.000000
vt -0.091870 0.389674 0.000000
vt -0.092517 0.380552 0.000000
vt -0.093134 0.371835 0.000000
vt -0.093725 0.363497 0.000000
vt -0.167705 0.815000 0.000000
vt -0.128358 0.302711 0.000000
vt -0.123019 0.312107 0.000000
vt -0.167705 0.000000 0.000000
vt -0.138574 0.284702 0.000000
vt -0.133541 0.293580 0.000000
vt -0.147160 0.084502 0.000000
vt -0.146988 0.088517 0.000000
vt -0.146800 0.092912 0.000000
vt -0.146593 0.097744 0.000000
vt -0.146365 0.103082 0.000000
vt -0.146111 0.109010 0.000000
vt -0.145827 0.115631 0.000000
vt -0.145508 0.123075 0.000000
vt -0.145333 0.127156 0.000000
vt -0.145147 0.131506 0.000000
vt -0.144948 0.136155 0.000000
vt -0.144734 0.141135 0.000000
vt -0.144505 0.146480 0.000000
vt -0.144258 0.152235 0.000000
vt -0.143992 0.158446 0.000000
vt -0.143703 0.165172 0.000000
vt -0.143390 0.172479 0.000000
vt -0.143048 0.180445 0.000000
vt -0.142674 0.189164 0.000000
vt -0.142263 0.198749 0.000000
vt -0.142041 0.203907 0.000000
vt -0.141808 0.209334 0.000000
vt -0.141563 0.215053 0.000000
vt -0.141304 0.221086 0.000000
vt -0.141031 0.227461 0.000000
vt -0.140741 0.234208 0.000000
vt -0.140434 0.241360 0.000000
vt -0.140108 0.248955 0.000000
vt -0.139761 0.257035 0.000000
vt -0.139392 0.265649 0.000000
vt -0.138997 0.274850 0.000000
vt -0.000000 0.811542 0.000000
vt -0.041848 0.813054 0.000000
vt -0.002217 0.797313 0.000000
vt -0.004392 0.783349 0.000000
vt -0.006527 0.769641 0.000000
vt -0.008623 0.756184 0.000000
vt -0.010682 0.742970 0.000000
vt -0.012703 0.729993 0.000000
vt -0.016639 0.704724 0.000000
vt -0.020439 0.680329 0.000000
vt -0.024110 0.656764 0.000000
vt -0.027657 0.633986 0.000000
vt -0.043578 0.599547 0.000000
vt -0.031088 0.611958 0.000000
vt -0.055811 0.587358 0.000000
vt -0.083763 0.814135 0.000000
vt -0.067796 0.575386 0.000000
vt -0.079538 0.563622 0.000000
vt -0.125723 0.814784 0.000000
vt -0.080207 0.554188 0.000000
vt -0.080854 0.545059 0.000000
vt -0.081481 0.536220 0.000000
vt -0.082088 0.527657 0.000000
vt -0.082677 0.519357 0.000000
vt -0.083248 0.511309 0.000000
vt -0.084339 0.495925 0.000000
vt -0.085367 0.481419 0.000000
vt -0.117517 0.321778 0.000000
vt -0.086338 0.467720 0.000000
vt -0.111845 0.331739 0.000000
vt -0.087257 0.454762 0.000000
vt -0.088127 0.442486 0.000000
vt -0.088953 0.430840 0.000000
vt -0.105994 0.342003 0.000000
vt -0.089737 0.419777 0.000000
vt -0.090483 0.409253 0.000000
vt -0.099957 0.352584 0.000000
vt -0.091193 0.399230 0.000000
vt -0.091870 0.389674 0.000000
vt -0.092517 0.380552 0.000000
vt -0.093134 0.371835 0.000000
vt -0.093725 0.363497 0.000000
vt -0.167705 0.815000 0.000000
vt -0.128358 0.302711 0.000000
vt -0.123019 0.312107 0.000000
vt -0.167705 0.000000 0.000000
vt -0.138574 0.284702 0.000000
vt -0.133541 0.293580 0.000000
vt -0.147160 0.084502 0.000000
vt -0.146988 0.088517 0.000000
vt -0.146800 0.092912 0.000000
vt -0.146593 0.097744 0.000000
vt -0.146365 0.103082 0.000000
vt -0.146111 0.109010 0.000000
vt -0.145827 0.115631 0.000000
vt -0.145508 0.123075 0.000000
vt -0.145333 0.127156 0.000000
vt -0.145147 0.131506 0.000000
vt -0.144948 0.136155 0.000000
vt -0.144734 0.141135 0.000000
vt -0.144505 0.146480 0.000000
vt -0.144258 0.152235 0.000000
vt -0.143992 0.158446 0.000000
vt -0.143703 0.165172 0.000000
vt -0.143390 0.172479 0.000000
vt -0.143048 0.180445 0.000000
vt -0.142674 0.189164 0.000000
vt -0.142263 0.198749 0.000000
vt -0.142041 0.203907 0.000000
vt -0.141808 0.209334 0.000000
vt -0.141563 0.215053 0.000000
vt -0.141304 0.221086 0.000000
vt -0.141031 0.227461 0.000000
vt -0.140741 0.234208 0.000000
vt -0.140434 0.241360 0.000000
vt -0.140108 0.248955 0.000000
vt -0.139761 0.257035 0.000000
vt -0.139392 0.265649 0.000000
vt -0.138997 0.274850 0.000000
vt -0.000000 0.811542 0.000000
vt -0.041848 0.813054 0.000000
vt -0.002217 0.797313 0.000000
vt -0.004392 0.783349 0.000000
vt -0.006527 0.769641 0.000000
vt -0.008623 0.756184 0.000000
vt -0.010682 0.742970 0.000000
vt -0.012703 0.729993 0.000000
vt -0.016639 0.704724 0.000000
vt -0.020439 0.680329 0.000000
vt -0.024110 0.656764 0.000000
vt -0.027657 0.633986 0.000000
vt -0.043578 0.599547 0.000000
vt -0.031088 0.611958 0.000000
vt -0.055811 0.587358 0.000000
vt -0.083763 0.814135 0.000000
vt -0.067796 0.575386 0.000000
vt -0.079538 0.563622 0.000000
vt -0.125723 0.814784 0.000000
vt -0.080207 0.554188 0.000000
vt -0.080854 0.545059 0.000000
vt -0.081481 0.536220 0.000000
vt -0.082088 0.527657 0.000000
vt -0.082677 0.519357 0.000000
vt -0.083248 0.511309 0.000000
vt -0.084339 0.495925 0.000000
vt -0.085367 0.481419 0.000000
vt -0.117517 0.321778 0.000000
vt -0.086338 0.467720 0.000000
vt -0.111845 0.331739 0.000000
vt -0.087257 0.454762 0.000000
vt -0.088127 0.442486 0.000000
vt -0.088953 0.430840 0.000000
vt -0.105994 0.342003 0.000000
vt -0.089737 0.419777 0.000000
vt -0.090483 0.409253 0.000000
vt -0.099957 0.352584 0.000000
vt -0.091193 0.399230 0.000000
vt -0.091870 0.389674 0.000000
vt -0.092517 0.380552 0.000000
vt -0.093134 0.371835 0.000000
vt -0.093725 0.363497 0.000000
vt -0.167705 0.815000 0.000000
vt -0.128358 0.302711 0.000000
vt -0.123019 0.312107 0.000000
vt -0.167705 -0.000000 0.000000
vt -0.138574 0.284702 0.000000
vt -0.133541 0.293580 0.000000
vt -0.147160 0.084502 0.000000
vt -0.146988 0.088517 0.000000
vt -0.146800 0.092912 0.000000
vt -0.146593 0.097744 0.000000
vt -0.146365 0.103082 0.000000
vt -0.146111 0.109010 0.000000
vt -0.145827 0.115631 0.000000
vt -0.145508 0.123075 0.000000
vt -0.145333 0.127156 0.000000
vt -0.145147 0.131506 0.000000
vt -0.144948 0.136155 0.000000
vt -0.144734 0.141135 0.000000
vt -0.144505 0.146480 0.000000
vt -0.144258 0.152235 0.000000
vt -0.143992 0.158446 0.000000
vt -0.143703 0.165172 0.000000
vt -0.143390 0.172479 0.000000
vt -0.143048 0.180445 0.000000
vt -0.142674 0.189164 0.000000
vt -0.142263 0.198749 0.000000
vt -0.142041 0.203907 0.000000
vt -0.141808 0.209334 0.000000
vt -0.141563 0.215053 0.000000
vt -0.141304 0.221086 0.000000
vt -0.141031 0.227461 0.000000
vt -0.140741 0.234208 0.000000
vt -0.140434 0.241360 0.000000
vt -0.140108 0.248955 0.000000
vt -0.139761 0.257035 0.000000
vt -0.139392 0.265649 0.000000
vt -0.138997 0.274850 0.000000
vt -0.000000 0.811542 0.000000
vt -0.041848 0.813054 0.000000
vt -0.002217 0.797313 0.000000
vt -0.004392 0.783349 0.000000
vt -0.006527 0.769641 0.000000
vt -0.008623 0.756184 0.000000
vt -0.010682 0.742970 0.000000
vt -0.012703 0.729993 0.000000
vt -0.016639 0.704724 0.000000
vt -0.020439 0.680329 0.000000
vt -0.024110 0.656764 0.000000
vt -0.027657 0.633986 0.000000
vt -0.043578 0.599547 0.000000
vt -0.031088 0.611958 0.000000
vt -0.055811 0.587358 0.000000
vt -0.083763 0.814135 0.000000
vt -0.067796 0.575386 0.000000
vt -0.079538 0.563622 0.000000
vt -0.125723 0.814784 0.000000
vt -0.080207 0.554188 0.000000
vt -0.080854 0.545059 0.000000
vt -0.081481 0.536220 0.000000
vt -0.082088 0.527657 0.000000
vt -0.082677 0.519357 0.000000
vt -0.083248 0.511309 0.000000
vt -0.084339 0.495925 0.000000
vt -0.085367 0.481419 0.000000
vt -0.117517 0.321778 0.000000
vt -0.086338 0.467720 0.000000
vt -0.111845 0.331739 0.000000
vt -0.087257 0.454762 0.000000
vt -0.088127 0.442486 0.000000
vt -0.088953 0.430840 0.000000
vt -0.105994 0.342003 0.000000
vt -0.089737 0.419777 0.000000
vt -0.090483 0.409253 0.000000
vt -0.099957 0.352584 0.000000
vt -0.091193 0.399230 0.000000
vt -0.091870 0.389674 0.000000
vt -0.092517 0.380552 0.000000
vt -0.093134 0.371835 0.000000
vt -0.093725 0.363497 0.000000
vt -0.167705 0.815000 0.000000
vt -0.128358 0.302711 0.000000
vt -0.123019 0.312107 0.000000
vt -0.167705 -0.000000 0.000000
vt -0.138574 0.284702 0.000000
vt -0.133541 0.293580 0.000000
vt -0.147160 0.084502 0.000000
vt -0.146988 0.088517 0.000000
vt -0.146800 0.092912 0.000000
vt -0.146593 0.097744 0.000000
vt -0.146365 0.103082 0.000000
vt -0.146111 0.109010 0.000000
vt -0.145827 0.115631 0.000000
vt -0.145508 0.123075 0.000000
vt -0.145333 0.127156 0.000000
vt -0.145147 0.131506 0.000000
vt -0.144948 0.136155 0.000000
vt -0.144734 0.141135 0.000000
vt -0.144505 0.146480 0.000000
vt -0.144258 0.152235 0.000000
vt -0.143992 0.158446 0.000000
vt -0.143703 0.165172 0.000000
vt -0.143390 0.172479 0.000000
vt -0.143048 0.180445 0.000000
vt -0.142674 0.189164 0.000000
vt -0.142263 0.198749 0.000000
vt -0.142041 0.203907 0.000000
vt -0.141808 0.209334 0.000000
vt -0.141563 0.215053 0.000000
vt -0.141304 0.221086 0.000000
vt -0.141031 0.227461 0.000000
vt -0.140741 0.234208 0.000000
vt -0.140434 0.241360 0.000000
vt -0.140108 0.248955 0.000000
vt -0.139761 0.257035 0.000000
vt -0.139392 0.265649 0.000000
vt -0.138997 0.274850 0.000000
vt -0.000000 0.811542 0.000000
vt -0.041848 0.813054 0.000000
vt -0.002217 0.797313 0.000000
vt -0.004392 0.783349 0.000000
vt -0.006527 0.769641 0.000000
vt -0.008623 0.756184 0.000000
vt -0.010682 0.742970 0.000000
vt -0.012703 0.729993 0.000000
vt -0.016639 0.704724 0.000000
vt -0.020439 0.680329 0.000000
vt -0.024110 0.656764 0.000000
vt -0.027657 0.633986 0.000000
vt -0.043578 0.599547 0.000000
vt -0.031088 0.611958 0.000000
vt -0.055811 0.587358 0.000000
vt -0.083763 0.814135 0.000000
vt -0.067796 0.575386 0.000000
vt -0.079538 0.563622 0.000000
vt -0.125723 0.814784 0.000000
vt -0.080207 0.554188 0.000000
vt -0.080854 0.545059 0.000000
vt -0.081481 0.536220 0.000000
vt -0.082088 0.527657 0.000000
vt -0.082677 0.519357 0.000000
vt -0.083248 0.511309 0.000000
vt -0.084339 0.495925 0.000000
vt -0.085367 0.481419 0.000000
vt -0.117517 0.321778 0.000000
vt -0.086338 0.467720 0.000000
vt -0.111845 0.331739 0.000000
vt -0.087257 0.454762 0.000000
vt -0.088127 0.442486 0.000000
vt -0.088953 0.430840 0.000000
vt -0.105994 0.342003 0.000000
vt -0.089737 0.419777 0.000000
vt -0.090483 0.409253 0.000000
vt -0.099957 0.352584 0.000000
vt -0.091193 0.399230 0.000000
vt -0.091870 0.389674 0.000000
vt -0.092517 0.380552 0.000000
vt -0.093134 0.371835 0.000000
vt -0.093725 0.363497 0.000000
vt -0.167705 0.815000 0.000000
vt -0.128358 0.302711 0.000000
vt -0.123019 0.312107 0.000000
vt -0.167705 0.000000 0.000000
vt -0.138574 0.284702 0.000000
vt -0.133541 0.293580 0.000000
vt -0.147160 0.084502 0.000000
vt -0.146988 0.088517 0.000000
vt -0.146800 0.092912 0.000000
vt -0.146593 0.097744 0.000000
vt -0.146365 0.103082 0.000000
vt -0.146111 0.109010 0.000000
vt -0.145827 0.115631 0.000000
vt -0.145508 0.123075 0.000000
vt -0.145333 0.127156 0.000000
vt -0.145147 0.131506 0.000000
vt -0.144948 0.136155 0.000000
vt -0.144734 0.141135 0.000000
vt -0.144505 0.146480 0.000000
vt -0.144258 0.152235 0.000000
vt -0.143992 0.158446 0.000000
vt -0.143703 0.165172 0.000000
vt -0.143390 0.172479 0.000000
vt -0.143048 0.180445 0.000000
vt -0.142674 0.189164 0.000000
vt -0.142263 0.198749 0.000000
vt -0.142041 0.203907 0.000000
vt -0.141808 0.209334 0.000000
vt -0.141563 0.215053 0.000000
vt -0.141304 0.221086 0.000000
vt -0.141031 0.227461 0.000000
vt -0.140741 0.234208 0.000000
vt -0.140434 0.241360 0.000000
vt -0.140108 0.248955 0.000000
vt -0.139761 0.257035 0.000000
vt -0.139392 0.265649 0.000000
vt -0.138997 0.274850 0.000000
vt -0.000000 0.811542 0.000000
vt -0.041848 0.813054 0.000000
vt -0.002217 0.797313 0.000000
vt -0.004392 0.783349 0.000000
vt -0.006527 0.769641 0.000000
vt -0.008623 0.756184 0.000000
vt -0.010682 0.742970 0.000000
vt -0.012703 0.729993 0.000000
vt -0.016639 0.704724 0.000000
vt -0.020439 0.680329 0.000000
vt -0.024110 0.656764 0.000000
vt -0.027657 0.633986 0.000000
vt -0.043578 0.599547 0.000000
vt -0.031088 0.611958 0.000000
vt -0.055811 0.587358 0.000000
vt -0.083763 0.814135 0.000000
vt -0.067796 0.575386 0.000000
vt -0.079538 0.563622 0.000000
vt -0.125723 0.814784 0.000000
vt -0.080207 0.554188 0.000000
vt -0.080854 0.545059 0.000000
vt -0.081481 0.536220 0.000000
vt -0.082088 0.527657 0.000000
vt -0.082677 0.519357 0.000000
vt -0.083248 0.511309 0.000000
vt -0.084339 0.495925 0.000000
vt -0.085367 0.481419 0.000000
vt -0.117517 0.321778 0.000000
vt -0.086338 0.467720 0.000000
vt -0.111845 0.331739 0.000000
vt -0.087257 0.454762 0.000000
vt -0.088127 0.442486 0.000000
vt -0.088953 0.430840 0.000000
vt -0.105994 0.342003 0.000000
vt -0.089737 0.419777 0.000000
vt -0.090483 0.409253 0.000000
vt -0.099957 0.352584 0.000000
vt -0.091193 0.399230 0.000000
vt -0.091870 0.389674 0.000000
vt -0.092517 0.380552 0.000000
vt -0.093134 0.371835 0.000000
vt -0.093725 0.363497 0.000000
vt -0.167705 0.815000 0.000000
vt -0.128358 0.302711 0.000000
vt -0.123019 0.312107 0.000000
vt -0.167705 -0.000000 0.000000
vt -0.138574 0.284702 0.000000
vt -0.133541 0.293580 0.000000
vt -0.147160 0.084502 0.000000
vt -0.146988 0.088517 0.000000
vt -0.146800 0.092912 0.000000
vt -0.146593 0.097744 0.000000
vt -0.146365 0.103082 0.000000
vt -0.146111 0.109010 0.000000
vt -0.145827 0.115631 0.000000
vt -0.145508 0.123075 0.000000
vt -0.145333 0.127156 0.000000
vt -0.145147 0.131506 0.000000
vt -0.144948 0.136155 0.000000
vt -0.144734 0.141135 0.000000
vt -0.144505 0.146480 0.000000
vt -0.144258 0.152235 0.000000
vt -0.143992 0.158446 0.000000
vt -0.143703 0.165172 0.000000
vt -0.143390 0.172479 0.000000
vt -0.143048 0.180445 0.000000
vt -0.142674 0.189164 0.000000
vt -0.142263 0.198749 0.000000
vt -0.142041 0.203907 0.000000
vt -0.141808 0.209334 0.000000
vt -0.141563 0.215053 0.000000
vt -0.141304 0.221086 0.000000
vt -0.141031 0.227461 0.000000
vt -0.140741 0.234208 0.000000
vt -0.140434 0.241360 0.000000
vt -0.140108 0.248955 0.000000
vt -0.139761 0.257035 0.000000
vt -0.139392 0.265649 0.000000
vt -0.138997 0.274850 0.000000
vt -0.000000 0.811542 0.000000
vt -0.041848 0.813054 0.000000
vt -0.002217 0.797313 0.000000
vt -0.004392 0.783349 0.000000
vt -0.006527 0.769641 0.000000
vt -0.008623 0.756184 0.000000
vt -0.010682 0.742970 0.000000
vt -0.012703 0.729993 0.000000
vt -0.016639 0.704724 0.000000
vt -0.020439 0.680329 0.000000
vt -0.024110 0.656764 0.000000
vt -0.027657 0.633986 0.000000
vt -0.043578 0.599547 0.000000
vt -0.031088 0.611958 0.000000
vt -0.055811 0.587358 0.000000
vt -0.083763 0.814135 0.000000
vt -0.067796 0.575386 0.000000
vt -0.079538 0.563622 0.000000
vt -0.125723 0.814784 0.000000
vt -0.080207 0.554188 0.000000
vt -0.080854 0.545059 0.000000
vt -0.081481 0.536220 0.000000
vt -0.082088 0.527657 0.000000
vt -0.082677 0.519357 0.000000
vt -0.083248 0.511309 0.000000
vt -0.084339 0.495925 0.000000
vt -0.085367 0.481419 0.000000
vt -0.117517 0.321778 0.000000
vt -0.086338 0.467720 0.000000
vt -0.111845 0.331739 0.000000
vt -0.087257 0.454762 0.000000
vt -0.088127 0.442486 0.000000
vt -0.088953 0.430840 0.000000
vt -0.105994 0.342003 0.000000
vt -0.089737 0.419777 0.000000
vt -0.090483 0.409253 0.000000
vt -0.099957 0.352584 0.000000
vt -0.091193 0.399230 0.000000
vt -0.091870 0.389674 0.000000
vt -0.092517 0.380552 0.000000
vt -0.093134 0.371835 0.000000
vt -0.093725 0.363497 0.000000
vt -0.167705 0.815000 0.000000
vt -0.128358 0.302711 0.000000
vt -0.123019 0.312107 0.000000
vt -0.167705 0.000000 0.000000
vt -0.138574 0.284702 0.000000
vt -0.133541 0.293580 0.000000
vt -0.147160 0.084502 0.000000
vt -0.146988 0.088517 0.000000
vt -0.146800 0.092912 0.000000
vt -0.146593 0.097744 0.000000
vt -0.146365 0.103082 0.000000
vt -0.146111 0.109010 0.000000
vt -0.145827 0.115631 0.000000
vt -0.145508 0.123075 0.000000
vt -0.145333 0.127156 0.000000
vt -0.145147 0.131506 0.000000
vt -0.144948 0.136155 0.000000
vt -0.144734 0.141135 0.000000
vt -0.144505 0.146480 0.000000
vt -0.144258 0.152235 0.000000
vt -0.143992 0.158446 0.000000
vt -0.143703 0.165172 0.000000
vt -0.143390 0.172479 0.000000
vt -0.143048 0.180445 0.000000
vt -0.142674 0.189164 0.000000
vt -0.142263 0.198749 0.000000
vt -0.142041 0.203907 0.000000
vt -0.141808 0.209334 0.000000
vt -0.141563 0.215053 0.000000
vt -0.141304 0.221086 0.000000
vt -0.141031 0.227461 0.000000
vt -0.140741 0.234208 0.000000
vt -0.140434 0.241360 0.000000
vt -0.140108 0.248955 0.000000
vt -0.139761 0.257035 0.000000
vt -0.139392 0.265649 0.000000
vt -0.138997 0.274850 0.000000
vt -0.000000 0.811542 0.000000
vt -0.041848 0.813054 0.000000
vt -0.002217 0.797313 0.000000
vt -0.004392 0.783349 0.000000
vt -0.006527 0.769641 0.000000
vt -0.008623 0.756184 0.000000
vt -0.010682 0.742970 0.000000
vt -0.012703 0.729993 0.000000
vt -0.016639 0.704724 0.000000
vt -0.020439 0.680329 0.000000
vt -0.024110 0.656764 0.000000
vt -0.027657 0.633986 0.000000
vt -0.043578 0.599547 0.000000
vt -0.031088 0.611958 0.000000
vt -0.055811 0.587358 0.000000
vt -0.083763 0.814135 0.000000
vt -0.067796 0.575386 0.000000
vt -0.079538 0.563622 0.000000
vt -0.125723 0.814784 0.000000
vt -0.080207 0.554188 0.000000
vt -0.080854 0.545059 0.000000
vt -0.081481 0.536220 0.000000
vt -0.082088 0.527657 0.000000
vt -0.082677 0.519357 0.000000
vt -0.083248 0.511309 0.000000
vt -0.084339 0.495925 0.000000
vt -0.085367 0.481419 0.000000
vt -0.117517 0.321778 0.000000
vt -0.086338 0.467720 0.000000
vt -0.111845 0.331739 0.000000
vt -0.087257 0.454762 0.000000
vt -0.088127 0.442486 0.000000
vt -0.088953 0.430840 0.000000
vt -0.105994 0.342003 0.000000
vt -0.089737 0.419777 0.000000
vt -0.090483 0.409253 0.000000
vt -0.099957 0.352584 0.000000
vt -0.091193 0.399230 0.000000
vt -0.091870 0.389674 0.000000
vt -0.092517 0.380552 0.000000
vt -0.093134 0.371835 0.000000
vt -0.093725 0.363497 0.000000
vt -0.167705 0.815000 0.000000
vt -0.128358 0.302711 0.000000
vt -0.123019 0.312107 0.000000
vt -0.167705 -0.000000 0.000000
vt -0.138574 0.284702 0.000000
vt -0.133541 0.293580 0.000000
vt -0.147160 0.084502 0.000000
vt -0.146988 0.088517 0.000000
vt -0.146800 0.092912 0.000000
vt -0.146593 0.097744 0.000000
vt -0.146365 0.103082 0.000000
vt -0.146111 0.109010 0.000000
vt -0.145827 0.115631 0.000000
vt -0.145508 0.123075 0.000000
vt -0.145333 0.127156 0.000000
vt -0.145147 0.131506 0.000000
vt -0.144948 0.136155 0.000000
vt -0.144734 0.141135 0.000000
vt -0.144505 0.146480 0.000000
vt -0.144258 0.152235 0.000000
vt -0.143992 0.158446 0.000000
vt -0.143703 0.165172 0.000000
vt -0.143390 0.172479 0.000000
vt -0.143048 0.180445 0.000000
vt -0.142674 0.189164 0.000000
vt -0.142263 0.198749 0.000000
vt -0.142041 0.203907 0.000000
vt -0.141808 0.209334 0.000000
vt -0.141563 0.215053 0.000000
vt -0.141304 0.221086 0.000000
vt -0.141031 0.227461 0.000000
vt -0.140741 0.234208 0.000000
vt -0.140434 0.241360 0.000000
vt -0.140108 0.248955 0.000000
vt -0.139761 0.257035 0.000000
vt -0.139392 0.265649 0.000000
vt -0.138997 0.274850 0.000000
vt -0.000000 0.811542 0.000000
vt -0.041848 0.813054 0.000000
vt -0.002217 0.797313 0.000000
vt -0.004392 0.783349 0.000000
vt -0.006527 0.769641 0.000000
vt -0.008623 0.756184 0.000000
vt -0.010682 0.742970 0.000000
vt -0.012703 0.729993 0.000000
vt -0.016639 0.704724 0.000000
vt -0.020439 0.680329 0.000000
vt -0.024110 0.656764 0.000000
vt -0.027657 0.633986 0.000000
vt -0.043578 0.599547 0.000000
vt -0.031088 0.611958 0.000000
vt -0.055811 0.587358 0.000000
vt -0.083763 0.814135 0.000000
vt -0.067796 0.575386 0.000000
vt -0.079538 0.563622 0.000000
vt -0.125723 0.814784 0.000000
vt -0.080207 0.554188 0.000000
vt -0.080854 0.545059 0.000000
vt -0.081481 0.536220 0.000000
vt -0.082088 0.527657 0.000000
vt -0.082677 0.519357 0.000000
vt -0.083248 0.511309 0.000000
vt -0.084339 0.495925 0.000000
vt -0.085367 0.481419 0.000000
vt -0.117517 0.321778 0.000000
vt -0.086338 0.467720 0.000000
vt -0.111845 0.331739 0.000000
vt -0.087257 0.454762 0.000000
vt -0.088127 0.442486 0.000000
vt -0.088953 0.430840 0.000000
vt -0.105994 0.342003 0.000000
vt -0.089737 0.419777 0.000000
vt -0.090483 0.409253 0.000000
vt -0.099957 0.352584 0.000000
vt -0.091193 0.399230 0.000000
vt -0.091870 0.389674 0.000000
vt -0.092517 0.380552 0.000000
vt -0.093134 0.371835 0.000000
vt -0.093725 0.363497 0.000000
vt -0.167705 0.815000 0.000000
vt -0.128358 0.302711 0.000000
vt -0.123019 0.312107 0.000000
vt -0.167705 -0.000000 0.000000
vt -0.138574 0.284702 0.000000
vt -0.133541 0.293580 0.000000
vt -0.147160 0.084502 0.000000
vt -0.146988 0.088517 0.000000
vt -0.146800 0.092912 0.000000
vt -0.146593 0.097744 0.000000
vt -0.146365 0.103082 0.000000
vt -0.146111 0.109010 0.000000
vt -0.145827 0.115631 0.000000
vt -0.145508 0.123075 0.000000
vt -0.145333 0.127156 0.000000
vt -0.145147 0.131506 0.000000
vt -0.144948 0.136155 0.000000
vt -0.144734 0.141135 0.000000
vt -0.144505 0.146480 0.000000
vt -0.144258 0.152235 0.000000
vt -0.143992 0.158446 0.000000
vt -0.143703 0.165172 0.000000
vt -0.143390 0.172479 0.000000
vt -0.143048 0.180445 0.000000
vt -0.142674 0.189164 0.000000
vt -0.142263 0.198749 0.000000
vt -0.142041 0.203907 0.000000
vt -0.141808 0.209334 0.000000
vt -0.141563 0.215053 0.000000
vt -0.141304 0.221086 0.000000
vt -0.141031 0.227461 0.000000
vt -0.140741 0.234208 0.000000
vt -0.140434 0.241360 0.000000
vt -0.140108 0.248955 0.000000
vt -0.139761 0.257035 0.000000
vt -0.139392 0.265649 0.000000
vt -0.138997 0.274850 0.000000
vt -0.041982 0.814784 0.000000
vt -0.039347 0.302711 0.000000
vt -0.000000 0.815000 0.000000
vt -0.034164 0.293580 0.000000
vt -0.029131 0.284702 0.000000
vt -0.083942 0.814135 0.000000
vt -0.088167 0.563622 0.000000
vt -0.087498 0.554188 0.000000
vt -0.086851 0.545059 0.000000
vt -0.125857 0.813054 0.000000
vt -0.111894 0.587358 0.000000
vt -0.099909 0.575386 0.000000
vt -0.167705 0.811542 0.000000
vt -0.165489 0.797313 0.000000
vt -0.163313 0.783349 0.000000
vt -0.161178 0.769641 0.000000
vt -0.159082 0.756184 0.000000
vt -0.157023 0.742970 0.000000
vt -0.155002 0.729993 0.000000
vt -0.151066 0.704724 0.000000
vt -0.147266 0.680329 0.000000
vt -0.143595 0.656764 0.000000
vt -0.140048 0.633986 0.000000
vt -0.124127 0.599547 0.000000
vt -0.136617 0.611958 0.000000
vt -0.086224 0.536220 0.000000
vt -0.085617 0.527657 0.000000
vt -0.085028 0.519357 0.000000
vt -0.084457 0.511309 0.000000
vt -0.083367 0.495925 0.000000
vt -0.082338 0.481419 0.000000
vt -0.050188 0.321778 0.000000
vt -0.081367 0.467720 0.000000
vt -0.055860 0.331739 0.000000
vt -0.080448 0.454762 0.000000
vt -0.079578 0.442486 0.000000
vt -0.078752 0.430840 0.000000
vt -0.061711 0.342003 0.000000
vt -0.077968 0.419777 0.000000
vt -0.077222 0.409253 0.000000
vt -0.067748 0.352584 0.000000
vt -0.076512 0.399230 0.000000
vt -0.075835 0.389674 0.000000
vt -0.075188 0.380552 0.000000
vt -0.074571 0.371835 0.000000
vt -0.073980 0.363497 0.000000
vt -0.044686 0.312107 0.000000
vt 0.000000 0.000000 0.000000
vt -0.028708 0.274850 0.000000
vt -0.028314 0.265649 0.000000
vt -0.027944 0.257035 0.000000
vt -0.027597 0.248955 0.000000
vt -0.027271 0.241360 0.000000
vt -0.026964 0.234208 0.000000
vt -0.026675 0.227461 0.000000
vt -0.026401 0.221086 0.000000
vt -0.026142 0.215053 0.000000
vt -0.025897 0.209334 0.000000
vt -0.025664 0.203907 0.000000
vt -0.025442 0.198749 0.000000
vt -0.025031 0.189164 0.000000
vt -0.024657 0.180445 0.000000
vt -0.024315 0.172479 0.000000
vt -0.024002 0.165172 0.000000
vt -0.023713 0.158446 0.000000
vt -0.023447 0.152235 0.000000
vt -0.023200 0.146480 0.000000
vt -0.022971 0.141135 0.000000
vt -0.022758 0.136155 0.000000
vt -0.022558 0.131506 0.000000
vt -0.022372 0.127156 0.000000
vt -0.022197 0.123075 0.000000
vt -0.021878 0.115631 0.000000
vt -0.021594 0.109010 0.000000
vt -0.021340 0.103082 0.000000
vt -0.021112 0.097744 0.000000
vt -0.020905 0.092912 0.000000
vt -0.020717 0.088517 0.000000
vt -0.020545 0.084502 0.000000
vt -0.041982 0.814784 0.000000
vt -0.039347 0.302711 0.000000
vt -0.000000 0.815000 0.000000
vt -0.034164 0.293580 0.000000
vt -0.029131 0.284702 0.000000
vt -0.083942 0.814135 0.000000
vt -0.088167 0.563622 0.000000
vt -0.087498 0.554188 0.000000
vt -0.086851 0.545059 0.000000
vt -0.125857 0.813054 0.000000
vt -0.111894 0.587358 0.000000
vt -0.099909 0.575386 0.000000
vt -0.167705 0.811542 0.000000
vt -0.165489 0.797313 0.000000
vt -0.163313 0.783349 0.000000
vt -0.161178 0.769641 0.000000
vt -0.159082 0.756184 0.000000
vt -0.157023 0.742970 0.000000
vt -0.155002 0.729993 0.000000
vt -0.151066 0.704724 0.000000
vt -0.147266 0.680329 0.000000
vt -0.143595 0.656764 0.000000
vt -0.140048 0.633986 0.000000
vt -0.124127 0.599547 0.000000
vt -0.136617 0.611958 0.000000
vt -0.086224 0.536220 0.000000
vt -0.085617 0.527657 0.000000
vt -0.085028 0.519357 0.000000
vt -0.084457 0.511309 0.000000
vt -0.083367 0.495925 0.000000
vt -0.082338 0.481419 0.000000
vt -0.050188 0.321778 0.000000
vt -0.081367 0.467720 0.000000
vt -0.055860 0.331739 0.000000
vt -0.080448 0.454762 0.000000
vt -0.079578 0.442486 0.000000
vt -0.078752 0.430840 0.000000
vt -0.061711 0.342003 0.000000
vt -0.077968 0.419777 0.000000
vt -0.077222 0.409253 0.000000
vt -0.067748 0.352584 0.000000
vt -0.076512 0.399230 0.000000
vt -0.075835 0.389674 0.000000
vt -0.075188 0.380552 0.000000
vt -0.074571 0.371835 0.000000
vt -0.073980 0.363497 0.000000
vt -0.044686 0.312107 0.000000
vt 0.000000 -0.000000 0.000000
vt -0.028708 0.274850 0.000000
vt -0.028314 0.265649 0.000000
vt -0.027944 0.257035 0.000000
vt -0.027597 0.248955 0.000000
vt -0.027271 0.241360 0.000000
vt -0.026964 0.234208 0.000000
vt -0.026675 0.227461 0.000000
vt -0.026401 0.221086 0.000000
vt -0.026142 0.215053 0.000000
vt -0.025897 0.209334 0.000000
vt -0.025664 0.203907 0.000000
vt -0.025442 0.198749 0.000000
vt -0.025031 0.189164 0.000000
vt -0.024657 0.180445 0.000000
vt -0.024315 0.172479 0.000000
vt -0.024002 0.165172 0.000000
vt -0.023713 0.158446 0.000000
vt -0.023447 0.152235 0.000000
vt -0.023200 0.146480 0.000000
vt -0.022971 0.141135 0.000000
vt -0.022758 0.136155 0.000000
vt -0.022558 0.131506 0.000000
vt -0.022372 0.127156 0.000000
vt -0.022197 0.123075 0.000000
vt -0.021878 0.115631 0.000000
vt -0.021594 0.109010 0.000000
vt -0.021340 0.103082 0.000000
vt -0.021112 0.097744 0.000000
vt -0.020905 0.092912 0.000000
vt -0.020717 0.088517 0.000000
vt -0.020545 0.084502 0.000000
vt -0.041982 0.814784 0.000000
vt -0.039347 0.302711 0.000000
vt 0.000000 0.815000 0.000000
vt -0.034164 0.293580 0.000000
vt -0.029131 0.284702 0.000000
vt -0.083942 0.814135 0.000000
vt -0.088167 0.563622 0.000000
vt -0.087498 0.554188 0.000000
vt -0.086851 0.545059 0.000000
vt -0.125857 0.813054 0.000000
vt -0.111894 0.587358 0.000000
vt -0.099909 0.575386 0.000000
vt -0.167705 0.811542 0.000000
vt -0.165489 0.797313 0.000000
vt -0.163313 0.783349 0.000000
vt -0.161178 0.769641 0.000000
vt -0.159082 0.756184 0.000000
vt -0.157023 0.742970 0.000000
vt -0.155002 0.729993 0.000000
vt -0.151066 0.704724 0.000000
vt -0.147266 0.680329 0.000000
vt -0.143595 0.656764 0.000000
vt -0.140048 0.633986 0.000000
vt -0.124127 0.599547 0.000000
vt -0.136617 0.611958 0.000000
vt -0.086224 0.536220 0.000000
vt -0.085617 0.527657 0.000000
vt -0.085028 0.519357 0.000000
vt -0.084457 0.511309 0.000000
vt -0.083367 0.495925 0.000000
vt -0.082338 0.481419 0.000000
vt -0.050188 0.321778 0.000000
vt -0.081367 0.467720 0.000000
vt -0.055860 0.331739 0.000000
vt -0.080448 0.454762 0.000000
vt -0.079578 0.442486 0.000000
vt -0.078752 0.430840 0.000000
vt -0.061711 0.342003 0.000000
vt -0.077968 0.419777 0.000000
vt -0.077222 0.409253 0.000000
vt -0.067748 0.352584 0.000000
vt -0.076512 0.399230 0.000000
vt -0.075835 0.389674 0.000000
vt -0.075188 0.380552 0.000000
vt -0.074571 0.371835 0.000000
vt -0.073980 0.363497 0.000000
vt -0.044686 0.312107 0.000000
vt 0.000000 0.000000 0.000000
vt -0.028708 0.274850 0.000000
vt -0.028314 0.265649 0.000000
vt -0.027944 0.257035 0.000000
vt -0.027597 0.248955 0.000000
vt -0.027271 0.241360 0.000000
vt -0.026964 0.234208 0.000000
vt -0.026675 0.227461 0.000000
vt -0.026401 0.221086 0.000000
vt -0.026142 0.215053 0.000000
vt -0.025897 0.209334 0.000000
vt -0.025664 0.203907 0.000000
vt -0.025442 0.198749 0.000000
vt -0.025031 0.189164 0.000000
vt -0.024657 0.180445 0.000000
vt -0.024315 0.172479 0.000000
vt -0.024002 0.165172 0.000000
vt -0.023713 0.158446 0.000000
vt -0.023447 0.152235 0.000000
vt -0.023200 0.146480 0.000000
vt -0.022971 0.141135 0.000000
vt -0.022758 0.136155 0.000000
vt -0.022558 0.131506 0.000000
vt -0.022372 0.127156 0.000000
vt -0.022197 0.123075 0.000000
vt -0.021878 0.115631 0.000000
vt -0.021594 0.109010 0.000000
vt -0.021340 0.103082 0.000000
vt -0.021112 0.097744 0.000000
vt -0.020905 0.092912 0.000000
vt -0.020717 0.088517 0.000000
vt -0.020545 0.084502 0.000000
vt -0.041982 0.814784 0.000000
vt -0.039347 0.302711 0.000000
vt -0.000000 0.815000 0.000000
vt -0.034164 0.293580 0.000000
vt -0.029131 0.284702 0.000000
vt -0.083942 0.814135 0.000000
vt -0.088167 0.563622 0.000000
vt -0.087498 0.554188 0.000000
vt -0.086851 0.545059 0.000000
vt -0.125857 0.813054 0.000000
vt -0.111894 0.587358 0.000000
vt -0.099909 0.575386 0.000000
vt -0.167705 0.811542 0.000000
vt -0.165489 0.797313 0.000000
vt -0.163313 0.783349 0.000000
vt -0.161178 0.769641 0.000000
vt -0.159082 0.756184 0.000000
vt -0.157023 0.742970 0.000000
vt -0.155002 0.729993 0.000000
vt -0.151066 0.704724 0.000000
vt -0.147266 0.680329 0.000000
vt -0.143595 0.656764 0.000000
vt -0.140048 0.633986 0.000000
vt -0.124127 0.599547 0.000000
vt -0.136617 0.611958 0.000000
vt -0.086224 0.536220 0.000000
vt -0.085617 0.527657 0.000000
vt -0.085028 0.519357 0.000000
vt -0.084457 0.511309 0.000000
vt -0.083367 0.495925 0.000000
vt -0.082338 0.481419 0.000000
vt -0.050188 0.321778 0.000000
vt -0.081367 0.467720 0.000000
vt -0.055860 0.331739 0.000000
vt -0.080448 0.454762 0.000000
vt -0.079578 0.442486 0.000000
vt -0.078752 0.430840 0.000000
vt -0.061711 0.342003 0.000000
vt -0.077968 0.419777 0.000000
vt -0.077222 0.409253 0.000000
vt -0.067748 0.352584 0.000000
vt -0.076512 0.399230 0.000000
vt -0.075835 0.389674 0.000000
vt -0.075188 0.380552 0.000000
vt -0.074571 0.371835 0.000000
vt -0.073980 0.363497 0.000000
vt -0.044686 0.312107 0.000000
vt 0.000000 0.000000 0.000000
vt -0.028708 0.274850 0.000000
vt -0.028314 0.265649 0.000000
vt -0.027944 0.257035 0.000000
vt -0.027597 0.248955 0.000000
vt -0.027271 0.241360 0.000000
vt -0.026964 0.234208 0.000000
vt -0.026675 0.227461 0.000000
vt -0.026401 0.221086 0.000000
vt -0.026142 0.215053 0.000000
vt -0.025897 0.209334 0.000000
vt -0.025664 0.203907 0.000000
vt -0.025442 0.198749 0.000000
vt -0.025031 0.189164 0.000000
vt -0.024657 0.180445 0.000000
vt -0.024315 0.172479 0.000000
vt -0.024002 0.165172 0.000000
vt -0.023713 0.158446 0.000000
vt -0.023447 0.152235 0.000000
vt -0.023200 0.146480 0.000000
vt -0.022971 0.141135 0.000000
vt -0.022758 0.136155 0.000000
vt -0.022558 0.131506 0.000000
vt -0.022372 0.127156 0.000000
vt -0.022197 0.123075 0.000000
vt -0.021878 0.115631 0.000000
vt -0.021594 0.109010 0.000000
vt -0.021340 0.103082 0.000000
vt -0.021112 0.097744 0.000000
vt -0.020905 0.092912 0.000000
vt -0.020717 0.088517 0.000000
vt -0.020545 0.084502 0.000000
vt -0.041982 0.814784 0.000000
vt -0.039347 0.302711 0.000000
vt -0.000000 0.815000 0.000000
vt -0.034164 0.293580 0.000000
vt -0.029131 0.284702 0.000000
vt -0.083942 0.814135 0.000000
vt -0.088167 0.563622 0.000000
vt -0.087498 0.554188 0.000000
vt -0.086851 0.545059 0.000000
vt -0.125857 0.813054 0.000000
vt -0.111894 0.587358 0.000000
vt -0.099909 0.575386 0.000000
vt -0.167705 0.811542 0.000000
vt -0.165489 0.797313 0.000000
vt -0.163313 0.783349 0.000000
vt -0.161178 0.769641 0.000000
vt -0.159082 0.756184 0.000000
vt -0.157023 0.742970 0.000000
vt -0.155002 0.729993 0.000000
vt -0.151066 0.704724 0.000000
vt -0.147266 0.680329 0.000000
vt -0.143595 0.656764 0.000000
vt -0.140048 0.633986 0.000000
vt -0.124127 0.599547 0.000000
vt -0.136617 0.611958 0.000000
vt -0.086224 0.536220 0.000000
vt -0.085617 0.527657 0.000000
vt -0.085028 0.519357 0.000000
vt -0.084457 0.511309 0.000000
vt -0.083367 0.495925 0.000000
vt -0.082338 0.481419 0.000000
vt -0.050188 0.321778 0.000000
vt -0.081367 0.467720 0.000000
vt -0.055860 0.331739 0.000000
vt -0.080448 0.454762 0.000000
vt -0.079578 0.442486 0.000000
vt -0.078752 0.430840 0.000000
vt -0.061711 0.342003 0.000000
vt -0.077968 0.419777 0.000000
vt -0.077222 0.409253 0.000000
vt -0.067748 0.352584 0.000000
vt -0.076512 0.399230 0.000000
vt -0.075835 0.389674 0.000000
vt -0.075188 0.380552 0.000000
vt -0.074571 0.371835 0.000000
vt -0.073980 0.363497 0.000000
vt -0.044686 0.312107 0.000000
vt 0.000000 0.000000 0.000000
vt -0.028708 0.274850 0.000000
vt -0.028314 0.265649 0.000000
vt -0.027944 0.257035 0.000000
vt -0.027597 0.248955 0.000000
vt -0.027271 0.241360 0.000000
vt -0.026964 0.234208 0.000000
vt -0.026675 0.227461 0.000000
vt -0.026401 0.221086 0.000000
vt -0.026142 0.215053 0.000000
vt -0.025897 0.209334 0.000000
vt -0.025664 0.203907 0.000000
vt -0.025442 0.198749 0.000000
vt -0.025031 0.189164 0.000000
vt -0.024657 0.180445 0.000000
vt -0.024315 0.172479 0.000000
vt -0.024002 0.165172 0.000000
vt -0.023713 0.158446 0.000000
vt -0.023447 0.152235 0.000000
vt -0.023200 0.146480 0.000000
vt -0.022971 0.141135 0.000000
vt -0.022758 0.136155 0.000000
vt -0.022558 0.131506 0.000000
vt -0.022372 0.127156 0.000000
vt -0.022197 0.123075 0.000000
vt -0.021878 0.115631 0.000000
vt -0.021594 0.109010 0.000000
vt -0.021340 0.103082 0.000000
vt -0.021112 0.097744 0.000000
vt -0.020905 0.092912 0.000000
vt -0.020717 0.088517 0.000000
vt -0.020545 0.084502 0.000000
vt -0.041982 0.814784 0.000000
vt -0.039347 0.302711 0.000000
vt 0.000000 0.815000 0.000000
vt -0.034164 0.293580 0.000000
vt -0.029131 0.284702 0.000000
vt -0.083942 0.814135 0.000000
vt -0.088167 0.563622 0.000000
vt -0.087498 0.554188 0.000000
vt -0.086851 0.545059 0.000000
vt -0.125857 0.813054 0.000000
vt -0.111894 0.587358 0.000000
vt -0.099909 0.575386 0.000000
vt -0.167705 0.811542 0.000000
vt -0.165489 0.797313 0.000000
vt -0.163313 0.783349 0.000000
vt -0.161178 0.769641 0.000000
vt -0.159082 0.756184 0.000000
vt -0.157023 0.742970 0.000000
vt -0.155002 0.729993 0.000000
vt -0.151066 0.704724 0.000000
vt -0.147266 0.680329 0.000000
vt -0.143595 0.656764 0.000000
vt -0.140048 0.633986 0.000000
vt -0.124127 0.599547 0.000000
vt -0.136617 0.611958 0.000000
vt -0.086224 0.536220 0.000000
vt -0.085617 0.527657 0.000000
vt -0.085028 0.519357 0.000000
vt -0.084457 0.511309 0.000000
vt -0.083367 0.495925 0.000000
vt -0.082338 0.481419 0.000000
vt -0.050188 0.321778 0.000000
vt -0.081367 0.467720 0.000000
vt -0.055860 0.331739 0.000000
vt -0.080448 0.454762 0.000000
vt -0.079578 0.442486 0.000000
vt -0.078752 0.430840 0.000000
vt -0.061711 0.342003 0.000000
vt -0.077968 0.419777 0.000000
vt -0.077222 0.409253 0.000000
vt -0.067748 0.352584 0.000000
vt -0.076512 0.399230 0.000000
vt -0.075835 0.389674 0.000000
vt -0.075188 0.380552 0.000000
vt -0.074571 0.371835 0.000000
vt -0.073980 0.363497 0.000000
vt -0.044686 0.312107 0.000000
vt 0.000000 0.000000 0.000000
vt -0.028708 0.274850 0.000000
vt -0.028314 0.265649 0.000000
vt -0.027944 0.257035 0.000000
vt -0.027597 0.248955 0.000000
vt -0.027271 0.241360 0.000000
vt -0.026964 0.234208 0.000000
vt -0.026675 0.227461 0.000000
vt -0.026401 0.221086 0.000000
vt -0.026142 0.215053 0.000000
vt -0.025897 0.209334 0.000000
vt -0.025664 0.203907 0.000000
vt -0.025442 0.198749 0.000000
vt -0.025031 0.189164 0.000000
vt -0.024657 0.180445 0.000000
vt -0.024315 0.172479 0.000000
vt -0.024002 0.165172 0.000000
vt -0.023713 0.158446 0.000000
vt -0.023447 0.152235 0.000000
vt -0.023200 0.146480 0.000000
vt -0.022971 0.141135 0.000000
vt -0.022758 0.136155 0.000000
vt -0.022558 0.131506 0.000000
vt -0.022372 0.127156 0.000000
vt -0.022197 0.123075 0.000000
vt -0.021878 0.115631 0.000000
vt -0.021594 0.109010 0.000000
vt -0.021340 0.103082 0.000000
vt -0.021112 0.097744 0.000000
vt -0.020905 0.092912 0.000000
vt -0.020717 0.088517 0.000000
vt -0.020545 0.084502 0.000000
vt -0.041982 0.814784 0.000000
vt -0.039347 0.302711 0.000000
vt -0.000000 0.815000 0.000000
vt -0.034164 0.293580 0.000000
vt -0.029131 0.284702 0.000000
vt -0.083942 0.814135 0.000000
vt -0.088167 0.563622 0.000000
vt -0.087498 0.554188 0.000000
vt -0.086851 0.545059 0.000000
vt -0.125857 0.813054 0.000000
vt -0.111894 0.587358 0.000000
vt -0.099909 0.575386 0.000000
vt -0.167705 0.811542 0.000000
vt -0.165489 0.797313 0.000000
vt -0.163313 0.783349 0.000000
vt -0.161178 0.769641 0.000000
vt -0.159082 0.756184 0.000000
vt -0.157023 0.742970 0.000000
vt -0.155002 0.729993 0.000000
vt -0.151066 0.704724 0.000000
vt -0.147266 0.680329 0.000000
vt -0.143595 0.656764 0.000000
vt -0.140048 0.633986 0.000000
vt -0.124127 0.599547 0.000000
vt -0.136617 0.611958 0.000000
vt -0.086224 0.536220 0.000000
vt -0.085617 0.527657 0.000000
vt -0.085028 0.519357 0.000000
vt -0.084457 0.511309 0.000000
vt -0.083367 0.495925 0.000000
vt -0.082338 0.481419 0.000000
vt -0.050188 0.321778 0.000000
vt -0.081367 0.467720 0.000000
vt -0.055860 0.331739 0.000000
vt -0.080448 0.454762 0.000000
vt -0.079578 0.442486 0.000000
vt -0.078752 0.430840 0.000000
vt -0.061711 0.342003 0.000000
vt -0.077968 0.419777 0.000000
vt -0.077222 0.409253 0.000000
vt -0.067748 0.352584 0.000000
vt -0.076512 0.399230 0.000000
vt -0.075835 0.389674 0.000000
vt -0.075188 0.380552 0.000000
vt -0.074571 0.371835 0.000000
vt -0.073980 0.363497 0.000000
vt -0.044686 0.312107 0.000000
vt 0.000000 0.000000 0.000000
vt -0.028708 0.274850 0.000000
vt -0.028314 0.265649 0.000000
vt -0.027944 0.257035 0.000000
vt -0.027597 0.248955 0.000000
vt -0.027271 0.241360 0.000000
vt -0.026964 0.234208 0.000000
vt -0.026675 0.227461 0.000000
vt -0.026401 0.221086 0.000000
vt -0.026142 0.215053 0.000000
vt -0.025897 0.209334 0.000000
vt -0.025664 0.203907 0.000000
vt -0.025442 0.198749 0.000000
vt -0.025031 0.189164 0.000000
vt -0.024657 0.180445 0.000000
vt -0.024315 0.172479 0.000000
vt -0.024002 0.165172 0.000000
vt -0.023713 0.158446 0.000000
vt -0.023447 0.152235 0.000000
vt -0.023200 0.146480 0.000000
vt -0.022971 0.141135 0.000000
vt -0.022758 0.136155 0.000000
vt -0.022558 0.131506 0.000000
vt -0.022372 0.127156 0.000000
vt -0.022197 0.123075 0.000000
vt -0.021878 0.115631 0.000000
vt -0.021594 0.109010 0.000000
vt -0.021340 0.103082 0.000000
vt -0.021112 0.097744 0.000000
vt -0.020905 0.092912 0.000000
vt -0.020717 0.088517 0.000000
vt -0.020545 0.084502 0.000000
vt -0.041982 0.814784 0.000000
vt -0.039347 0.302711 0.000000
vt -0.000000 0.815000 0.000000
vt -0.034164 0.293580 0.000000
vt -0.029131 0.284702 0.000000
vt -0.083942 0.814135 0.000000
vt -0.088167 0.563622 0.000000
vt -0.087498 0.554188 0.000000
vt -0.086851 0.545059 0.000000
vt -0.125857 0.813054 0.000000
vt -0.111894 0.587358 0.000000
vt -0.099909 0.575386 0.000000
vt -0.167705 0.811542 0.000000
vt -0.165489 0.797313 0.000000
vt -0.163313 0.783349 0.000000
vt -0.161178 0.769641 0.000000
vt -0.159082 0.756184 0.000000
vt -0.157023 0.742970 0.000000
vt -0.155002 0.729993 0.000000
vt -0.151066 0.704724 0.000000
vt -0.147266 0.680329 0.000000
vt -0.143595 0.656764 0.000000
vt -0.140048 0.633986 0.000000
vt -0.124127 0.599547 0.000000
vt -0.136617 0.611958 0.000000
vt -0.086224 0.536220 0.000000
vt -0.085617 0.527657 0.000000
vt -0.085028 0.519357 0.000000
vt -0.084457 0.511309 0.000000
vt -0.083367 0.495925 0.000000
vt -0.082338 0.481419 0.000000
vt -0.050188 0.321778 0.000000
vt -0.081367 0.467720 0.000000
vt -0.055860 0.331739 0.000000
vt -0.080448 0.454762 0.000000
vt -0.079578 0.442486 0.000000
vt -0.078752 0.430840 0.000000
vt -0.061711 0.342003 0.000000
vt -0.077968 0.419777 0.000000
vt -0.077222 0.409253 0.000000
vt -0.067748 0.352584 0.000000
vt -0.076512 0.399230 0.000000
vt -0.075835 0.389674 0.000000
vt -0.075188 0.380552 0.000000
vt -0.074571 0.371835 0.000000
vt -0.073980 0.363497 0.000000
vt -0.044686 0.312107 0.000000
vt 0.000000 0.000000 0.000000
vt -0.028708 0.274850 0.000000
vt -0.028314 0.265649 0.000000
vt -0.027944 0.257035 0.000000
vt -0.027597 0.248955 0.000000
vt -0.027271 0.241360 0.000000
vt -0.026964 0.234208 0.000000
vt -0.026675 0.227461 0.000000
vt -0.026401 0.221086 0.000000
vt -0.026142 0.215053 0.000000
vt -0.025897 0.209334 0.000000
vt -0.025664 0.203907 0.000000
vt -0.025442 0.198749 0.000000
vt -0.025031 0.189164 0.000000
vt -0.024657 0.180445 0.000000
vt -0.024315 0.172479 0.000000
vt -0.024002 0.165172 0.000000
vt -0.023713 0.158446 0.000000
vt -0.023447 0.152235 0.000000
vt -0.023200 0.146480 0.000000
vt -0.022971 0.141135 0.000000
vt -0.022758 0.136155 0.000000
vt -0.022558 0.131506 0.000000
vt -0.022372 0.127156 0.000000
vt -0.022197 0.123075 0.000000
vt -0.021878 0.115631 0.000000
vt -0.021594 0.109010 0.000000
vt -0.021340 0.103082 0.000000
vt -0.021112 0.097744 0.000000
vt -0.020905 0.092912 0.000000
vt -0.020717 0.088517 0.000000
vt -0.020545 0.084502 0.000000
vt -0.041982 0.814784 0.000000
vt -0.039347 0.302711 0.000000
vt -0.000000 0.815000 0.000000
vt -0.034164 0.293580 0.000000
vt -0.029131 0.284702 0.000000
vt -0.083942 0.814135 0.000000
vt -0.088167 0.563622 0.000000
vt -0.087498 0.554188 0.000000
vt -0.086851 0.545059 0.000000
vt -0.125857 0.813054 0.000000
vt -0.111894 0.587358 0.000000
vt -0.099909 0.575386 0.000000
vt -0.167705 0.811542 0.000000
vt -0.165489 0.797313 0.000000
vt -0.163313 0.783349 0.000000
vt -0.161178 0.769641 0.000000
vt -0.159082 0.756184 0.000000
vt -0.157023 0.742970 0.000000
vt -0.155002 0.729993 0.000000
vt -0.151066 0.704724 0.000000
vt -0.147266 0.680329 0.000000
vt -0.143595 0.656764 0.000000
vt -0.140048 0.633986 0.000000
vt -0.124127 0.599547 0.000000
vt -0.136617 0.611958 0.000000
vt -0.086224 0.536220 0.000000
vt -0.085617 0.527657 0.000000
vt -0.085028 0.519357 0.000000
vt -0.084457 0.511309 0.000000
vt -0.083367 0.495925 0.000000
vt -0.082338 0.481419 0.000000
vt -0.050188 0.321778 0.000000
vt -0.081367 0.467720 0.000000
vt -0.055860 0.331739 0.000000
vt -0.080448 0.454762 0.000000
vt -0.079578 0.442486 0.000000
vt -0.078752 0.430840 0.000000
vt -0.061711 0.342003 0.000000
vt -0.077968 0.419777 0.000000
vt -0.077222 0.409253 0.000000
vt -0.067748 0.352584 0.000000
vt -0.076512 0.399230 0.000000
vt -0.075835 0.389674 0.000000
vt -0.075188 0.380552 0.000000
vt -0.074571 0.371835 0.000000
vt -0.073980 0.363497 0.000000
vt -0.044686 0.312107 0.000000
vt 0.000000 -0.000000 0.000000
vt -0.028708 0.274850 0.000000
vt -0.028314 0.265649 0.000000
vt -0.027944 0.257035 0.000000
vt -0.027597 0.248955 0.000000
vt -0.027271 0.241360 0.000000
vt -0.026964 0.234208 0.000000
vt -0.026675 0.227461 0.000000
vt -0.026401 0.221086 0.000000
vt -0.026142 0.215053 0.000000
vt -0.025897 0.209334 0.000000
vt -0.025664 0.203907 0.000000
vt -0.025442 0.198749 0.000000
vt -0.025031 0.189164 0.000000
vt -0.024657 0.180445 0.000000
vt -0.024315 0.172479 0.000000
vt -0.024002 0.165172 0.000000
vt -0.023713 0.158446 0.000000
vt -0.023447 0.152235 0.000000
vt -0.023200 0.146480 0.000000
vt -0.022971 0.141135 0.000000
vt -0.022758 0.136155 0.000000
vt -0.022558 0.131506 0.000000
vt -0.022372 0.127156 0.000000
vt -0.022197 0.123075 0.000000
vt -0.021878 0.115631 0.000000
vt -0.021594 0.109010 0.000000
vt -0.021340 0.103082 0.000000
vt -0.021112 0.097744 0.000000
vt -0.020905 0.092912 0.000000
vt -0.020717 0.088517 0.000000
vt -0.020545 0.084502 0.000000
vt -0.041982 0.814784 0.000000
vt -0.039347 0.302711 0.000000
vt -0.000000 0.815000 0.000000
vt -0.034164 0.293580 0.000000
vt -0.029131 0.284702 0.000000
vt -0.083942 0.814135 0.000000
vt -0.088167 0.563622 0.000000
vt -0.087498 0.554188 0.000000
vt -0.086851 0.545059 0.000000
vt -0.125857 0.813054 0.000000
vt -0.111894 0.587358 0.000000
vt -0.099909 0.575386 0.000000
vt -0.167705 0.811542 0.000000
vt -0.165489 0.797313 0.000000
vt -0.163313 0.783349 0.000000
vt -0.161178 0.769641 0.000000
vt -0.159082 0.756184 0.000000
vt -0.157023 0.742970 0.000000
vt -0.155002 0.729993 0.000000
vt -0.151066 0.704724 0.000000
vt -0.147266 0.680329 0.000000
vt -0.143595 0.656764 0.000000
vt -0.140048 0.633986 0.000000
vt -0.124127 0.599547 0.000000
vt -0.136617 0.611958 0.000000
vt -0.086224 0.536220 0.000000
vt -0.085617 0.527657 0.000000
vt -0.085028 0.519357 0.000000
vt -0.084457 0.511309 0.000000
vt -0.083367 0.495925 0.000000
vt -0.082338 0.481419 0.000000
vt -0.050188 0.321778 0.000000
vt -0.081367 0.467720 0.000000
vt -0.055860 0.331739 0.000000
vt -0.080448 0.454762 0.000000
vt -0.079578 0.442486 0.000000
vt -0.078752 0.430840 0.000000
vt -0.061711 0.342003 0.000000
vt -0.077968 0.419777 0.000000
vt -0.077222 0.409253 0.000000
vt -0.067748 0.352584 0.000000
vt -0.076512 0.399230 0.000000
vt -0.075835 0.389674 0.000000
vt -0.075188 0.380552 0.000000
vt -0.074571 0.371835 0.000000
vt -0.073980 0.363497 0.000000
vt -0.044686 0.312107 0.000000
vt 0.000000 -0.000000 0.000000
vt -0.028708 0.274850 0.000000
vt -0.028314 0.265649 0.000000
vt -0.027944 0.257035 0.000000
vt -0.027597 0.248955 0.000000
vt -0.027271 0.241360 0.000000
vt -0.026964 0.234208 0.000000
vt -0.026675 0.227461 0.000000
vt -0.026401 0.221086 0.000000
vt -0.026142 0.215053 0.000000
vt -0.025897 0.209334 0.000000
vt -0.025664 0.203907 0.000000
vt -0.025442 0.198749 0.000000
vt -0.025031 0.189164 0.000000
vt -0.024657 0.180445 0.000000
vt -0.024315 0.172479 0.000000
vt -0.024002 0.165172 0.000000
vt -0.023713 0.158446 0.000000
vt -0.023447 0.152235 0.000000
vt -0.023200 0.146480 0.000000
vt -0.022971 0.141135 0.000000
vt -0.022758 0.136155 0.000000
vt -0.022558 0.131506 0.000000
vt -0.022372 0.127156 0.000000
vt -0.022197 0.123075 0.000000
vt -0.021878 0.115631 0.000000
vt -0.021594 0.109010 0.000000
vt -0.021340 0.103082 0.000000
vt -0.021112 0.097744 0.000000
vt -0.020905 0.092912 0.000000
vt -0.020717 0.088517 0.000000
vt -0.020545 0.084502 0.000000
vt -0.041982 0.814784 0.000000
vt -0.039347 0.302711 0.000000
vt 0.000000 0.815000 0.000000
vt -0.034164 0.293580 0.000000
vt -0.029131 0.284702 0.000000
vt -0.083942 0.814135 0.000000
vt -0.088167 0.563622 0.000000
vt -0.087498 0.554188 0.000000
vt -0.086851 0.545059 0.000000
vt -0.125857 0.813054 0.000000
vt -0.111894 0.587358 0.000000
vt -0.099909 0.575386 0.000000
vt -0.167705 0.811542 0.000000
vt -0.165489 0.797313 0.000000
vt -0.163313 0.783349 0.000000
vt -0.161178 0.769641 0.000000
vt -0.159082 0.756184 0.000000
vt -0.157023 0.742970 0.000000
vt -0.155002 0.729993 0.000000
vt -0.151066 0.704724 0.000000
vt -0.147266 0.680329 0.000000
vt -0.143595 0.656764 0.000000
vt -0.140048 0.633986 0.000000
vt -0.124127 0.599547 0.000000
vt -0.136617 0.611958 0.000000
vt -0.086224 0.536220 0.000000
vt -0.085617 0.527657 0.000000
vt -0.085028 0.519357 0.000000
vt -0.084457 0.511309 0.000000
vt -0.083367 0.495925 0.000000
vt -0.082338 0.481419 0.000000
vt -0.050188 0.321778 0.000000
vt -0.081367 0.467720 0.000000
vt -0.055860 0.331739 0.000000
vt -0.080448 0.454762 0.000000
vt -0.079578 0.442486 0.000000
vt -0.078752 0.430840 0.000000
vt -0.061711 0.342003 0.000000
vt -0.077968 0.419777 0.000000
vt -0.077222 0.409253 0.000000
vt -0.067748 0.352584 0.000000
vt -0.076512 0.399230 0.000000
vt -0.075835 0.389674 0.000000
vt -0.075188 0.380552 0.000000
vt -0.074571 0.371835 0.000000
vt -0.073980 0.363497 0.000000
vt -0.044686 0.312107 0.000000
vt 0.000000 -0.000000 0.000000
vt -0.028708 0.274850 0.000000
vt -0.028314 0.265649 0.000000
vt -0.027944 0.257035 0.000000
vt -0.027597 0.248955 0.000000
vt -0.027271 0.241360 0.000000
vt -0.026964 0.234208 0.000000
vt -0.026675 0.227461 0.000000
vt -0.026401 0.221086 0.000000
vt -0.026142 0.215053 0.000000
vt -0.025897 0.209334 0.000000
vt -0.025664 0.203907 0.000000
vt -0.025442 0.198749 0.000000
vt -0.025031 0.189164 0.000000
vt -0.024657 0.180445 0.000000
vt -0.024315 0.172479 0.000000
vt -0.024002 0.165172 0.000000
vt -0.023713 0.158446 0.000000
vt -0.023447 0.152235 0.000000
vt -0.023200 0.146480 0.000000
vt -0.022971 0.141135 0.000000
vt -0.022758 0.136155 0.000000
vt -0.022558 0.131506 0.000000
vt -0.022372 0.127156 0.000000
vt -0.022197 0.123075 0.000000
vt -0.021878 0.115631 0.000000
vt -0.021594 0.109010 0.000000
vt -0.021340 0.103082 0.000000
vt -0.021112 0.097744 0.000000
vt -0.020905 0.092912 0.000000
vt -0.020717 0.088517 0.000000
vt -0.020545 0.084502 0.000000
vt -0.041982 0.814784 0.000000
vt -0.039347 0.302711 0.000000
vt 0.000000 0.815000 0.000000
vt -0.034164 0.293580 0.000000
vt -0.029131 0.284702 0.000000
vt -0.083942 0.814135 0.000000
vt -0.088167 0.563622 0.000000
vt -0.087498 0.554188 0.000000
vt -0.086851 0.545059 0.000000
vt -0.125857 0.813054 0.000000
vt -0.111894 0.587358 0.000000
vt -0.099909 0.575386 0.000000
vt -0.167705 0.811542 0.000000
vt -0.165489 0.797313 0.000000
vt -0.163313 0.783349 0.000000
vt -0.161178 0.769641 0.000000
vt -0.159082 0.756184 0.000000
vt -0.157023 0.742970 0.000000
vt -0.155002 0.729993 0.000000
vt -0.151066 0.704724 0.000000
vt -0.147266 0.680329 0.000000
vt -0.143595 0.656764 0.000000
vt -0.140048 0.633986 0.000000
vt -0.124127 0.599547 0.000000
vt -0.136617 0.611958 0.000000
vt -0.086224 0.536220 0.000000
vt -0.085617 0.527657 0.000000
vt -0.085028 0.519357 0.000000
vt -0.084457 0.511309 0.000000
vt -0.083367 0.495925 0.000000
vt -0.082338 0.481419 0.000000
vt -0.050188 0.321778 0.000000
vt -0.081367 0.467720 0.000000
vt -0.055860 0.331739 0.000000
vt -0.080448 0.454762 0.000000
vt -0.079578 0.442486 0.000000
vt -0.078752 0.430840 0.000000
vt -0.061711 0.342003 0.000000
vt -0.077968 0.419777 0.000000
vt -0.077222 0.409253 0.000000
vt -0.067748 0.352584 0.000000
vt -0.076512 0.399230 0.000000
vt -0.075835 0.389674 0.000000
vt -0.075188 0.380552 0.000000
vt -0.074571 0.371835 0.000000
vt -0.073980 0.363497 0.000000
vt -0.044686 0.312107 0.000000
vt 0.000000 -0.000000 0.000000
vt -0.028708 0.274850 0.000000
vt -0.028314 0.265649 0.000000
vt -0.027944 0.257035 0.000000
vt -0.027597 0.248955 0.000000
vt -0.027271 0.241360 0.000000
vt -0.026964 0.234208 0.000000
vt -0.026675 0.227461 0.000000
vt -0.026401 0.221086 0.000000
vt -0.026142 0.215053 0.000000
vt -0.025897 0.209334 0.000000
vt -0.025664 0.203907 0.000000
vt -0.025442 0.198749 0.000000
vt -0.025031 0.189164 0.000000
vt -0.024657 0.180445 0.000000
vt -0.024315 0.172479 0.000000
vt -0.024002 0.165172 0.000000
vt -0.023713 0.158446 0.000000
vt -0.023447 0.152235 0.000000
vt -0.023200 0.146480 0.000000
vt -0.022971 0.141135 0.000000
vt -0.022758 0.136155 0.000000
vt -0.022558 0.131506 0.000000
vt -0.022372 0.127156 0.000000
vt -0.022197 0.123075 0.000000
vt -0.021878 0.115631 0.000000
vt -0.021594 0.109010 0.000000
vt -0.021340 0.103082 0.000000
vt -0.021112 0.097744 0.000000
vt -0.020905 0.092912 0.000000
vt -0.020717 0.088517 0.000000
vt -0.020545 0.084502 0.000000
vt -0.041982 0.814784 0.000000
vt -0.039347 0.302711 0.000000
vt -0.000000 0.815000 0.000000
vt -0.034164 0.293580 0.000000
vt -0.029131 0.284702 0.000000
vt -0.083942 0.814135 0.000000
vt -0.088167 0.563622 0.000000
vt -0.087498 0.554188 0.000000
vt -0.086851 0.545059 0.000000
vt -0.125857 0.813054 0.000000
vt -0.111894 0.587358 0.000000
vt -0.099909 0.575386 0.000000
vt -0.167705 0.811542 0.000000
vt -0.165489 0.797313 0.000000
vt -0.163313 0.783349 0.000000
vt -0.161178 0.769641 0.000000
vt -0.159082 0.756184 0.000000
vt -0.157023 0.742970 0.000000
vt -0.155002 0.729993 0.000000
vt -0.151066 0.704724 0.000000
vt -0.147266 0.680329 0.000000
vt -0.143595 0.656764 0.000000
vt -0.140048 0.633986 0.000000
vt -0.124127 0.599547 0.000000
vt -0.136617 0.611958 0.000000
vt -0.086224 0.536220 0.000000
vt -0.085617 0.527657 0.000000
vt -0.085028 0.519357 0.000000
vt -0.084457 0.511309 0.000000
vt -0.083367 0.495925 0.000000
vt -0.082338 0.481419 0.000000
vt -0.050188 0.321778 0.000000
vt -0.081367 0.467720 0.000000
vt -0.055860 0.331739 0.000000
vt -0.080448 0.454762 0.000000
vt -0.079578 0.442486 0.000000
vt -0.078752 0.430840 0.000000
vt -0.061711 0.342003 0.000000
vt -0.077968 0.419777 0.000000
vt -0.077222 0.409253 0.000000
vt -0.067748 0.352584 0.000000
vt -0.076512 0.399230 0.000000
vt -0.075835 0.389674 0.000000
vt -0.075188 0.380552 0.000000
vt -0.074571 0.371835 0.000000
vt -0.073980 0.363497 0.000000
vt -0.044686 0.312107 0.000000
vt 0.000000 -0.000000 0.000000
vt -0.028708 0.274850 0.000000
vt -0.028314 0.265649 0.000000
vt -0.027944 0.257035 0.000000
vt -0.027597 0.248955 0.000000
vt -0.027271 0.241360 0.000000
vt -0.026964 0.234208 0.000000
vt -0.026675 0.227461 0.000000
vt -0.026401 0.221086 0.000000
vt -0.026142 0.215053 0.000000
vt -0.025897 0.209334 0.000000
vt -0.025664 0.203907 0.000000
vt -0.025442 0.198749 0.000000
vt -0.025031 0.189164 0.000000
vt -0.024657 0.180445 0.000000
vt -0.024315 0.172479 0.000000
vt -0.024002 0.165172 0.000000
vt -0.023713 0.158446 0.000000
vt -0.023447 0.152235 0.000000
vt -0.023200 0.146480 0.000000
vt -0.022971 0.141135 0.000000
vt -0.022758 0.136155 0.000000
vt -0.022558 0.131506 0.000000
vt -0.022372 0.127156 0.000000
vt -0.022197 0.123075 0.000000
vt -0.021878 0.115631 0.000000
vt -0.021594 0.109010 0.000000
vt -0.021340 0.103082 0.000000
vt -0.021112 0.097744 0.000000
vt -0.020905 0.092912 0.000000
vt -0.020717 0.088517 0.000000
vt -0.020545 0.084502 0.000000
vt -0.041982 0.814784 0.000000
vt -0.039347 0.302711 0.000000
vt -0.000000 0.815000 0.000000
vt -0.034164 0.293580 0.000000
vt -0.029131 0.284702 0.000000
vt -0.083942 0.814135 0.000000
vt -0.088167 0.563622 0.000000
vt -0.087498 0.554188 0.000000
vt -0.086851 0.545059 0.000000
vt -0.125857 0.813054 0.000000
vt -0.111894 0.587358 0.000000
vt -0.099909 0.575386 0.000000
vt -0.167705 0.811542 0.000000
vt -0.165489 0.797313 0.000000
vt -0.163313 0.783349 0.000000
vt -0.161178 0.769641 0.000000
vt -0.159082 0.756184 0.000000
vt -0.157023 0.742970 0.000000
vt -0.155002 0.729993 0.000000
vt -0.151066 0.704724 0.000000
vt -0.147266 0.680329 0.000000
vt -0.143595 0.656764 0.000000
vt -0.140048 0.633986 0.000000
vt -0.124127 0.599547 0.000000
vt -0.136617 0.611958 0.000000
vt -0.086224 0.536220 0.000000
vt -0.085617 0.527657 0.000000
vt -0.085028 0.519357 0.000000
vt -0.084457 0.511309 0.000000
vt -0.083367 0.495925 0.000000
vt -0.082338 0.481419 0.000000
vt -0.050188 0.321778 0.000000
vt -0.081367 0.467720 0.000000
vt -0.055860 0.331739 0.000000
vt -0.080448 0.454762 0.000000
vt -0.079578 0.442486 0.000000
vt -0.078752 0.430840 0.000000
vt -0.061711 0.342003 0.000000
vt -0.077968 0.419777 0.000000
vt -0.077222 0.409253 0.000000
vt -0.067748 0.352584 0.000000
vt -0.076512 0.399230 0.000000
vt -0.075835 0.389674 0.000000
vt -0.075188 0.380552 0.000000
vt -0.074571 0.371835 0.000000
vt -0.073980 0.363497 0.000000
vt -0.044686 0.312107 0.000000
vt 0.000000 -0.000000 0.000000
vt -0.028708 0.274850 0.000000
vt -0.028314 0.265649 0.000000
vt -0.027944 0.257035 0.000000
vt -0.027597 0.248955 0.000000
vt -0.027271 0.241360 0.000000
vt -0.026964 0.234208 0.000000
vt -0.026675 0.227461 0.000000
vt -0.026401 0.221086 0.000000
vt -0.026142 0.215053 0.000000
vt -0.025897 0.209334 0.000000
vt -0.025664 0.203907 0.000000
vt -0.025442 0.198749 0.000000
vt -0.025031 0.189164 0.000000
vt -0.024657 0.180445 0.000000
vt -0.024315 0.172479 0.000000
vt -0.024002 0.165172 0.000000
vt -0.023713 0.158446 0.000000
vt -0.023447 0.152235 0.000000
vt -0.023200 0.146480 0.000000
vt -0.022971 0.141135 0.000000
vt -0.022758 0.136155 0.000000
vt -0.022558 0.131506 0.000000
vt -0.022372 0.127156 0.000000
vt -0.022197 0.123075 0.000000
vt -0.021878 0.115631 0.000000
vt -0.021594 0.109010 0.000000
vt -0.021340 0.103082 0.000000
vt -0.021112 0.097744 0.000000
vt -0.020905 0.092912 0.000000
vt -0.020717 0.088517 0.000000
vt -0.020545 0.084502 0.000000
vt -0.043482 0.097761 0.000000
vt -0.043482 0.094895 0.000000
vt 0.043482 0.093462 0.000000
vt -0.043482 0.092030 0.000000
vt -0.043482 0.089164 0.000000
vt 0.043482 0.089164 0.000000
vt -0.043482 0.053560 0.000000
vt 0.043482 0.053560 0.000000
vt -0.043482 0.056425 0.000000
vt -0.043482 0.062156 0.000000
vt -0.043482 0.059290 0.000000
vt 0.043482 0.057858 0.000000
vt -0.043482 0.035757 0.000000
vt 0.043482 0.035757 0.000000
vt -0.043482 0.038623 0.000000
vt -0.043482 0.044353 0.000000
vt -0.043482 0.041488 0.000000
vt 0.043482 0.040055 0.000000
vt -0.043482 0.115563 0.000000
vt -0.043482 0.112697 0.000000
vt 0.043482 0.111265 0.000000
vt -0.043482 0.109832 0.000000
vt -0.043482 0.106967 0.000000
vt 0.043482 0.106967 0.000000
vt -0.043482 0.079958 0.000000
vt -0.043482 0.077093 0.000000
vt 0.043482 0.075660 0.000000
vt -0.043482 0.074227 0.000000
vt -0.043482 0.071362 0.000000
vt 0.043482 0.071362 0.000000
vt -0.043482 0.133365 0.000000
vt -0.043482 0.130500 0.000000
vt 0.043482 0.129067 0.000000
vt -0.043482 0.127634 0.000000
vt -0.043482 0.124769 0.000000
vt 0.043482 0.124769 0.000000
vt -0.043482 0.017955 0.000000
vt 0.043482 0.017955 0.000000
vt -0.043482 0.020820 0.000000
vt -0.043482 0.026551 0.000000
vt -0.043482 0.023686 0.000000
vt 0.043482 0.022253 0.000000
vt -0.043482 -0.115868 0.000000
vt -0.043482 -0.118733 0.000000
vt 0.043482 -0.120166 0.000000
vt -0.043482 -0.121599 0.000000
vt -0.043482 -0.124464 0.000000
vt 0.043482 -0.124464 0.000000
vt -0.043482 0.000152 0.000000
vt 0.043482 0.000152 0.000000
vt -0.043482 0.003018 0.000000
vt -0.043482 0.008749 0.000000
vt -0.043482 0.005883 0.000000
vt 0.043482 0.004451 0.000000
vt -0.043482 -0.098065 0.000000
vt -0.043482 -0.100931 0.000000
vt 0.043482 -0.102364 0.000000
vt -0.043482 -0.103796 0.000000
vt -0.043482 -0.106662 0.000000
vt 0.043482 -0.106662 0.000000
vt -0.043482 -0.035452 0.000000
vt 0.043482 -0.035452 0.000000
vt -0.043482 -0.032587 0.000000
vt -0.043482 -0.026856 0.000000
vt -0.043482 -0.029721 0.000000
vt 0.043482 -0.031154 0.000000
vt -0.043482 -0.017650 0.000000
vt 0.043482 -0.017650 0.000000
vt -0.043482 -0.014784 0.000000
vt -0.043482 -0.009054 0.000000
vt -0.043482 -0.011919 0.000000
vt 0.043482 -0.013352 0.000000
vt -0.043482 -0.080263 0.000000
vt -0.043482 -0.083128 0.000000
vt 0.043482 -0.084561 0.000000
vt -0.043482 -0.085994 0.000000
vt -0.043482 -0.088859 0.000000
vt 0.043482 -0.088859 0.000000
vt -0.043482 -0.044658 0.000000
vt -0.043482 -0.047524 0.000000
vt 0.043482 -0.048956 0.000000
vt -0.043482 -0.050389 0.000000
vt -0.043482 -0.053255 0.000000
vt 0.043482 -0.053255 0.000000
vt -0.500000 -0.027680 0.000000
vt -0.407500 -0.013806 0.000000
vt -0.500000 0.000000 0.000000
vt -0.000000 0.013655 0.000000
vt -0.407500 0.013806 0.000000
vt -0.000000 0.040966 0.000000
vt -0.500000 0.027680 0.000000
vt -0.407500 0.041520 0.000000
vt -0.500000 0.055360 0.000000
vt -0.000000 0.068276 0.000000
vt -0.407500 0.069200 0.000000
vt -0.000000 0.095587 0.000000
vt -0.500000 0.083040 0.000000
vt -0.407500 0.096880 0.000000
vt -0.500000 0.110720 0.000000
vt -0.037430 0.114364 0.000000
vt -0.407500 0.124560 0.000000
vt -0.074920 0.133140 0.000000
vt -0.500000 0.138400 0.000000
vt -0.407500 0.152240 0.000000
vt -0.500000 0.166080 0.000000
vt -0.150000 0.170693 0.000000
vt -0.407500 0.179920 0.000000
vt -0.112450 0.189470 0.000000
vt -0.500000 0.193760 0.000000
vt -0.407500 0.207600 0.000000
vt -0.500000 0.221440 0.000000
vt -0.037430 0.227023 0.000000
vt -0.407500 0.235280 0.000000
vt -0.000000 0.245799 0.000000
vt -0.500000 0.249120 0.000000
vt -0.407500 0.262960 0.000000
vt -0.500000 0.276800 0.000000
vt -0.000000 0.273110 0.000000
vt -0.407500 0.290640 0.000000
vt -0.000000 0.300421 0.000000
vt -0.500000 0.304480 0.000000
vt -0.407500 0.318320 0.000000
vt -0.500000 0.332160 0.000000
vt -0.000000 0.327731 0.000000
vt -0.407500 0.346000 0.000000
vt -0.000000 0.355042 0.000000
vt -0.500000 0.359840 0.000000
vt -0.407500 0.373680 0.000000
vt -0.500000 0.387520 0.000000
vt -0.000000 0.382352 0.000000
vt -0.407500 0.401360 0.000000
vt -0.000000 0.409663 0.000000
vt -0.500000 0.415200 0.000000
vt -0.407500 0.429040 0.000000
vt -0.500000 0.442880 0.000000
vt -0.000000 0.436973 0.000000
vt -0.407500 0.456720 0.000000
vt -0.037430 0.455750 0.000000
vt -0.074920 0.474526 0.000000
vt -0.500000 -0.055360 0.000000
vt -0.407500 -0.041520 0.000000
vt -0.000000 -0.040966 0.000000
vt -0.000000 -0.013655 0.000000
vt -0.500000 -0.083040 0.000000
vt -0.407500 -0.069200 0.000000
vt -0.000000 -0.068276 0.000000
vt -0.500000 -0.110720 0.000000
vt -0.407500 -0.096880 0.000000
vt 0.000000 -0.095587 0.000000
vt -0.500000 -0.138400 0.000000
vt -0.407500 -0.124560 0.000000
vt -0.037430 -0.114364 0.000000
vt -0.500000 -0.166080 0.000000
vt -0.407500 -0.152240 0.000000
vt -0.074920 -0.133140 0.000000
vt -0.500000 -0.193760 0.000000
vt -0.407500 -0.179920 0.000000
vt -0.150000 -0.170693 0.000000
vt -0.112450 -0.151917 0.000000
vt -0.500000 -0.221440 0.000000
vt -0.407500 -0.207600 0.000000
vt -0.112450 -0.189470 0.000000
vt -0.500000 -0.249120 0.000000
vt -0.407500 -0.235280 0.000000
vt -0.037430 -0.227023 0.000000
vt -0.074920 -0.208246 0.000000
vt -0.500000 -0.276800 0.000000
vt -0.407500 -0.262960 0.000000
vt 0.000000 -0.245799 0.000000
vt -0.500000 -0.304480 0.000000
vt -0.407500 -0.290640 0.000000
vt -0.000000 -0.273110 0.000000
vt -0.500000 -0.332160 0.000000
vt -0.407500 -0.318320 0.000000
vt -0.000000 -0.300421 0.000000
vt -0.500000 -0.359840 0.000000
vt -0.407500 -0.346000 0.000000
vt -0.000000 -0.327731 0.000000
vt -0.500000 -0.387520 0.000000
vt -0.407500 -0.373680 0.000000
vt -0.000000 -0.355042 0.000000
vt -0.500000 -0.415200 0.000000
vt -0.407500 -0.401360 0.000000
vt -0.000000 -0.382352 0.000000
vt -0.500000 -0.442880 0.000000
vt -0.407500 -0.429040 0.000000
vt -0.000000 -0.409663 0.000000
vt -0.500000 -0.470560 0.000000
vt -0.407500 -0.456720 0.000000
vt 0.000000 -0.436973 0.000000
vt -0.500000 -0.498240 0.000000
vt -0.407500 -0.484400 0.000000
vt -0.074920 -0.474526 0.000000
vt -0.037430 -0.455750 0.000000
vt -0.500000 -0.525920 0.000000
vt -0.407500 -0.512080 0.000000
vt -0.112450 -0.493303 0.000000
vt -0.500000 -0.553600 0.000000
vt -0.407500 -0.539760 0.000000
vt -0.112450 -0.530856 0.000000
vt -0.150000 -0.512080 0.000000
vt -0.500000 -0.581280 0.000000
vt -0.407500 -0.567440 0.000000
vt -0.074920 -0.549633 0.000000
vt -0.500000 -0.608960 0.000000
vt -0.407500 -0.595120 0.000000
vt 0.000000 -0.587186 0.000000
vt -0.037430 -0.568409 0.000000
vt -0.500000 -0.636640 0.000000
vt -0.407500 -0.622800 0.000000
vt -0.000000 -0.614496 0.000000
vt -0.500000 -0.664319 0.000000
vt -0.407500 -0.650479 0.000000
vt -0.000000 -0.641807 0.000000
vt -0.500000 -0.691999 0.000000
vt -0.407500 -0.678159 0.000000
vt -0.000000 -0.669118 0.000000
vt -0.500000 -0.719679 0.000000
vt -0.407500 -0.705839 0.000000
vt -0.000000 -0.696428 0.000000
vt -0.500000 -0.747359 0.000000
vt -0.407500 -0.733519 0.000000
vt -0.000000 -0.723739 0.000000
vt -0.500000 -0.775039 0.000000
vt -0.407500 -0.761199 0.000000
vt -0.000000 -0.751049 0.000000
vt -0.500000 -0.802719 0.000000
vt -0.407500 -0.788879 0.000000
vt 0.000000 -0.778360 0.000000
vt -0.500000 -0.830399 0.000000
vt -0.407500 -0.816559 0.000000
vt -0.037430 -0.797136 0.000000
vt -0.500000 -0.858079 0.000000
vt -0.407500 -0.844239 0.000000
vt -0.112450 -0.834689 0.000000
vt -0.074920 -0.815913 0.000000
vt -0.500000 -0.885759 0.000000
vt -0.407500 -0.871919 0.000000
vt -0.150000 -0.853466 0.000000
vt -0.500000 -0.913439 0.000000
vt -0.407500 -0.899599 0.000000
vt -0.074920 -0.891019 0.000000
vt -0.112450 -0.872243 0.000000
vt -0.500000 -0.941119 0.000000
vt -0.407500 -0.927279 0.000000
vt -0.037430 -0.909796 0.000000
vt -0.500000 -0.968799 0.000000
vt -0.407500 -0.954959 0.000000
vt 0.000000 -0.928572 0.000000
vt -0.500000 -0.996479 0.000000
vt -0.407500 -0.982639 0.000000
vt -0.000000 -0.955883 0.000000
vt -0.500000 -1.024159 0.000000
vt -0.407500 -1.010353 0.000000
vt -0.000000 -0.983193 0.000000
vt -0.500000 -1.051839 0.000000
vt -0.407500 -1.037965 0.000000
vt -0.000000 -1.010504 0.000000
vt -0.500000 -1.079519 0.000000
vt -0.407500 -1.065679 0.000000
vt -0.000000 -1.065125 0.000000
vt -0.000000 -1.037814 0.000000
vt -0.500000 -1.107199 0.000000
vt -0.407500 -1.093359 0.000000
vt -0.000000 -1.092436 0.000000
vt -0.500000 -1.134879 0.000000
vt -0.407500 -1.121039 0.000000
vt 0.000000 -1.119746 0.000000
vt -0.500000 -1.162559 0.000000
vt -0.407500 -1.148719 0.000000
vt -0.037430 -1.138523 0.000000
vt -0.500000 -1.190239 0.000000
vt -0.407500 -1.176399 0.000000
vt -0.074920 -1.157299 0.000000
vt -0.500000 -1.217919 0.000000
vt -0.407500 -1.204079 0.000000
vt -0.150000 -1.194852 0.000000
vt -0.112450 -1.176076 0.000000
vt -0.500000 -1.245599 0.000000
vt -0.407500 -1.231759 0.000000
vt -0.112450 -1.213629 0.000000
vt -0.500000 -1.273279 0.000000
vt -0.407500 -1.259439 0.000000
vt -0.037430 -1.251182 0.000000
vt -0.074920 -1.232406 0.000000
vt -0.500000 -1.300959 0.000000
vt -0.407500 -1.287119 0.000000
vt 0.000000 -1.269959 0.000000
vt -0.500000 -1.328639 0.000000
vt -0.407500 -1.314799 0.000000
vt -0.000000 -1.297269 0.000000
vt -0.500000 -1.356319 0.000000
vt -0.407500 -1.342479 0.000000
vt -0.000000 -1.324580 0.000000
vt -0.500000 -1.383999 0.000000
vt -0.407500 -1.370159 0.000000
vt -0.000000 -1.351890 0.000000
vt -0.500000 -1.411679 0.000000
vt -0.407500 -1.397839 0.000000
vt -0.000000 -1.379201 0.000000
vt -0.500000 -1.439359 0.000000
vt -0.407500 -1.425519 0.000000
vt -0.000000 -1.406511 0.000000
vt -0.500000 -1.467039 0.000000
vt -0.407500 -1.453199 0.000000
vt -0.000000 -1.433822 0.000000
vt -0.500000 -1.494719 0.000000
vt -0.407500 -1.480879 0.000000
vt 0.000000 -1.461133 0.000000
vt -0.500000 -1.522399 0.000000
vt -0.407500 -1.508559 0.000000
vt -0.074920 -1.498686 0.000000
vt -0.037430 -1.479909 0.000000
vt -0.500000 -1.550079 0.000000
vt -0.407500 -1.536239 0.000000
vt -0.112450 -1.517462 0.000000
vt -0.500000 -1.577759 0.000000
vt -0.407500 -1.563919 0.000000
vt -0.112450 -1.555015 0.000000
vt -0.150000 -1.536239 0.000000
vt -0.500000 -1.605439 0.000000
vt -0.407500 -1.591599 0.000000
vt -0.074920 -1.573792 0.000000
vt -0.500000 -1.633119 0.000000
vt -0.407500 -1.619279 0.000000
vt 0.000000 -1.611345 0.000000
vt -0.037430 -1.592569 0.000000
vt -0.500000 -1.660799 0.000000
vt -0.407500 -1.646959 0.000000
vt -0.000000 -1.638656 0.000000
vt -0.500000 -1.688479 0.000000
vt -0.407500 -1.674639 0.000000
vt -0.000000 -1.665966 0.000000
vt -0.500000 -1.716159 0.000000
vt -0.407500 -1.702319 0.000000
vt -0.000000 -1.693277 0.000000
vt -0.500000 -1.743839 0.000000
vt -0.407500 -1.729999 0.000000
vt -0.000000 -1.720587 0.000000
vt -0.500000 -1.771519 0.000000
vt -0.407500 -1.757679 0.000000
vt -0.000000 -1.747898 0.000000
vt -0.500000 -1.799199 0.000000
vt -0.407500 -1.785359 0.000000
vt -0.000000 -1.775208 0.000000
vt -0.500000 -1.826879 0.000000
vt -0.407500 -1.813039 0.000000
vt 0.000000 -1.802519 0.000000
vt -0.500000 -1.854559 0.000000
vt -0.407500 -1.840719 0.000000
vt -0.037430 -1.821296 0.000000
vt -0.500000 -1.882239 0.000000
vt -0.407500 -1.868399 0.000000
vt -0.112450 -1.858849 0.000000
vt -0.074920 -1.840072 0.000000
vt -0.500000 -1.909919 0.000000
vt -0.407500 -1.896079 0.000000
vt -0.150000 -1.877625 0.000000
vt -0.500000 -1.937598 0.000000
vt -0.407500 -1.923759 0.000000
vt -0.074920 -1.915178 0.000000
vt -0.112450 -1.896402 0.000000
vt -0.500000 -1.965278 0.000000
vt -0.407500 -1.951438 0.000000
vt -0.037430 -1.933955 0.000000
vt -0.500000 -1.992958 0.000000
vt -0.407500 -1.979118 0.000000
vt 0.000000 -1.952731 0.000000
vt -0.500000 -2.020638 0.000000
vt -0.407500 -2.006798 0.000000
vt -0.000000 -1.980042 0.000000
vt -0.500000 -2.048318 0.000000
vt -0.407500 -2.034513 0.000000
vt -0.000000 -2.007353 0.000000
vt -0.500000 -2.075998 0.000000
vt -0.407500 -2.062124 0.000000
vt -0.000000 -2.034663 0.000000
vt -0.500000 -2.103678 0.000000
vt -0.407500 -2.089838 0.000000
vt -0.000000 -2.089284 0.000000
vt -0.000000 -2.061974 0.000000
vt -0.500000 -2.131358 0.000000
vt -0.407500 -2.117518 0.000000
vt -0.000000 -2.116595 0.000000
vt -0.500000 -2.159038 0.000000
vt -0.407500 -2.145198 0.000000
vt 0.000000 -2.143905 0.000000
vt -0.500000 -2.186718 0.000000
vt -0.407500 -2.172878 0.000000
vt -0.037430 -2.162682 0.000000
vt -0.500000 -2.214398 0.000000
vt -0.407500 -2.200558 0.000000
vt -0.074920 -2.181458 0.000000
vt -0.500000 -2.242078 0.000000
vt -0.407500 -2.228238 0.000000
vt -0.150000 -2.219012 0.000000
vt -0.112450 -2.200235 0.000000
vt -0.500000 -2.269758 0.000000
vt -0.407500 -2.255918 0.000000
vt -0.112450 -2.237788 0.000000
vt -0.500000 -2.297438 0.000000
vt -0.407500 -2.283598 0.000000
vt -0.037430 -2.275341 0.000000
vt -0.074920 -2.256565 0.000000
vt -0.500000 -2.325118 0.000000
vt -0.407500 -2.311278 0.000000
vt 0.000000 -2.294118 0.000000
vt -0.500000 -2.352798 0.000000
vt -0.407500 -2.338958 0.000000
vt -0.000000 -2.321428 0.000000
vt -0.500000 -2.380478 0.000000
vt -0.407500 -2.366638 0.000000
vt -0.000000 -2.348739 0.000000
vt -0.500000 -2.408158 0.000000
vt -0.407500 -2.394318 0.000000
vt -0.000000 -2.376050 0.000000
vt -0.500000 -2.435838 0.000000
vt -0.407500 -2.421998 0.000000
vt -0.000000 -2.403360 0.000000
vt -0.500000 -2.463518 0.000000
vt -0.407500 -2.449678 0.000000
vt -0.000000 -2.430671 0.000000
vt -0.500000 -2.491198 0.000000
vt -0.407500 -2.477358 0.000000
vt -0.000000 -2.457981 0.000000
vt -0.500000 -2.518878 0.000000
vt -0.407500 -2.505038 0.000000
vt -0.000000 -2.485292 0.000000
vt -0.500000 -2.546558 0.000000
vt -0.407500 -2.532718 0.000000
vt -0.074920 -2.522845 0.000000
vt -0.037430 -2.504068 0.000000
vt -0.500000 2.546558 0.000000
vt -0.407500 2.560398 0.000000
vt -0.500000 2.574238 0.000000
vt -0.407500 -2.560398 0.000000
vt -0.112450 -2.541621 0.000000
vt -0.500000 2.518878 0.000000
vt -0.407500 2.532718 0.000000
vt -0.112450 2.541621 0.000000
vt -0.150000 2.560398 0.000000
vt -0.150000 -2.560398 0.000000
vt -0.500000 2.491198 0.000000
vt -0.407500 2.505038 0.000000
vt -0.074920 2.522845 0.000000
vt -0.500000 2.463518 0.000000
vt -0.407500 2.477358 0.000000
vt -0.000000 2.485292 0.000000
vt -0.037430 2.504068 0.000000
vt -0.500000 2.435838 0.000000
vt -0.407500 2.449678 0.000000
vt -0.000000 2.457981 0.000000
vt -0.500000 2.408158 0.000000
vt -0.407500 2.421998 0.000000
vt -0.000000 2.430671 0.000000
vt -0.500000 2.380478 0.000000
vt -0.407500 2.394318 0.000000
vt -0.000000 2.403360 0.000000
vt -0.500000 2.352798 0.000000
vt -0.407500 2.366638 0.000000
vt -0.000000 2.376050 0.000000
vt -0.500000 2.325118 0.000000
vt -0.407500 2.338958 0.000000
vt -0.000000 2.348739 0.000000
vt -0.500000 2.297438 0.000000
vt -0.407500 2.311278 0.000000
vt -0.000000 2.321428 0.000000
vt -0.500000 2.269758 0.000000
vt -0.407500 2.283598 0.000000
vt -0.000000 2.294118 0.000000
vt -0.500000 2.242078 0.000000
vt -0.407500 2.255918 0.000000
vt -0.037430 2.275341 0.000000
vt -0.500000 2.214398 0.000000
vt -0.407500 2.228238 0.000000
vt -0.112450 2.237788 0.000000
vt -0.074920 2.256565 0.000000
vt -0.500000 2.186718 0.000000
vt -0.407500 2.200558 0.000000
vt -0.150000 2.219012 0.000000
vt -0.500000 2.159038 0.000000
vt -0.407500 2.172878 0.000000
vt -0.074920 2.181458 0.000000
vt -0.112450 2.200235 0.000000
vt -0.500000 2.131358 0.000000
vt -0.407500 2.145198 0.000000
vt -0.037430 2.162682 0.000000
vt -0.500000 2.103678 0.000000
vt -0.407500 2.117518 0.000000
vt -0.000000 2.143905 0.000000
vt -0.500000 2.075998 0.000000
vt -0.407500 2.089838 0.000000
vt -0.000000 2.116595 0.000000
vt -0.500000 2.048318 0.000000
vt -0.407500 2.062124 0.000000
vt -0.000000 2.089284 0.000000
vt -0.500000 2.020638 0.000000
vt -0.407500 2.034513 0.000000
vt -0.000000 2.061974 0.000000
vt -0.500000 1.992958 0.000000
vt -0.407500 2.006798 0.000000
vt -0.000000 2.007353 0.000000
vt -0.000000 2.034663 0.000000
vt -0.500000 1.965278 0.000000
vt -0.407500 1.979118 0.000000
vt -0.000000 1.980042 0.000000
vt -0.500000 1.937598 0.000000
vt -0.407500 1.951438 0.000000
vt -0.000000 1.952731 0.000000
vt -0.500000 1.909919 0.000000
vt -0.407500 1.923759 0.000000
vt -0.037430 1.933955 0.000000
vt -0.500000 1.882239 0.000000
vt -0.407500 1.896079 0.000000
vt -0.074920 1.915178 0.000000
vt -0.500000 1.854559 0.000000
vt -0.407500 1.868399 0.000000
vt -0.150000 1.877625 0.000000
vt -0.112450 1.896402 0.000000
vt -0.500000 1.826879 0.000000
vt -0.407500 1.840719 0.000000
vt -0.112450 1.858849 0.000000
vt -0.500000 1.799199 0.000000
vt -0.407500 1.813039 0.000000
vt -0.037430 1.821296 0.000000
vt -0.074920 1.840072 0.000000
vt -0.500000 1.771519 0.000000
vt -0.407500 1.785359 0.000000
vt -0.000000 1.802519 0.000000
vt -0.500000 1.743839 0.000000
vt -0.407500 1.757679 0.000000
vt -0.000000 1.775208 0.000000
vt -0.500000 1.716159 0.000000
vt -0.407500 1.729999 0.000000
vt -0.000000 1.747898 0.000000
vt -0.500000 1.688479 0.000000
vt -0.407500 1.702319 0.000000
vt -0.000000 1.720587 0.000000
vt -0.500000 1.660799 0.000000
vt -0.407500 1.674639 0.000000
vt -0.000000 1.693277 0.000000
vt -0.500000 1.633119 0.000000
vt -0.407500 1.646959 0.000000
vt -0.000000 1.665966 0.000000
vt -0.500000 1.605439 0.000000
vt -0.407500 1.619279 0.000000
vt -0.000000 1.638656 0.000000
vt -0.500000 1.577759 0.000000
vt -0.407500 1.591599 0.000000
vt -0.000000 1.611345 0.000000
vt -0.500000 1.550079 0.000000
vt -0.407500 1.563919 0.000000
vt -0.074920 1.573792 0.000000
vt -0.037430 1.592569 0.000000
vt -0.500000 1.522399 0.000000
vt -0.407500 1.536239 0.000000
vt -0.112450 1.555015 0.000000
vt -0.500000 1.494719 0.000000
vt -0.407500 1.508559 0.000000
vt -0.112450 1.517462 0.000000
vt -0.150000 1.536239 0.000000
vt -0.500000 1.467039 0.000000
vt -0.407500 1.480879 0.000000
vt -0.074920 1.498686 0.000000
vt -0.500000 1.439359 0.000000
vt -0.407500 1.453199 0.000000
vt -0.000000 1.461133 0.000000
vt -0.037430 1.479909 0.000000
vt -0.500000 1.411679 0.000000
vt -0.407500 1.425519 0.000000
vt -0.000000 1.433822 0.000000
vt -0.500000 1.383999 0.000000
vt -0.407500 1.397839 0.000000
vt -0.000000 1.406511 0.000000
vt -0.500000 1.356319 0.000000
vt -0.407500 1.370159 0.000000
vt -0.000000 1.379201 0.000000
vt -0.500000 1.328639 0.000000
vt -0.407500 1.342479 0.000000
vt -0.000000 1.351890 0.000000
vt -0.500000 1.300959 0.000000
vt -0.407500 1.314799 0.000000
vt -0.000000 1.324580 0.000000
vt -0.500000 1.273279 0.000000
vt -0.407500 1.287119 0.000000
vt -0.000000 1.297269 0.000000
vt -0.500000 1.245599 0.000000
vt -0.407500 1.259439 0.000000
vt -0.000000 1.269959 0.000000
vt -0.500000 1.217919 0.000000
vt -0.407500 1.231759 0.000000
vt -0.037430 1.251182 0.000000
vt -0.500000 1.190239 0.000000
vt -0.407500 1.204079 0.000000
vt -0.112450 1.213629 0.000000
vt -0.074920 1.232406 0.000000
vt -0.500000 1.162559 0.000000
vt -0.407500 1.176399 0.000000
vt -0.150000 1.194852 0.000000
vt -0.500000 1.134879 0.000000
vt -0.407500 1.148719 0.000000
vt -0.074920 1.157299 0.000000
vt -0.112450 1.176076 0.000000
vt -0.500000 1.107199 0.000000
vt -0.407500 1.121039 0.000000
vt -0.037430 1.138523 0.000000
vt -0.500000 1.079519 0.000000
vt -0.407500 1.093359 0.000000
vt -0.000000 1.119746 0.000000
vt -0.500000 1.051839 0.000000
vt -0.407500 1.065679 0.000000
vt -0.000000 1.092436 0.000000
vt -0.500000 1.024159 0.000000
vt -0.407500 1.037965 0.000000
vt -0.000000 1.065125 0.000000
vt -0.500000 0.996479 0.000000
vt -0.407500 1.010353 0.000000
vt -0.000000 1.037814 0.000000
vt -0.500000 0.968799 0.000000
vt -0.407500 0.982639 0.000000
vt -0.000000 0.983193 0.000000
vt -0.000000 1.010504 0.000000
vt -0.500000 0.941119 0.000000
vt -0.407500 0.954959 0.000000
vt -0.000000 0.955883 0.000000
vt -0.500000 0.913439 0.000000
vt -0.407500 0.927279 0.000000
vt -0.000000 0.928572 0.000000
vt -0.500000 0.885759 0.000000
vt -0.407500 0.899599 0.000000
vt -0.037430 0.909796 0.000000
vt -0.500000 0.858079 0.000000
vt -0.407500 0.871919 0.000000
vt -0.074920 0.891019 0.000000
vt -0.500000 0.830399 0.000000
vt -0.407500 0.844239 0.000000
vt -0.150000 0.853466 0.000000
vt -0.112450 0.872243 0.000000
vt -0.500000 0.802719 0.000000
vt -0.407500 0.816559 0.000000
vt -0.112450 0.834689 0.000000
vt -0.500000 0.775039 0.000000
vt -0.407500 0.788879 0.000000
vt -0.037430 0.797136 0.000000
vt -0.074920 0.815913 0.000000
vt -0.500000 0.747359 0.000000
vt -0.407500 0.761199 0.000000
vt -0.000000 0.778360 0.000000
vt -0.500000 0.719679 0.000000
vt -0.407500 0.733519 0.000000
vt -0.000000 0.751049 0.000000
vt -0.500000 0.691999 0.000000
vt -0.407500 0.705839 0.000000
vt -0.000000 0.723739 0.000000
vt -0.500000 0.664319 0.000000
vt -0.407500 0.678159 0.000000
vt -0.000000 0.696428 0.000000
vt -0.500000 0.636640 0.000000
vt -0.407500 0.650479 0.000000
vt -0.000000 0.669118 0.000000
vt -0.500000 0.608960 0.000000
vt -0.407500 0.622800 0.000000
vt -0.000000 0.641807 0.000000
vt -0.500000 0.581280 0.000000
vt -0.407500 0.595120 0.000000
vt -0.000000 0.614496 0.000000
vt -0.500000 0.553600 0.000000
vt -0.407500 0.567440 0.000000
vt -0.000000 0.587186 0.000000
vt -0.500000 0.525920 0.000000
vt -0.407500 0.539760 0.000000
vt -0.074920 0.549633 0.000000
vt -0.037430 0.568409 0.000000
vt -0.500000 0.498240 0.000000
vt -0.407500 0.512080 0.000000
vt -0.112450 0.530856 0.000000
vt -0.500000 0.470560 0.000000
vt -0.407500 0.484400 0.000000
vt -0.112450 0.493303 0.000000
vt -0.150000 0.512080 0.000000
vt -0.112450 0.151917 0.000000
vt -0.074920 0.208246 0.000000
vt 0.100962 1.325269 0.000000
vt 0.100962 1.351469 0.000000
vt -0.100962 1.332768 0.000000
vt 0.078677 1.352212 0.000000
vt 0.055634 1.352927 0.000000
vt 0.031793 1.353617 0.000000
vt 0.007113 1.354283 0.000000
vt -0.018453 1.354926 0.000000
vt -0.031582 1.355239 0.000000
vt -0.044952 1.355546 0.000000
vt -0.058567 1.355849 0.000000
vt -0.072436 1.356147 0.000000
vt -0.086565 1.356439 0.000000
vt -0.100962 1.356727 0.000000
vt -0.100962 1.308808 0.000000
vt 0.100962 1.299069 0.000000
vt -0.100962 1.284848 0.000000
vt 0.100962 1.272869 0.000000
vt -0.100962 1.260889 0.000000
vt 0.100962 1.246668 0.000000
vt -0.100962 1.236929 0.000000
vt 0.100962 1.220468 0.000000
vt -0.100962 1.212970 0.000000
vt 0.100962 1.194268 0.000000
vt -0.100962 1.189010 0.000000
vt -0.072436 1.189591 0.000000
vt -0.086565 1.189298 0.000000
vt -0.058567 1.189888 0.000000
vt -0.044952 1.190191 0.000000
vt -0.031582 1.190499 0.000000
vt -0.018453 1.190812 0.000000
vt 0.007113 1.191454 0.000000
vt 0.031793 1.192120 0.000000
vt 0.055634 1.192810 0.000000
vt 0.078677 1.193525 0.000000
vt 0.100962 1.624768 0.000000
vt 0.100962 1.650968 0.000000
vt -0.100962 1.632266 0.000000
vt 0.078677 1.651710 0.000000
vt 0.055634 1.652426 0.000000
vt 0.031793 1.653116 0.000000
vt 0.007113 1.653781 0.000000
vt -0.018453 1.654424 0.000000
vt -0.031582 1.654737 0.000000
vt -0.044952 1.655045 0.000000
vt -0.058567 1.655348 0.000000
vt -0.072436 1.655645 0.000000
vt -0.086565 1.655938 0.000000
vt -0.100962 1.656226 0.000000
vt -0.100962 1.608306 0.000000
vt 0.100962 1.598567 0.000000
vt -0.100962 1.584347 0.000000
vt 0.100962 1.572367 0.000000
vt -0.100962 1.560387 0.000000
vt 0.100962 1.546167 0.000000
vt -0.100962 1.536428 0.000000
vt 0.100962 1.519967 0.000000
vt -0.100962 1.512468 0.000000
vt 0.100962 1.493767 0.000000
vt -0.100962 1.488509 0.000000
vt -0.072436 1.489089 0.000000
vt -0.086565 1.488796 0.000000
vt -0.058567 1.489387 0.000000
vt -0.044952 1.489689 0.000000
vt -0.031582 1.489997 0.000000
vt -0.018453 1.490310 0.000000
vt 0.007113 1.490953 0.000000
vt 0.031793 1.491619 0.000000
vt 0.055634 1.492308 0.000000
vt 0.078677 1.493024 0.000000
vt -0.086565 0.889799 0.000000
vt -0.072436 0.890092 0.000000
vt -0.100962 0.889512 0.000000
vt 0.100962 0.894770 0.000000
vt -0.100962 0.913471 0.000000
vt 0.100962 0.920970 0.000000
vt -0.100962 0.937431 0.000000
vt 0.100962 0.947170 0.000000
vt -0.100962 0.961390 0.000000
vt 0.100962 0.973370 0.000000
vt -0.100962 0.985350 0.000000
vt 0.100962 0.999570 0.000000
vt -0.100962 1.009309 0.000000
vt 0.100962 1.025771 0.000000
vt -0.100962 1.033269 0.000000
vt 0.100962 1.051971 0.000000
vt 0.078677 1.052713 0.000000
vt -0.058567 0.890390 0.000000
vt -0.044952 0.890692 0.000000
vt -0.031582 0.891000 0.000000
vt -0.018453 0.891313 0.000000
vt 0.007113 0.891956 0.000000
vt 0.031793 0.892622 0.000000
vt 0.055634 0.893311 0.000000
vt 0.078677 0.894027 0.000000
vt 0.055634 1.053429 0.000000
vt 0.031793 1.054119 0.000000
vt 0.007113 1.054784 0.000000
vt -0.018453 1.055427 0.000000
vt -0.031582 1.055740 0.000000
vt -0.044952 1.056048 0.000000
vt -0.058567 1.056351 0.000000
vt -0.072436 1.056648 0.000000
vt -0.086565 1.056941 0.000000
vt -0.100962 1.057229 0.000000
vt -0.086565 0.590301 0.000000
vt -0.072436 0.590594 0.000000
vt -0.100962 0.590013 0.000000
vt 0.100962 0.595271 0.000000
vt -0.100962 0.613973 0.000000
vt 0.100962 0.621471 0.000000
vt -0.100962 0.637932 0.000000
vt 0.100962 0.647671 0.000000
vt -0.100962 0.661892 0.000000
vt 0.100962 0.673872 0.000000
vt -0.100962 0.685851 0.000000
vt 0.100962 0.700072 0.000000
vt -0.100962 0.709811 0.000000
vt 0.100962 0.726272 0.000000
vt -0.100962 0.733771 0.000000
vt 0.100962 0.752472 0.000000
vt 0.078677 0.753215 0.000000
vt -0.058567 0.590891 0.000000
vt -0.044952 0.591194 0.000000
vt -0.031582 0.591502 0.000000
vt -0.018453 0.591815 0.000000
vt 0.007113 0.592457 0.000000
vt 0.031793 0.593123 0.000000
vt 0.055634 0.593813 0.000000
vt 0.078677 0.594528 0.000000
vt 0.055634 0.753930 0.000000
vt 0.031793 0.754620 0.000000
vt 0.007113 0.755286 0.000000
vt -0.018453 0.755929 0.000000
vt -0.031582 0.756242 0.000000
vt -0.044952 0.756549 0.000000
vt -0.058567 0.756852 0.000000
vt -0.072436 0.757150 0.000000
vt -0.086565 0.757442 0.000000
vt -0.100962 0.757730 0.000000
vt 0.100962 1.924266 0.000000
vt 0.100962 1.950466 0.000000
vt -0.100962 1.931765 0.000000
vt 0.078677 1.951209 0.000000
vt 0.055634 1.951924 0.000000
vt 0.031793 1.952614 0.000000
vt 0.007113 1.953280 0.000000
vt -0.018453 1.953923 0.000000
vt -0.031582 1.954236 0.000000
vt -0.044952 1.954543 0.000000
vt -0.058567 1.954846 0.000000
vt -0.072436 1.955144 0.000000
vt -0.086565 1.955436 0.000000
vt -0.100962 1.955724 0.000000
vt -0.100962 1.907805 0.000000
vt 0.100962 1.898066 0.000000
vt -0.100962 1.883845 0.000000
vt 0.100962 1.871866 0.000000
vt -0.100962 1.859886 0.000000
vt 0.100962 1.845665 0.000000
vt -0.100962 1.835926 0.000000
vt 0.100962 1.819465 0.000000
vt -0.100962 1.811967 0.000000
vt 0.100962 1.793265 0.000000
vt -0.100962 1.788007 0.000000
vt -0.072436 1.788588 0.000000
vt -0.086565 1.788295 0.000000
vt -0.058567 1.788885 0.000000
vt -0.044952 1.789188 0.000000
vt -0.031582 1.789496 0.000000
vt -0.018453 1.789809 0.000000
vt 0.007113 1.790451 0.000000
vt 0.031793 1.791117 0.000000
vt 0.055634 1.791807 0.000000
vt 0.078677 1.792522 0.000000
vt 0.100962 -2.268713 0.000000
vt 0.100962 -2.242513 0.000000
vt -0.100962 -2.261214 0.000000
vt 0.078677 -2.241770 0.000000
vt 0.055634 -2.241055 0.000000
vt 0.031793 -2.240365 0.000000
vt 0.007113 -2.239699 0.000000
vt -0.018453 -2.239056 0.000000
vt -0.031582 -2.238743 0.000000
vt -0.044952 -2.238435 0.000000
vt -0.058567 -2.238133 0.000000
vt -0.072436 -2.237835 0.000000
vt -0.086565 -2.237543 0.000000
vt -0.100962 -2.237255 0.000000
vt -0.100962 -2.285174 0.000000
vt 0.100962 -2.294913 0.000000
vt -0.100962 -2.309134 0.000000
vt 0.100962 -2.321113 0.000000
vt -0.100962 -2.333093 0.000000
vt 0.100962 -2.347314 0.000000
vt -0.100962 -2.357053 0.000000
vt 0.100962 -2.373514 0.000000
vt -0.100962 -2.381012 0.000000
vt 0.100962 -2.399714 0.000000
vt -0.100962 -2.404972 0.000000
vt -0.072436 -2.404391 0.000000
vt -0.086565 -2.404684 0.000000
vt -0.058567 -2.404094 0.000000
vt -0.044952 -2.403791 0.000000
vt -0.031582 -2.403483 0.000000
vt -0.018453 -2.403170 0.000000
vt 0.007113 -2.402528 0.000000
vt 0.031793 -2.401862 0.000000
vt 0.055634 -2.401172 0.000000
vt 0.078677 -2.400457 0.000000
vt -0.086565 0.290802 0.000000
vt -0.072436 0.291095 0.000000
vt -0.100962 0.290515 0.000000
vt 0.100962 0.295773 0.000000
vt -0.100962 0.314474 0.000000
vt 0.100962 0.321973 0.000000
vt -0.100962 0.338434 0.000000
vt 0.100962 0.348173 0.000000
vt -0.100962 0.362393 0.000000
vt 0.100962 0.374373 0.000000
vt -0.100962 0.386353 0.000000
vt 0.100962 0.400573 0.000000
vt -0.100962 0.410312 0.000000
vt 0.100962 0.426774 0.000000
vt -0.100962 0.434272 0.000000
vt 0.100962 0.452974 0.000000
vt 0.078677 0.453716 0.000000
vt -0.058567 0.291393 0.000000
vt -0.044952 0.291695 0.000000
vt -0.031582 0.292003 0.000000
vt -0.018453 0.292316 0.000000
vt 0.007113 0.292959 0.000000
vt 0.031793 0.293625 0.000000
vt 0.055634 0.294314 0.000000
vt 0.078677 0.295030 0.000000
vt 0.055634 0.454432 0.000000
vt 0.031793 0.455122 0.000000
vt 0.007113 0.455787 0.000000
vt -0.018453 0.456430 0.000000
vt -0.031582 0.456743 0.000000
vt -0.044952 0.457051 0.000000
vt -0.058567 0.457354 0.000000
vt -0.072436 0.457651 0.000000
vt -0.086565 0.457944 0.000000
vt -0.100962 0.458232 0.000000
vt 0.100962 -1.969214 0.000000
vt 0.100962 -1.943014 0.000000
vt -0.100962 -1.961716 0.000000
vt 0.078677 -1.942272 0.000000
vt 0.055634 -1.941556 0.000000
vt 0.031793 -1.940866 0.000000
vt 0.007113 -1.940201 0.000000
vt -0.018453 -1.939558 0.000000
vt -0.031582 -1.939245 0.000000
vt -0.044952 -1.938937 0.000000
vt -0.058567 -1.938634 0.000000
vt -0.072436 -1.938337 0.000000
vt -0.086565 -1.938044 0.000000
vt -0.100962 -1.937756 0.000000
vt -0.100962 -1.985676 0.000000
vt 0.100962 -1.995415 0.000000
vt -0.100962 -2.009635 0.000000
vt 0.100962 -2.021615 0.000000
vt -0.100962 -2.033595 0.000000
vt 0.100962 -2.047815 0.000000
vt -0.100962 -2.057554 0.000000
vt 0.100962 -2.074015 0.000000
vt -0.100962 -2.081514 0.000000
vt 0.100962 -2.100215 0.000000
vt -0.100962 -2.105473 0.000000
vt -0.072436 -2.104893 0.000000
vt -0.086565 -2.105186 0.000000
vt -0.058567 -2.104595 0.000000
vt -0.044952 -2.104293 0.000000
vt -0.031582 -2.103985 0.000000
vt -0.018453 -2.103672 0.000000
vt 0.007113 -2.103029 0.000000
vt 0.031793 -2.102363 0.000000
vt 0.055634 -2.101674 0.000000
vt 0.078677 -2.100958 0.000000
vt -0.086565 -0.008696 0.000000
vt -0.072436 -0.008403 0.000000
vt -0.100962 -0.008984 0.000000
vt 0.100962 -0.003726 0.000000
vt -0.100962 0.014976 0.000000
vt 0.100962 0.022474 0.000000
vt -0.100962 0.038935 0.000000
vt 0.100962 0.048674 0.000000
vt -0.100962 0.062895 0.000000
vt 0.100962 0.074875 0.000000
vt -0.100962 0.086854 0.000000
vt 0.100962 0.101075 0.000000
vt -0.100962 0.110814 0.000000
vt 0.100962 0.127275 0.000000
vt -0.100962 0.134774 0.000000
vt 0.100962 0.153475 0.000000
vt 0.078677 0.154218 0.000000
vt -0.058567 -0.008106 0.000000
vt -0.044952 -0.007803 0.000000
vt -0.031582 -0.007495 0.000000
vt -0.018453 -0.007182 0.000000
vt 0.007113 -0.006540 0.000000
vt 0.031793 -0.005874 0.000000
vt 0.055634 -0.005184 0.000000
vt 0.078677 -0.004469 0.000000
vt 0.055634 0.154933 0.000000
vt 0.031793 0.155623 0.000000
vt 0.007113 0.156289 0.000000
vt -0.018453 0.156932 0.000000
vt -0.031582 0.157245 0.000000
vt -0.044952 0.157552 0.000000
vt -0.058567 0.157855 0.000000
vt -0.072436 0.158153 0.000000
vt -0.086565 0.158445 0.000000
vt -0.100962 0.158733 0.000000
vt 0.100962 -1.669716 0.000000
vt 0.100962 -1.643516 0.000000
vt -0.100962 -1.662217 0.000000
vt 0.078677 -1.642773 0.000000
vt 0.055634 -1.642058 0.000000
vt 0.031793 -1.641368 0.000000
vt 0.007113 -1.640702 0.000000
vt -0.018453 -1.640059 0.000000
vt -0.031582 -1.639746 0.000000
vt -0.044952 -1.639439 0.000000
vt -0.058567 -1.639136 0.000000
vt -0.072436 -1.638838 0.000000
vt -0.086565 -1.638546 0.000000
vt -0.100962 -1.638258 0.000000
vt -0.100962 -1.686177 0.000000
vt 0.100962 -1.695916 0.000000
vt -0.100962 -1.710137 0.000000
vt 0.100962 -1.722116 0.000000
vt -0.100962 -1.734096 0.000000
vt 0.100962 -1.748317 0.000000
vt -0.100962 -1.758056 0.000000
vt 0.100962 -1.774517 0.000000
vt -0.100962 -1.782015 0.000000
vt 0.100962 -1.800717 0.000000
vt -0.100962 -1.805975 0.000000
vt -0.072436 -1.805394 0.000000
vt -0.086565 -1.805687 0.000000
vt -0.058567 -1.805097 0.000000
vt -0.044952 -1.804794 0.000000
vt -0.031582 -1.804486 0.000000
vt -0.018453 -1.804173 0.000000
vt 0.007113 -1.803531 0.000000
vt 0.031793 -1.802865 0.000000
vt 0.055634 -1.802175 0.000000
vt 0.078677 -1.801460 0.000000
vt -0.086565 -0.607693 0.000000
vt -0.072436 -0.607400 0.000000
vt -0.100962 -0.607981 0.000000
vt 0.100962 -0.602723 0.000000
vt -0.100962 -0.584021 0.000000
vt 0.100962 -0.576523 0.000000
vt -0.100962 -0.560062 0.000000
vt 0.100962 -0.550323 0.000000
vt -0.100962 -0.536102 0.000000
vt 0.100962 -0.524122 0.000000
vt -0.100962 -0.512143 0.000000
vt 0.100962 -0.497922 0.000000
vt -0.100962 -0.488183 0.000000
vt 0.100962 -0.471722 0.000000
vt -0.100962 -0.464223 0.000000
vt 0.100962 -0.445522 0.000000
vt 0.078677 -0.444779 0.000000
vt -0.058567 -0.607103 0.000000
vt -0.044952 -0.606800 0.000000
vt -0.031582 -0.606492 0.000000
vt -0.018453 -0.606179 0.000000
vt 0.007113 -0.605537 0.000000
vt 0.031793 -0.604871 0.000000
vt 0.055634 -0.604181 0.000000
vt 0.078677 -0.603466 0.000000
vt 0.055634 -0.444064 0.000000
vt 0.031793 -0.443374 0.000000
vt 0.007113 -0.442708 0.000000
vt -0.018453 -0.442065 0.000000
vt -0.031582 -0.441752 0.000000
vt -0.044952 -0.441445 0.000000
vt -0.058567 -0.441142 0.000000
vt -0.072436 -0.440844 0.000000
vt -0.086565 -0.440552 0.000000
vt -0.100962 -0.440264 0.000000
vt -0.086565 -0.308195 0.000000
vt -0.072436 -0.307902 0.000000
vt -0.100962 -0.308482 0.000000
vt 0.100962 -0.303224 0.000000
vt -0.100962 -0.284523 0.000000
vt 0.100962 -0.277024 0.000000
vt -0.100962 -0.260563 0.000000
vt 0.100962 -0.250824 0.000000
vt -0.100962 -0.236604 0.000000
vt 0.100962 -0.224624 0.000000
vt -0.100962 -0.212644 0.000000
vt 0.100962 -0.198424 0.000000
vt -0.100962 -0.188685 0.000000
vt 0.100962 -0.172223 0.000000
vt -0.100962 -0.164725 0.000000
vt 0.100962 -0.146023 0.000000
vt 0.078677 -0.145281 0.000000
vt -0.058567 -0.307604 0.000000
vt -0.044952 -0.307302 0.000000
vt -0.031582 -0.306994 0.000000
vt -0.018453 -0.306681 0.000000
vt 0.007113 -0.306038 0.000000
vt 0.031793 -0.305372 0.000000
vt 0.055634 -0.304683 0.000000
vt 0.078677 -0.303967 0.000000
vt 0.055634 -0.144565 0.000000
vt 0.031793 -0.143875 0.000000
vt 0.007113 -0.143210 0.000000
vt -0.018453 -0.142567 0.000000
vt -0.031582 -0.142254 0.000000
vt -0.044952 -0.141946 0.000000
vt -0.058567 -0.141643 0.000000
vt -0.072436 -0.141346 0.000000
vt -0.086565 -0.141053 0.000000
vt -0.100962 -0.140765 0.000000
vt 0.100962 -1.370217 0.000000
vt 0.100962 -1.344017 0.000000
vt -0.100962 -1.362719 0.000000
vt 0.078677 -1.343275 0.000000
vt 0.055634 -1.342559 0.000000
vt 0.031793 -1.341869 0.000000
vt 0.007113 -1.341204 0.000000
vt -0.018453 -1.340561 0.000000
vt -0.031582 -1.340248 0.000000
vt -0.044952 -1.339940 0.000000
vt -0.058567 -1.339637 0.000000
vt -0.072436 -1.339340 0.000000
vt -0.086565 -1.339047 0.000000
vt -0.100962 -1.338759 0.000000
vt -0.100962 -1.386679 0.000000
vt 0.100962 -1.396418 0.000000
vt -0.100962 -1.410638 0.000000
vt 0.100962 -1.422618 0.000000
vt -0.100962 -1.434598 0.000000
vt 0.100962 -1.448818 0.000000
vt -0.100962 -1.458557 0.000000
vt 0.100962 -1.475018 0.000000
vt -0.100962 -1.482517 0.000000
vt 0.100962 -1.501218 0.000000
vt -0.100962 -1.506476 0.000000
vt -0.072436 -1.505896 0.000000
vt -0.086565 -1.506189 0.000000
vt -0.058567 -1.505598 0.000000
vt -0.044952 -1.505296 0.000000
vt -0.031582 -1.504988 0.000000
vt -0.018453 -1.504675 0.000000
vt 0.007113 -1.504032 0.000000
vt 0.031793 -1.503366 0.000000
vt 0.055634 -1.502677 0.000000
vt 0.078677 -1.501961 0.000000
vt 0.100962 -0.771220 0.000000
vt 0.100962 -0.745020 0.000000
vt -0.100962 -0.763722 0.000000
vt 0.078677 -0.744278 0.000000
vt 0.055634 -0.743562 0.000000
vt 0.031793 -0.742872 0.000000
vt 0.007113 -0.742207 0.000000
vt -0.018453 -0.741564 0.000000
vt -0.031582 -0.741251 0.000000
vt -0.044952 -0.740943 0.000000
vt -0.058567 -0.740640 0.000000
vt -0.072436 -0.740343 0.000000
vt -0.086565 -0.740050 0.000000
vt -0.100962 -0.739762 0.000000
vt -0.100962 -0.787682 0.000000
vt 0.100962 -0.797421 0.000000
vt -0.100962 -0.811641 0.000000
vt 0.100962 -0.823621 0.000000
vt -0.100962 -0.835601 0.000000
vt 0.100962 -0.849821 0.000000
vt -0.100962 -0.859560 0.000000
vt 0.100962 -0.876021 0.000000
vt -0.100962 -0.883520 0.000000
vt 0.100962 -0.902221 0.000000
vt -0.100962 -0.907479 0.000000
vt -0.072436 -0.906899 0.000000
vt -0.086565 -0.907192 0.000000
vt -0.058567 -0.906601 0.000000
vt -0.044952 -0.906299 0.000000
vt -0.031582 -0.905991 0.000000
vt -0.018453 -0.905678 0.000000
vt 0.007113 -0.905035 0.000000
vt 0.031793 -0.904369 0.000000
vt 0.055634 -0.903680 0.000000
vt 0.078677 -0.902964 0.000000
vt 0.033083 1.132701 0.000000
vt 0.017047 1.128185 0.000000
vt 0.033083 1.109169 0.000000
vt 0.000680 1.123764 0.000000
vt -0.016027 1.119436 0.000000
vt -0.033083 1.115198 0.000000
vt -0.033083 1.093579 0.000000
vt 0.033083 1.085637 0.000000
vt -0.033083 1.071959 0.000000
vt 0.033083 1.062105 0.000000
vt -0.033083 1.050339 0.000000
vt 0.033083 1.038573 0.000000
vt -0.033083 1.028719 0.000000
vt 0.033083 1.015041 0.000000
vt -0.033083 1.007100 0.000000
vt 0.033083 0.991509 0.000000
vt -0.033083 0.985480 0.000000
vt -0.016027 0.981242 0.000000
vt 0.000680 0.976914 0.000000
vt 0.017047 0.972494 0.000000
vt 0.033083 0.967978 0.000000
vt 0.033083 1.379839 0.000000
vt 0.017047 1.375323 0.000000
vt 0.033083 1.356307 0.000000
vt 0.000680 1.370903 0.000000
vt -0.016027 1.366575 0.000000
vt -0.033083 1.362337 0.000000
vt -0.033083 1.340717 0.000000
vt 0.033083 1.332776 0.000000
vt -0.033083 1.319098 0.000000
vt 0.033083 1.309244 0.000000
vt -0.033083 1.297478 0.000000
vt 0.033083 1.285712 0.000000
vt -0.033083 1.275858 0.000000
vt 0.033083 1.262180 0.000000
vt -0.033083 1.254238 0.000000
vt 0.033083 1.238648 0.000000
vt -0.033083 1.232619 0.000000
vt -0.016027 1.228381 0.000000
vt 0.000680 1.224053 0.000000
vt 0.017047 1.219632 0.000000
vt 0.033083 1.215116 0.000000
vt -0.033083 0.759961 0.000000
vt -0.033083 0.738341 0.000000
vt 0.033083 0.744371 0.000000
vt -0.016027 0.734103 0.000000
vt 0.000680 0.729776 0.000000
vt 0.017047 0.725355 0.000000
vt 0.033083 0.720839 0.000000
vt 0.033083 0.767903 0.000000
vt -0.033083 0.781581 0.000000
vt 0.033083 0.791435 0.000000
vt -0.033083 0.803201 0.000000
vt 0.033083 0.814966 0.000000
vt -0.033083 0.824820 0.000000
vt 0.033083 0.838498 0.000000
vt -0.033083 0.846440 0.000000
vt 0.033083 0.862030 0.000000
vt -0.033083 0.868060 0.000000
vt -0.016027 0.872298 0.000000
vt 0.000680 0.876625 0.000000
vt 0.017047 0.881046 0.000000
vt 0.033083 0.885562 0.000000
vt -0.033083 0.512822 0.000000
vt -0.033083 0.491203 0.000000
vt 0.033083 0.497232 0.000000
vt -0.016027 0.486965 0.000000
vt 0.000680 0.482637 0.000000
vt 0.017047 0.478216 0.000000
vt 0.033083 0.473700 0.000000
vt 0.033083 0.520764 0.000000
vt -0.033083 0.534442 0.000000
vt 0.033083 0.544296 0.000000
vt -0.033083 0.556062 0.000000
vt 0.033083 0.567828 0.000000
vt -0.033083 0.577682 0.000000
vt 0.033083 0.591360 0.000000
vt -0.033083 0.599301 0.000000
vt 0.033083 0.614892 0.000000
vt -0.033083 0.620921 0.000000
vt -0.016027 0.625159 0.000000
vt 0.000680 0.629487 0.000000
vt 0.017047 0.633907 0.000000
vt 0.033083 0.638423 0.000000
vt 0.033083 1.626978 0.000000
vt 0.017047 1.622462 0.000000
vt 0.033083 1.603446 0.000000
vt 0.000680 1.618041 0.000000
vt -0.016027 1.613713 0.000000
vt -0.033083 1.609476 0.000000
vt -0.033083 1.587856 0.000000
vt 0.033083 1.579914 0.000000
vt -0.033083 1.566236 0.000000
vt 0.033083 1.556382 0.000000
vt -0.033083 1.544616 0.000000
vt 0.033083 1.532850 0.000000
vt -0.033083 1.522997 0.000000
vt 0.033083 1.509319 0.000000
vt -0.033083 1.501377 0.000000
vt 0.033083 1.485787 0.000000
vt -0.033083 1.479757 0.000000
vt -0.016027 1.475519 0.000000
vt 0.000680 1.471191 0.000000
vt 0.017047 1.466771 0.000000
vt 0.033083 1.462255 0.000000
vt 0.033083 -1.832963 0.000000
vt 0.017047 -1.837479 0.000000
vt 0.033083 -1.856495 0.000000
vt 0.000680 -1.841899 0.000000
vt -0.016027 -1.846227 0.000000
vt -0.033083 -1.850465 0.000000
vt -0.033083 -1.872085 0.000000
vt 0.033083 -1.880026 0.000000
vt -0.033083 -1.893705 0.000000
vt 0.033083 -1.903558 0.000000
vt -0.033083 -1.915324 0.000000
vt 0.033083 -1.927090 0.000000
vt -0.033083 -1.936944 0.000000
vt 0.033083 -1.950622 0.000000
vt -0.033083 -1.958564 0.000000
vt 0.033083 -1.974154 0.000000
vt -0.033083 -1.980184 0.000000
vt -0.016027 -1.984421 0.000000
vt 0.000680 -1.988749 0.000000
vt 0.017047 -1.993170 0.000000
vt 0.033083 -1.997686 0.000000
vt -0.033083 0.265684 0.000000
vt -0.033083 0.244064 0.000000
vt 0.033083 0.250094 0.000000
vt -0.016027 0.239826 0.000000
vt 0.000680 0.235498 0.000000
vt 0.017047 0.231078 0.000000
vt 0.033083 0.226562 0.000000
vt 0.033083 0.273625 0.000000
vt -0.033083 0.287304 0.000000
vt 0.033083 0.297157 0.000000
vt -0.033083 0.308923 0.000000
vt 0.033083 0.320689 0.000000
vt -0.033083 0.330543 0.000000
vt 0.033083 0.344221 0.000000
vt -0.033083 0.352163 0.000000
vt 0.033083 0.367753 0.000000
vt -0.033083 0.373783 0.000000
vt -0.016027 0.378020 0.000000
vt 0.000680 0.382348 0.000000
vt 0.017047 0.386769 0.000000
vt 0.033083 0.391285 0.000000
vt 0.033083 -1.585824 0.000000
vt 0.017047 -1.590340 0.000000
vt 0.033083 -1.609356 0.000000
vt 0.000680 -1.594761 0.000000
vt -0.016027 -1.599089 0.000000
vt -0.033083 -1.603326 0.000000
vt -0.033083 -1.624946 0.000000
vt 0.033083 -1.632888 0.000000
vt -0.033083 -1.646566 0.000000
vt 0.033083 -1.656420 0.000000
vt -0.033083 -1.668186 0.000000
vt 0.033083 -1.679952 0.000000
vt -0.033083 -1.689805 0.000000
vt 0.033083 -1.703484 0.000000
vt -0.033083 -1.711425 0.000000
vt 0.033083 -1.727015 0.000000
vt -0.033083 -1.733045 0.000000
vt -0.016027 -1.737283 0.000000
vt 0.000680 -1.741611 0.000000
vt 0.017047 -1.746031 0.000000
vt 0.033083 -1.750547 0.000000
vt -0.033083 0.018545 0.000000
vt -0.033083 -0.003075 0.000000
vt 0.033083 0.002955 0.000000
vt -0.016027 -0.007312 0.000000
vt 0.000680 -0.011640 0.000000
vt 0.017047 -0.016061 0.000000
vt 0.033083 -0.020577 0.000000
vt 0.033083 0.026487 0.000000
vt -0.033083 0.040165 0.000000
vt 0.033083 0.050019 0.000000
vt -0.033083 0.061785 0.000000
vt 0.033083 0.073551 0.000000
vt -0.033083 0.083404 0.000000
vt 0.033083 0.097082 0.000000
vt -0.033083 0.105024 0.000000
vt 0.033083 0.120614 0.000000
vt -0.033083 0.126644 0.000000
vt -0.016027 0.130882 0.000000
vt 0.000680 0.135210 0.000000
vt 0.017047 0.139630 0.000000
vt 0.033083 0.144146 0.000000
vt 0.033083 -1.338685 0.000000
vt 0.017047 -1.343202 0.000000
vt 0.033083 -1.362217 0.000000
vt 0.000680 -1.347622 0.000000
vt -0.016027 -1.351950 0.000000
vt -0.033083 -1.356188 0.000000
vt -0.033083 -1.377808 0.000000
vt 0.033083 -1.385749 0.000000
vt -0.033083 -1.399427 0.000000
vt 0.033083 -1.409281 0.000000
vt -0.033083 -1.421047 0.000000
vt 0.033083 -1.432813 0.000000
vt -0.033083 -1.442667 0.000000
vt 0.033083 -1.456345 0.000000
vt -0.033083 -1.464287 0.000000
vt 0.033083 -1.479877 0.000000
vt -0.033083 -1.485906 0.000000
vt -0.016027 -1.490144 0.000000
vt 0.000680 -1.494472 0.000000
vt 0.017047 -1.498893 0.000000
vt 0.033083 -1.503409 0.000000
vt -0.033083 -0.475732 0.000000
vt -0.033083 -0.497352 0.000000
vt 0.033083 -0.491322 0.000000
vt -0.016027 -0.501590 0.000000
vt 0.000680 -0.505918 0.000000
vt 0.017047 -0.510338 0.000000
vt 0.033083 -0.514854 0.000000
vt 0.033083 -0.467790 0.000000
vt -0.033083 -0.454112 0.000000
vt 0.033083 -0.444259 0.000000
vt -0.033083 -0.432493 0.000000
vt 0.033083 -0.420727 0.000000
vt -0.033083 -0.410873 0.000000
vt 0.033083 -0.397195 0.000000
vt -0.033083 -0.389253 0.000000
vt 0.033083 -0.373663 0.000000
vt -0.033083 -0.367633 0.000000
vt -0.016027 -0.363395 0.000000
vt 0.000680 -0.359068 0.000000
vt 0.017047 -0.354647 0.000000
vt 0.033083 -0.350131 0.000000
vt -0.033083 -0.228593 0.000000
vt -0.033083 -0.250213 0.000000
vt 0.033083 -0.244184 0.000000
vt -0.016027 -0.254451 0.000000
vt 0.000680 -0.258779 0.000000
vt 0.017047 -0.263199 0.000000
vt 0.033083 -0.267716 0.000000
vt 0.033083 -0.220652 0.000000
vt -0.033083 -0.206974 0.000000
vt 0.033083 -0.197120 0.000000
vt -0.033083 -0.185354 0.000000
vt 0.033083 -0.173588 0.000000
vt -0.033083 -0.163734 0.000000
vt 0.033083 -0.150056 0.000000
vt -0.033083 -0.142114 0.000000
vt 0.033083 -0.126524 0.000000
vt -0.033083 -0.120495 0.000000
vt -0.016027 -0.116257 0.000000
vt 0.000680 -0.111929 0.000000
vt 0.017047 -0.107509 0.000000
vt 0.033083 -0.102992 0.000000
vt 0.033083 -1.091547 0.000000
vt 0.017047 -1.096063 0.000000
vt 0.033083 -1.115079 0.000000
vt 0.000680 -1.100484 0.000000
vt -0.016027 -1.104811 0.000000
vt -0.033083 -1.109049 0.000000
vt -0.033083 -1.130669 0.000000
vt 0.033083 -1.138611 0.000000
vt -0.033083 -1.152289 0.000000
vt 0.033083 -1.162143 0.000000
vt -0.033083 -1.173908 0.000000
vt 0.033083 -1.185674 0.000000
vt -0.033083 -1.195528 0.000000
vt 0.033083 -1.209206 0.000000
vt -0.033083 -1.217148 0.000000
vt 0.033083 -1.232738 0.000000
vt -0.033083 -1.238768 0.000000
vt -0.016027 -1.243006 0.000000
vt 0.000680 -1.247333 0.000000
vt 0.017047 -1.251754 0.000000
vt 0.033083 -1.256270 0.000000
vt 0.033083 -0.597270 0.000000
vt 0.017047 -0.601786 0.000000
vt 0.033083 -0.620802 0.000000
vt 0.000680 -0.606206 0.000000
vt -0.016027 -0.610534 0.000000
vt -0.033083 -0.614772 0.000000
vt -0.033083 -0.636392 0.000000
vt 0.033083 -0.644333 0.000000
vt -0.033083 -0.658011 0.000000
vt 0.033083 -0.667865 0.000000
vt -0.033083 -0.679631 0.000000
vt 0.033083 -0.691397 0.000000
vt -0.033083 -0.701251 0.000000
vt 0.033083 -0.714929 0.000000
vt -0.033083 -0.722871 0.000000
vt 0.033083 -0.738461 0.000000
vt -0.033083 -0.744490 0.000000
vt -0.016027 -0.748728 0.000000
vt 0.000680 -0.753056 0.000000
vt 0.017047 -0.757477 0.000000
vt 0.033083 -0.761993 0.000000
vt 0.096071 0.426289 0.000000
vt -0.100074 0.427027 0.000000
vt 0.100074 0.425546 0.000000
vt -0.100074 0.416932 0.000000
vt 0.100074 0.413073 0.000000
vt -0.100074 0.406836 0.000000
vt 0.100074 0.400600 0.000000
vt -0.100074 0.396741 0.000000
vt 0.100074 0.388127 0.000000
vt -0.100074 0.386645 0.000000
vt 0.096071 0.387383 0.000000
vt 0.091687 0.386643 0.000000
vt 0.086865 0.385905 0.000000
vt 0.081537 0.385169 0.000000
vt 0.075619 0.384437 0.000000
vt 0.069007 0.383706 0.000000
vt 0.061570 0.382979 0.000000
vt 0.057494 0.382616 0.000000
vt 0.053146 0.382254 0.000000
vt 0.048500 0.381893 0.000000
vt 0.043524 0.381532 0.000000
vt 0.038181 0.381172 0.000000
vt -0.100074 0.376550 0.000000
vt -0.036428 0.377960 0.000000
vt -0.042805 0.377783 0.000000
vt -0.049555 0.377607 0.000000
vt -0.056710 0.377430 0.000000
vt -0.064308 0.377254 0.000000
vt -0.072392 0.377077 0.000000
vt -0.090216 0.376725 0.000000
vt -0.081010 0.376901 0.000000
vt 0.091687 0.427030 0.000000
vt 0.086865 0.427768 0.000000
vt 0.081537 0.428503 0.000000
vt 0.075619 0.429236 0.000000
vt 0.069007 0.429966 0.000000
vt 0.061570 0.430693 0.000000
vt 0.057494 0.431056 0.000000
vt 0.053146 0.431418 0.000000
vt 0.048500 0.431780 0.000000
vt 0.043524 0.432140 0.000000
vt 0.038181 0.432500 0.000000
vt 0.032429 0.432860 0.000000
vt 0.026219 0.433219 0.000000
vt 0.019494 0.433577 0.000000
vt 0.012188 0.433934 0.000000
vt 0.004221 0.434291 0.000000
vt -0.004499 0.434647 0.000000
vt -0.014085 0.435003 0.000000
vt -0.019244 0.435181 0.000000
vt -0.024673 0.435358 0.000000
vt -0.030393 0.435535 0.000000
vt -0.036428 0.435712 0.000000
vt -0.042805 0.435889 0.000000
vt -0.049555 0.436066 0.000000
vt -0.056710 0.436242 0.000000
vt -0.064308 0.436419 0.000000
vt -0.072392 0.436595 0.000000
vt -0.081010 0.436771 0.000000
vt -0.090216 0.436947 0.000000
vt -0.100074 0.437123 0.000000
vt -0.030393 0.378137 0.000000
vt -0.024673 0.378315 0.000000
vt -0.019244 0.378492 0.000000
vt -0.014085 0.378669 0.000000
vt 0.032429 0.380813 0.000000
vt 0.026219 0.380454 0.000000
vt 0.019494 0.380096 0.000000
vt 0.012188 0.379738 0.000000
vt 0.004221 0.379381 0.000000
vt -0.004499 0.379025 0.000000
vt -0.090216 0.221740 0.000000
vt -0.072392 0.222092 0.000000
vt -0.100074 0.221564 0.000000
vt -0.064308 0.222268 0.000000
vt -0.056710 0.222445 0.000000
vt -0.081010 0.221916 0.000000
vt -0.049555 0.222621 0.000000
vt -0.042805 0.222798 0.000000
vt -0.036428 0.222975 0.000000
vt 0.038181 0.226187 0.000000
vt -0.030393 0.223152 0.000000
vt -0.024673 0.223329 0.000000
vt -0.019244 0.223507 0.000000
vt -0.014085 0.223684 0.000000
vt 0.032429 0.225827 0.000000
vt 0.026219 0.225469 0.000000
vt 0.019494 0.225110 0.000000
vt 0.012188 0.224753 0.000000
vt 0.004221 0.224396 0.000000
vt -0.004499 0.224040 0.000000
vt -0.100074 0.231660 0.000000
vt 0.043524 0.226547 0.000000
vt 0.048500 0.226908 0.000000
vt 0.053146 0.227269 0.000000
vt 0.057494 0.227631 0.000000
vt 0.061570 0.227994 0.000000
vt 0.069007 0.228721 0.000000
vt 0.075619 0.229451 0.000000
vt 0.081537 0.230184 0.000000
vt 0.086865 0.230919 0.000000
vt 0.091687 0.231657 0.000000
vt 0.096071 0.232398 0.000000
vt 0.100074 0.233141 0.000000
vt -0.100074 0.241755 0.000000
vt 0.100074 0.245614 0.000000
vt -0.100074 0.251851 0.000000
vt 0.100074 0.258088 0.000000
vt -0.100074 0.261947 0.000000
vt 0.100074 0.270561 0.000000
vt -0.100074 0.272042 0.000000
vt 0.096071 0.271304 0.000000
vt 0.091687 0.272045 0.000000
vt 0.086865 0.272783 0.000000
vt 0.081537 0.273518 0.000000
vt 0.075619 0.274251 0.000000
vt 0.069007 0.274981 0.000000
vt 0.061570 0.275708 0.000000
vt 0.057494 0.276071 0.000000
vt 0.053146 0.276433 0.000000
vt 0.048500 0.276794 0.000000
vt 0.043524 0.277155 0.000000
vt 0.038181 0.277515 0.000000
vt 0.032429 0.277875 0.000000
vt 0.026219 0.278234 0.000000
vt 0.019494 0.278592 0.000000
vt 0.012188 0.278949 0.000000
vt 0.004221 0.279306 0.000000
vt -0.004499 0.279662 0.000000
vt -0.014085 0.280018 0.000000
vt -0.019244 0.280195 0.000000
vt -0.024673 0.280373 0.000000
vt -0.030393 0.280550 0.000000
vt -0.036428 0.280727 0.000000
vt -0.042805 0.280904 0.000000
vt -0.049555 0.281081 0.000000
vt -0.056710 0.281257 0.000000
vt -0.064308 0.281434 0.000000
vt -0.072392 0.281610 0.000000
vt -0.081010 0.281786 0.000000
vt -0.090216 0.281962 0.000000
vt -0.100074 0.282138 0.000000
vt -0.090216 0.144248 0.000000
vt -0.072392 0.144600 0.000000
vt -0.100074 0.144072 0.000000
vt -0.064308 0.144776 0.000000
vt -0.056710 0.144952 0.000000
vt -0.081010 0.144423 0.000000
vt -0.049555 0.145129 0.000000
vt -0.042805 0.145306 0.000000
vt -0.036428 0.145482 0.000000
vt 0.038181 0.148694 0.000000
vt -0.030393 0.145660 0.000000
vt -0.024673 0.145837 0.000000
vt -0.019244 0.146014 0.000000
vt -0.014085 0.146192 0.000000
vt 0.032429 0.148335 0.000000
vt 0.026219 0.147976 0.000000
vt 0.019494 0.147618 0.000000
vt 0.012188 0.147260 0.000000
vt 0.004221 0.146903 0.000000
vt -0.004499 0.146547 0.000000
vt -0.100074 0.154167 0.000000
vt 0.043524 0.149054 0.000000
vt 0.048500 0.149415 0.000000
vt 0.053146 0.149776 0.000000
vt 0.057494 0.150138 0.000000
vt 0.061570 0.150501 0.000000
vt 0.069007 0.151229 0.000000
vt 0.075619 0.151959 0.000000
vt 0.081537 0.152691 0.000000
vt 0.086865 0.153427 0.000000
vt 0.091687 0.154165 0.000000
vt 0.096071 0.154905 0.000000
vt 0.100074 0.155649 0.000000
vt -0.100074 0.164263 0.000000
vt 0.100074 0.168122 0.000000
vt -0.100074 0.174358 0.000000
vt 0.100074 0.180595 0.000000
vt -0.100074 0.184454 0.000000
vt 0.100074 0.193068 0.000000
vt -0.100074 0.194549 0.000000
vt 0.096071 0.193811 0.000000
vt 0.091687 0.194552 0.000000
vt 0.086865 0.195290 0.000000
vt 0.081537 0.196025 0.000000
vt 0.075619 0.196758 0.000000
vt 0.069007 0.197488 0.000000
vt 0.061570 0.198216 0.000000
vt 0.057494 0.198578 0.000000
vt 0.053146 0.198940 0.000000
vt 0.048500 0.199302 0.000000
vt 0.043524 0.199663 0.000000
vt 0.038181 0.200023 0.000000
vt 0.032429 0.200382 0.000000
vt 0.026219 0.200741 0.000000
vt 0.019494 0.201099 0.000000
vt 0.012188 0.201457 0.000000
vt 0.004221 0.201813 0.000000
vt -0.004499 0.202170 0.000000
vt -0.014085 0.202525 0.000000
vt -0.019244 0.202703 0.000000
vt -0.024673 0.202880 0.000000
vt -0.030393 0.203057 0.000000
vt -0.036428 0.203234 0.000000
vt -0.042805 0.203411 0.000000
vt -0.049555 0.203588 0.000000
vt -0.056710 0.203765 0.000000
vt -0.064308 0.203941 0.000000
vt -0.072392 0.204117 0.000000
vt -0.081010 0.204293 0.000000
vt -0.090216 0.204469 0.000000
vt -0.100074 0.204645 0.000000
vt 0.096071 0.503782 0.000000
vt -0.100074 0.504520 0.000000
vt 0.100074 0.503038 0.000000
vt -0.100074 0.494424 0.000000
vt 0.100074 0.490565 0.000000
vt -0.100074 0.484329 0.000000
vt 0.100074 0.478092 0.000000
vt -0.100074 0.474233 0.000000
vt 0.100074 0.465619 0.000000
vt -0.100074 0.464138 0.000000
vt 0.096071 0.464876 0.000000
vt 0.091687 0.464135 0.000000
vt 0.086865 0.463397 0.000000
vt 0.081537 0.462662 0.000000
vt 0.075619 0.461929 0.000000
vt 0.069007 0.461199 0.000000
vt 0.061570 0.460472 0.000000
vt 0.057494 0.460109 0.000000
vt 0.053146 0.459747 0.000000
vt 0.048500 0.459385 0.000000
vt 0.043524 0.459025 0.000000
vt 0.038181 0.458665 0.000000
vt -0.100074 0.454042 0.000000
vt -0.036428 0.455453 0.000000
vt -0.042805 0.455276 0.000000
vt -0.049555 0.455099 0.000000
vt -0.056710 0.454923 0.000000
vt -0.064308 0.454746 0.000000
vt -0.072392 0.454570 0.000000
vt -0.090216 0.454218 0.000000
vt -0.081010 0.454394 0.000000
vt 0.091687 0.504523 0.000000
vt 0.086865 0.505261 0.000000
vt 0.081537 0.505996 0.000000
vt 0.075619 0.506729 0.000000
vt 0.069007 0.507459 0.000000
vt 0.061570 0.508186 0.000000
vt 0.057494 0.508549 0.000000
vt 0.053146 0.508911 0.000000
vt 0.048500 0.509272 0.000000
vt 0.043524 0.509633 0.000000
vt 0.038181 0.509993 0.000000
vt 0.032429 0.510353 0.000000
vt 0.026219 0.510711 0.000000
vt 0.019494 0.511070 0.000000
vt 0.012188 0.511427 0.000000
vt 0.004221 0.511784 0.000000
vt -0.004499 0.512140 0.000000
vt -0.014085 0.512496 0.000000
vt -0.019244 0.512673 0.000000
vt -0.024673 0.512851 0.000000
vt -0.030393 0.513028 0.000000
vt -0.036428 0.513205 0.000000
vt -0.042805 0.513382 0.000000
vt -0.049555 0.513558 0.000000
vt -0.056710 0.513735 0.000000
vt -0.064308 0.513911 0.000000
vt -0.072392 0.514088 0.000000
vt -0.081010 0.514264 0.000000
vt -0.090216 0.514440 0.000000
vt -0.100074 0.514615 0.000000
vt -0.030393 0.455630 0.000000
vt -0.024673 0.455807 0.000000
vt -0.019244 0.455985 0.000000
vt -0.014085 0.456162 0.000000
vt 0.032429 0.458305 0.000000
vt 0.026219 0.457946 0.000000
vt 0.019494 0.457588 0.000000
vt 0.012188 0.457231 0.000000
vt 0.004221 0.456874 0.000000
vt -0.004499 0.456518 0.000000
vt 0.096071 0.348797 0.000000
vt -0.100074 0.349535 0.000000
vt 0.100074 0.348053 0.000000
vt -0.100074 0.339439 0.000000
vt 0.100074 0.335580 0.000000
vt -0.100074 0.329344 0.000000
vt 0.100074 0.323107 0.000000
vt -0.100074 0.319248 0.000000
vt 0.100074 0.310634 0.000000
vt -0.100074 0.309153 0.000000
vt 0.096071 0.309891 0.000000
vt 0.091687 0.309150 0.000000
vt 0.086865 0.308412 0.000000
vt 0.081537 0.307677 0.000000
vt 0.075619 0.306944 0.000000
vt 0.069007 0.306214 0.000000
vt 0.061570 0.305486 0.000000
vt 0.057494 0.305124 0.000000
vt 0.053146 0.304762 0.000000
vt 0.048500 0.304400 0.000000
vt 0.043524 0.304039 0.000000
vt 0.038181 0.303679 0.000000
vt -0.100074 0.299057 0.000000
vt -0.036428 0.300468 0.000000
vt -0.042805 0.300291 0.000000
vt -0.049555 0.300114 0.000000
vt -0.056710 0.299937 0.000000
vt -0.064308 0.299761 0.000000
vt -0.072392 0.299585 0.000000
vt -0.090216 0.299233 0.000000
vt -0.081010 0.299409 0.000000
vt 0.091687 0.349537 0.000000
vt 0.086865 0.350275 0.000000
vt 0.081537 0.351011 0.000000
vt 0.075619 0.351743 0.000000
vt 0.069007 0.352473 0.000000
vt 0.061570 0.353201 0.000000
vt 0.057494 0.353564 0.000000
vt 0.053146 0.353926 0.000000
vt 0.048500 0.354287 0.000000
vt 0.043524 0.354648 0.000000
vt 0.038181 0.355008 0.000000
vt 0.032429 0.355367 0.000000
vt 0.026219 0.355726 0.000000
vt 0.019494 0.356084 0.000000
vt 0.012188 0.356442 0.000000
vt 0.004221 0.356799 0.000000
vt -0.004499 0.357155 0.000000
vt -0.014085 0.357510 0.000000
vt -0.019244 0.357688 0.000000
vt -0.024673 0.357865 0.000000
vt -0.030393 0.358043 0.000000
vt -0.036428 0.358220 0.000000
vt -0.042805 0.358396 0.000000
vt -0.049555 0.358573 0.000000
vt -0.056710 0.358750 0.000000
vt -0.064308 0.358926 0.000000
vt -0.072392 0.359102 0.000000
vt -0.081010 0.359279 0.000000
vt -0.090216 0.359454 0.000000
vt -0.100074 0.359630 0.000000
vt -0.030393 0.300645 0.000000
vt -0.024673 0.300822 0.000000
vt -0.019244 0.300999 0.000000
vt -0.014085 0.301177 0.000000
vt 0.032429 0.303320 0.000000
vt 0.026219 0.302961 0.000000
vt 0.019494 0.302603 0.000000
vt 0.012188 0.302245 0.000000
vt 0.004221 0.301889 0.000000
vt -0.004499 0.301532 0.000000
vt 0.096071 0.581274 0.000000
vt -0.100074 0.582013 0.000000
vt 0.100074 0.580531 0.000000
vt -0.100074 0.571917 0.000000
vt 0.100074 0.568058 0.000000
vt -0.100074 0.561821 0.000000
vt 0.100074 0.555585 0.000000
vt -0.100074 0.551726 0.000000
vt 0.100074 0.543112 0.000000
vt -0.100074 0.541630 0.000000
vt 0.096071 0.542368 0.000000
vt 0.091687 0.541628 0.000000
vt 0.086865 0.540890 0.000000
vt 0.081537 0.540154 0.000000
vt 0.075619 0.539422 0.000000
vt 0.069007 0.538692 0.000000
vt 0.061570 0.537964 0.000000
vt 0.057494 0.537602 0.000000
vt 0.053146 0.537240 0.000000
vt 0.048500 0.536878 0.000000
vt 0.043524 0.536517 0.000000
vt 0.038181 0.536157 0.000000
vt -0.100074 0.531535 0.000000
vt -0.036428 0.532946 0.000000
vt -0.042805 0.532769 0.000000
vt -0.049555 0.532592 0.000000
vt -0.056710 0.532415 0.000000
vt -0.064308 0.532239 0.000000
vt -0.072392 0.532063 0.000000
vt -0.090216 0.531711 0.000000
vt -0.081010 0.531887 0.000000
vt 0.091687 0.582015 0.000000
vt 0.086865 0.582753 0.000000
vt 0.081537 0.583489 0.000000
vt 0.075619 0.584221 0.000000
vt 0.069007 0.584951 0.000000
vt 0.061570 0.585679 0.000000
vt 0.057494 0.586041 0.000000
vt 0.053146 0.586403 0.000000
vt 0.048500 0.586765 0.000000
vt 0.043524 0.587126 0.000000
vt 0.038181 0.587486 0.000000
vt 0.032429 0.587845 0.000000
vt 0.026219 0.588204 0.000000
vt 0.019494 0.588562 0.000000
vt 0.012188 0.588920 0.000000
vt 0.004221 0.589276 0.000000
vt -0.004499 0.589633 0.000000
vt -0.014085 0.589988 0.000000
vt -0.019244 0.590166 0.000000
vt -0.024673 0.590343 0.000000
vt -0.030393 0.590520 0.000000
vt -0.036428 0.590697 0.000000
vt -0.042805 0.590874 0.000000
vt -0.049555 0.591051 0.000000
vt -0.056710 0.591228 0.000000
vt -0.064308 0.591404 0.000000
vt -0.072392 0.591580 0.000000
vt -0.081010 0.591756 0.000000
vt -0.090216 0.591932 0.000000
vt -0.100074 0.592108 0.000000
vt -0.030393 0.533123 0.000000
vt -0.024673 0.533300 0.000000
vt -0.019244 0.533477 0.000000
vt -0.014085 0.533655 0.000000
vt 0.032429 0.535798 0.000000
vt 0.026219 0.535439 0.000000
vt 0.019494 0.535081 0.000000
vt 0.012188 0.534723 0.000000
vt 0.004221 0.534366 0.000000
vt -0.004499 0.534010 0.000000
vt -0.090216 0.066755 0.000000
vt -0.072392 0.067107 0.000000
vt -0.100074 0.066579 0.000000
vt -0.064308 0.067283 0.000000
vt -0.056710 0.067460 0.000000
vt -0.081010 0.066931 0.000000
vt -0.049555 0.067636 0.000000
vt -0.042805 0.067813 0.000000
vt -0.036428 0.067990 0.000000
vt 0.038181 0.071202 0.000000
vt -0.030393 0.068167 0.000000
vt -0.024673 0.068344 0.000000
vt -0.019244 0.068521 0.000000
vt -0.014085 0.068699 0.000000
vt 0.032429 0.070842 0.000000
vt 0.026219 0.070483 0.000000
vt 0.019494 0.070125 0.000000
vt 0.012188 0.069768 0.000000
vt 0.004221 0.069411 0.000000
vt -0.004499 0.069055 0.000000
vt -0.100074 0.076675 0.000000
vt 0.043524 0.071562 0.000000
vt 0.048500 0.071922 0.000000
vt 0.053146 0.072284 0.000000
vt 0.057494 0.072646 0.000000
vt 0.061570 0.073009 0.000000
vt 0.069007 0.073736 0.000000
vt 0.075619 0.074466 0.000000
vt 0.081537 0.075199 0.000000
vt 0.086865 0.075934 0.000000
vt 0.091687 0.076672 0.000000
vt 0.096071 0.077413 0.000000
vt 0.100074 0.078156 0.000000
vt -0.100074 0.086770 0.000000
vt 0.100074 0.090629 0.000000
vt -0.100074 0.096866 0.000000
vt 0.100074 0.103102 0.000000
vt -0.100074 0.106961 0.000000
vt 0.100074 0.115575 0.000000
vt -0.100074 0.117057 0.000000
vt 0.096071 0.116319 0.000000
vt 0.091687 0.117059 0.000000
vt 0.086865 0.117797 0.000000
vt 0.081537 0.118533 0.000000
vt 0.075619 0.119266 0.000000
vt 0.069007 0.119996 0.000000
vt 0.061570 0.120723 0.000000
vt 0.057494 0.121086 0.000000
vt 0.053146 0.121448 0.000000
vt 0.048500 0.121809 0.000000
vt 0.043524 0.122170 0.000000
vt 0.038181 0.122530 0.000000
vt 0.032429 0.122889 0.000000
vt 0.026219 0.123248 0.000000
vt 0.019494 0.123606 0.000000
vt 0.012188 0.123964 0.000000
vt 0.004221 0.124321 0.000000
vt -0.004499 0.124677 0.000000
vt -0.014085 0.125033 0.000000
vt -0.019244 0.125210 0.000000
vt -0.024673 0.125387 0.000000
vt -0.030393 0.125565 0.000000
vt -0.036428 0.125742 0.000000
vt -0.042805 0.125919 0.000000
vt -0.049555 0.126095 0.000000
vt -0.056710 0.126272 0.000000
vt -0.064308 0.126448 0.000000
vt -0.072392 0.126625 0.000000
vt -0.081010 0.126801 0.000000
vt -0.090216 0.126977 0.000000
vt -0.100074 0.127152 0.000000
vt 0.096071 -0.503622 0.000000
vt -0.100074 -0.502884 0.000000
vt 0.100074 -0.504366 0.000000
vt -0.100074 -0.512980 0.000000
vt 0.100074 -0.516839 0.000000
vt -0.100074 -0.523075 0.000000
vt 0.100074 -0.529312 0.000000
vt -0.100074 -0.533171 0.000000
vt 0.100074 -0.541785 0.000000
vt -0.100074 -0.543266 0.000000
vt 0.096071 -0.542528 0.000000
vt 0.091687 -0.543269 0.000000
vt 0.086865 -0.544007 0.000000
vt 0.081537 -0.544742 0.000000
vt 0.075619 -0.545475 0.000000
vt 0.069007 -0.546205 0.000000
vt 0.061570 -0.546932 0.000000
vt 0.057494 -0.547295 0.000000
vt 0.053146 -0.547657 0.000000
vt 0.048500 -0.548019 0.000000
vt 0.043524 -0.548379 0.000000
vt 0.038181 -0.548739 0.000000
vt -0.100074 -0.553362 0.000000
vt -0.036428 -0.551951 0.000000
vt -0.042805 -0.552128 0.000000
vt -0.049555 -0.552305 0.000000
vt -0.056710 -0.552481 0.000000
vt -0.064308 -0.552658 0.000000
vt -0.072392 -0.552834 0.000000
vt -0.090216 -0.553186 0.000000
vt -0.081010 -0.553010 0.000000
vt 0.091687 -0.502881 0.000000
vt 0.086865 -0.502143 0.000000
vt 0.081537 -0.501408 0.000000
vt 0.075619 -0.500675 0.000000
vt 0.069007 -0.499945 0.000000
vt 0.061570 -0.499218 0.000000
vt 0.057494 -0.498855 0.000000
vt 0.053146 -0.498493 0.000000
vt 0.048500 -0.498132 0.000000
vt 0.043524 -0.497771 0.000000
vt 0.038181 -0.497411 0.000000
vt 0.032429 -0.497051 0.000000
vt 0.026219 -0.496693 0.000000
vt 0.019494 -0.496335 0.000000
vt 0.012188 -0.495977 0.000000
vt 0.004221 -0.495620 0.000000
vt -0.004499 -0.495264 0.000000
vt -0.014085 -0.494908 0.000000
vt -0.019244 -0.494731 0.000000
vt -0.024673 -0.494554 0.000000
vt -0.030393 -0.494376 0.000000
vt -0.036428 -0.494199 0.000000
vt -0.042805 -0.494022 0.000000
vt -0.049555 -0.493846 0.000000
vt -0.056710 -0.493669 0.000000
vt -0.064308 -0.493493 0.000000
vt -0.072392 -0.493316 0.000000
vt -0.081010 -0.493140 0.000000
vt -0.090216 -0.492964 0.000000
vt -0.100074 -0.492789 0.000000
vt -0.030393 -0.551774 0.000000
vt -0.024673 -0.551597 0.000000
vt -0.019244 -0.551419 0.000000
vt -0.014085 -0.551242 0.000000
vt 0.032429 -0.549099 0.000000
vt 0.026219 -0.549458 0.000000
vt 0.019494 -0.549816 0.000000
vt 0.012188 -0.550173 0.000000
vt 0.004221 -0.550530 0.000000
vt -0.004499 -0.550886 0.000000
vt -0.090216 -0.010738 0.000000
vt -0.072392 -0.010386 0.000000
vt -0.100074 -0.010913 0.000000
vt -0.064308 -0.010209 0.000000
vt -0.056710 -0.010033 0.000000
vt -0.081010 -0.010562 0.000000
vt -0.049555 -0.009856 0.000000
vt -0.042805 -0.009680 0.000000
vt -0.036428 -0.009503 0.000000
vt 0.038181 -0.006291 0.000000
vt -0.030393 -0.009326 0.000000
vt -0.024673 -0.009149 0.000000
vt -0.019244 -0.008971 0.000000
vt -0.014085 -0.008794 0.000000
vt 0.032429 -0.006651 0.000000
vt 0.026219 -0.007009 0.000000
vt 0.019494 -0.007367 0.000000
vt 0.012188 -0.007725 0.000000
vt 0.004221 -0.008082 0.000000
vt -0.004499 -0.008438 0.000000
vt -0.100074 -0.000818 0.000000
vt 0.043524 -0.005931 0.000000
vt 0.048500 -0.005570 0.000000
vt 0.053146 -0.005209 0.000000
vt 0.057494 -0.004847 0.000000
vt 0.061570 -0.004484 0.000000
vt 0.069007 -0.003757 0.000000
vt 0.075619 -0.003027 0.000000
vt 0.081537 -0.002294 0.000000
vt 0.086865 -0.001559 0.000000
vt 0.091687 -0.000821 0.000000
vt 0.096071 -0.000080 0.000000
vt 0.100074 0.000664 0.000000
vt -0.100074 0.009278 0.000000
vt 0.100074 0.013137 0.000000
vt -0.100074 0.019373 0.000000
vt 0.100074 0.025610 0.000000
vt -0.100074 0.029469 0.000000
vt 0.100074 0.038083 0.000000
vt -0.100074 0.039564 0.000000
vt 0.096071 0.038826 0.000000
vt 0.091687 0.039567 0.000000
vt 0.086865 0.040305 0.000000
vt 0.081537 0.041040 0.000000
vt 0.075619 0.041773 0.000000
vt 0.069007 0.042503 0.000000
vt 0.061570 0.043230 0.000000
vt 0.057494 0.043593 0.000000
vt 0.053146 0.043955 0.000000
vt 0.048500 0.044317 0.000000
vt 0.043524 0.044677 0.000000
vt 0.038181 0.045037 0.000000
vt 0.032429 0.045397 0.000000
vt 0.026219 0.045756 0.000000
vt 0.019494 0.046114 0.000000
vt 0.012188 0.046471 0.000000
vt 0.004221 0.046828 0.000000
vt -0.004499 0.047184 0.000000
vt -0.014085 0.047540 0.000000
vt -0.019244 0.047717 0.000000
vt -0.024673 0.047895 0.000000
vt -0.030393 0.048072 0.000000
vt -0.036428 0.048249 0.000000
vt -0.042805 0.048426 0.000000
vt -0.049555 0.048603 0.000000
vt -0.056710 0.048779 0.000000
vt -0.064308 0.048956 0.000000
vt -0.072392 0.049132 0.000000
vt -0.081010 0.049308 0.000000
vt -0.090216 0.049484 0.000000
vt -0.100074 0.049660 0.000000
vt 0.096071 -0.426130 0.000000
vt -0.100074 -0.425391 0.000000
vt 0.100074 -0.426873 0.000000
vt -0.100074 -0.435487 0.000000
vt 0.100074 -0.439346 0.000000
vt -0.100074 -0.445583 0.000000
vt 0.100074 -0.451819 0.000000
vt -0.100074 -0.455678 0.000000
vt 0.100074 -0.464292 0.000000
vt -0.100074 -0.465774 0.000000
vt 0.096071 -0.465036 0.000000
vt 0.091687 -0.465776 0.000000
vt 0.086865 -0.466514 0.000000
vt 0.081537 -0.467250 0.000000
vt 0.075619 -0.467982 0.000000
vt 0.069007 -0.468712 0.000000
vt 0.061570 -0.469440 0.000000
vt 0.057494 -0.469802 0.000000
vt 0.053146 -0.470165 0.000000
vt 0.048500 -0.470526 0.000000
vt 0.043524 -0.470887 0.000000
vt 0.038181 -0.471247 0.000000
vt -0.100074 -0.475869 0.000000
vt -0.036428 -0.474459 0.000000
vt -0.042805 -0.474635 0.000000
vt -0.049555 -0.474812 0.000000
vt -0.056710 -0.474989 0.000000
vt -0.064308 -0.475165 0.000000
vt -0.072392 -0.475341 0.000000
vt -0.090216 -0.475693 0.000000
vt -0.081010 -0.475517 0.000000
vt 0.091687 -0.425389 0.000000
vt 0.086865 -0.424651 0.000000
vt 0.081537 -0.423916 0.000000
vt 0.075619 -0.423183 0.000000
vt 0.069007 -0.422453 0.000000
vt 0.061570 -0.421725 0.000000
vt 0.057494 -0.421363 0.000000
vt 0.053146 -0.421001 0.000000
vt 0.048500 -0.420639 0.000000
vt 0.043524 -0.420278 0.000000
vt 0.038181 -0.419918 0.000000
vt 0.032429 -0.419559 0.000000
vt 0.026219 -0.419200 0.000000
vt 0.019494 -0.418842 0.000000
vt 0.012188 -0.418484 0.000000
vt 0.004221 -0.418128 0.000000
vt -0.004499 -0.417771 0.000000
vt -0.014085 -0.417416 0.000000
vt -0.019244 -0.417238 0.000000
vt -0.024673 -0.417061 0.000000
vt -0.030393 -0.416884 0.000000
vt -0.036428 -0.416707 0.000000
vt -0.042805 -0.416530 0.000000
vt -0.049555 -0.416353 0.000000
vt -0.056710 -0.416176 0.000000
vt -0.064308 -0.416000 0.000000
vt -0.072392 -0.415824 0.000000
vt -0.081010 -0.415648 0.000000
vt -0.090216 -0.415472 0.000000
vt -0.100074 -0.415296 0.000000
vt -0.030393 -0.474281 0.000000
vt -0.024673 -0.474104 0.000000
vt -0.019244 -0.473927 0.000000
vt -0.014085 -0.473749 0.000000
vt 0.032429 -0.471606 0.000000
vt 0.026219 -0.471965 0.000000
vt 0.019494 -0.472323 0.000000
vt 0.012188 -0.472681 0.000000
vt 0.004221 -0.473038 0.000000
vt -0.004499 -0.473394 0.000000
vt -0.090216 -0.165723 0.000000
vt -0.072392 -0.165371 0.000000
vt -0.100074 -0.165899 0.000000
vt -0.064308 -0.165195 0.000000
vt -0.056710 -0.165018 0.000000
vt -0.081010 -0.165547 0.000000
vt -0.049555 -0.164842 0.000000
vt -0.042805 -0.164665 0.000000
vt -0.036428 -0.164488 0.000000
vt 0.038181 -0.161276 0.000000
vt -0.030393 -0.164311 0.000000
vt -0.024673 -0.164134 0.000000
vt -0.019244 -0.163956 0.000000
vt -0.014085 -0.163779 0.000000
vt 0.032429 -0.161636 0.000000
vt 0.026219 -0.161995 0.000000
vt 0.019494 -0.162353 0.000000
vt 0.012188 -0.162710 0.000000
vt 0.004221 -0.163067 0.000000
vt -0.004499 -0.163423 0.000000
vt -0.100074 -0.155803 0.000000
vt 0.043524 -0.160916 0.000000
vt 0.048500 -0.160555 0.000000
vt 0.053146 -0.160194 0.000000
vt 0.057494 -0.159832 0.000000
vt 0.061570 -0.159469 0.000000
vt 0.069007 -0.158742 0.000000
vt 0.075619 -0.158012 0.000000
vt 0.081537 -0.157279 0.000000
vt 0.086865 -0.156544 0.000000
vt 0.091687 -0.155806 0.000000
vt 0.096071 -0.155065 0.000000
vt 0.100074 -0.154322 0.000000
vt -0.100074 -0.145708 0.000000
vt 0.100074 -0.141849 0.000000
vt -0.100074 -0.135612 0.000000
vt 0.100074 -0.129376 0.000000
vt -0.100074 -0.125517 0.000000
vt 0.100074 -0.116902 0.000000
vt -0.100074 -0.115421 0.000000
vt 0.096071 -0.116159 0.000000
vt 0.091687 -0.115418 0.000000
vt 0.086865 -0.114680 0.000000
vt 0.081537 -0.113945 0.000000
vt 0.075619 -0.113212 0.000000
vt 0.069007 -0.112482 0.000000
vt 0.061570 -0.111755 0.000000
vt 0.057494 -0.111392 0.000000
vt 0.053146 -0.111030 0.000000
vt 0.048500 -0.110669 0.000000
vt 0.043524 -0.110308 0.000000
vt 0.038181 -0.109948 0.000000
vt 0.032429 -0.109588 0.000000
vt 0.026219 -0.109230 0.000000
vt 0.019494 -0.108871 0.000000
vt 0.012188 -0.108514 0.000000
vt 0.004221 -0.108157 0.000000
vt -0.004499 -0.107801 0.000000
vt -0.014085 -0.107445 0.000000
vt -0.019244 -0.107268 0.000000
vt -0.024673 -0.107090 0.000000
vt -0.030393 -0.106913 0.000000
vt -0.036428 -0.106736 0.000000
vt -0.042805 -0.106559 0.000000
vt -0.049555 -0.106383 0.000000
vt -0.056710 -0.106206 0.000000
vt -0.064308 -0.106030 0.000000
vt -0.072392 -0.105853 0.000000
vt -0.081010 -0.105677 0.000000
vt -0.090216 -0.105501 0.000000
vt -0.100074 -0.105325 0.000000
vt -0.090216 -0.088230 0.000000
vt -0.072392 -0.087878 0.000000
vt -0.100074 -0.088406 0.000000
vt -0.064308 -0.087702 0.000000
vt -0.056710 -0.087526 0.000000
vt -0.081010 -0.088054 0.000000
vt -0.049555 -0.087349 0.000000
vt -0.042805 -0.087172 0.000000
vt -0.036428 -0.086995 0.000000
vt 0.038181 -0.083784 0.000000
vt -0.030393 -0.086818 0.000000
vt -0.024673 -0.086641 0.000000
vt -0.019244 -0.086464 0.000000
vt -0.014085 -0.086286 0.000000
vt 0.032429 -0.084143 0.000000
vt 0.026219 -0.084502 0.000000
vt 0.019494 -0.084860 0.000000
vt 0.012188 -0.085218 0.000000
vt 0.004221 -0.085574 0.000000
vt -0.004499 -0.085931 0.000000
vt -0.100074 -0.078311 0.000000
vt 0.043524 -0.083424 0.000000
vt 0.048500 -0.083063 0.000000
vt 0.053146 -0.082701 0.000000
vt 0.057494 -0.082339 0.000000
vt 0.061570 -0.081977 0.000000
vt 0.069007 -0.081249 0.000000
vt 0.075619 -0.080519 0.000000
vt 0.081537 -0.079787 0.000000
vt 0.086865 -0.079051 0.000000
vt 0.091687 -0.078313 0.000000
vt 0.096071 -0.077572 0.000000
vt 0.100074 -0.076829 0.000000
vt -0.100074 -0.068215 0.000000
vt 0.100074 -0.064356 0.000000
vt -0.100074 -0.058119 0.000000
vt 0.100074 -0.051883 0.000000
vt -0.100074 -0.048024 0.000000
vt 0.100074 -0.039410 0.000000
vt -0.100074 -0.037928 0.000000
vt 0.096071 -0.038666 0.000000
vt 0.091687 -0.037926 0.000000
vt 0.086865 -0.037188 0.000000
vt 0.081537 -0.036452 0.000000
vt 0.075619 -0.035720 0.000000
vt 0.069007 -0.034990 0.000000
vt 0.061570 -0.034262 0.000000
vt 0.057494 -0.033900 0.000000
vt 0.053146 -0.033537 0.000000
vt 0.048500 -0.033176 0.000000
vt 0.043524 -0.032815 0.000000
vt 0.038181 -0.032455 0.000000
vt 0.032429 -0.032096 0.000000
vt 0.026219 -0.031737 0.000000
vt 0.019494 -0.031379 0.000000
vt 0.012188 -0.031021 0.000000
vt 0.004221 -0.030664 0.000000
vt -0.004499 -0.030308 0.000000
vt -0.014085 -0.029953 0.000000
vt -0.019244 -0.029775 0.000000
vt -0.024673 -0.029598 0.000000
vt -0.030393 -0.029421 0.000000
vt -0.036428 -0.029244 0.000000
vt -0.042805 -0.029067 0.000000
vt -0.049555 -0.028890 0.000000
vt -0.056710 -0.028713 0.000000
vt -0.064308 -0.028537 0.000000
vt -0.072392 -0.028361 0.000000
vt -0.081010 -0.028185 0.000000
vt -0.090216 -0.028009 0.000000
vt -0.100074 -0.027833 0.000000
vt 0.096071 -0.348637 0.000000
vt -0.100074 -0.347899 0.000000
vt 0.100074 -0.349380 0.000000
vt -0.100074 -0.357994 0.000000
vt 0.100074 -0.361853 0.000000
vt -0.100074 -0.368090 0.000000
vt 0.100074 -0.374326 0.000000
vt -0.100074 -0.378185 0.000000
vt 0.100074 -0.386800 0.000000
vt -0.100074 -0.388281 0.000000
vt 0.096071 -0.387543 0.000000
vt 0.091687 -0.388284 0.000000
vt 0.086865 -0.389022 0.000000
vt 0.081537 -0.389757 0.000000
vt 0.075619 -0.390490 0.000000
vt 0.069007 -0.391220 0.000000
vt 0.061570 -0.391947 0.000000
vt 0.057494 -0.392310 0.000000
vt 0.053146 -0.392672 0.000000
vt 0.048500 -0.393033 0.000000
vt 0.043524 -0.393394 0.000000
vt 0.038181 -0.393754 0.000000
vt -0.100074 -0.398377 0.000000
vt -0.036428 -0.396966 0.000000
vt -0.042805 -0.397143 0.000000
vt -0.049555 -0.397320 0.000000
vt -0.056710 -0.397496 0.000000
vt -0.064308 -0.397673 0.000000
vt -0.072392 -0.397849 0.000000
vt -0.090216 -0.398201 0.000000
vt -0.081010 -0.398025 0.000000
vt 0.091687 -0.347896 0.000000
vt 0.086865 -0.347158 0.000000
vt 0.081537 -0.346423 0.000000
vt 0.075619 -0.345690 0.000000
vt 0.069007 -0.344960 0.000000
vt 0.061570 -0.344233 0.000000
vt 0.057494 -0.343870 0.000000
vt 0.053146 -0.343508 0.000000
vt 0.048500 -0.343147 0.000000
vt 0.043524 -0.342786 0.000000
vt 0.038181 -0.342426 0.000000
vt 0.032429 -0.342066 0.000000
vt 0.026219 -0.341707 0.000000
vt 0.019494 -0.341349 0.000000
vt 0.012188 -0.340992 0.000000
vt 0.004221 -0.340635 0.000000
vt -0.004499 -0.340279 0.000000
vt -0.014085 -0.339923 0.000000
vt -0.019244 -0.339746 0.000000
vt -0.024673 -0.339568 0.000000
vt -0.030393 -0.339391 0.000000
vt -0.036428 -0.339214 0.000000
vt -0.042805 -0.339037 0.000000
vt -0.049555 -0.338860 0.000000
vt -0.056710 -0.338684 0.000000
vt -0.064308 -0.338507 0.000000
vt -0.072392 -0.338331 0.000000
vt -0.081010 -0.338155 0.000000
vt -0.090216 -0.337979 0.000000
vt -0.100074 -0.337803 0.000000
vt -0.030393 -0.396789 0.000000
vt -0.024673 -0.396612 0.000000
vt -0.019244 -0.396434 0.000000
vt -0.014085 -0.396257 0.000000
vt 0.032429 -0.394114 0.000000
vt 0.026219 -0.394472 0.000000
vt 0.019494 -0.394831 0.000000
vt 0.012188 -0.395188 0.000000
vt 0.004221 -0.395545 0.000000
vt -0.004499 -0.395901 0.000000
vt 0.096071 -0.193652 0.000000
vt -0.100074 -0.192914 0.000000
vt 0.100074 -0.194395 0.000000
vt -0.100074 -0.203009 0.000000
vt 0.100074 -0.206868 0.000000
vt -0.100074 -0.213105 0.000000
vt 0.100074 -0.219341 0.000000
vt -0.100074 -0.223200 0.000000
vt 0.100074 -0.231814 0.000000
vt -0.100074 -0.233296 0.000000
vt 0.096071 -0.232558 0.000000
vt 0.091687 -0.233298 0.000000
vt 0.086865 -0.234036 0.000000
vt 0.081537 -0.234772 0.000000
vt 0.075619 -0.235504 0.000000
vt 0.069007 -0.236234 0.000000
vt 0.061570 -0.236962 0.000000
vt 0.057494 -0.237325 0.000000
vt 0.053146 -0.237687 0.000000
vt 0.048500 -0.238048 0.000000
vt 0.043524 -0.238409 0.000000
vt 0.038181 -0.238769 0.000000
vt -0.100074 -0.243391 0.000000
vt -0.036428 -0.241981 0.000000
vt -0.042805 -0.242158 0.000000
vt -0.049555 -0.242334 0.000000
vt -0.056710 -0.242511 0.000000
vt -0.064308 -0.242687 0.000000
vt -0.072392 -0.242864 0.000000
vt -0.090216 -0.243216 0.000000
vt -0.081010 -0.243040 0.000000
vt 0.091687 -0.192911 0.000000
vt 0.086865 -0.192173 0.000000
vt 0.081537 -0.191438 0.000000
vt 0.075619 -0.190705 0.000000
vt 0.069007 -0.189975 0.000000
vt 0.061570 -0.189248 0.000000
vt 0.057494 -0.188885 0.000000
vt 0.053146 -0.188523 0.000000
vt 0.048500 -0.188161 0.000000
vt 0.043524 -0.187801 0.000000
vt 0.038181 -0.187440 0.000000
vt 0.032429 -0.187081 0.000000
vt 0.026219 -0.186722 0.000000
vt 0.019494 -0.186364 0.000000
vt 0.012188 -0.186007 0.000000
vt 0.004221 -0.185650 0.000000
vt -0.004499 -0.185294 0.000000
vt -0.014085 -0.184938 0.000000
vt -0.019244 -0.184760 0.000000
vt -0.024673 -0.184583 0.000000
vt -0.030393 -0.184406 0.000000
vt -0.036428 -0.184229 0.000000
vt -0.042805 -0.184052 0.000000
vt -0.049555 -0.183875 0.000000
vt -0.056710 -0.183699 0.000000
vt -0.064308 -0.183522 0.000000
vt -0.072392 -0.183346 0.000000
vt -0.081010 -0.183170 0.000000
vt -0.090216 -0.182994 0.000000
vt -0.100074 -0.182818 0.000000
vt -0.030393 -0.241804 0.000000
vt -0.024673 -0.241626 0.000000
vt -0.019244 -0.241449 0.000000
vt -0.014085 -0.241271 0.000000
vt 0.032429 -0.239128 0.000000
vt 0.026219 -0.239487 0.000000
vt 0.019494 -0.239845 0.000000
vt 0.012188 -0.240203 0.000000
vt 0.004221 -0.240560 0.000000
vt -0.004499 -0.240916 0.000000
vt 0.100201 0.860919 0.000000
vt 0.100201 0.882992 0.000000
vt -0.100201 0.874175 0.000000
vt 0.091857 0.883605 0.000000
vt 0.083132 0.884218 0.000000
vt 0.074002 0.884831 0.000000
vt 0.064436 0.885442 0.000000
vt 0.054402 0.886053 0.000000
vt 0.043866 0.886663 0.000000
vt 0.032788 0.887272 0.000000
vt 0.021127 0.887880 0.000000
vt 0.008834 0.888488 0.000000
vt -0.004142 0.889095 0.000000
vt -0.017861 0.889701 0.000000
vt -0.032389 0.890307 0.000000
vt -0.047799 0.890912 0.000000
vt -0.055859 0.891214 0.000000
vt -0.064173 0.891516 0.000000
vt -0.072750 0.891818 0.000000
vt -0.081605 0.892119 0.000000
vt -0.090750 0.892421 0.000000
vt -0.100201 0.892722 0.000000
vt -0.100201 0.855629 0.000000
vt 0.100201 0.838846 0.000000
vt -0.100201 0.837083 0.000000
vt -0.100201 0.818537 0.000000
vt 0.100201 0.816773 0.000000
vt -0.100201 0.799990 0.000000
vt 0.100201 0.794700 0.000000
vt -0.100201 0.781444 0.000000
vt 0.100201 0.772628 0.000000
vt 0.091857 0.772014 0.000000
vt -0.100201 0.762898 0.000000
vt 0.083132 0.771401 0.000000
vt 0.074002 0.770789 0.000000
vt 0.064436 0.770177 0.000000
vt 0.054402 0.769567 0.000000
vt 0.043866 0.768957 0.000000
vt 0.032788 0.768348 0.000000
vt 0.021127 0.767739 0.000000
vt 0.008834 0.767131 0.000000
vt -0.004142 0.766524 0.000000
vt -0.017861 0.765918 0.000000
vt -0.032389 0.765312 0.000000
vt -0.047799 0.764708 0.000000
vt -0.055859 0.764406 0.000000
vt -0.064173 0.764104 0.000000
vt -0.072750 0.763802 0.000000
vt -0.090750 0.763199 0.000000
vt -0.081605 0.763500 0.000000
vt 0.100201 1.055698 0.000000
vt 0.100201 1.077771 0.000000
vt -0.100201 1.068954 0.000000
vt 0.091857 1.078384 0.000000
vt 0.083132 1.078997 0.000000
vt 0.074002 1.079609 0.000000
vt 0.064436 1.080221 0.000000
vt 0.054402 1.080831 0.000000
vt 0.043866 1.081441 0.000000
vt 0.032788 1.082051 0.000000
vt 0.021127 1.082659 0.000000
vt 0.008834 1.083267 0.000000
vt -0.004142 1.083874 0.000000
vt -0.017861 1.084480 0.000000
vt -0.032389 1.085086 0.000000
vt -0.047799 1.085690 0.000000
vt -0.055859 1.085993 0.000000
vt -0.064173 1.086295 0.000000
vt -0.072750 1.086596 0.000000
vt -0.081605 1.086898 0.000000
vt -0.090750 1.087199 0.000000
vt -0.100201 1.087501 0.000000
vt -0.100201 1.050408 0.000000
vt 0.100201 1.033625 0.000000
vt -0.100201 1.031862 0.000000
vt -0.100201 1.013315 0.000000
vt 0.100201 1.011552 0.000000
vt -0.100201 0.994769 0.000000
vt 0.100201 0.989479 0.000000
vt -0.100201 0.976223 0.000000
vt 0.100201 0.967406 0.000000
vt 0.091857 0.966793 0.000000
vt -0.100201 0.957676 0.000000
vt 0.083132 0.966180 0.000000
vt 0.074002 0.965568 0.000000
vt 0.064436 0.964956 0.000000
vt 0.054402 0.964345 0.000000
vt 0.043866 0.963736 0.000000
vt 0.032788 0.963126 0.000000
vt 0.021127 0.962518 0.000000
vt 0.008834 0.961910 0.000000
vt -0.004142 0.961303 0.000000
vt -0.017861 0.960697 0.000000
vt -0.032389 0.960091 0.000000
vt -0.047799 0.959486 0.000000
vt -0.055859 0.959184 0.000000
vt -0.064173 0.958882 0.000000
vt -0.072750 0.958581 0.000000
vt -0.090750 0.957978 0.000000
vt -0.081605 0.958279 0.000000
vt -0.090750 0.568420 0.000000
vt -0.072750 0.569023 0.000000
vt -0.100201 0.568119 0.000000
vt -0.064173 0.569325 0.000000
vt -0.055859 0.569627 0.000000
vt -0.081605 0.568721 0.000000
vt -0.047799 0.569929 0.000000
vt -0.032389 0.570534 0.000000
vt -0.017861 0.571139 0.000000
vt -0.004142 0.571746 0.000000
vt 0.008834 0.572353 0.000000
vt 0.021127 0.572960 0.000000
vt 0.032788 0.573569 0.000000
vt 0.043866 0.574178 0.000000
vt 0.054402 0.574788 0.000000
vt 0.064436 0.575399 0.000000
vt 0.074002 0.576010 0.000000
vt 0.083132 0.576622 0.000000
vt 0.091857 0.577235 0.000000
vt -0.100201 0.586665 0.000000
vt 0.100201 0.577849 0.000000
vt 0.100201 0.599922 0.000000
vt -0.100201 0.605211 0.000000
vt 0.100201 0.621994 0.000000
vt -0.100201 0.623758 0.000000
vt 0.100201 0.644067 0.000000
vt -0.100201 0.642304 0.000000
vt -0.100201 0.660850 0.000000
vt 0.100201 0.666140 0.000000
vt -0.100201 0.679397 0.000000
vt 0.100201 0.688213 0.000000
vt 0.091857 0.688827 0.000000
vt 0.083132 0.689440 0.000000
vt 0.074002 0.690052 0.000000
vt 0.064436 0.690663 0.000000
vt 0.054402 0.691274 0.000000
vt 0.043866 0.691884 0.000000
vt 0.032788 0.692493 0.000000
vt 0.021127 0.693102 0.000000
vt 0.008834 0.693709 0.000000
vt -0.004142 0.694316 0.000000
vt -0.017861 0.694923 0.000000
vt -0.032389 0.695528 0.000000
vt -0.047799 0.696133 0.000000
vt -0.055859 0.696435 0.000000
vt -0.064173 0.696737 0.000000
vt -0.072750 0.697039 0.000000
vt -0.081605 0.697340 0.000000
vt -0.090750 0.697642 0.000000
vt -0.100201 0.697943 0.000000
vt -0.090750 0.373641 0.000000
vt -0.072750 0.374244 0.000000
vt -0.100201 0.373340 0.000000
vt -0.064173 0.374546 0.000000
vt -0.055859 0.374848 0.000000
vt -0.081605 0.373943 0.000000
vt -0.047799 0.375150 0.000000
vt -0.032389 0.375755 0.000000
vt -0.017861 0.376361 0.000000
vt -0.004142 0.376967 0.000000
vt 0.008834 0.377574 0.000000
vt 0.021127 0.378182 0.000000
vt 0.032788 0.378790 0.000000
vt 0.043866 0.379399 0.000000
vt 0.054402 0.380009 0.000000
vt 0.064436 0.380620 0.000000
vt 0.074002 0.381231 0.000000
vt 0.083132 0.381843 0.000000
vt 0.091857 0.382456 0.000000
vt -0.100201 0.391886 0.000000
vt 0.100201 0.383070 0.000000
vt 0.100201 0.405143 0.000000
vt -0.100201 0.410433 0.000000
vt 0.100201 0.427216 0.000000
vt -0.100201 0.428979 0.000000
vt 0.100201 0.449289 0.000000
vt -0.100201 0.447525 0.000000
vt -0.100201 0.466072 0.000000
vt 0.100201 0.471361 0.000000
vt -0.100201 0.484618 0.000000
vt 0.100201 0.493434 0.000000
vt 0.091857 0.494048 0.000000
vt 0.083132 0.494661 0.000000
vt 0.074002 0.495273 0.000000
vt 0.064436 0.495884 0.000000
vt 0.054402 0.496495 0.000000
vt 0.043866 0.497105 0.000000
vt 0.032788 0.497714 0.000000
vt 0.021127 0.498323 0.000000
vt 0.008834 0.498931 0.000000
vt -0.004142 0.499538 0.000000
vt -0.017861 0.500144 0.000000
vt -0.032389 0.500749 0.000000
vt -0.047799 0.501354 0.000000
vt -0.055859 0.501656 0.000000
vt -0.064173 0.501958 0.000000
vt -0.072750 0.502260 0.000000
vt -0.081605 0.502562 0.000000
vt -0.090750 0.502863 0.000000
vt -0.100201 0.503164 0.000000
vt 0.100201 1.250476 0.000000
vt 0.100201 1.272549 0.000000
vt -0.100201 1.263733 0.000000
vt 0.091857 1.273163 0.000000
vt 0.083132 1.273776 0.000000
vt 0.074002 1.274388 0.000000
vt 0.064436 1.274999 0.000000
vt 0.054402 1.275610 0.000000
vt 0.043866 1.276220 0.000000
vt 0.032788 1.276829 0.000000
vt 0.021127 1.277438 0.000000
vt 0.008834 1.278046 0.000000
vt -0.004142 1.278653 0.000000
vt -0.017861 1.279259 0.000000
vt -0.032389 1.279864 0.000000
vt -0.047799 1.280469 0.000000
vt -0.055859 1.280771 0.000000
vt -0.064173 1.281073 0.000000
vt -0.072750 1.281375 0.000000
vt -0.081605 1.281677 0.000000
vt -0.090750 1.281978 0.000000
vt -0.100201 1.282279 0.000000
vt -0.100201 1.245187 0.000000
vt 0.100201 1.228404 0.000000
vt -0.100201 1.226640 0.000000
vt -0.100201 1.208094 0.000000
vt 0.100201 1.206331 0.000000
vt -0.100201 1.189548 0.000000
vt 0.100201 1.184258 0.000000
vt -0.100201 1.171001 0.000000
vt 0.100201 1.162185 0.000000
vt 0.091857 1.161571 0.000000
vt -0.100201 1.152455 0.000000
vt 0.083132 1.160958 0.000000
vt 0.074002 1.160346 0.000000
vt 0.064436 1.159735 0.000000
vt 0.054402 1.159124 0.000000
vt 0.043866 1.158514 0.000000
vt 0.032788 1.157905 0.000000
vt 0.021127 1.157297 0.000000
vt 0.008834 1.156689 0.000000
vt -0.004142 1.156082 0.000000
vt -0.017861 1.155476 0.000000
vt -0.032389 1.154870 0.000000
vt -0.047799 1.154265 0.000000
vt -0.055859 1.153963 0.000000
vt -0.064173 1.153661 0.000000
vt -0.072750 1.153359 0.000000
vt -0.090750 1.152756 0.000000
vt -0.081605 1.153058 0.000000
vt 0.100201 -1.476426 0.000000
vt 0.100201 -1.454353 0.000000
vt -0.100201 -1.463169 0.000000
vt 0.091857 -1.453739 0.000000
vt 0.083132 -1.453127 0.000000
vt 0.074002 -1.452514 0.000000
vt 0.064436 -1.451903 0.000000
vt 0.054402 -1.451292 0.000000
vt 0.043866 -1.450682 0.000000
vt 0.032788 -1.450073 0.000000
vt 0.021127 -1.449465 0.000000
vt 0.008834 -1.448857 0.000000
vt -0.004142 -1.448250 0.000000
vt -0.017861 -1.447644 0.000000
vt -0.032389 -1.447038 0.000000
vt -0.047799 -1.446433 0.000000
vt -0.055859 -1.446131 0.000000
vt -0.064173 -1.445829 0.000000
vt -0.072750 -1.445527 0.000000
vt -0.081605 -1.445226 0.000000
vt -0.090750 -1.444924 0.000000
vt -0.100201 -1.444623 0.000000
vt -0.100201 -1.481716 0.000000
vt 0.100201 -1.498499 0.000000
vt -0.100201 -1.500262 0.000000
vt -0.100201 -1.518808 0.000000
vt 0.100201 -1.520572 0.000000
vt -0.100201 -1.537355 0.000000
vt 0.100201 -1.542645 0.000000
vt -0.100201 -1.555901 0.000000
vt 0.100201 -1.564717 0.000000
vt 0.091857 -1.565331 0.000000
vt -0.100201 -1.574447 0.000000
vt 0.083132 -1.565944 0.000000
vt 0.074002 -1.566556 0.000000
vt 0.064436 -1.567168 0.000000
vt 0.054402 -1.567778 0.000000
vt 0.043866 -1.568388 0.000000
vt 0.032788 -1.568997 0.000000
vt 0.021127 -1.569606 0.000000
vt 0.008834 -1.570214 0.000000
vt -0.004142 -1.570821 0.000000
vt -0.017861 -1.571427 0.000000
vt -0.032389 -1.572032 0.000000
vt -0.047799 -1.572637 0.000000
vt -0.055859 -1.572939 0.000000
vt -0.064173 -1.573241 0.000000
vt -0.072750 -1.573543 0.000000
vt -0.090750 -1.574146 0.000000
vt -0.081605 -1.573845 0.000000
vt -0.090750 0.178863 0.000000
vt -0.072750 0.179466 0.000000
vt -0.100201 0.178561 0.000000
vt -0.064173 0.179767 0.000000
vt -0.055859 0.180069 0.000000
vt -0.081605 0.179164 0.000000
vt -0.047799 0.180371 0.000000
vt -0.032389 0.180976 0.000000
vt -0.017861 0.181582 0.000000
vt -0.004142 0.182188 0.000000
vt 0.008834 0.182795 0.000000
vt 0.021127 0.183403 0.000000
vt 0.032788 0.184011 0.000000
vt 0.043866 0.184621 0.000000
vt 0.054402 0.185230 0.000000
vt 0.064436 0.185841 0.000000
vt 0.074002 0.186453 0.000000
vt 0.083132 0.187065 0.000000
vt 0.091857 0.187678 0.000000
vt -0.100201 0.197108 0.000000
vt 0.100201 0.188291 0.000000
vt 0.100201 0.210364 0.000000
vt -0.100201 0.215654 0.000000
vt 0.100201 0.232437 0.000000
vt -0.100201 0.234200 0.000000
vt 0.100201 0.254510 0.000000
vt -0.100201 0.252747 0.000000
vt -0.100201 0.271293 0.000000
vt 0.100201 0.276583 0.000000
vt -0.100201 0.289839 0.000000
vt 0.100201 0.298656 0.000000
vt 0.091857 0.299269 0.000000
vt 0.083132 0.299882 0.000000
vt 0.074002 0.300494 0.000000
vt 0.064436 0.301106 0.000000
vt 0.054402 0.301716 0.000000
vt 0.043866 0.302326 0.000000
vt 0.032788 0.302936 0.000000
vt 0.021127 0.303544 0.000000
vt 0.008834 0.304152 0.000000
vt -0.004142 0.304759 0.000000
vt -0.017861 0.305365 0.000000
vt -0.032389 0.305971 0.000000
vt -0.047799 0.306575 0.000000
vt -0.055859 0.306878 0.000000
vt -0.064173 0.307180 0.000000
vt -0.072750 0.307481 0.000000
vt -0.081605 0.307783 0.000000
vt -0.090750 0.308084 0.000000
vt -0.100201 0.308386 0.000000
vt 0.100201 -1.281647 0.000000
vt 0.100201 -1.259574 0.000000
vt -0.100201 -1.268391 0.000000
vt 0.091857 -1.258961 0.000000
vt 0.083132 -1.258348 0.000000
vt 0.074002 -1.257736 0.000000
vt 0.064436 -1.257124 0.000000
vt 0.054402 -1.256514 0.000000
vt 0.043866 -1.255904 0.000000
vt 0.032788 -1.255294 0.000000
vt 0.021127 -1.254686 0.000000
vt 0.008834 -1.254078 0.000000
vt -0.004142 -1.253471 0.000000
vt -0.017861 -1.252865 0.000000
vt -0.032389 -1.252259 0.000000
vt -0.047799 -1.251655 0.000000
vt -0.055859 -1.251352 0.000000
vt -0.064173 -1.251050 0.000000
vt -0.072750 -1.250749 0.000000
vt -0.081605 -1.250447 0.000000
vt -0.090750 -1.250146 0.000000
vt -0.100201 -1.249844 0.000000
vt -0.100201 -1.286937 0.000000
vt 0.100201 -1.303720 0.000000
vt -0.100201 -1.305483 0.000000
vt -0.100201 -1.324030 0.000000
vt 0.100201 -1.325793 0.000000
vt -0.100201 -1.342576 0.000000
vt 0.100201 -1.347866 0.000000
vt -0.100201 -1.361122 0.000000
vt 0.100201 -1.369939 0.000000
vt 0.091857 -1.370552 0.000000
vt -0.100201 -1.379669 0.000000
vt 0.083132 -1.371165 0.000000
vt 0.074002 -1.371777 0.000000
vt 0.064436 -1.372389 0.000000
vt 0.054402 -1.372999 0.000000
vt 0.043866 -1.373609 0.000000
vt 0.032788 -1.374219 0.000000
vt 0.021127 -1.374827 0.000000
vt 0.008834 -1.375435 0.000000
vt -0.004142 -1.376042 0.000000
vt -0.017861 -1.376648 0.000000
vt -0.032389 -1.377254 0.000000
vt -0.047799 -1.377859 0.000000
vt -0.055859 -1.378161 0.000000
vt -0.064173 -1.378463 0.000000
vt -0.072750 -1.378764 0.000000
vt -0.090750 -1.379367 0.000000
vt -0.081605 -1.379066 0.000000
vt -0.090750 -0.015916 0.000000
vt -0.072750 -0.015313 0.000000
vt -0.100201 -0.016217 0.000000
vt -0.064173 -0.015011 0.000000
vt -0.055859 -0.014709 0.000000
vt -0.081605 -0.015615 0.000000
vt -0.047799 -0.014407 0.000000
vt -0.032389 -0.013803 0.000000
vt -0.017861 -0.013197 0.000000
vt -0.004142 -0.012591 0.000000
vt 0.008834 -0.011984 0.000000
vt 0.021127 -0.011376 0.000000
vt 0.032788 -0.010767 0.000000
vt 0.043866 -0.010158 0.000000
vt 0.054402 -0.009548 0.000000
vt 0.064436 -0.008938 0.000000
vt 0.074002 -0.008326 0.000000
vt 0.083132 -0.007714 0.000000
vt 0.091857 -0.007101 0.000000
vt -0.100201 0.002329 0.000000
vt 0.100201 -0.006487 0.000000
vt 0.100201 0.015585 0.000000
vt -0.100201 0.020875 0.000000
vt 0.100201 0.037658 0.000000
vt -0.100201 0.039422 0.000000
vt 0.100201 0.059731 0.000000
vt -0.100201 0.057968 0.000000
vt -0.100201 0.076514 0.000000
vt 0.100201 0.081804 0.000000
vt -0.100201 0.095060 0.000000
vt 0.100201 0.103877 0.000000
vt 0.091857 0.104490 0.000000
vt 0.083132 0.105103 0.000000
vt 0.074002 0.105716 0.000000
vt 0.064436 0.106327 0.000000
vt 0.054402 0.106938 0.000000
vt 0.043866 0.107548 0.000000
vt 0.032788 0.108157 0.000000
vt 0.021127 0.108765 0.000000
vt 0.008834 0.109373 0.000000
vt -0.004142 0.109980 0.000000
vt -0.017861 0.110586 0.000000
vt -0.032389 0.111192 0.000000
vt -0.047799 0.111797 0.000000
vt -0.055859 0.112099 0.000000
vt -0.064173 0.112401 0.000000
vt -0.072750 0.112703 0.000000
vt -0.081605 0.113004 0.000000
vt -0.090750 0.113306 0.000000
vt -0.100201 0.113607 0.000000
vt 0.100201 -1.086868 0.000000
vt 0.100201 -1.064796 0.000000
vt -0.100201 -1.073612 0.000000
vt 0.091857 -1.064182 0.000000
vt 0.083132 -1.063569 0.000000
vt 0.074002 -1.062957 0.000000
vt 0.064436 -1.062346 0.000000
vt 0.054402 -1.061735 0.000000
vt 0.043866 -1.061125 0.000000
vt 0.032788 -1.060516 0.000000
vt 0.021127 -1.059907 0.000000
vt 0.008834 -1.059299 0.000000
vt -0.004142 -1.058692 0.000000
vt -0.017861 -1.058086 0.000000
vt -0.032389 -1.057481 0.000000
vt -0.047799 -1.056876 0.000000
vt -0.055859 -1.056574 0.000000
vt -0.064173 -1.056272 0.000000
vt -0.072750 -1.055970 0.000000
vt -0.081605 -1.055668 0.000000
vt -0.090750 -1.055367 0.000000
vt -0.100201 -1.055066 0.000000
vt -0.100201 -1.092158 0.000000
vt 0.100201 -1.108941 0.000000
vt -0.100201 -1.110705 0.000000
vt -0.100201 -1.129251 0.000000
vt 0.100201 -1.131014 0.000000
vt -0.100201 -1.147797 0.000000
vt 0.100201 -1.153087 0.000000
vt -0.100201 -1.166344 0.000000
vt 0.100201 -1.175160 0.000000
vt 0.091857 -1.175774 0.000000
vt -0.100201 -1.184890 0.000000
vt 0.083132 -1.176386 0.000000
vt 0.074002 -1.176999 0.000000
vt 0.064436 -1.177610 0.000000
vt 0.054402 -1.178221 0.000000
vt 0.043866 -1.178831 0.000000
vt 0.032788 -1.179440 0.000000
vt 0.021127 -1.180048 0.000000
vt 0.008834 -1.180656 0.000000
vt -0.004142 -1.181263 0.000000
vt -0.017861 -1.181869 0.000000
vt -0.032389 -1.182475 0.000000
vt -0.047799 -1.183080 0.000000
vt -0.055859 -1.183382 0.000000
vt -0.064173 -1.183684 0.000000
vt -0.072750 -1.183986 0.000000
vt -0.090750 -1.184589 0.000000
vt -0.081605 -1.184287 0.000000
vt -0.090750 -0.405474 0.000000
vt -0.072750 -0.404871 0.000000
vt -0.100201 -0.405775 0.000000
vt -0.064173 -0.404569 0.000000
vt -0.055859 -0.404267 0.000000
vt -0.081605 -0.405172 0.000000
vt -0.047799 -0.403965 0.000000
vt -0.032389 -0.403360 0.000000
vt -0.017861 -0.402754 0.000000
vt -0.004142 -0.402148 0.000000
vt 0.008834 -0.401541 0.000000
vt 0.021127 -0.400933 0.000000
vt 0.032788 -0.400325 0.000000
vt 0.043866 -0.399716 0.000000
vt 0.054402 -0.399106 0.000000
vt 0.064436 -0.398495 0.000000
vt 0.074002 -0.397884 0.000000
vt 0.083132 -0.397271 0.000000
vt 0.091857 -0.396659 0.000000
vt -0.100201 -0.387229 0.000000
vt 0.100201 -0.396045 0.000000
vt 0.100201 -0.373972 0.000000
vt -0.100201 -0.368682 0.000000
vt 0.100201 -0.351899 0.000000
vt -0.100201 -0.350136 0.000000
vt 0.100201 -0.329826 0.000000
vt -0.100201 -0.331590 0.000000
vt -0.100201 -0.313043 0.000000
vt 0.100201 -0.307754 0.000000
vt -0.100201 -0.294497 0.000000
vt 0.100201 -0.285681 0.000000
vt 0.091857 -0.285067 0.000000
vt 0.083132 -0.284454 0.000000
vt 0.074002 -0.283842 0.000000
vt 0.064436 -0.283231 0.000000
vt 0.054402 -0.282620 0.000000
vt 0.043866 -0.282010 0.000000
vt 0.032788 -0.281401 0.000000
vt 0.021127 -0.280792 0.000000
vt 0.008834 -0.280184 0.000000
vt -0.004142 -0.279577 0.000000
vt -0.017861 -0.278971 0.000000
vt -0.032389 -0.278366 0.000000
vt -0.047799 -0.277761 0.000000
vt -0.055859 -0.277459 0.000000
vt -0.064173 -0.277157 0.000000
vt -0.072750 -0.276855 0.000000
vt -0.081605 -0.276553 0.000000
vt -0.090750 -0.276252 0.000000
vt -0.100201 -0.275951 0.000000
vt -0.090750 -0.210695 0.000000
vt -0.072750 -0.210092 0.000000
vt -0.100201 -0.210996 0.000000
vt -0.064173 -0.209790 0.000000
vt -0.055859 -0.209488 0.000000
vt -0.081605 -0.210394 0.000000
vt -0.047799 -0.209186 0.000000
vt -0.032389 -0.208581 0.000000
vt -0.017861 -0.207976 0.000000
vt -0.004142 -0.207369 0.000000
vt 0.008834 -0.206762 0.000000
vt 0.021127 -0.206155 0.000000
vt 0.032788 -0.205546 0.000000
vt 0.043866 -0.204937 0.000000
vt 0.054402 -0.204327 0.000000
vt 0.064436 -0.203716 0.000000
vt 0.074002 -0.203105 0.000000
vt 0.083132 -0.202493 0.000000
vt 0.091857 -0.201880 0.000000
vt -0.100201 -0.192450 0.000000
vt 0.100201 -0.201266 0.000000
vt 0.100201 -0.179193 0.000000
vt -0.100201 -0.173904 0.000000
vt 0.100201 -0.157120 0.000000
vt -0.100201 -0.155357 0.000000
vt 0.100201 -0.135048 0.000000
vt -0.100201 -0.136811 0.000000
vt -0.100201 -0.118265 0.000000
vt 0.100201 -0.112975 0.000000
vt -0.100201 -0.099718 0.000000
vt 0.100201 -0.090902 0.000000
vt 0.091857 -0.090288 0.000000
vt 0.083132 -0.089675 0.000000
vt 0.074002 -0.089063 0.000000
vt 0.064436 -0.088452 0.000000
vt 0.054402 -0.087841 0.000000
vt 0.043866 -0.087231 0.000000
vt 0.032788 -0.086622 0.000000
vt 0.021127 -0.086013 0.000000
vt 0.008834 -0.085406 0.000000
vt -0.004142 -0.084799 0.000000
vt -0.017861 -0.084192 0.000000
vt -0.032389 -0.083587 0.000000
vt -0.047799 -0.082982 0.000000
vt -0.055859 -0.082680 0.000000
vt -0.064173 -0.082378 0.000000
vt -0.072750 -0.082076 0.000000
vt -0.081605 -0.081775 0.000000
vt -0.090750 -0.081473 0.000000
vt -0.100201 -0.081172 0.000000
vt 0.100201 -0.892090 0.000000
vt 0.100201 -0.870017 0.000000
vt -0.100201 -0.878833 0.000000
vt 0.091857 -0.869403 0.000000
vt 0.083132 -0.868790 0.000000
vt 0.074002 -0.868178 0.000000
vt 0.064436 -0.867567 0.000000
vt 0.054402 -0.866956 0.000000
vt 0.043866 -0.866346 0.000000
vt 0.032788 -0.865737 0.000000
vt 0.021127 -0.865128 0.000000
vt 0.008834 -0.864521 0.000000
vt -0.004142 -0.863914 0.000000
vt -0.017861 -0.863307 0.000000
vt -0.032389 -0.862702 0.000000
vt -0.047799 -0.862097 0.000000
vt -0.055859 -0.861795 0.000000
vt -0.064173 -0.861493 0.000000
vt -0.072750 -0.861191 0.000000
vt -0.081605 -0.860890 0.000000
vt -0.090750 -0.860588 0.000000
vt -0.100201 -0.860287 0.000000
vt -0.100201 -0.897380 0.000000
vt 0.100201 -0.914163 0.000000
vt -0.100201 -0.915926 0.000000
vt -0.100201 -0.934472 0.000000
vt 0.100201 -0.936235 0.000000
vt -0.100201 -0.953019 0.000000
vt 0.100201 -0.958308 0.000000
vt -0.100201 -0.971565 0.000000
vt 0.100201 -0.980381 0.000000
vt 0.091857 -0.980995 0.000000
vt -0.100201 -0.990111 0.000000
vt 0.083132 -0.981608 0.000000
vt 0.074002 -0.982220 0.000000
vt 0.064436 -0.982831 0.000000
vt 0.054402 -0.983442 0.000000
vt 0.043866 -0.984052 0.000000
vt 0.032788 -0.984661 0.000000
vt 0.021127 -0.985270 0.000000
vt 0.008834 -0.985877 0.000000
vt -0.004142 -0.986484 0.000000
vt -0.017861 -0.987091 0.000000
vt -0.032389 -0.987696 0.000000
vt -0.047799 -0.988301 0.000000
vt -0.055859 -0.988603 0.000000
vt -0.064173 -0.988905 0.000000
vt -0.072750 -0.989207 0.000000
vt -0.090750 -0.989810 0.000000
vt -0.081605 -0.989509 0.000000
vt 0.100201 -0.502532 0.000000
vt 0.100201 -0.480459 0.000000
vt -0.100201 -0.489276 0.000000
vt 0.091857 -0.479846 0.000000
vt 0.083132 -0.479233 0.000000
vt 0.074002 -0.478621 0.000000
vt 0.064436 -0.478009 0.000000
vt 0.054402 -0.477399 0.000000
vt 0.043866 -0.476789 0.000000
vt 0.032788 -0.476179 0.000000
vt 0.021127 -0.475571 0.000000
vt 0.008834 -0.474963 0.000000
vt -0.004142 -0.474356 0.000000
vt -0.017861 -0.473750 0.000000
vt -0.032389 -0.473144 0.000000
vt -0.047799 -0.472540 0.000000
vt -0.055859 -0.472237 0.000000
vt -0.064173 -0.471935 0.000000
vt -0.072750 -0.471634 0.000000
vt -0.081605 -0.471332 0.000000
vt -0.090750 -0.471031 0.000000
vt -0.100201 -0.470729 0.000000
vt -0.100201 -0.507822 0.000000
vt 0.100201 -0.524605 0.000000
vt -0.100201 -0.526368 0.000000
vt -0.100201 -0.544915 0.000000
vt 0.100201 -0.546678 0.000000
vt -0.100201 -0.563461 0.000000
vt 0.100201 -0.568751 0.000000
vt -0.100201 -0.582007 0.000000
vt 0.100201 -0.590824 0.000000
vt 0.091857 -0.591437 0.000000
vt -0.100201 -0.600554 0.000000
vt 0.083132 -0.592050 0.000000
vt 0.074002 -0.592662 0.000000
vt 0.064436 -0.593274 0.000000
vt 0.054402 -0.593885 0.000000
vt 0.043866 -0.594494 0.000000
vt 0.032788 -0.595104 0.000000
vt 0.021127 -0.595712 0.000000
vt 0.008834 -0.596320 0.000000
vt -0.004142 -0.596927 0.000000
vt -0.017861 -0.597533 0.000000
vt -0.032389 -0.598139 0.000000
vt -0.047799 -0.598744 0.000000
vt -0.055859 -0.599046 0.000000
vt -0.064173 -0.599348 0.000000
vt -0.072750 -0.599649 0.000000
vt -0.090750 -0.600252 0.000000
vt -0.081605 -0.599951 0.000000
vt -0.044747 0.419300 0.000000
vt -0.044747 0.403873 0.000000
vt 0.044747 0.406970 0.000000
vt -0.032311 0.402232 0.000000
vt -0.020264 0.400542 0.000000
vt -0.008590 0.398801 0.000000
vt 0.002729 0.397006 0.000000
vt 0.013708 0.395154 0.000000
vt 0.024362 0.393244 0.000000
vt 0.034704 0.391272 0.000000
vt 0.044747 0.389235 0.000000
vt 0.044747 0.424706 0.000000
vt -0.044747 0.434727 0.000000
vt 0.044747 0.442441 0.000000
vt -0.044747 0.450155 0.000000
vt 0.044747 0.460176 0.000000
vt -0.044747 0.465582 0.000000
vt 0.044747 0.477912 0.000000
vt -0.044747 0.481009 0.000000
vt -0.032311 0.482650 0.000000
vt -0.020264 0.484340 0.000000
vt -0.008590 0.486081 0.000000
vt 0.002729 0.487876 0.000000
vt 0.013708 0.489727 0.000000
vt 0.024362 0.491638 0.000000
vt 0.034704 0.493610 0.000000
vt 0.044747 0.495647 0.000000
vt -0.044747 0.283164 0.000000
vt -0.044747 0.267737 0.000000
vt 0.044747 0.270834 0.000000
vt -0.032311 0.266097 0.000000
vt -0.020264 0.264407 0.000000
vt -0.008590 0.262665 0.000000
vt 0.002729 0.260870 0.000000
vt 0.013708 0.259019 0.000000
vt 0.024362 0.257108 0.000000
vt 0.034704 0.255136 0.000000
vt 0.044747 0.253099 0.000000
vt 0.044747 0.288570 0.000000
vt -0.044747 0.298592 0.000000
vt 0.044747 0.306305 0.000000
vt -0.044747 0.314019 0.000000
vt 0.044747 0.324041 0.000000
vt -0.044747 0.329446 0.000000
vt 0.044747 0.341776 0.000000
vt -0.044747 0.344873 0.000000
vt -0.032311 0.346514 0.000000
vt -0.020264 0.348204 0.000000
vt -0.008590 0.349945 0.000000
vt 0.002729 0.351740 0.000000
vt 0.013708 0.353592 0.000000
vt 0.024362 0.355502 0.000000
vt 0.034704 0.357474 0.000000
vt 0.044747 0.359512 0.000000
vt 0.044747 0.767919 0.000000
vt 0.034704 0.765882 0.000000
vt 0.044747 0.750183 0.000000
vt 0.024362 0.763909 0.000000
vt 0.013708 0.761999 0.000000
vt 0.002729 0.760147 0.000000
vt -0.008590 0.758352 0.000000
vt -0.020264 0.756611 0.000000
vt -0.032311 0.754921 0.000000
vt -0.044747 0.753280 0.000000
vt -0.044747 0.737853 0.000000
vt 0.044747 0.732448 0.000000
vt -0.044747 0.722426 0.000000
vt 0.044747 0.714712 0.000000
vt -0.044747 0.706999 0.000000
vt 0.044747 0.696977 0.000000
vt -0.044747 0.691571 0.000000
vt 0.044747 0.679241 0.000000
vt -0.044747 0.676144 0.000000
vt -0.032311 0.674504 0.000000
vt -0.020264 0.672814 0.000000
vt -0.008590 0.671072 0.000000
vt 0.002729 0.669277 0.000000
vt 0.013708 0.667426 0.000000
vt 0.024362 0.665515 0.000000
vt 0.034704 0.663543 0.000000
vt 0.044747 0.661506 0.000000
vt 0.044747 0.631783 0.000000
vt 0.034704 0.629746 0.000000
vt 0.044747 0.614047 0.000000
vt 0.024362 0.627774 0.000000
vt 0.013708 0.625863 0.000000
vt 0.002729 0.624012 0.000000
vt -0.008590 0.622217 0.000000
vt -0.020264 0.620475 0.000000
vt -0.032311 0.618785 0.000000
vt -0.044747 0.617145 0.000000
vt -0.044747 0.601718 0.000000
vt 0.044747 0.596312 0.000000
vt -0.044747 0.586290 0.000000
vt 0.044747 0.578577 0.000000
vt -0.044747 0.570863 0.000000
vt 0.044747 0.560841 0.000000
vt -0.044747 0.555436 0.000000
vt 0.044747 0.543106 0.000000
vt -0.044747 0.540008 0.000000
vt -0.032311 0.538368 0.000000
vt -0.020264 0.536678 0.000000
vt -0.008590 0.534937 0.000000
vt 0.002729 0.533142 0.000000
vt 0.013708 0.531290 0.000000
vt 0.024362 0.529380 0.000000
vt 0.034704 0.527407 0.000000
vt 0.044747 0.525370 0.000000
vt 0.044747 0.904054 0.000000
vt 0.034704 0.902017 0.000000
vt 0.044747 0.886319 0.000000
vt 0.024362 0.900045 0.000000
vt 0.013708 0.898135 0.000000
vt 0.002729 0.896283 0.000000
vt -0.008590 0.894488 0.000000
vt -0.020264 0.892747 0.000000
vt -0.032311 0.891057 0.000000
vt -0.044747 0.889416 0.000000
vt -0.044747 0.873989 0.000000
vt 0.044747 0.868583 0.000000
vt -0.044747 0.858562 0.000000
vt 0.044747 0.850848 0.000000
vt -0.044747 0.843134 0.000000
vt 0.044747 0.833113 0.000000
vt -0.044747 0.827707 0.000000
vt 0.044747 0.815377 0.000000
vt -0.044747 0.812280 0.000000
vt -0.032311 0.810639 0.000000
vt -0.020264 0.808949 0.000000
vt -0.008590 0.807208 0.000000
vt 0.002729 0.805413 0.000000
vt 0.013708 0.803562 0.000000
vt 0.024362 0.801651 0.000000
vt 0.034704 0.799679 0.000000
vt 0.044747 0.797642 0.000000
vt 0.044747 -1.001845 0.000000
vt 0.034704 -1.003882 0.000000
vt 0.044747 -1.019581 0.000000
vt 0.024362 -1.005855 0.000000
vt 0.013708 -1.007765 0.000000
vt 0.002729 -1.009616 0.000000
vt -0.008590 -1.011412 0.000000
vt -0.020264 -1.013153 0.000000
vt -0.032311 -1.014843 0.000000
vt -0.044747 -1.016483 0.000000
vt -0.044747 -1.031911 0.000000
vt 0.044747 -1.037316 0.000000
vt -0.044747 -1.047338 0.000000
vt 0.044747 -1.055052 0.000000
vt -0.044747 -1.062765 0.000000
vt 0.044747 -1.072787 0.000000
vt -0.044747 -1.078192 0.000000
vt 0.044747 -1.090522 0.000000
vt -0.044747 -1.093620 0.000000
vt -0.032311 -1.095260 0.000000
vt -0.020264 -1.096950 0.000000
vt -0.008590 -1.098691 0.000000
vt 0.002729 -1.100487 0.000000
vt 0.013708 -1.102338 0.000000
vt 0.024362 -1.104248 0.000000
vt 0.034704 -1.106221 0.000000
vt 0.044747 -1.108258 0.000000
vt -0.044747 0.147029 0.000000
vt -0.044747 0.131601 0.000000
vt 0.044747 0.134699 0.000000
vt -0.032311 0.129961 0.000000
vt -0.020264 0.128271 0.000000
vt -0.008590 0.126530 0.000000
vt 0.002729 0.124735 0.000000
vt 0.013708 0.122883 0.000000
vt 0.024362 0.120973 0.000000
vt 0.034704 0.119000 0.000000
vt 0.044747 0.116963 0.000000
vt 0.044747 0.152434 0.000000
vt -0.044747 0.162456 0.000000
vt 0.044747 0.170170 0.000000
vt -0.044747 0.177883 0.000000
vt 0.044747 0.187905 0.000000
vt -0.044747 0.193310 0.000000
vt 0.044747 0.205640 0.000000
vt -0.044747 0.208738 0.000000
vt -0.032311 0.210378 0.000000
vt -0.020264 0.212068 0.000000
vt -0.008590 0.213810 0.000000
vt 0.002729 0.215605 0.000000
vt 0.013708 0.217456 0.000000
vt 0.024362 0.219367 0.000000
vt 0.034704 0.221339 0.000000
vt 0.044747 0.223376 0.000000
vt 0.044747 -0.865710 0.000000
vt 0.034704 -0.867747 0.000000
vt 0.044747 -0.883445 0.000000
vt 0.024362 -0.869719 0.000000
vt 0.013708 -0.871629 0.000000
vt 0.002729 -0.873481 0.000000
vt -0.008590 -0.875276 0.000000
vt -0.020264 -0.877017 0.000000
vt -0.032311 -0.878707 0.000000
vt -0.044747 -0.880348 0.000000
vt -0.044747 -0.895775 0.000000
vt 0.044747 -0.901180 0.000000
vt -0.044747 -0.911202 0.000000
vt 0.044747 -0.918916 0.000000
vt -0.044747 -0.926629 0.000000
vt 0.044747 -0.936651 0.000000
vt -0.044747 -0.942057 0.000000
vt 0.044747 -0.954387 0.000000
vt -0.044747 -0.957484 0.000000
vt -0.032311 -0.959125 0.000000
vt -0.020264 -0.960814 0.000000
vt -0.008590 -0.962556 0.000000
vt 0.002729 -0.964351 0.000000
vt 0.013708 -0.966202 0.000000
vt 0.024362 -0.968113 0.000000
vt 0.034704 -0.970085 0.000000
vt 0.044747 -0.972122 0.000000
vt -0.044747 0.010893 0.000000
vt -0.044747 -0.004534 0.000000
vt 0.044747 -0.001437 0.000000
vt -0.032311 -0.006175 0.000000
vt -0.020264 -0.007865 0.000000
vt -0.008590 -0.009606 0.000000
vt 0.002729 -0.011401 0.000000
vt 0.013708 -0.013253 0.000000
vt 0.024362 -0.015163 0.000000
vt 0.034704 -0.017135 0.000000
vt 0.044747 -0.019172 0.000000
vt 0.044747 0.016299 0.000000
vt -0.044747 0.026320 0.000000
vt 0.044747 0.034034 0.000000
vt -0.044747 0.041748 0.000000
vt 0.044747 0.051769 0.000000
vt -0.044747 0.057175 0.000000
vt 0.044747 0.069505 0.000000
vt -0.044747 0.072602 0.000000
vt -0.032311 0.074243 0.000000
vt -0.020264 0.075933 0.000000
vt -0.008590 0.077674 0.000000
vt 0.002729 0.079469 0.000000
vt 0.013708 0.081320 0.000000
vt 0.024362 0.083231 0.000000
vt 0.034704 0.085203 0.000000
vt 0.044747 0.087240 0.000000
vt 0.044747 -0.729574 0.000000
vt 0.034704 -0.731611 0.000000
vt 0.044747 -0.747309 0.000000
vt 0.024362 -0.733583 0.000000
vt 0.013708 -0.735494 0.000000
vt 0.002729 -0.737345 0.000000
vt -0.008590 -0.739140 0.000000
vt -0.020264 -0.740882 0.000000
vt -0.032311 -0.742571 0.000000
vt -0.044747 -0.744212 0.000000
vt -0.044747 -0.759639 0.000000
vt 0.044747 -0.765045 0.000000
vt -0.044747 -0.775067 0.000000
vt 0.044747 -0.782780 0.000000
vt -0.044747 -0.790494 0.000000
vt 0.044747 -0.800516 0.000000
vt -0.044747 -0.805921 0.000000
vt 0.044747 -0.818251 0.000000
vt -0.044747 -0.821348 0.000000
vt -0.032311 -0.822989 0.000000
vt -0.020264 -0.824679 0.000000
vt -0.008590 -0.826420 0.000000
vt 0.002729 -0.828215 0.000000
vt 0.013708 -0.830067 0.000000
vt 0.024362 -0.831977 0.000000
vt 0.034704 -0.833949 0.000000
vt 0.044747 -0.835986 0.000000
vt -0.044747 -0.261378 0.000000
vt -0.044747 -0.276806 0.000000
vt 0.044747 -0.273708 0.000000
vt -0.032311 -0.278446 0.000000
vt -0.020264 -0.280136 0.000000
vt -0.008590 -0.281877 0.000000
vt 0.002729 -0.283673 0.000000
vt 0.013708 -0.285524 0.000000
vt 0.024362 -0.287434 0.000000
vt 0.034704 -0.289407 0.000000
vt 0.044747 -0.291444 0.000000
vt 0.044747 -0.255973 0.000000
vt -0.044747 -0.245951 0.000000
vt 0.044747 -0.238237 0.000000
vt -0.044747 -0.230524 0.000000
vt 0.044747 -0.220502 0.000000
vt -0.044747 -0.215097 0.000000
vt 0.044747 -0.202767 0.000000
vt -0.044747 -0.199669 0.000000
vt -0.032311 -0.198029 0.000000
vt -0.020264 -0.196339 0.000000
vt -0.008590 -0.194598 0.000000
vt 0.002729 -0.192802 0.000000
vt 0.013708 -0.190951 0.000000
vt 0.024362 -0.189041 0.000000
vt 0.034704 -0.187068 0.000000
vt 0.044747 -0.185031 0.000000
vt -0.044747 -0.125243 0.000000
vt -0.044747 -0.140670 0.000000
vt 0.044747 -0.137573 0.000000
vt -0.032311 -0.142311 0.000000
vt -0.020264 -0.144000 0.000000
vt -0.008590 -0.145742 0.000000
vt 0.002729 -0.147537 0.000000
vt 0.013708 -0.149388 0.000000
vt 0.024362 -0.151299 0.000000
vt 0.034704 -0.153271 0.000000
vt 0.044747 -0.155308 0.000000
vt 0.044747 -0.119837 0.000000
vt -0.044747 -0.109815 0.000000
vt 0.044747 -0.102102 0.000000
vt -0.044747 -0.094388 0.000000
vt 0.044747 -0.084366 0.000000
vt -0.044747 -0.078961 0.000000
vt 0.044747 -0.066631 0.000000
vt -0.044747 -0.063534 0.000000
vt -0.032311 -0.061893 0.000000
vt -0.020264 -0.060203 0.000000
vt -0.008590 -0.058462 0.000000
vt 0.002729 -0.056667 0.000000
vt 0.013708 -0.054815 0.000000
vt 0.024362 -0.052905 0.000000
vt 0.034704 -0.050933 0.000000
vt 0.044747 -0.048896 0.000000
vt 0.044747 -0.593438 0.000000
vt 0.034704 -0.595475 0.000000
vt 0.044747 -0.611174 0.000000
vt 0.024362 -0.597448 0.000000
vt 0.013708 -0.599358 0.000000
vt 0.002729 -0.601209 0.000000
vt -0.008590 -0.603005 0.000000
vt -0.020264 -0.604746 0.000000
vt -0.032311 -0.606436 0.000000
vt -0.044747 -0.608076 0.000000
vt -0.044747 -0.623504 0.000000
vt 0.044747 -0.628909 0.000000
vt -0.044747 -0.638931 0.000000
vt 0.044747 -0.646644 0.000000
vt -0.044747 -0.654358 0.000000
vt 0.044747 -0.664380 0.000000
vt -0.044747 -0.669785 0.000000
vt 0.044747 -0.682115 0.000000
vt -0.044747 -0.685213 0.000000
vt -0.032311 -0.686853 0.000000
vt -0.020264 -0.688543 0.000000
vt -0.008590 -0.690284 0.000000
vt 0.002729 -0.692080 0.000000
vt 0.013708 -0.693931 0.000000
vt 0.024362 -0.695841 0.000000
vt 0.034704 -0.697814 0.000000
vt 0.044747 -0.699851 0.000000
vt 0.044747 -0.321167 0.000000
vt 0.034704 -0.323204 0.000000
vt 0.044747 -0.338902 0.000000
vt 0.024362 -0.325176 0.000000
vt 0.013708 -0.327087 0.000000
vt 0.002729 -0.328938 0.000000
vt -0.008590 -0.330733 0.000000
vt -0.020264 -0.332474 0.000000
vt -0.032311 -0.334164 0.000000
vt -0.044747 -0.335805 0.000000
vt -0.044747 -0.351232 0.000000
vt 0.044747 -0.356638 0.000000
vt -0.044747 -0.366659 0.000000
vt 0.044747 -0.374373 0.000000
vt -0.044747 -0.382087 0.000000
vt 0.044747 -0.392109 0.000000
vt -0.044747 -0.397514 0.000000
vt 0.044747 -0.409844 0.000000
vt -0.044747 -0.412941 0.000000
vt -0.032311 -0.414582 0.000000
vt -0.020264 -0.416272 0.000000
vt -0.008590 -0.418013 0.000000
vt 0.002729 -0.419808 0.000000
vt 0.013708 -0.421660 0.000000
vt 0.024362 -0.423570 0.000000
vt 0.034704 -0.425542 0.000000
vt 0.044747 -0.427579 0.000000
vt -0.020545 0.084502 0.000000
vt 0.000000 0.000000 0.000000
vt -0.020717 0.088517 0.000000
vt -0.020905 0.092912 0.000000
vt -0.021112 0.097744 0.000000
vt -0.021340 0.103082 0.000000
vt -0.021594 0.109010 0.000000
vt -0.021878 0.115631 0.000000
vt -0.022197 0.123075 0.000000
vt -0.022372 0.127156 0.000000
vt -0.022558 0.131506 0.000000
vt -0.022758 0.136155 0.000000
vt -0.022971 0.141135 0.000000
vt -0.023200 0.146480 0.000000
vt -0.023447 0.152235 0.000000
vt -0.023713 0.158446 0.000000
vt -0.024002 0.165172 0.000000
vt -0.024315 0.172479 0.000000
vt -0.024657 0.180445 0.000000
vt -0.025031 0.189164 0.000000
vt -0.025442 0.198749 0.000000
vt -0.025664 0.203907 0.000000
vt -0.025897 0.209334 0.000000
vt -0.026142 0.215053 0.000000
vt -0.026401 0.221086 0.000000
vt -0.026675 0.227461 0.000000
vt -0.026964 0.234208 0.000000
vt -0.027271 0.241360 0.000000
vt -0.027597 0.248955 0.000000
vt -0.027944 0.257035 0.000000
vt -0.028314 0.265649 0.000000
vt -0.028708 0.274850 0.000000
vt -0.029131 0.284702 0.000000
vt -0.000000 0.815000 0.000000
vt -0.034164 0.293580 0.000000
vt -0.039347 0.302711 0.000000
vt -0.041982 0.814784 0.000000
vt -0.044686 0.312107 0.000000
vt -0.050188 0.321778 0.000000
vt -0.082338 0.481419 0.000000
vt -0.081367 0.467720 0.000000
vt -0.083942 0.814135 0.000000
vt -0.088167 0.563622 0.000000
vt -0.087498 0.554188 0.000000
vt -0.086851 0.545059 0.000000
vt -0.125857 0.813054 0.000000
vt -0.111894 0.587358 0.000000
vt -0.099909 0.575386 0.000000
vt -0.167705 0.811542 0.000000
vt -0.165489 0.797313 0.000000
vt -0.163313 0.783349 0.000000
vt -0.161178 0.769641 0.000000
vt -0.159082 0.756184 0.000000
vt -0.157023 0.742970 0.000000
vt -0.155002 0.729993 0.000000
vt -0.151066 0.704724 0.000000
vt -0.147266 0.680329 0.000000
vt -0.143595 0.656764 0.000000
vt -0.140048 0.633986 0.000000
vt -0.124127 0.599547 0.000000
vt -0.136617 0.611958 0.000000
vt -0.086224 0.536220 0.000000
vt -0.085617 0.527657 0.000000
vt -0.085028 0.519357 0.000000
vt -0.084457 0.511309 0.000000
vt -0.083367 0.495925 0.000000
vt -0.055860 0.331739 0.000000
vt -0.080448 0.454762 0.000000
vt -0.079578 0.442486 0.000000
vt -0.078752 0.430840 0.000000
vt -0.061711 0.342003 0.000000
vt -0.077968 0.419777 0.000000
vt -0.077222 0.409253 0.000000
vt -0.067748 0.352584 0.000000
vt -0.076512 0.399230 0.000000
vt -0.075835 0.389674 0.000000
vt -0.075188 0.380552 0.000000
vt -0.074571 0.371835 0.000000
vt -0.073980 0.363497 0.000000
vt -0.147160 0.084502 0.000000
vt -0.146988 0.088517 0.000000
vt -0.167705 0.000000 0.000000
vt -0.146800 0.092912 0.000000
vt -0.146593 0.097744 0.000000
vt -0.146365 0.103082 0.000000
vt -0.146111 0.109010 0.000000
vt -0.145827 0.115631 0.000000
vt -0.145508 0.123075 0.000000
vt -0.145333 0.127156 0.000000
vt -0.145147 0.131506 0.000000
vt -0.144948 0.136155 0.000000
vt -0.144734 0.141135 0.000000
vt -0.144505 0.146480 0.000000
vt -0.144258 0.152235 0.000000
vt -0.143992 0.158446 0.000000
vt -0.143703 0.165172 0.000000
vt -0.143390 0.172479 0.000000
vt -0.143048 0.180445 0.000000
vt -0.142674 0.189164 0.000000
vt -0.142263 0.198749 0.000000
vt -0.142041 0.203907 0.000000
vt -0.141808 0.209334 0.000000
vt -0.141563 0.215053 0.000000
vt -0.141304 0.221086 0.000000
vt -0.141031 0.227461 0.000000
vt -0.140741 0.234208 0.000000
vt -0.140434 0.241360 0.000000
vt -0.140108 0.248955 0.000000
vt -0.139761 0.257035 0.000000
vt -0.139392 0.265649 0.000000
vt -0.138997 0.274850 0.000000
vt -0.138574 0.284702 0.000000
vt -0.167705 0.815000 0.000000
vt -0.133541 0.293580 0.000000
vt -0.128358 0.302711 0.000000
vt -0.125723 0.814784 0.000000
vt -0.123019 0.312107 0.000000
vt -0.117517 0.321778 0.000000
vt -0.111845 0.331739 0.000000
vt -0.086338 0.467720 0.000000
vt -0.085367 0.481419 0.000000
vt -0.084339 0.495925 0.000000
vt -0.083248 0.511309 0.000000
vt -0.105994 0.342003 0.000000
vt -0.088953 0.430840 0.000000
vt -0.088127 0.442486 0.000000
vt -0.087257 0.454762 0.000000
vt -0.099957 0.352584 0.000000
vt -0.090483 0.409253 0.000000
vt -0.089737 0.419777 0.000000
vt -0.093725 0.363497 0.000000
vt -0.093134 0.371835 0.000000
vt -0.092517 0.380552 0.000000
vt -0.091870 0.389674 0.000000
vt -0.091193 0.399230 0.000000
vt -0.082677 0.519357 0.000000
vt -0.082088 0.527657 0.000000
vt -0.081481 0.536220 0.000000
vt -0.080854 0.545059 0.000000
vt -0.080207 0.554188 0.000000
vt -0.079538 0.563622 0.000000
vt -0.083763 0.814135 0.000000
vt -0.067796 0.575386 0.000000
vt -0.055811 0.587358 0.000000
vt -0.041848 0.813054 0.000000
vt -0.043578 0.599547 0.000000
vt -0.027657 0.633986 0.000000
vt -0.031088 0.611958 0.000000
vt -0.024110 0.656764 0.000000
vt -0.020439 0.680329 0.000000
vt -0.016639 0.704724 0.000000
vt -0.012703 0.729993 0.000000
vt -0.010682 0.742970 0.000000
vt -0.008623 0.756184 0.000000
vt -0.006527 0.769641 0.000000
vt -0.004392 0.783349 0.000000
vt -0.002217 0.797313 0.000000
vt -0.000000 0.811542 0.000000
vt 0.044747 -0.457303 0.000000
vt 0.034704 -0.459340 0.000000
vt 0.044747 -0.475038 0.000000
vt 0.024362 -0.461312 0.000000
vt 0.013708 -0.463222 0.000000
vt 0.002729 -0.465074 0.000000
vt -0.008590 -0.466869 0.000000
vt -0.020264 -0.468610 0.000000
vt -0.032311 -0.470300 0.000000
vt -0.044747 -0.471941 0.000000
vt -0.044747 -0.487368 0.000000
vt 0.044747 -0.492773 0.000000
vt -0.044747 -0.502795 0.000000
vt 0.044747 -0.510509 0.000000
vt -0.044747 -0.518222 0.000000
vt 0.044747 -0.528244 0.000000
vt -0.044747 -0.533650 0.000000
vt 0.044747 -0.545980 0.000000
vt -0.044747 -0.549077 0.000000
vt -0.032311 -0.550718 0.000000
vt -0.020264 -0.552407 0.000000
vt -0.008590 -0.554149 0.000000
vt 0.002729 -0.555944 0.000000
vt 0.013708 -0.557795 0.000000
vt 0.024362 -0.559706 0.000000
vt 0.034704 -0.561678 0.000000
vt 0.044747 -0.563715 0.000000
vt 0.100201 -0.697311 0.000000
vt 0.100201 -0.675238 0.000000
vt -0.100201 -0.684055 0.000000
vt 0.091857 -0.674625 0.000000
vt 0.083132 -0.674012 0.000000
vt 0.074002 -0.673399 0.000000
vt 0.064436 -0.672788 0.000000
vt 0.054402 -0.672177 0.000000
vt 0.043866 -0.671567 0.000000
vt 0.032788 -0.670958 0.000000
vt 0.021127 -0.670350 0.000000
vt 0.008834 -0.669742 0.000000
vt -0.004142 -0.669135 0.000000
vt -0.017861 -0.668529 0.000000
vt -0.032389 -0.667923 0.000000
vt -0.047799 -0.667318 0.000000
vt -0.055859 -0.667016 0.000000
vt -0.064173 -0.666714 0.000000
vt -0.072750 -0.666412 0.000000
vt -0.081605 -0.666111 0.000000
vt -0.090750 -0.665809 0.000000
vt -0.100201 -0.665508 0.000000
vt -0.100201 -0.702601 0.000000
vt 0.100201 -0.719384 0.000000
vt -0.100201 -0.721147 0.000000
vt -0.100201 -0.739693 0.000000
vt 0.100201 -0.741457 0.000000
vt -0.100201 -0.758240 0.000000
vt 0.100201 -0.763530 0.000000
vt -0.100201 -0.776786 0.000000
vt 0.100201 -0.785602 0.000000
vt 0.091857 -0.786216 0.000000
vt -0.100201 -0.795332 0.000000
vt 0.083132 -0.786829 0.000000
vt 0.074002 -0.787441 0.000000
vt 0.064436 -0.788053 0.000000
vt 0.054402 -0.788663 0.000000
vt 0.043866 -0.789273 0.000000
vt 0.032788 -0.789882 0.000000
vt 0.021127 -0.790491 0.000000
vt 0.008834 -0.791099 0.000000
vt -0.004142 -0.791706 0.000000
vt -0.017861 -0.792312 0.000000
vt -0.032389 -0.792917 0.000000
vt -0.047799 -0.793522 0.000000
vt -0.055859 -0.793824 0.000000
vt -0.064173 -0.794126 0.000000
vt -0.072750 -0.794428 0.000000
vt -0.090750 -0.795031 0.000000
vt -0.081605 -0.794730 0.000000
vt 0.100962 -1.070719 0.000000
vt 0.100962 -1.044519 0.000000
vt -0.100962 -1.063220 0.000000
vt 0.078677 -1.043776 0.000000
vt 0.055634 -1.043061 0.000000
vt 0.031793 -1.042371 0.000000
vt 0.007113 -1.041705 0.000000
vt -0.018453 -1.041062 0.000000
vt -0.031582 -1.040749 0.000000
vt -0.044952 -1.040442 0.000000
vt -0.058567 -1.040139 0.000000
vt -0.072436 -1.039841 0.000000
vt -0.086565 -1.039549 0.000000
vt -0.100962 -1.039261 0.000000
vt -0.100962 -1.087180 0.000000
vt 0.100962 -1.096919 0.000000
vt -0.100962 -1.111140 0.000000
vt 0.100962 -1.123119 0.000000
vt -0.100962 -1.135099 0.000000
vt 0.100962 -1.149320 0.000000
vt -0.100962 -1.159059 0.000000
vt 0.100962 -1.175520 0.000000
vt -0.100962 -1.183018 0.000000
vt 0.100962 -1.201720 0.000000
vt -0.100962 -1.206978 0.000000
vt -0.072436 -1.206397 0.000000
vt -0.086565 -1.206690 0.000000
vt -0.058567 -1.206100 0.000000
vt -0.044952 -1.205797 0.000000
vt -0.031582 -1.205489 0.000000
vt -0.018453 -1.205176 0.000000
vt 0.007113 -1.204534 0.000000
vt 0.031793 -1.203868 0.000000
vt 0.055634 -1.203178 0.000000
vt 0.078677 -1.202463 0.000000
vt 0.033083 -0.844408 0.000000
vt 0.017047 -0.848924 0.000000
vt 0.033083 -0.867940 0.000000
vt 0.000680 -0.853345 0.000000
vt -0.016027 -0.857673 0.000000
vt -0.033083 -0.861911 0.000000
vt -0.033083 -0.883530 0.000000
vt 0.033083 -0.891472 0.000000
vt -0.033083 -0.905150 0.000000
vt 0.033083 -0.915004 0.000000
vt -0.033083 -0.926770 0.000000
vt 0.033083 -0.938536 0.000000
vt -0.033083 -0.948390 0.000000
vt 0.033083 -0.962068 0.000000
vt -0.033083 -0.970009 0.000000
vt 0.033083 -0.985600 0.000000
vt -0.033083 -0.991629 0.000000
vt -0.016027 -0.995867 0.000000
vt 0.000680 -1.000195 0.000000
vt 0.017047 -1.004615 0.000000
vt 0.033083 -1.009131 0.000000
vt -0.043482 -0.062461 0.000000
vt -0.043482 -0.065326 0.000000
vt 0.043482 -0.066759 0.000000
vt -0.043482 -0.068192 0.000000
vt -0.043482 -0.071057 0.000000
vt 0.043482 -0.071057 0.000000
vt 0.096071 -0.271144 0.000000
vt -0.100074 -0.270406 0.000000
vt 0.100074 -0.271888 0.000000
vt -0.100074 -0.280502 0.000000
vt 0.100074 -0.284361 0.000000
vt -0.100074 -0.290597 0.000000
vt 0.100074 -0.296834 0.000000
vt -0.100074 -0.300693 0.000000
vt 0.100074 -0.309307 0.000000
vt -0.100074 -0.310788 0.000000
vt 0.096071 -0.310050 0.000000
vt 0.091687 -0.310791 0.000000
vt 0.086865 -0.311529 0.000000
vt 0.081537 -0.312264 0.000000
vt 0.075619 -0.312997 0.000000
vt 0.069007 -0.313727 0.000000
vt 0.061570 -0.314455 0.000000
vt 0.057494 -0.314817 0.000000
vt 0.053146 -0.315179 0.000000
vt 0.048500 -0.315541 0.000000
vt 0.043524 -0.315901 0.000000
vt 0.038181 -0.316262 0.000000
vt -0.100074 -0.320884 0.000000
vt -0.036428 -0.319473 0.000000
vt -0.042805 -0.319650 0.000000
vt -0.049555 -0.319827 0.000000
vt -0.056710 -0.320003 0.000000
vt -0.064308 -0.320180 0.000000
vt -0.072392 -0.320356 0.000000
vt -0.090216 -0.320708 0.000000
vt -0.081010 -0.320532 0.000000
vt 0.091687 -0.270404 0.000000
vt 0.086865 -0.269666 0.000000
vt 0.081537 -0.268930 0.000000
vt 0.075619 -0.268198 0.000000
vt 0.069007 -0.267468 0.000000
vt 0.061570 -0.266740 0.000000
vt 0.057494 -0.266377 0.000000
vt 0.053146 -0.266015 0.000000
vt 0.048500 -0.265654 0.000000
vt 0.043524 -0.265293 0.000000
vt 0.038181 -0.264933 0.000000
vt 0.032429 -0.264574 0.000000
vt 0.026219 -0.264215 0.000000
vt 0.019494 -0.263857 0.000000
vt 0.012188 -0.263499 0.000000
vt 0.004221 -0.263142 0.000000
vt -0.004499 -0.262786 0.000000
vt -0.014085 -0.262431 0.000000
vt -0.019244 -0.262253 0.000000
vt -0.024673 -0.262076 0.000000
vt -0.030393 -0.261898 0.000000
vt -0.036428 -0.261721 0.000000
vt -0.042805 -0.261544 0.000000
vt -0.049555 -0.261368 0.000000
vt -0.056710 -0.261191 0.000000
vt -0.064308 -0.261015 0.000000
vt -0.072392 -0.260838 0.000000
vt -0.081010 -0.260662 0.000000
vt -0.090216 -0.260486 0.000000
vt -0.100074 -0.260311 0.000000
vt -0.030393 -0.319296 0.000000
vt -0.024673 -0.319119 0.000000
vt -0.019244 -0.318942 0.000000
vt -0.014085 -0.318764 0.000000
vt 0.032429 -0.316621 0.000000
vt 0.026219 -0.316980 0.000000
vt 0.019494 -0.317338 0.000000
vt 0.012188 -0.317695 0.000000
vt 0.004221 -0.318052 0.000000
vt -0.004499 -0.318409 0.000000
vt 0.000000 0.815000 0.000000
vt -0.027675 0.814530 0.000000
vt 0.027675 0.814530 0.000000
vt 0.055317 0.813121 0.000000
vt -0.055317 0.813121 0.000000
vt 0.082896 0.810773 0.000000
vt -0.082896 0.810773 0.000000
vt 0.110380 0.807491 0.000000
vt -0.110380 0.807491 0.000000
vt 0.137736 0.803277 0.000000
vt -0.137736 0.803277 0.000000
vt 0.164933 0.798137 0.000000
vt -0.164933 0.798137 0.000000
vt 0.191940 0.792076 0.000000
vt -0.191940 0.792076 0.000000
vt 0.218725 0.785101 0.000000
vt -0.218725 0.785101 0.000000
vt 0.245259 0.777221 0.000000
vt -0.245259 0.777221 0.000000
vt 0.271509 0.768445 0.000000
vt -0.271509 0.768445 0.000000
vt 0.297446 0.758782 0.000000
vt -0.297446 0.758782 0.000000
vt 0.323040 0.748245 0.000000
vt -0.323040 0.748245 0.000000
vt 0.348262 0.736844 0.000000
vt -0.348262 0.736844 0.000000
vt 0.373082 0.724593 0.000000
vt -0.373082 0.724593 0.000000
vt 0.397471 0.711507 0.000000
vt -0.397471 0.711507 0.000000
vt 0.421403 0.697599 0.000000
vt -0.421403 0.697599 0.000000
vt 0.444848 0.682888 0.000000
vt -0.444848 0.682888 0.000000
vt 0.467780 0.667388 0.000000
vt -0.467780 0.667388 0.000000
vt 0.490172 0.651119 0.000000
vt -0.490172 0.651119 0.000000
vt 0.511999 0.634099 0.000000
vt -0.511999 0.634099 0.000000
vt 0.533236 0.616348 0.000000
vt -0.533236 0.616348 0.000000
vt 0.553857 0.597885 0.000000
vt -0.553857 0.597885 0.000000
vt 0.573840 0.578733 0.000000
vt -0.573840 0.578733 0.000000
vt 0.593161 0.558914 0.000000
vt -0.593161 0.558914 0.000000
vt 0.611798 0.538450 0.000000
vt -0.611798 0.538450 0.000000
vt 0.629729 0.517365 0.000000
vt -0.629729 0.517365 0.000000
vt 0.646934 0.495683 0.000000
vt -0.646934 0.495683 0.000000
vt 0.663393 0.473429 0.000000
vt -0.663393 0.473429 0.000000
vt 0.679086 0.450630 0.000000
vt -0.679086 0.450630 0.000000
vt 0.693996 0.427310 0.000000
vt -0.693996 0.427310 0.000000
vt 0.708106 0.403498 0.000000
vt -0.708106 0.403498 0.000000
vt 0.721399 0.379221 0.000000
vt -0.721399 0.379221 0.000000
vt 0.733860 0.354506 0.000000
vt -0.733860 0.354506 0.000000
vt 0.745475 0.329382 0.000000
vt -0.745475 0.329382 0.000000
vt 0.756230 0.303878 0.000000
vt -0.756230 0.303878 0.000000
vt 0.766112 0.278024 0.000000
vt -0.766112 0.278024 0.000000
vt 0.775111 0.251849 0.000000
vt -0.775111 0.251849 0.000000
vt 0.783216 0.225383 0.000000
vt -0.783216 0.225383 0.000000
vt 0.790418 0.198658 0.000000
vt -0.790418 0.198658 0.000000
vt 0.796708 0.171704 0.000000
vt -0.796708 0.171704 0.000000
vt 0.802079 0.144551 0.000000
vt -0.802079 0.144551 0.000000
vt 0.806524 0.117232 0.000000
vt -0.806524 0.117232 0.000000
vt 0.810040 0.089777 0.000000
vt -0.810040 0.089777 0.000000
vt 0.812622 0.062219 0.000000
vt -0.812622 0.062219 0.000000
vt 0.814266 0.034590 0.000000
vt -0.814266 0.034590 0.000000
vt 0.814971 0.006920 0.000000
vt -0.814971 0.006920 0.000000
vt 0.814736 -0.020758 0.000000
vt -0.814736 -0.020758 0.000000
vt 0.813561 -0.048411 0.000000
vt -0.813561 -0.048411 0.000000
vt 0.811448 -0.076009 0.000000
vt -0.811448 -0.076009 0.000000
vt 0.808399 -0.103520 0.000000
vt -0.808399 -0.103520 0.000000
vt 0.804417 -0.130910 0.000000
vt -0.804417 -0.130910 0.000000
vt 0.799508 -0.158150 0.000000
vt -0.799508 -0.158150 0.000000
vt 0.793677 -0.185208 0.000000
vt -0.793677 -0.185208 0.000000
vt 0.786930 -0.212051 0.000000
vt -0.786930 -0.212051 0.000000
vt 0.779276 -0.238651 0.000000
vt -0.779276 -0.238651 0.000000
vt 0.770723 -0.264975 0.000000
vt -0.770723 -0.264975 0.000000
vt 0.761281 -0.290993 0.000000
vt -0.761281 -0.290993 0.000000
vt 0.750960 -0.316676 0.000000
vt -0.750960 -0.316676 0.000000
vt 0.739774 -0.341993 0.000000
vt -0.739774 -0.341993 0.000000
vt 0.727735 -0.366916 0.000000
vt -0.727735 -0.366916 0.000000
vt 0.714856 -0.391416 0.000000
vt -0.714856 -0.391416 0.000000
vt 0.701152 -0.415464 0.000000
vt -0.701152 -0.415464 0.000000
vt 0.686640 -0.439033 0.000000
vt -0.686640 -0.439033 0.000000
vt 0.671336 -0.462096 0.000000
vt -0.671336 -0.462096 0.000000
vt 0.655258 -0.484626 0.000000
vt -0.655258 -0.484626 0.000000
vt 0.638424 -0.506597 0.000000
vt -0.638424 -0.506597 0.000000
vt 0.620853 -0.527983 0.000000
vt -0.620853 -0.527983 0.000000
vt 0.602566 -0.548761 0.000000
vt -0.602566 -0.548761 0.000000
vt 0.583585 -0.568906 0.000000
vt -0.583585 -0.568906 0.000000
vt 0.563930 -0.588394 0.000000
vt -0.563930 -0.588394 0.000000
vt 0.543625 -0.607204 0.000000
vt -0.543625 -0.607204 0.000000
vt 0.522693 -0.625314 0.000000
vt -0.522693 -0.625314 0.000000
vt 0.501158 -0.642702 0.000000
vt -0.501158 -0.642702 0.000000
vt 0.479045 -0.659349 0.000000
vt -0.479045 -0.659349 0.000000
vt 0.456379 -0.675235 0.000000
vt -0.456379 -0.675235 0.000000
vt 0.433188 -0.690343 0.000000
vt -0.433188 -0.690343 0.000000
vt 0.409496 -0.704655 0.000000
vt -0.409496 -0.704655 0.000000
vt 0.385332 -0.718153 0.000000
vt -0.385332 -0.718153 0.000000
vt 0.360724 -0.730824 0.000000
vt -0.360724 -0.730824 0.000000
vt 0.335700 -0.742651 0.000000
vt -0.335700 -0.742651 0.000000
vt 0.310288 -0.753622 0.000000
vt -0.310288 -0.753622 0.000000
vt 0.284519 -0.763724 0.000000
vt -0.284519 -0.763724 0.000000
vt 0.258421 -0.772945 0.000000
vt -0.258421 -0.772945 0.000000
vt 0.232025 -0.781274 0.000000
vt -0.232025 -0.781274 0.000000
vt 0.205362 -0.788702 0.000000
vt -0.205362 -0.788702 0.000000
vt 0.178462 -0.795221 0.000000
vt -0.178462 -0.795221 0.000000
vt 0.151356 -0.800822 0.000000
vt -0.151356 -0.800822 0.000000
vt 0.124076 -0.805500 0.000000
vt -0.124076 -0.805500 0.000000
vt 0.096652 -0.809249 0.000000
vt -0.096652 -0.809249 0.000000
vt 0.069117 -0.812064 0.000000
vt -0.069117 -0.812064 0.000000
vt 0.041502 -0.813943 0.000000
vt -0.041502 -0.813943 0.000000
vt 0.013839 -0.814882 0.000000
vt -0.013839 -0.814882 0.000000
vn -0.044721 0.018596 -0.087488
vn -0.044721 0.018596 -0.087488
vn -0.044721 0.018596 -0.087488
vn -0.044721 0.018596 -0.087488
vn -0.044721 0.018596 -0.087488
vn -0.044721 0.018596 -0.087488
vn -0.044721 0.018596 -0.087488
vn -0.044721 0.018596 -0.087488
vn -0.044721 0.018596 -0.087488
vn -0.044721 0.018596 -0.087488
vn -0.044721 0.018596 -0.087488
vn -0.044721 0.018596 -0.087488
vn -0.044721 0.018596 -0.087488
vn -0.044721 0.018596 -0.087488
vn -0.044721 0.018596 -0.087488
vn -0.044721 0.018596 -0.087488
vn -0.044721 0.018596 -0.087488
vn -0.044721 0.018596 -0.087488
vn -0.044721 0.018596 -0.087488
vn -0.044721 0.018596 -0.087488
vn -0.044721 0.018596 -0.087488
vn -0.044721 0.018596 -0.087488
vn -0.044721 0.018596 -0.087488
vn -0.044721 0.018596 -0.087488
vn -0.044721 0.018596 -0.087488
vn -0.044721 0.018596 -0.087488
vn -0.044721 0.018596 -0.087488
vn -0.044721 0.018596 -0.087488
vn -0.044721 0.018596 -0.087488
vn -0.044721 0.018596 -0.087488
vn -0.044721 0.018596 -0.087488
vn -0.044721 0.018596 -0.087488
vn -0.044721 0.018596 -0.087488
vn -0.044721 0.018596 -0.087488
vn -0.044721 0.018596 -0.087488
vn -0.044721 0.018596 -0.087488
vn -0.044721 0.018596 -0.087488
vn -0.044721 0.018596 -0.087488
vn -0.044721 0.018596 -0.087488
vn -0.044721 0.018596 -0.087488
vn -0.044721 0.018596 -0.087488
vn -0.044721 0.018596 -0.087488
vn -0.044721 0.018596 -0.087488
vn -0.044721 0.018596 -0.087488
vn -0.044721 0.018596 -0.087488
vn -0.044721 0.018596 -0.087488
vn -0.044721 0.018596 -0.087488
vn -0.044721 0.018596 -0.087488
vn -0.044721 0.018596 -0.087488
vn -0.044721 0.018596 -0.087488
vn -0.044721 0.018596 -0.087488
vn -0.044721 0.018596 -0.087488
vn -0.044721 0.018596 -0.087488
vn -0.044721 0.018596 -0.087488
vn -0.044721 0.018596 -0.087488
vn -0.044721 0.018596 -0.087488
vn -0.044721 0.018596 -0.087488
vn -0.044721 0.018596 -0.087488
vn -0.044721 0.018596 -0.087488
vn -0.044721 0.018596 -0.087488
vn -0.044721 0.018596 -0.087488
vn -0.044721 0.018596 -0.087488
vn -0.044721 0.018596 -0.087488
vn -0.044721 0.018596 -0.087488
vn -0.044721 0.018596 -0.087488
vn -0.044721 0.018596 -0.087488
vn -0.044721 0.018596 -0.087488
vn -0.044721 0.018596 -0.087488
vn -0.044721 0.018596 -0.087488
vn -0.044721 0.018596 -0.087488
vn -0.044721 0.018596 -0.087488
vn -0.044721 0.018596 -0.087488
vn -0.044721 0.018596 -0.087488
vn -0.044721 0.018596 -0.087488
vn -0.044721 0.018596 -0.087488
vn -0.044721 0.018596 -0.087488
vn -0.044721 0.018596 -0.087488
vn -0.044721 0.018596 -0.087488
vn -0.044721 0.018596 -0.087488
vn -0.044721 0.052573 -0.072361
vn -0.044721 0.052573 -0.072361
vn -0.044721 0.052573 -0.072361
vn -0.044721 0.052573 -0.072361
vn -0.044721 0.052573 -0.072361
vn -0.044721 0.052573 -0.072361
vn -0.044721 0.052573 -0.072361
vn -0.044721 0.052573 -0.072361
vn -0.044721 0.052573 -0.072361
vn -0.044721 0.052573 -0.072361
vn -0.044721 0.052573 -0.072361
vn -0.044721 0.052573 -0.072361
vn -0.044721 0.052573 -0.072361
vn -0.044721 0.052573 -0.072361
vn -0.044721 0.052573 -0.072361
vn -0.044721 0.052573 -0.072361
vn -0.044721 0.052573 -0.072361
vn -0.044721 0.052573 -0.072361
vn -0.044721 0.052573 -0.072361
vn -0.044721 0.052573 -0.072361
vn -0.044721 0.052573 -0.072361
vn -0.044721 0.052573 -0.072361
vn -0.044721 0.052573 -0.072361
vn -0.044721 0.052573 -0.072361
vn -0.044721 0.052573 -0.072361
vn -0.044721 0.052573 -0.072361
vn -0.044721 0.052573 -0.072361
vn -0.044721 0.052573 -0.072361
vn -0.044721 0.052573 -0.072361
vn -0.044721 0.052573 -0.072361
vn -0.044721 0.052573 -0.072361
vn -0.044721 0.052573 -0.072361
vn -0.044721 0.052573 -0.072361
vn -0.044721 0.052573 -0.072361
vn -0.044721 0.052573 -0.072361
vn -0.044721 0.052573 -0.072361
vn -0.044721 0.052573 -0.072361
vn -0.044721 0.052573 -0.072361
vn -0.044721 0.052573 -0.072361
vn -0.044721 0.052573 -0.072361
vn -0.044721 0.052573 -0.072361
vn -0.044721 0.052573 -0.072361
vn -0.044721 0.052573 -0.072361
vn -0.044721 0.052573 -0.072361
vn -0.044721 0.052573 -0.072361
vn -0.044721 0.052573 -0.072361
vn -0.044721 0.052573 -0.072361
vn -0.044721 0.052573 -0.072361
vn -0.044721 0.052573 -0.072361
vn -0.044721 0.052573 -0.072361
vn -0.044721 0.052573 -0.072361
vn -0.044721 0.052573 -0.072361
vn -0.044721 0.052573 -0.072361
vn -0.044721 0.052573 -0.072361
vn -0.044721 0.052573 -0.072361
vn -0.044721 0.052573 -0.072361
vn -0.044721 0.052573 -0.072361
vn -0.044721 0.052573 -0.072361
vn -0.044721 0.052573 -0.072361
vn -0.044721 0.052573 -0.072361
vn -0.044721 0.052573 -0.072361
vn -0.044721 0.052573 -0.072361
vn -0.044721 0.052573 -0.072361
vn -0.044721 0.052573 -0.072361
vn -0.044721 0.052573 -0.072361
vn -0.044721 0.052573 -0.072361
vn -0.044721 0.052573 -0.072361
vn -0.044721 0.052573 -0.072361
vn -0.044721 0.052573 -0.072361
vn -0.044721 0.052573 -0.072361
vn -0.044721 0.052573 -0.072361
vn -0.044721 0.052573 -0.072361
vn -0.044721 0.052573 -0.072361
vn -0.044721 0.052573 -0.072361
vn -0.044721 0.052573 -0.072361
vn -0.044721 0.052573 -0.072361
vn -0.044721 0.052573 -0.072361
vn -0.044721 0.052573 -0.072361
vn -0.044721 0.052573 -0.072361
vn -0.044721 0.077460 -0.044721
vn -0.044721 0.077460 -0.044721
vn -0.044721 0.077460 -0.044721
vn -0.044721 0.077460 -0.044721
vn -0.044721 0.077460 -0.044721
vn -0.044721 0.077460 -0.044721
vn -0.044721 0.077460 -0.044721
vn -0.044721 0.077460 -0.044721
vn -0.044721 0.077460 -0.044721
vn -0.044721 0.077460 -0.044721
vn -0.044721 0.077460 -0.044721
vn -0.044721 0.077460 -0.044721
vn -0.044721 0.077460 -0.044721
vn -0.044721 0.077460 -0.044721
vn -0.044721 0.077460 -0.044721
vn -0.044721 0.077460 -0.044721
vn -0.044721 0.077460 -0.044721
vn -0.044721 0.077460 -0.044721
vn -0.044721 0.077460 -0.044721
vn -0.044721 0.077460 -0.044721
vn -0.044721 0.077460 -0.044721
vn -0.044721 0.077460 -0.044721
vn -0.044721 0.077460 -0.044721
vn -0.044721 0.077460 -0.044721
vn -0.044721 0.077460 -0.044721
vn -0.044721 0.077460 -0.044721
vn -0.044721 0.077460 -0.044721
vn -0.044721 0.077460 -0.044721
vn -0.044721 0.077460 -0.044721
vn -0.044721 0.077460 -0.044721
vn -0.044721 0.077460 -0.044721
vn -0.044721 0.077460 -0.044721
vn -0.044721 0.077460 -0.044721
vn -0.044721 0.077460 -0.044721
vn -0.044721 0.077460 -0.044721
vn -0.044721 0.077460 -0.044721
vn -0.044721 0.077460 -0.044721
vn -0.044721 0.077460 -0.044721
vn -0.044721 0.077460 -0.044721
vn -0.044721 0.077460 -0.044721
vn -0.044721 0.077460 -0.044721
vn -0.044721 0.077460 -0.044721
vn -0.044721 0.077460 -0.044721
vn -0.044721 0.077460 -0.044721
vn -0.044721 0.077460 -0.044721
vn -0.044721 0.077460 -0.044721
vn -0.044721 0.077460 -0.044721
vn -0.044721 0.077460 -0.044721
vn -0.044721 0.077460 -0.044721
vn -0.044721 0.077460 -0.044721
vn -0.044721 0.077460 -0.044721
vn -0.044721 0.077460 -0.044721
vn -0.044721 0.077460 -0.044721
vn -0.044721 0.077460 -0.044721
vn -0.044721 0.077460 -0.044721
vn -0.044721 0.077460 -0.044721
vn -0.044721 0.077460 -0.044721
vn -0.044721 0.077460 -0.044721
vn -0.044721 0.077460 -0.044721
vn -0.044721 0.077460 -0.044721
vn -0.044721 0.077460 -0.044721
vn -0.044721 0.077460 -0.044721
vn -0.044721 0.077460 -0.044721
vn -0.044721 0.077460 -0.044721
vn -0.044721 0.077460 -0.044721
vn -0.044721 0.077460 -0.044721
vn -0.044721 0.077460 -0.044721
vn -0.044721 0.077460 -0.044721
vn -0.044721 0.077460 -0.044721
vn -0.044721 0.077460 -0.044721
vn -0.044721 0.077460 -0.044721
vn -0.044721 0.077460 -0.044721
vn -0.044721 0.077460 -0.044721
vn -0.044721 0.077460 -0.044721
vn -0.044721 0.077460 -0.044721
vn -0.044721 0.077460 -0.044721
vn -0.044721 0.077460 -0.044721
vn -0.044721 0.077460 -0.044721
vn -0.044721 0.077460 -0.044721
vn -0.044721 -0.018596 -0.087488
vn -0.044721 -0.018596 -0.087488
vn -0.044721 -0.018596 -0.087488
vn -0.044721 -0.018596 -0.087488
vn -0.044721 -0.018596 -0.087488
vn -0.044721 -0.018596 -0.087488
vn -0.044721 -0.018596 -0.087488
vn -0.044721 -0.018596 -0.087488
vn -0.044721 -0.018596 -0.087488
vn -0.044721 -0.018596 -0.087488
vn -0.044721 -0.018596 -0.087488
vn -0.044721 -0.018596 -0.087488
vn -0.044721 -0.018596 -0.087488
vn -0.044721 -0.018596 -0.087488
vn -0.044721 -0.018596 -0.087488
vn -0.044721 -0.018596 -0.087488
vn -0.044721 -0.018596 -0.087488
vn -0.044721 -0.018596 -0.087488
vn -0.044721 -0.018596 -0.087488
vn -0.044721 -0.018596 -0.087488
vn -0.044721 -0.018596 -0.087488
vn -0.044721 -0.018596 -0.087488
vn -0.044721 -0.018596 -0.087488
vn -0.044721 -0.018596 -0.087488
vn -0.044721 -0.018596 -0.087488
vn -0.044721 -0.018596 -0.087488
vn -0.044721 -0.018596 -0.087488
vn -0.044721 -0.018596 -0.087488
vn -0.044721 -0.018596 -0.087488
vn -0.044721 -0.018596 -0.087488
vn -0.044721 -0.018596 -0.087488
vn -0.044721 -0.018596 -0.087488
vn -0.044721 -0.018596 -0.087488
vn -0.044721 -0.018596 -0.087488
vn -0.044721 -0.018596 -0.087488
vn -0.044721 -0.018596 -0.087488
vn -0.044721 -0.018596 -0.087488
vn -0.044721 -0.018596 -0.087488
vn -0.044721 -0.018596 -0.087488
vn -0.044721 -0.018596 -0.087488
vn -0.044721 -0.018596 -0.087488
vn -0.044721 -0.018596 -0.087488
vn -0.044721 -0.018596 -0.087488
vn -0.044721 -0.018596 -0.087488
vn -0.044721 -0.018596 -0.087488
vn -0.044721 -0.018596 -0.087488
vn -0.044721 -0.018596 -0.087488
vn -0.044721 -0.018596 -0.087488
vn -0.044721 -0.018596 -0.087488
vn -0.044721 -0.018596 -0.087488
vn -0.044721 -0.018596 -0.087488
vn -0.044721 -0.018596 -0.087488
vn -0.044721 -0.018596 -0.087488
vn -0.044721 -0.018596 -0.087488
vn -0.044721 -0.018596 -0.087488
vn -0.044721 -0.018596 -0.087488
vn -0.044721 -0.018596 -0.087488
vn -0.044721 -0.018596 -0.087488
vn -0.044721 -0.018596 -0.087488
vn -0.044721 -0.018596 -0.087488
vn -0.044721 -0.018596 -0.087488
vn -0.044721 -0.018596 -0.087488
vn -0.044721 -0.018596 -0.087488
vn -0.044721 -0.018596 -0.087488
vn -0.044721 -0.018596 -0.087488
vn -0.044721 -0.018596 -0.087488
vn -0.044721 -0.018596 -0.087488
vn -0.044721 -0.018596 -0.087488
vn -0.044721 -0.018596 -0.087488
vn -0.044721 -0.018596 -0.087488
vn -0.044721 -0.018596 -0.087488
vn -0.044721 -0.018596 -0.087488
vn -0.044721 -0.018596 -0.087488
vn -0.044721 -0.018596 -0.087488
vn -0.044721 -0.018596 -0.087488
vn -0.044721 -0.018596 -0.087488
vn -0.044721 -0.018596 -0.087488
vn -0.044721 -0.018596 -0.087488
vn -0.044721 -0.018596 -0.087488
vn -0.044721 -0.052573 -0.072361
vn -0.044721 -0.052573 -0.072361
vn -0.044721 -0.052573 -0.072361
vn -0.044721 -0.052573 -0.072361
vn -0.044721 -0.052573 -0.072361
vn -0.044721 -0.052573 -0.072361
vn -0.044721 -0.052573 -0.072361
vn -0.044721 -0.052573 -0.072361
vn -0.044721 -0.052573 -0.072361
vn -0.044721 -0.052573 -0.072361
vn -0.044721 -0.052573 -0.072361
vn -0.044721 -0.052573 -0.072361
vn -0.044721 -0.052573 -0.072361
vn -0.044721 -0.052573 -0.072361
vn -0.044721 -0.052573 -0.072361
vn -0.044721 -0.052573 -0.072361
vn -0.044721 -0.052573 -0.072361
vn -0.044721 -0.052573 -0.072361
vn -0.044721 -0.052573 -0.072361
vn -0.044721 -0.052573 -0.072361
vn -0.044721 -0.052573 -0.072361
vn -0.044721 -0.052573 -0.072361
vn -0.044721 -0.052573 -0.072361
vn -0.044721 -0.052573 -0.072361
vn -0.044721 -0.052573 -0.072361
vn -0.044721 -0.052573 -0.072361
vn -0.044721 -0.052573 -0.072361
vn -0.044721 -0.052573 -0.072361
vn -0.044721 -0.052573 -0.072361
vn -0.044721 -0.052573 -0.072361
vn -0.044721 -0.052573 -0.072361
vn -0.044721 -0.052573 -0.072361
vn -0.044721 -0.052573 -0.072361
vn -0.044721 -0.052573 -0.072361
vn -0.044721 -0.052573 -0.072361
vn -0.044721 -0.052573 -0.072361
vn -0.044721 -0.052573 -0.072361
vn -0.044721 -0.052573 -0.072361
vn -0.044721 -0.052573 -0.072361
vn -0.044721 -0.052573 -0.072361
vn -0.044721 -0.052573 -0.072361
vn -0.044721 -0.052573 -0.072361
vn -0.044721 -0.052573 -0.072361
vn -0.044721 -0.052573 -0.072361
vn -0.044721 -0.052573 -0.072361
vn -0.044721 -0.052573 -0.072361
vn -0.044721 -0.052573 -0.072361
vn -0.044721 -0.052573 -0.072361
vn -0.044721 -0.052573 -0.072361
vn -0.044721 -0.052573 -0.072361
vn -0.044721 -0.052573 -0.072361
vn -0.044721 -0.052573 -0.072361
vn -0.044721 -0.052573 -0.072361
vn -0.044721 -0.052573 -0.072361
vn -0.044721 -0.052573 -0.072361
vn -0.044721 -0.052573 -0.072361
vn -0.044721 -0.052573 -0.072361
vn -0.044721 -0.052573 -0.072361
vn -0.044721 -0.052573 -0.072361
vn -0.044721 -0.052573 -0.072361
vn -0.044721 -0.052573 -0.072361
vn -0.044721 -0.052573 -0.072361
vn -0.044721 -0.052573 -0.072361
vn -0.044721 -0.052573 -0.072361
vn -0.044721 -0.052573 -0.072361
vn -0.044721 -0.052573 -0.072361
vn -0.044721 -0.052573 -0.072361
vn -0.044721 -0.052573 -0.072361
vn -0.044721 -0.052573 -0.072361
vn -0.044721 -0.052573 -0.072361
vn -0.044721 -0.052573 -0.072361
vn -0.044721 -0.052573 -0.072361
vn -0.044721 -0.052573 -0.072361
vn -0.044721 -0.052573 -0.072361
vn -0.044721 -0.052573 -0.072361
vn -0.044721 -0.052573 -0.072361
vn -0.044721 -0.052573 -0.072361
vn -0.044721 -0.052573 -0.072361
vn -0.044721 -0.052573 -0.072361
vn -0.044721 0.088953 -0.009349
vn -0.044721 0.088953 -0.009349
vn -0.044721 0.088953 -0.009349
vn -0.044721 0.088953 -0.009349
vn -0.044721 0.088953 -0.009349
vn -0.044721 0.088953 -0.009349
vn -0.044721 0.088953 -0.009349
vn -0.044721 0.088953 -0.009349
vn -0.044721 0.088953 -0.009349
vn -0.044721 0.088953 -0.009349
vn -0.044721 0.088953 -0.009349
vn -0.044721 0.088953 -0.009349
vn -0.044721 0.088953 -0.009349
vn -0.044721 0.088953 -0.009349
vn -0.044721 0.088953 -0.009349
vn -0.044721 0.088953 -0.009349
vn -0.044721 0.088953 -0.009349
vn -0.044721 0.088953 -0.009349
vn -0.044721 0.088953 -0.009349
vn -0.044721 0.088953 -0.009349
vn -0.044721 0.088953 -0.009349
vn -0.044721 0.088953 -0.009349
vn -0.044721 0.088953 -0.009349
vn -0.044721 0.088953 -0.009349
vn -0.044721 0.088953 -0.009349
vn -0.044721 0.088953 -0.009349
vn -0.044721 0.088953 -0.009349
vn -0.044721 0.088953 -0.009349
vn -0.044721 0.088953 -0.009349
vn -0.044721 0.088953 -0.009349
vn -0.044721 0.088953 -0.009349
vn -0.044721 0.088953 -0.009349
vn -0.044721 0.088953 -0.009349
vn -0.044721 0.088953 -0.009349
vn -0.044721 0.088953 -0.009349
vn -0.044721 0.088953 -0.009349
vn -0.044721 0.088953 -0.009349
vn -0.044721 0.088953 -0.009349
vn -0.044721 0.088953 -0.009349
vn -0.044721 0.088953 -0.009349
vn -0.044721 0.088953 -0.009349
vn -0.044721 0.088953 -0.009349
vn -0.044721 0.088953 -0.009349
vn -0.044721 0.088953 -0.009349
vn -0.044721 0.088953 -0.009349
vn -0.044721 0.088953 -0.009349
vn -0.044721 0.088953 -0.009349
vn -0.044721 0.088953 -0.009349
vn -0.044721 0.088953 -0.009349
vn -0.044721 0.088953 -0.009349
vn -0.044721 0.088953 -0.009349
vn -0.044721 0.088953 -0.009349
vn -0.044721 0.088953 -0.009349
vn -0.044721 0.088953 -0.009349
vn -0.044721 0.088953 -0.009349
vn -0.044721 0.088953 -0.009349
vn -0.044721 0.088953 -0.009349
vn -0.044721 0.088953 -0.009349
vn -0.044721 0.088953 -0.009349
vn -0.044721 0.088953 -0.009349
vn -0.044721 0.088953 -0.009349
vn -0.044721 0.088953 -0.009349
vn -0.044721 0.088953 -0.009349
vn -0.044721 0.088953 -0.009349
vn -0.044721 0.088953 -0.009349
vn -0.044721 0.088953 -0.009349
vn -0.044721 0.088953 -0.009349
vn -0.044721 0.088953 -0.009349
vn -0.044721 0.088953 -0.009349
vn -0.044721 0.088953 -0.009349
vn -0.044721 0.088953 -0.009349
vn -0.044721 0.088953 -0.009349
vn -0.044721 0.088953 -0.009349
vn -0.044721 0.088953 -0.009349
vn -0.044721 0.088953 -0.009349
vn -0.044721 0.088953 -0.009349
vn -0.044721 0.088953 -0.009349
vn -0.044721 0.088953 -0.009349
vn -0.044721 0.088953 -0.009349
vn -0.044721 0.085065 0.027639
vn -0.044721 0.085065 0.027639
vn -0.044721 0.085065 0.027639
vn -0.044721 0.085065 0.027639
vn -0.044721 0.085065 0.027639
vn -0.044721 0.085065 0.027639
vn -0.044721 0.085065 0.027639
vn -0.044721 0.085065 0.027639
vn -0.044721 0.085065 0.027639
vn -0.044721 0.085065 0.027639
vn -0.044721 0.085065 0.027639
vn -0.044721 0.085065 0.027639
vn -0.044721 0.085065 0.027639
vn -0.044721 0.085065 0.027639
vn -0.044721 0.085065 0.027639
vn -0.044721 0.085065 0.027639
vn -0.044721 0.085065 0.027639
vn -0.044721 0.085065 0.027639
vn -0.044721 0.085065 0.027639
vn -0.044721 0.085065 0.027639
vn -0.044721 0.085065 0.027639
vn -0.044721 0.085065 0.027639
vn -0.044721 0.085065 0.027639
vn -0.044721 0.085065 0.027639
vn -0.044721 0.085065 0.027639
vn -0.044721 0.085065 0.027639
vn -0.044721 0.085065 0.027639
vn -0.044721 0.085065 0.027639
vn -0.044721 0.085065 0.027639
vn -0.044721 0.085065 0.027639
vn -0.044721 0.085065 0.027639
vn -0.044721 0.085065 0.027639
vn -0.044721 0.085065 0.027639
vn -0.044721 0.085065 0.027639
vn -0.044721 0.085065 0.027639
vn -0.044721 0.085065 0.027639
vn -0.044721 0.085065 0.027639
vn -0.044721 0.085065 0.027639
vn -0.044721 0.085065 0.027639
vn -0.044721 0.085065 0.027639
vn -0.044721 0.085065 0.027639
vn -0.044721 0.085065 0.027639
vn -0.044721 0.085065 0.027639
vn -0.044721 0.085065 0.027639
vn -0.044721 0.085065 0.027639
vn -0.044721 0.085065 0.027639
vn -0.044721 0.085065 0.027639
vn -0.044721 0.085065 0.027639
vn -0.044721 0.085065 0.027639
vn -0.044721 0.085065 0.027639
vn -0.044721 0.085065 0.027639
vn -0.044721 0.085065 0.027639
vn -0.044721 0.085065 0.027639
vn -0.044721 0.085065 0.027639
vn -0.044721 0.085065 0.027639
vn -0.044721 0.085065 0.027639
vn -0.044721 0.085065 0.027639
vn -0.044721 0.085065 0.027639
vn -0.044721 0.085065 0.027639
vn -0.044721 0.085065 0.027639
vn -0.044721 0.085065 0.027639
vn -0.044721 0.085065 0.027639
vn -0.044721 0.085065 0.027639
vn -0.044721 0.085065 0.027639
vn -0.044721 0.085065 0.027639
vn -0.044721 0.085065 0.027639
vn -0.044721 0.085065 0.027639
vn -0.044721 0.085065 0.027639
vn -0.044721 0.085065 0.027639
vn -0.044721 0.085065 0.027639
vn -0.044721 0.085065 0.027639
vn -0.044721 0.085065 0.027639
vn -0.044721 0.085065 0.027639
vn -0.044721 0.085065 0.027639
vn -0.044721 0.085065 0.027639
vn -0.044721 0.085065 0.027639
vn -0.044721 0.085065 0.027639
vn -0.044721 0.085065 0.027639
vn -0.044721 0.085065 0.027639
vn -0.044721 -0.077460 -0.044721
vn -0.044721 -0.077460 -0.044721
vn -0.044721 -0.077460 -0.044721
vn -0.044721 -0.077460 -0.044721
vn -0.044721 -0.077460 -0.044721
vn -0.044721 -0.077460 -0.044721
vn -0.044721 -0.077460 -0.044721
vn -0.044721 -0.077460 -0.044721
vn -0.044721 -0.077460 -0.044721
vn -0.044721 -0.077460 -0.044721
vn -0.044721 -0.077460 -0.044721
vn -0.044721 -0.077460 -0.044721
vn -0.044721 -0.077460 -0.044721
vn -0.044721 -0.077460 -0.044721
vn -0.044721 -0.077460 -0.044721
vn -0.044721 -0.077460 -0.044721
vn -0.044721 -0.077460 -0.044721
vn -0.044721 -0.077460 -0.044721
vn -0.044721 -0.077460 -0.044721
vn -0.044721 -0.077460 -0.044721
vn -0.044721 -0.077460 -0.044721
vn -0.044721 -0.077460 -0.044721
vn -0.044721 -0.077460 -0.044721
vn -0.044721 -0.077460 -0.044721
vn -0.044721 -0.077460 -0.044721
vn -0.044721 -0.077460 -0.044721
vn -0.044721 -0.077460 -0.044721
vn -0.044721 -0.077460 -0.044721
vn -0.044721 -0.077460 -0.044721
vn -0.044721 -0.077460 -0.044721
vn -0.044721 -0.077460 -0.044721
vn -0.044721 -0.077460 -0.044721
vn -0.044721 -0.077460 -0.044721
vn -0.044721 -0.077460 -0.044721
vn -0.044721 -0.077460 -0.044721
vn -0.044721 -0.077460 -0.044721
vn -0.044721 -0.077460 -0.044721
vn -0.044721 -0.077460 -0.044721
vn -0.044721 -0.077460 -0.044721
vn -0.044721 -0.077460 -0.044721
vn -0.044721 -0.077460 -0.044721
vn -0.044721 -0.077460 -0.044721
vn -0.044721 -0.077460 -0.044721
vn -0.044721 -0.077460 -0.044721
vn -0.044721 -0.077460 -0.044721
vn -0.044721 -0.077460 -0.044721
vn -0.044721 -0.077460 -0.044721
vn -0.044721 -0.077460 -0.044721
vn -0.044721 -0.077460 -0.044721
vn -0.044721 -0.077460 -0.044721
vn -0.044721 -0.077460 -0.044721
vn -0.044721 -0.077460 -0.044721
vn -0.044721 -0.077460 -0.044721
vn -0.044721 -0.077460 -0.044721
vn -0.044721 -0.077460 -0.044721
vn -0.044721 -0.077460 -0.044721
vn -0.044721 -0.077460 -0.044721
vn -0.044721 -0.077460 -0.044721
vn -0.044721 -0.077460 -0.044721
vn -0.044721 -0.077460 -0.044721
vn -0.044721 -0.077460 -0.044721
vn -0.044721 -0.077460 -0.044721
vn -0.044721 -0.077460 -0.044721
vn -0.044721 -0.077460 -0.044721
vn -0.044721 -0.077460 -0.044721
vn -0.044721 -0.077460 -0.044721
vn -0.044721 -0.077460 -0.044721
vn -0.044721 -0.077460 -0.044721
vn -0.044721 -0.077460 -0.044721
vn -0.044721 -0.077460 -0.044721
vn -0.044721 -0.077460 -0.044721
vn -0.044721 -0.077460 -0.044721
vn -0.044721 -0.077460 -0.044721
vn -0.044721 -0.077460 -0.044721
vn -0.044721 -0.077460 -0.044721
vn -0.044721 -0.077460 -0.044721
vn -0.044721 -0.077460 -0.044721
vn -0.044721 -0.077460 -0.044721
vn -0.044721 -0.077460 -0.044721
vn -0.044721 -0.088953 -0.009349
vn -0.044721 -0.088953 -0.009349
vn -0.044721 -0.088953 -0.009349
vn -0.044721 -0.088953 -0.009349
vn -0.044721 -0.088953 -0.009349
vn -0.044721 -0.088953 -0.009349
vn -0.044721 -0.088953 -0.009349
vn -0.044721 -0.088953 -0.009349
vn -0.044721 -0.088953 -0.009349
vn -0.044721 -0.088953 -0.009349
vn -0.044721 -0.088953 -0.009349
vn -0.044721 -0.088953 -0.009349
vn -0.044721 -0.088953 -0.009349
vn -0.044721 -0.088953 -0.009349
vn -0.044721 -0.088953 -0.009349
vn -0.044721 -0.088953 -0.009349
vn -0.044721 -0.088953 -0.009349
vn -0.044721 -0.088953 -0.009349
vn -0.044721 -0.088953 -0.009349
vn -0.044721 -0.088953 -0.009349
vn -0.044721 -0.088953 -0.009349
vn -0.044721 -0.088953 -0.009349
vn -0.044721 -0.088953 -0.009349
vn -0.044721 -0.088953 -0.009349
vn -0.044721 -0.088953 -0.009349
vn -0.044721 -0.088953 -0.009349
vn -0.044721 -0.088953 -0.009349
vn -0.044721 -0.088953 -0.009349
vn -0.044721 -0.088953 -0.009349
vn -0.044721 -0.088953 -0.009349
vn -0.044721 -0.088953 -0.009349
vn -0.044721 -0.088953 -0.009349
vn -0.044721 -0.088953 -0.009349
vn -0.044721 -0.088953 -0.009349
vn -0.044721 -0.088953 -0.009349
vn -0.044721 -0.088953 -0.009349
vn -0.044721 -0.088953 -0.009349
vn -0.044721 -0.088953 -0.009349
vn -0.044721 -0.088953 -0.009349
vn -0.044721 -0.088953 -0.009349
vn -0.044721 -0.088953 -0.009349
vn -0.044721 -0.088953 -0.009349
vn -0.044721 -0.088953 -0.009349
vn -0.044721 -0.088953 -0.009349
vn -0.044721 -0.088953 -0.009349
vn -0.044721 -0.088953 -0.009349
vn -0.044721 -0.088953 -0.009349
vn -0.044721 -0.088953 -0.009349
vn -0.044721 -0.088953 -0.009349
vn -0.044721 -0.088953 -0.009349
vn -0.044721 -0.088953 -0.009349
vn -0.044721 -0.088953 -0.009349
vn -0.044721 -0.088953 -0.009349
vn -0.044721 -0.088953 -0.009349
vn -0.044721 -0.088953 -0.009349
vn -0.044721 -0.088953 -0.009349
vn -0.044721 -0.088953 -0.009349
vn -0.044721 -0.088953 -0.009349
vn -0.044721 -0.088953 -0.009349
vn -0.044721 -0.088953 -0.009349
vn -0.044721 -0.088953 -0.009349
vn -0.044721 -0.088953 -0.009349
vn -0.044721 -0.088953 -0.009349
vn -0.044721 -0.088953 -0.009349
vn -0.044721 -0.088953 -0.009349
vn -0.044721 -0.088953 -0.009349
vn -0.044721 -0.088953 -0.009349
vn -0.044721 -0.088953 -0.009349
vn -0.044721 -0.088953 -0.009349
vn -0.044721 -0.088953 -0.009349
vn -0.044721 -0.088953 -0.009349
vn -0.044721 -0.088953 -0.009349
vn -0.044721 -0.088953 -0.009349
vn -0.044721 -0.088953 -0.009349
vn -0.044721 -0.088953 -0.009349
vn -0.044721 -0.088953 -0.009349
vn -0.044721 -0.088953 -0.009349
vn -0.044721 -0.088953 -0.009349
vn -0.044721 -0.088953 -0.009349
vn -0.044721 0.066469 0.059849
vn -0.044721 0.066469 0.059849
vn -0.044721 0.066469 0.059849
vn -0.044721 0.066469 0.059849
vn -0.044721 0.066469 0.059849
vn -0.044721 0.066469 0.059849
vn -0.044721 0.066469 0.059849
vn -0.044721 0.066469 0.059849
vn -0.044721 0.066469 0.059849
vn -0.044721 0.066469 0.059849
vn -0.044721 0.066469 0.059849
vn -0.044721 0.066469 0.059849
vn -0.044721 0.066469 0.059849
vn -0.044721 0.066469 0.059849
vn -0.044721 0.066469 0.059849
vn -0.044721 0.066469 0.059849
vn -0.044721 0.066469 0.059849
vn -0.044721 0.066469 0.059849
vn -0.044721 0.066469 0.059849
vn -0.044721 0.066469 0.059849
vn -0.044721 0.066469 0.059849
vn -0.044721 0.066469 0.059849
vn -0.044721 0.066469 0.059849
vn -0.044721 0.066469 0.059849
vn -0.044721 0.066469 0.059849
vn -0.044721 0.066469 0.059849
vn -0.044721 0.066469 0.059849
vn -0.044721 0.066469 0.059849
vn -0.044721 0.066469 0.059849
vn -0.044721 0.066469 0.059849
vn -0.044721 0.066469 0.059849
vn -0.044721 0.066469 0.059849
vn -0.044721 0.066469 0.059849
vn -0.044721 0.066469 0.059849
vn -0.044721 0.066469 0.059849
vn -0.044721 0.066469 0.059849
vn -0.044721 0.066469 0.059849
vn -0.044721 0.066469 0.059849
vn -0.044721 0.066469 0.059849
vn -0.044721 0.066469 0.059849
vn -0.044721 0.066469 0.059849
vn -0.044721 0.066469 0.059849
vn -0.044721 0.066469 0.059849
vn -0.044721 0.066469 0.059849
vn -0.044721 0.066469 0.059849
vn -0.044721 0.066469 0.059849
vn -0.044721 0.066469 0.059849
vn -0.044721 0.066469 0.059849
vn -0.044721 0.066469 0.059849
vn -0.044721 0.066469 0.059849
vn -0.044721 0.066469 0.059849
vn -0.044721 0.066469 0.059849
vn -0.044721 0.066469 0.059849
vn -0.044721 0.066469 0.059849
vn -0.044721 0.066469 0.059849
vn -0.044721 0.066469 0.059849
vn -0.044721 0.066469 0.059849
vn -0.044721 0.066469 0.059849
vn -0.044721 0.066469 0.059849
vn -0.044721 0.066469 0.059849
vn -0.044721 0.066469 0.059849
vn -0.044721 0.066469 0.059849
vn -0.044721 0.066469 0.059849
vn -0.044721 0.066469 0.059849
vn -0.044721 0.066469 0.059849
vn -0.044721 0.066469 0.059849
vn -0.044721 0.066469 0.059849
vn -0.044721 0.066469 0.059849
vn -0.044721 0.066469 0.059849
vn -0.044721 0.066469 0.059849
vn -0.044721 0.066469 0.059849
vn -0.044721 0.066469 0.059849
vn -0.044721 0.066469 0.059849
vn -0.044721 0.066469 0.059849
vn -0.044721 0.066469 0.059849
vn -0.044721 0.066469 0.059849
vn -0.044721 0.066469 0.059849
vn -0.044721 0.066469 0.059849
vn -0.044721 0.066469 0.059849
vn -0.044721 -0.085065 0.027639
vn -0.044721 -0.085065 0.027639
vn -0.044721 -0.085065 0.027639
vn -0.044721 -0.085065 0.027639
vn -0.044721 -0.085065 0.027639
vn -0.044721 -0.085065 0.027639
vn -0.044721 -0.085065 0.027639
vn -0.044721 -0.085065 0.027639
vn -0.044721 -0.085065 0.027639
vn -0.044721 -0.085065 0.027639
vn -0.044721 -0.085065 0.027639
vn -0.044721 -0.085065 0.027639
vn -0.044721 -0.085065 0.027639
vn -0.044721 -0.085065 0.027639
vn -0.044721 -0.085065 0.027639
vn -0.044721 -0.085065 0.027639
vn -0.044721 -0.085065 0.027639
vn -0.044721 -0.085065 0.027639
vn -0.044721 -0.085065 0.027639
vn -0.044721 -0.085065 0.027639
vn -0.044721 -0.085065 0.027639
vn -0.044721 -0.085065 0.027639
vn -0.044721 -0.085065 0.027639
vn -0.044721 -0.085065 0.027639
vn -0.044721 -0.085065 0.027639
vn -0.044721 -0.085065 0.027639
vn -0.044721 -0.085065 0.027639
vn -0.044721 -0.085065 0.027639
vn -0.044721 -0.085065 0.027639
vn -0.044721 -0.085065 0.027639
vn -0.044721 -0.085065 0.027639
vn -0.044721 -0.085065 0.027639
vn -0.044721 -0.085065 0.027639
vn -0.044721 -0.085065 0.027639
vn -0.044721 -0.085065 0.027639
vn -0.044721 -0.085065 0.027639
vn -0.044721 -0.085065 0.027639
vn -0.044721 -0.085065 0.027639
vn -0.044721 -0.085065 0.027639
vn -0.044721 -0.085065 0.027639
vn -0.044721 -0.085065 0.027639
vn -0.044721 -0.085065 0.027639
vn -0.044721 -0.085065 0.027639
vn -0.044721 -0.085065 0.027639
vn -0.044721 -0.085065 0.027639
vn -0.044721 -0.085065 0.027639
vn -0.044721 -0.085065 0.027639
vn -0.044721 -0.085065 0.027639
vn -0.044721 -0.085065 0.027639
vn -0.044721 -0.085065 0.027639
vn -0.044721 -0.085065 0.027639
vn -0.044721 -0.085065 0.027639
vn -0.044721 -0.085065 0.027639
vn -0.044721 -0.085065 0.027639
vn -0.044721 -0.085065 0.027639
vn -0.044721 -0.085065 0.027639
vn -0.044721 -0.085065 0.027639
vn -0.044721 -0.085065 0.027639
vn -0.044721 -0.085065 0.027639
vn -0.044721 -0.085065 0.027639
vn -0.044721 -0.085065 0.027639
vn -0.044721 -0.085065 0.027639
vn -0.044721 -0.085065 0.027639
vn -0.044721 -0.085065 0.027639
vn -0.044721 -0.085065 0.027639
vn -0.044721 -0.085065 0.027639
vn -0.044721 -0.085065 0.027639
vn -0.044721 -0.085065 0.027639
vn -0.044721 -0.085065 0.027639
vn -0.044721 -0.085065 0.027639
vn -0.044721 -0.085065 0.027639
vn -0.044721 -0.085065 0.027639
vn -0.044721 -0.085065 0.027639
vn -0.044721 -0.085065 0.027639
vn -0.044721 -0.085065 0.027639
vn -0.044721 -0.085065 0.027639
vn -0.044721 -0.085065 0.027639
vn -0.044721 -0.085065 0.027639
vn -0.044721 -0.085065 0.027639
vn -0.044721 0.036380 0.081710
vn -0.044721 0.036380 0.081710
vn -0.044721 0.036380 0.081710
vn -0.044721 0.036380 0.081710
vn -0.044721 0.036380 0.081710
vn -0.044721 0.036380 0.081710
vn -0.044721 0.036380 0.081710
vn -0.044721 0.036380 0.081710
vn -0.044721 0.036380 0.081710
vn -0.044721 0.036380 0.081710
vn -0.044721 0.036380 0.081710
vn -0.044721 0.036380 0.081710
vn -0.044721 0.036380 0.081710
vn -0.044721 0.036380 0.081710
vn -0.044721 0.036380 0.081710
vn -0.044721 0.036380 0.081710
vn -0.044721 0.036380 0.081710
vn -0.044721 0.036380 0.081710
vn -0.044721 0.036380 0.081710
vn -0.044721 0.036380 0.081710
vn -0.044721 0.036380 0.081710
vn -0.044721 0.036380 0.081710
vn -0.044721 0.036380 0.081710
vn -0.044721 0.036380 0.081710
vn -0.044721 0.036380 0.081710
vn -0.044721 0.036380 0.081710
vn -0.044721 0.036380 0.081710
vn -0.044721 0.036380 0.081710
vn -0.044721 0.036380 0.081710
vn -0.044721 0.036380 0.081710
vn -0.044721 0.036380 0.081710
vn -0.044721 0.036380 0.081710
vn -0.044721 0.036380 0.081710
vn -0.044721 0.036380 0.081710
vn -0.044721 0.036380 0.081710
vn -0.044721 0.036380 0.081710
vn -0.044721 0.036380 0.081710
vn -0.044721 0.036380 0.081710
vn -0.044721 0.036380 0.081710
vn -0.044721 0.036380 0.081710
vn -0.044721 0.036380 0.081710
vn -0.044721 0.036380 0.081710
vn -0.044721 0.036380 0.081710
vn -0.044721 0.036380 0.081710
vn -0.044721 0.036380 0.081710
vn -0.044721 0.036380 0.081710
vn -0.044721 0.036380 0.081710
vn -0.044721 0.036380 0.081710
vn -0.044721 0.036380 0.081710
vn -0.044721 0.036380 0.081710
vn -0.044721 0.036380 0.081710
vn -0.044721 0.036380 0.081710
vn -0.044721 0.036380 0.081710
vn -0.044721 0.036380 0.081710
vn -0.044721 0.036380 0.081710
vn -0.044721 0.036380 0.081710
vn -0.044721 0.036380 0.081710
vn -0.044721 0.036380 0.081710
vn -0.044721 0.036380 0.081710
vn -0.044721 0.036380 0.081710
vn -0.044721 0.036380 0.081710
vn -0.044721 0.036380 0.081710
vn -0.044721 0.036380 0.081710
vn -0.044721 0.036380 0.081710
vn -0.044721 0.036380 0.081710
vn -0.044721 0.036380 0.081710
vn -0.044721 0.036380 0.081710
vn -0.044721 0.036380 0.081710
vn -0.044721 0.036380 0.081710
vn -0.044721 0.036380 0.081710
vn -0.044721 0.036380 0.081710
vn -0.044721 0.036380 0.081710
vn -0.044721 0.036380 0.081710
vn -0.044721 0.036380 0.081710
vn -0.044721 0.036380 0.081710
vn -0.044721 0.036380 0.081710
vn -0.044721 0.036380 0.081710
vn -0.044721 0.036380 0.081710
vn -0.044721 0.036380 0.081710
vn -0.044721 -0.066469 0.059849
vn -0.044721 -0.066469 0.059849
vn -0.044721 -0.066469 0.059849
vn -0.044721 -0.066469 0.059849
vn -0.044721 -0.066469 0.059849
vn -0.044721 -0.066469 0.059849
vn -0.044721 -0.066469 0.059849
vn -0.044721 -0.066469 0.059849
vn -0.044721 -0.066469 0.059849
vn -0.044721 -0.066469 0.059849
vn -0.044721 -0.066469 0.059849
vn -0.044721 -0.066469 0.059849
vn -0.044721 -0.066469 0.059849
vn -0.044721 -0.066469 0.059849
vn -0.044721 -0.066469 0.059849
vn -0.044721 -0.066469 0.059849
vn -0.044721 -0.066469 0.059849
vn -0.044721 -0.066469 0.059849
vn -0.044721 -0.066469 0.059849
vn -0.044721 -0.066469 0.059849
vn -0.044721 -0.066469 0.059849
vn -0.044721 -0.066469 0.059849
vn -0.044721 -0.066469 0.059849
vn -0.044721 -0.066469 0.059849
vn -0.044721 -0.066469 0.059849
vn -0.044721 -0.066469 0.059849
vn -0.044721 -0.066469 0.059849
vn -0.044721 -0.066469 0.059849
vn -0.044721 -0.066469 0.059849
vn -0.044721 -0.066469 0.059849
vn -0.044721 -0.066469 0.059849
vn -0.044721 -0.066469 0.059849
vn -0.044721 -0.066469 0.059849
vn -0.044721 -0.066469 0.059849
vn -0.044721 -0.066469 0.059849
vn -0.044721 -0.066469 0.059849
vn -0.044721 -0.066469 0.059849
vn -0.044721 -0.066469 0.059849
vn -0.044721 -0.066469 0.059849
vn -0.044721 -0.066469 0.059849
vn -0.044721 -0.066469 0.059849
vn -0.044721 -0.066469 0.059849
vn -0.044721 -0.066469 0.059849
vn -0.044721 -0.066469 0.059849
vn -0.044721 -0.066469 0.059849
vn -0.044721 -0.066469 0.059849
vn -0.044721 -0.066469 0.059849
vn -0.044721 -0.066469 0.059849
vn -0.044721 -0.066469 0.059849
vn -0.044721 -0.066469 0.059849
vn -0.044721 -0.066469 0.059849
vn -0.044721 -0.066469 0.059849
vn -0.044721 -0.066469 0.059849
vn -0.044721 -0.066469 0.059849
vn -0.044721 -0.066469 0.059849
vn -0.044721 -0.066469 0.059849
vn -0.044721 -0.066469 0.059849
vn -0.044721 -0.066469 0.059849
vn -0.044721 -0.066469 0.059849
vn -0.044721 -0.066469 0.059849
vn -0.044721 -0.066469 0.059849
vn -0.044721 -0.066469 0.059849
vn -0.044721 -0.066469 0.059849
vn -0.044721 -0.066469 0.059849
vn -0.044721 -0.066469 0.059849
vn -0.044721 -0.066469 0.059849
vn -0.044721 -0.066469 0.059849
vn -0.044721 -0.066469 0.059849
vn -0.044721 -0.066469 0.059849
vn -0.044721 -0.066469 0.059849
vn -0.044721 -0.066469 0.059849
vn -0.044721 -0.066469 0.059849
vn -0.044721 -0.066469 0.059849
vn -0.044721 -0.066469 0.059849
vn -0.044721 -0.066469 0.059849
vn -0.044721 -0.066469 0.059849
vn -0.044721 -0.066469 0.059849
vn -0.044721 -0.066469 0.059849
vn -0.044721 -0.066469 0.059849
vn -0.044721 -0.036380 0.081710
vn -0.044721 -0.036380 0.081710
vn -0.044721 -0.036380 0.081710
vn -0.044721 -0.036380 0.081710
vn -0.044721 -0.036380 0.081710
vn -0.044721 -0.036380 0.081710
vn -0.044721 -0.036380 0.081710
vn -0.044721 -0.036380 0.081710
vn -0.044721 -0.036380 0.081710
vn -0.044721 -0.036380 0.081710
vn -0.044721 -0.036380 0.081710
vn -0.044721 -0.036380 0.081710
vn -0.044721 -0.036380 0.081710
vn -0.044721 -0.036380 0.081710
vn -0.044721 -0.036380 0.081710
vn -0.044721 -0.036380 0.081710
vn -0.044721 -0.036380 0.081710
vn -0.044721 -0.036380 0.081710
vn -0.044721 -0.036380 0.081710
vn -0.044721 -0.036380 0.081710
vn -0.044721 -0.036380 0.081710
vn -0.044721 -0.036380 0.081710
vn -0.044721 -0.036380 0.081710
vn -0.044721 -0.036380 0.081710
vn -0.044721 -0.036380 0.081710
vn -0.044721 -0.036380 0.081710
vn -0.044721 -0.036380 0.081710
vn -0.044721 -0.036380 0.081710
vn -0.044721 -0.036380 0.081710
vn -0.044721 -0.036380 0.081710
vn -0.044721 -0.036380 0.081710
vn -0.044721 -0.036380 0.081710
vn -0.044721 -0.036380 0.081710
vn -0.044721 -0.036380 0.081710
vn -0.044721 -0.036380 0.081710
vn -0.044721 -0.036380 0.081710
vn -0.044721 -0.036380 0.081710
vn -0.044721 -0.036380 0.081710
vn -0.044721 -0.036380 0.081710
vn -0.044721 -0.036380 0.081710
vn -0.044721 -0.036380 0.081710
vn -0.044721 -0.036380 0.081710
vn -0.044721 -0.036380 0.081710
vn -0.044721 -0.036380 0.081710
vn -0.044721 -0.036380 0.081710
vn -0.044721 -0.036380 0.081710
vn -0.044721 -0.036380 0.081710
vn -0.044721 -0.036380 0.081710
vn -0.044721 -0.036380 0.081710
vn -0.044721 -0.036380 0.081710
vn -0.044721 -0.036380 0.081710
vn -0.044721 -0.036380 0.081710
vn -0.044721 -0.036380 0.081710
vn -0.044721 -0.036380 0.081710
vn -0.044721 -0.036380 0.081710
vn -0.044721 -0.036380 0.081710
vn -0.044721 -0.036380 0.081710
vn -0.044721 -0.036380 0.081710
vn -0.044721 -0.036380 0.081710
vn -0.044721 -0.036380 0.081710
vn -0.044721 -0.036380 0.081710
vn -0.044721 -0.036380 0.081710
vn -0.044721 -0.036380 0.081710
vn -0.044721 -0.036380 0.081710
vn -0.044721 -0.036380 0.081710
vn -0.044721 -0.036380 0.081710
vn -0.044721 -0.036380 0.081710
vn -0.044721 -0.036380 0.081710
vn -0.044721 -0.036380 0.081710
vn -0.044721 -0.036380 0.081710
vn -0.044721 -0.036380 0.081710
vn -0.044721 -0.036380 0.081710
vn -0.044721 -0.036380 0.081710
vn -0.044721 -0.036380 0.081710
vn -0.044721 -0.036380 0.081710
vn -0.044721 -0.036380 0.081710
vn -0.044721 -0.036380 0.081710
vn -0.044721 -0.036380 0.081710
vn -0.044721 -0.036380 0.081710
vn -0.044721 -0.036380 -0.081710
vn -0.044721 -0.036380 -0.081710
vn -0.044721 -0.036380 -0.081710
vn -0.044721 -0.036380 -0.081710
vn -0.044721 -0.036380 -0.081710
vn -0.044721 -0.036380 -0.081710
vn -0.044721 -0.036380 -0.081710
vn -0.044721 -0.036380 -0.081710
vn -0.044721 -0.036380 -0.081710
vn -0.044721 -0.036380 -0.081710
vn -0.044721 -0.036380 -0.081710
vn -0.044721 -0.036380 -0.081710
vn -0.044721 -0.036380 -0.081710
vn -0.044721 -0.036380 -0.081710
vn -0.044721 -0.036380 -0.081710
vn -0.044721 -0.036380 -0.081710
vn -0.044721 -0.036380 -0.081710
vn -0.044721 -0.036380 -0.081710
vn -0.044721 -0.036380 -0.081710
vn -0.044721 -0.036380 -0.081710
vn -0.044721 -0.036380 -0.081710
vn -0.044721 -0.036380 -0.081710
vn -0.044721 -0.036380 -0.081710
vn -0.044721 -0.036380 -0.081710
vn -0.044721 -0.036380 -0.081710
vn -0.044721 -0.036380 -0.081710
vn -0.044721 -0.036380 -0.081710
vn -0.044721 -0.036380 -0.081710
vn -0.044721 -0.036380 -0.081710
vn -0.044721 -0.036380 -0.081710
vn -0.044721 -0.036380 -0.081710
vn -0.044721 -0.036380 -0.081710
vn -0.044721 -0.036380 -0.081710
vn -0.044721 -0.036380 -0.081710
vn -0.044721 -0.036380 -0.081710
vn -0.044721 -0.036380 -0.081710
vn -0.044721 -0.036380 -0.081710
vn -0.044721 -0.036380 -0.081710
vn -0.044721 -0.036380 -0.081710
vn -0.044721 -0.036380 -0.081710
vn -0.044721 -0.036380 -0.081710
vn -0.044721 -0.036380 -0.081710
vn -0.044721 -0.036380 -0.081710
vn -0.044721 -0.036380 -0.081710
vn -0.044721 -0.036380 -0.081710
vn -0.044721 -0.036380 -0.081710
vn -0.044721 -0.036380 -0.081710
vn -0.044721 -0.036380 -0.081710
vn -0.044721 -0.036380 -0.081710
vn -0.044721 -0.036380 -0.081710
vn -0.044721 -0.036380 -0.081710
vn -0.044721 -0.036380 -0.081710
vn -0.044721 -0.036380 -0.081710
vn -0.044721 -0.036380 -0.081710
vn -0.044721 -0.036380 -0.081710
vn -0.044721 -0.036380 -0.081710
vn -0.044721 -0.036380 -0.081710
vn -0.044721 -0.036380 -0.081710
vn -0.044721 -0.036380 -0.081710
vn -0.044721 -0.036380 -0.081710
vn -0.044721 -0.036380 -0.081710
vn -0.044721 -0.036380 -0.081710
vn -0.044721 -0.036380 -0.081710
vn -0.044721 -0.036380 -0.081710
vn -0.044721 -0.036380 -0.081710
vn -0.044721 -0.036380 -0.081710
vn -0.044721 -0.036380 -0.081710
vn -0.044721 -0.036380 -0.081710
vn -0.044721 -0.036380 -0.081710
vn -0.044721 -0.036380 -0.081710
vn -0.044721 -0.036380 -0.081710
vn -0.044721 -0.036380 -0.081710
vn -0.044721 -0.036380 -0.081710
vn -0.044721 -0.036380 -0.081710
vn -0.044721 -0.036380 -0.081710
vn -0.044721 -0.036380 -0.081710
vn -0.044721 -0.036380 -0.081710
vn -0.044721 -0.036380 -0.081710
vn -0.044721 -0.036380 -0.081710
vn -0.044721 0.036380 -0.081710
vn -0.044721 0.036380 -0.081710
vn -0.044721 0.036380 -0.081710
vn -0.044721 0.036380 -0.081710
vn -0.044721 0.036380 -0.081710
vn -0.044721 0.036380 -0.081710
vn -0.044721 0.036380 -0.081710
vn -0.044721 0.036380 -0.081710
vn -0.044721 0.036380 -0.081710
vn -0.044721 0.036380 -0.081710
vn -0.044721 0.036380 -0.081710
vn -0.044721 0.036380 -0.081710
vn -0.044721 0.036380 -0.081710
vn -0.044721 0.036380 -0.081710
vn -0.044721 0.036380 -0.081710
vn -0.044721 0.036380 -0.081710
vn -0.044721 0.036380 -0.081710
vn -0.044721 0.036380 -0.081710
vn -0.044721 0.036380 -0.081710
vn -0.044721 0.036380 -0.081710
vn -0.044721 0.036380 -0.081710
vn -0.044721 0.036380 -0.081710
vn -0.044721 0.036380 -0.081710
vn -0.044721 0.036380 -0.081710
vn -0.044721 0.036380 -0.081710
vn -0.044721 0.036380 -0.081710
vn -0.044721 0.036380 -0.081710
vn -0.044721 0.036380 -0.081710
vn -0.044721 0.036380 -0.081710
vn -0.044721 0.036380 -0.081710
vn -0.044721 0.036380 -0.081710
vn -0.044721 0.036380 -0.081710
vn -0.044721 0.036380 -0.081710
vn -0.044721 0.036380 -0.081710
vn -0.044721 0.036380 -0.081710
vn -0.044721 0.036380 -0.081710
vn -0.044721 0.036380 -0.081710
vn -0.044721 0.036380 -0.081710
vn -0.044721 0.036380 -0.081710
vn -0.044721 0.036380 -0.081710
vn -0.044721 0.036380 -0.081710
vn -0.044721 0.036380 -0.081710
vn -0.044721 0.036380 -0.081710
vn -0.044721 0.036380 -0.081710
vn -0.044721 0.036380 -0.081710
vn -0.044721 0.036380 -0.081710
vn -0.044721 0.036380 -0.081710
vn -0.044721 0.036380 -0.081710
vn -0.044721 0.036380 -0.081710
vn -0.044721 0.036380 -0.081710
vn -0.044721 0.036380 -0.081710
vn -0.044721 0.036380 -0.081710
vn -0.044721 0.036380 -0.081710
vn -0.044721 0.036380 -0.081710
vn -0.044721 0.036380 -0.081710
vn -0.044721 0.036380 -0.081710
vn -0.044721 0.036380 -0.081710
vn -0.044721 0.036380 -0.081710
vn -0.044721 0.036380 -0.081710
vn -0.044721 0.036380 -0.081710
vn -0.044721 0.036380 -0.081710
vn -0.044721 0.036380 -0.081710
vn -0.044721 0.036380 -0.081710
vn -0.044721 0.036380 -0.081710
vn -0.044721 0.036380 -0.081710
vn -0.044721 0.036380 -0.081710
vn -0.044721 0.036380 -0.081710
vn -0.044721 0.036380 -0.081710
vn -0.044721 0.036380 -0.081710
vn -0.044721 0.036380 -0.081710
vn -0.044721 0.036380 -0.081710
vn -0.044721 0.036380 -0.081710
vn -0.044721 0.036380 -0.081710
vn -0.044721 0.036380 -0.081710
vn -0.044721 0.036380 -0.081710
vn -0.044721 0.036380 -0.081710
vn -0.044721 0.036380 -0.081710
vn -0.044721 0.036380 -0.081710
vn -0.044721 0.036380 -0.081710
vn -0.044721 -0.066469 -0.059849
vn -0.044721 -0.066469 -0.059849
vn -0.044721 -0.066469 -0.059849
vn -0.044721 -0.066469 -0.059849
vn -0.044721 -0.066469 -0.059849
vn -0.044721 -0.066469 -0.059849
vn -0.044721 -0.066469 -0.059849
vn -0.044721 -0.066469 -0.059849
vn -0.044721 -0.066469 -0.059849
vn -0.044721 -0.066469 -0.059849
vn -0.044721 -0.066469 -0.059849
vn -0.044721 -0.066469 -0.059849
vn -0.044721 -0.066469 -0.059849
vn -0.044721 -0.066469 -0.059849
vn -0.044721 -0.066469 -0.059849
vn -0.044721 -0.066469 -0.059849
vn -0.044721 -0.066469 -0.059849
vn -0.044721 -0.066469 -0.059849
vn -0.044721 -0.066469 -0.059849
vn -0.044721 -0.066469 -0.059849
vn -0.044721 -0.066469 -0.059849
vn -0.044721 -0.066469 -0.059849
vn -0.044721 -0.066469 -0.059849
vn -0.044721 -0.066469 -0.059849
vn -0.044721 -0.066469 -0.059849
vn -0.044721 -0.066469 -0.059849
vn -0.044721 -0.066469 -0.059849
vn -0.044721 -0.066469 -0.059849
vn -0.044721 -0.066469 -0.059849
vn -0.044721 -0.066469 -0.059849
vn -0.044721 -0.066469 -0.059849
vn -0.044721 -0.066469 -0.059849
vn -0.044721 -0.066469 -0.059849
vn -0.044721 -0.066469 -0.059849
vn -0.044721 -0.066469 -0.059849
vn -0.044721 -0.066469 -0.059849
vn -0.044721 -0.066469 -0.059849
vn -0.044721 -0.066469 -0.059849
vn -0.044721 -0.066469 -0.059849
vn -0.044721 -0.066469 -0.059849
vn -0.044721 -0.066469 -0.059849
vn -0.044721 -0.066469 -0.059849
vn -0.044721 -0.066469 -0.059849
vn -0.044721 -0.066469 -0.059849
vn -0.044721 -0.066469 -0.059849
vn -0.044721 -0.066469 -0.059849
vn -0.044721 -0.066469 -0.059849
vn -0.044721 -0.066469 -0.059849
vn -0.044721 -0.066469 -0.059849
vn -0.044721 -0.066469 -0.059849
vn -0.044721 -0.066469 -0.059849
vn -0.044721 -0.066469 -0.059849
vn -0.044721 -0.066469 -0.059849
vn -0.044721 -0.066469 -0.059849
vn -0.044721 -0.066469 -0.059849
vn -0.044721 -0.066469 -0.059849
vn -0.044721 -0.066469 -0.059849
vn -0.044721 -0.066469 -0.059849
vn -0.044721 -0.066469 -0.059849
vn -0.044721 -0.066469 -0.059849
vn -0.044721 -0.066469 -0.059849
vn -0.044721 -0.066469 -0.059849
vn -0.044721 -0.066469 -0.059849
vn -0.044721 -0.066469 -0.059849
vn -0.044721 -0.066469 -0.059849
vn -0.044721 -0.066469 -0.059849
vn -0.044721 -0.066469 -0.059849
vn -0.044721 -0.066469 -0.059849
vn -0.044721 -0.066469 -0.059849
vn -0.044721 -0.066469 -0.059849
vn -0.044721 -0.066469 -0.059849
vn -0.044721 -0.066469 -0.059849
vn -0.044721 -0.066469 -0.059849
vn -0.044721 -0.066469 -0.059849
vn -0.044721 -0.066469 -0.059849
vn -0.044721 -0.066469 -0.059849
vn -0.044721 -0.066469 -0.059849
vn -0.044721 -0.066469 -0.059849
vn -0.044721 -0.066469 -0.059849
vn -0.044721 -0.085065 -0.027639
vn -0.044721 -0.085065 -0.027639
vn -0.044721 -0.085065 -0.027639
vn -0.044721 -0.085065 -0.027639
vn -0.044721 -0.085065 -0.027639
vn -0.044721 -0.085065 -0.027639
vn -0.044721 -0.085065 -0.027639
vn -0.044721 -0.085065 -0.027639
vn -0.044721 -0.085065 -0.027639
vn -0.044721 -0.085065 -0.027639
vn -0.044721 -0.085065 -0.027639
vn -0.044721 -0.085065 -0.027639
vn -0.044721 -0.085065 -0.027639
vn -0.044721 -0.085065 -0.027639
vn -0.044721 -0.085065 -0.027639
vn -0.044721 -0.085065 -0.027639
vn -0.044721 -0.085065 -0.027639
vn -0.044721 -0.085065 -0.027639
vn -0.044721 -0.085065 -0.027639
vn -0.044721 -0.085065 -0.027639
vn -0.044721 -0.085065 -0.027639
vn -0.044721 -0.085065 -0.027639
vn -0.044721 -0.085065 -0.027639
vn -0.044721 -0.085065 -0.027639
vn -0.044721 -0.085065 -0.027639
vn -0.044721 -0.085065 -0.027639
vn -0.044721 -0.085065 -0.027639
vn -0.044721 -0.085065 -0.027639
vn -0.044721 -0.085065 -0.027639
vn -0.044721 -0.085065 -0.027639
vn -0.044721 -0.085065 -0.027639
vn -0.044721 -0.085065 -0.027639
vn -0.044721 -0.085065 -0.027639
vn -0.044721 -0.085065 -0.027639
vn -0.044721 -0.085065 -0.027639
vn -0.044721 -0.085065 -0.027639
vn -0.044721 -0.085065 -0.027639
vn -0.044721 -0.085065 -0.027639
vn -0.044721 -0.085065 -0.027639
vn -0.044721 -0.085065 -0.027639
vn -0.044721 -0.085065 -0.027639
vn -0.044721 -0.085065 -0.027639
vn -0.044721 -0.085065 -0.027639
vn -0.044721 -0.085065 -0.027639
vn -0.044721 -0.085065 -0.027639
vn -0.044721 -0.085065 -0.027639
vn -0.044721 -0.085065 -0.027639
vn -0.044721 -0.085065 -0.027639
vn -0.044721 -0.085065 -0.027639
vn -0.044721 -0.085065 -0.027639
vn -0.044721 -0.085065 -0.027639
vn -0.044721 -0.085065 -0.027639
vn -0.044721 -0.085065 -0.027639
vn -0.044721 -0.085065 -0.027639
vn -0.044721 -0.085065 -0.027639
vn -0.044721 -0.085065 -0.027639
vn -0.044721 -0.085065 -0.027639
vn -0.044721 -0.085065 -0.027639
vn -0.044721 -0.085065 -0.027639
vn -0.044721 -0.085065 -0.027639
vn -0.044721 -0.085065 -0.027639
vn -0.044721 -0.085065 -0.027639
vn -0.044721 -0.085065 -0.027639
vn -0.044721 -0.085065 -0.027639
vn -0.044721 -0.085065 -0.027639
vn -0.044721 -0.085065 -0.027639
vn -0.044721 -0.085065 -0.027639
vn -0.044721 -0.085065 -0.027639
vn -0.044721 -0.085065 -0.027639
vn -0.044721 -0.085065 -0.027639
vn -0.044721 -0.085065 -0.027639
vn -0.044721 -0.085065 -0.027639
vn -0.044721 -0.085065 -0.027639
vn -0.044721 -0.085065 -0.027639
vn -0.044721 -0.085065 -0.027639
vn -0.044721 -0.085065 -0.027639
vn -0.044721 -0.085065 -0.027639
vn -0.044721 -0.085065 -0.027639
vn -0.044721 -0.085065 -0.027639
vn -0.044721 -0.088953 0.009349
vn -0.044721 -0.088953 0.009349
vn -0.044721 -0.088953 0.009349
vn -0.044721 -0.088953 0.009349
vn -0.044721 -0.088953 0.009349
vn -0.044721 -0.088953 0.009349
vn -0.044721 -0.088953 0.009349
vn -0.044721 -0.088953 0.009349
vn -0.044721 -0.088953 0.009349
vn -0.044721 -0.088953 0.009349
vn -0.044721 -0.088953 0.009349
vn -0.044721 -0.088953 0.009349
vn -0.044721 -0.088953 0.009349
vn -0.044721 -0.088953 0.009349
vn -0.044721 -0.088953 0.009349
vn -0.044721 -0.088953 0.009349
vn -0.044721 -0.088953 0.009349
vn -0.044721 -0.088953 0.009349
vn -0.044721 -0.088953 0.009349
vn -0.044721 -0.088953 0.009349
vn -0.044721 -0.088953 0.009349
vn -0.044721 -0.088953 0.009349
vn -0.044721 -0.088953 0.009349
vn -0.044721 -0.088953 0.009349
vn -0.044721 -0.088953 0.009349
vn -0.044721 -0.088953 0.009349
vn -0.044721 -0.088953 0.009349
vn -0.044721 -0.088953 0.009349
vn -0.044721 -0.088953 0.009349
vn -0.044721 -0.088953 0.009349
vn -0.044721 -0.088953 0.009349
vn -0.044721 -0.088953 0.009349
vn -0.044721 -0.088953 0.009349
vn -0.044721 -0.088953 0.009349
vn -0.044721 -0.088953 0.009349
vn -0.044721 -0.088953 0.009349
vn -0.044721 -0.088953 0.009349
vn -0.044721 -0.088953 0.009349
vn -0.044721 -0.088953 0.009349
vn -0.044721 -0.088953 0.009349
vn -0.044721 -0.088953 0.009349
vn -0.044721 -0.088953 0.009349
vn -0.044721 -0.088953 0.009349
vn -0.044721 -0.088953 0.009349
vn -0.044721 -0.088953 0.009349
vn -0.044721 -0.088953 0.009349
vn -0.044721 -0.088953 0.009349
vn -0.044721 -0.088953 0.009349
vn -0.044721 -0.088953 0.009349
vn -0.044721 -0.088953 0.009349
vn -0.044721 -0.088953 0.009349
vn -0.044721 -0.088953 0.009349
vn -0.044721 -0.088953 0.009349
vn -0.044721 -0.088953 0.009349
vn -0.044721 -0.088953 0.009349
vn -0.044721 -0.088953 0.009349
vn -0.044721 -0.088953 0.009349
vn -0.044721 -0.088953 0.009349
vn -0.044721 -0.088953 0.009349
vn -0.044721 -0.088953 0.009349
vn -0.044721 -0.088953 0.009349
vn -0.044721 -0.088953 0.009349
vn -0.044721 -0.088953 0.009349
vn -0.044721 -0.088953 0.009349
vn -0.044721 -0.088953 0.009349
vn -0.044721 -0.088953 0.009349
vn -0.044721 -0.088953 0.009349
vn -0.044721 -0.088953 0.009349
vn -0.044721 -0.088953 0.009349
vn -0.044721 -0.088953 0.009349
vn -0.044721 -0.088953 0.009349
vn -0.044721 -0.088953 0.009349
vn -0.044721 -0.088953 0.009349
vn -0.044721 -0.088953 0.009349
vn -0.044721 -0.088953 0.009349
vn -0.044721 -0.088953 0.009349
vn -0.044721 -0.088953 0.009349
vn -0.044721 -0.088953 0.009349
vn -0.044721 -0.088953 0.009349
vn -0.044721 -0.077460 0.044721
vn -0.044721 -0.077460 0.044721
vn -0.044721 -0.077460 0.044721
vn -0.044721 -0.077460 0.044721
vn -0.044721 -0.077460 0.044721
vn -0.044721 -0.077460 0.044721
vn -0.044721 -0.077460 0.044721
vn -0.044721 -0.077460 0.044721
vn -0.044721 -0.077460 0.044721
vn -0.044721 -0.077460 0.044721
vn -0.044721 -0.077460 0.044721
vn -0.044721 -0.077460 0.044721
vn -0.044721 -0.077460 0.044721
vn -0.044721 -0.077460 0.044721
vn -0.044721 -0.077460 0.044721
vn -0.044721 -0.077460 0.044721
vn -0.044721 -0.077460 0.044721
vn -0.044721 -0.077460 0.044721
vn -0.044721 -0.077460 0.044721
vn -0.044721 -0.077460 0.044721
vn -0.044721 -0.077460 0.044721
vn -0.044721 -0.077460 0.044721
vn -0.044721 -0.077460 0.044721
vn -0.044721 -0.077460 0.044721
vn -0.044721 -0.077460 0.044721
vn -0.044721 -0.077460 0.044721
vn -0.044721 -0.077460 0.044721
vn -0.044721 -0.077460 0.044721
vn -0.044721 -0.077460 0.044721
vn -0.044721 -0.077460 0.044721
vn -0.044721 -0.077460 0.044721
vn -0.044721 -0.077460 0.044721
vn -0.044721 -0.077460 0.044721
vn -0.044721 -0.077460 0.044721
vn -0.044721 -0.077460 0.044721
vn -0.044721 -0.077460 0.044721
vn -0.044721 -0.077460 0.044721
vn -0.044721 -0.077460 0.044721
vn -0.044721 -0.077460 0.044721
vn -0.044721 -0.077460 0.044721
vn -0.044721 -0.077460 0.044721
vn -0.044721 -0.077460 0.044721
vn -0.044721 -0.077460 0.044721
vn -0.044721 -0.077460 0.044721
vn -0.044721 -0.077460 0.044721
vn -0.044721 -0.077460 0.044721
vn -0.044721 -0.077460 0.044721
vn -0.044721 -0.077460 0.044721
vn -0.044721 -0.077460 0.044721
vn -0.044721 -0.077460 0.044721
vn -0.044721 -0.077460 0.044721
vn -0.044721 -0.077460 0.044721
vn -0.044721 -0.077460 0.044721
vn -0.044721 -0.077460 0.044721
vn -0.044721 -0.077460 0.044721
vn -0.044721 -0.077460 0.044721
vn -0.044721 -0.077460 0.044721
vn -0.044721 -0.077460 0.044721
vn -0.044721 -0.077460 0.044721
vn -0.044721 -0.077460 0.044721
vn -0.044721 -0.077460 0.044721
vn -0.044721 -0.077460 0.044721
vn -0.044721 -0.077460 0.044721
vn -0.044721 -0.077460 0.044721
vn -0.044721 -0.077460 0.044721
vn -0.044721 -0.077460 0.044721
vn -0.044721 -0.077460 0.044721
vn -0.044721 -0.077460 0.044721
vn -0.044721 -0.077460 0.044721
vn -0.044721 -0.077460 0.044721
vn -0.044721 -0.077460 0.044721
vn -0.044721 -0.077460 0.044721
vn -0.044721 -0.077460 0.044721
vn -0.044721 -0.077460 0.044721
vn -0.044721 -0.077460 0.044721
vn -0.044721 -0.077460 0.044721
vn -0.044721 -0.077460 0.044721
vn -0.044721 -0.077460 0.044721
vn -0.044721 -0.077460 0.044721
vn -0.044721 -0.052573 0.072361
vn -0.044721 -0.052573 0.072361
vn -0.044721 -0.052573 0.072361
vn -0.044721 -0.052573 0.072361
vn -0.044721 -0.052573 0.072361
vn -0.044721 -0.052573 0.072361
vn -0.044721 -0.052573 0.072361
vn -0.044721 -0.052573 0.072361
vn -0.044721 -0.052573 0.072361
vn -0.044721 -0.052573 0.072361
vn -0.044721 -0.052573 0.072361
vn -0.044721 -0.052573 0.072361
vn -0.044721 -0.052573 0.072361
vn -0.044721 -0.052573 0.072361
vn -0.044721 -0.052573 0.072361
vn -0.044721 -0.052573 0.072361
vn -0.044721 -0.052573 0.072361
vn -0.044721 -0.052573 0.072361
vn -0.044721 -0.052573 0.072361
vn -0.044721 -0.052573 0.072361
vn -0.044721 -0.052573 0.072361
vn -0.044721 -0.052573 0.072361
vn -0.044721 -0.052573 0.072361
vn -0.044721 -0.052573 0.072361
vn -0.044721 -0.052573 0.072361
vn -0.044721 -0.052573 0.072361
vn -0.044721 -0.052573 0.072361
vn -0.044721 -0.052573 0.072361
vn -0.044721 -0.052573 0.072361
vn -0.044721 -0.052573 0.072361
vn -0.044721 -0.052573 0.072361
vn -0.044721 -0.052573 0.072361
vn -0.044721 -0.052573 0.072361
vn -0.044721 -0.052573 0.072361
vn -0.044721 -0.052573 0.072361
vn -0.044721 -0.052573 0.072361
vn -0.044721 -0.052573 0.072361
vn -0.044721 -0.052573 0.072361
vn -0.044721 -0.052573 0.072361
vn -0.044721 -0.052573 0.072361
vn -0.044721 -0.052573 0.072361
vn -0.044721 -0.052573 0.072361
vn -0.044721 -0.052573 0.072361
vn -0.044721 -0.052573 0.072361
vn -0.044721 -0.052573 0.072361
vn -0.044721 -0.052573 0.072361
vn -0.044721 -0.052573 0.072361
vn -0.044721 -0.052573 0.072361
vn -0.044721 -0.052573 0.072361
vn -0.044721 -0.052573 0.072361
vn -0.044721 -0.052573 0.072361
vn -0.044721 -0.052573 0.072361
vn -0.044721 -0.052573 0.072361
vn -0.044721 -0.052573 0.072361
vn -0.044721 -0.052573 0.072361
vn -0.044721 -0.052573 0.072361
vn -0.044721 -0.052573 0.072361
vn -0.044721 -0.052573 0.072361
vn -0.044721 -0.052573 0.072361
vn -0.044721 -0.052573 0.072361
vn -0.044721 -0.052573 0.072361
vn -0.044721 -0.052573 0.072361
vn -0.044721 -0.052573 0.072361
vn -0.044721 -0.052573 0.072361
vn -0.044721 -0.052573 0.072361
vn -0.044721 -0.052573 0.072361
vn -0.044721 -0.052573 0.072361
vn -0.044721 -0.052573 0.072361
vn -0.044721 -0.052573 0.072361
vn -0.044721 -0.052573 0.072361
vn -0.044721 -0.052573 0.072361
vn -0.044721 -0.052573 0.072361
vn -0.044721 -0.052573 0.072361
vn -0.044721 -0.052573 0.072361
vn -0.044721 -0.052573 0.072361
vn -0.044721 -0.052573 0.072361
vn -0.044721 -0.052573 0.072361
vn -0.044721 -0.052573 0.072361
vn -0.044721 -0.052573 0.072361
vn -0.044721 -0.018596 0.087488
vn -0.044721 -0.018596 0.087488
vn -0.044721 -0.018596 0.087488
vn -0.044721 -0.018596 0.087488
vn -0.044721 -0.018596 0.087488
vn -0.044721 -0.018596 0.087488
vn -0.044721 -0.018596 0.087488
vn -0.044721 -0.018596 0.087488
vn -0.044721 -0.018596 0.087488
vn -0.044721 -0.018596 0.087488
vn -0.044721 -0.018596 0.087488
vn -0.044721 -0.018596 0.087488
vn -0.044721 -0.018596 0.087488
vn -0.044721 -0.018596 0.087488
vn -0.044721 -0.018596 0.087488
vn -0.044721 -0.018596 0.087488
vn -0.044721 -0.018596 0.087488
vn -0.044721 -0.018596 0.087488
vn -0.044721 -0.018596 0.087488
vn -0.044721 -0.018596 0.087488
vn -0.044721 -0.018596 0.087488
vn -0.044721 -0.018596 0.087488
vn -0.044721 -0.018596 0.087488
vn -0.044721 -0.018596 0.087488
vn -0.044721 -0.018596 0.087488
vn -0.044721 -0.018596 0.087488
vn -0.044721 -0.018596 0.087488
vn -0.044721 -0.018596 0.087488
vn -0.044721 -0.018596 0.087488
vn -0.044721 -0.018596 0.087488
vn -0.044721 -0.018596 0.087488
vn -0.044721 -0.018596 0.087488
vn -0.044721 -0.018596 0.087488
vn -0.044721 -0.018596 0.087488
vn -0.044721 -0.018596 0.087488
vn -0.044721 -0.018596 0.087488
vn -0.044721 -0.018596 0.087488
vn -0.044721 -0.018596 0.087488
vn -0.044721 -0.018596 0.087488
vn -0.044721 -0.018596 0.087488
vn -0.044721 -0.018596 0.087488
vn -0.044721 -0.018596 0.087488
vn -0.044721 -0.018596 0.087488
vn -0.044721 -0.018596 0.087488
vn -0.044721 -0.018596 0.087488
vn -0.044721 -0.018596 0.087488
vn -0.044721 -0.018596 0.087488
vn -0.044721 -0.018596 0.087488
vn -0.044721 -0.018596 0.087488
vn -0.044721 -0.018596 0.087488
vn -0.044721 -0.018596 0.087488
vn -0.044721 -0.018596 0.087488
vn -0.044721 -0.018596 0.087488
vn -0.044721 -0.018596 0.087488
vn -0.044721 -0.018596 0.087488
vn -0.044721 -0.018596 0.087488
vn -0.044721 -0.018596 0.087488
vn -0.044721 -0.018596 0.087488
vn -0.044721 -0.018596 0.087488
vn -0.044721 -0.018596 0.087488
vn -0.044721 -0.018596 0.087488
vn -0.044721 -0.018596 0.087488
vn -0.044721 -0.018596 0.087488
vn -0.044721 -0.018596 0.087488
vn -0.044721 -0.018596 0.087488
vn -0.044721 -0.018596 0.087488
vn -0.044721 -0.018596 0.087488
vn -0.044721 -0.018596 0.087488
vn -0.044721 -0.018596 0.087488
vn -0.044721 -0.018596 0.087488
vn -0.044721 -0.018596 0.087488
vn -0.044721 -0.018596 0.087488
vn -0.044721 -0.018596 0.087488
vn -0.044721 -0.018596 0.087488
vn -0.044721 -0.018596 0.087488
vn -0.044721 -0.018596 0.087488
vn -0.044721 -0.018596 0.087488
vn -0.044721 -0.018596 0.087488
vn -0.044721 -0.018596 0.087488
vn -0.044721 0.018596 0.087488
vn -0.044721 0.018596 0.087488
vn -0.044721 0.018596 0.087488
vn -0.044721 0.018596 0.087488
vn -0.044721 0.018596 0.087488
vn -0.044721 0.018596 0.087488
vn -0.044721 0.018596 0.087488
vn -0.044721 0.018596 0.087488
vn -0.044721 0.018596 0.087488
vn -0.044721 0.018596 0.087488
vn -0.044721 0.018596 0.087488
vn -0.044721 0.018596 0.087488
vn -0.044721 0.018596 0.087488
vn -0.044721 0.018596 0.087488
vn -0.044721 0.018596 0.087488
vn -0.044721 0.018596 0.087488
vn -0.044721 0.018596 0.087488
vn -0.044721 0.018596 0.087488
vn -0.044721 0.018596 0.087488
vn -0.044721 0.018596 0.087488
vn -0.044721 0.018596 0.087488
vn -0.044721 0.018596 0.087488
vn -0.044721 0.018596 0.087488
vn -0.044721 0.018596 0.087488
vn -0.044721 0.018596 0.087488
vn -0.044721 0.018596 0.087488
vn -0.044721 0.018596 0.087488
vn -0.044721 0.018596 0.087488
vn -0.044721 0.018596 0.087488
vn -0.044721 0.018596 0.087488
vn -0.044721 0.018596 0.087488
vn -0.044721 0.018596 0.087488
vn -0.044721 0.018596 0.087488
vn -0.044721 0.018596 0.087488
vn -0.044721 0.018596 0.087488
vn -0.044721 0.018596 0.087488
vn -0.044721 0.018596 0.087488
vn -0.044721 0.018596 0.087488
vn -0.044721 0.018596 0.087488
vn -0.044721 0.018596 0.087488
vn -0.044721 0.018596 0.087488
vn -0.044721 0.018596 0.087488
vn -0.044721 0.018596 0.087488
vn -0.044721 0.018596 0.087488
vn -0.044721 0.018596 0.087488
vn -0.044721 0.018596 0.087488
vn -0.044721 0.018596 0.087488
vn -0.044721 0.018596 0.087488
vn -0.044721 0.018596 0.087488
vn -0.044721 0.018596 0.087488
vn -0.044721 0.018596 0.087488
vn -0.044721 0.018596 0.087488
vn -0.044721 0.018596 0.087488
vn -0.044721 0.018596 0.087488
vn -0.044721 0.018596 0.087488
vn -0.044721 0.018596 0.087488
vn -0.044721 0.018596 0.087488
vn -0.044721 0.018596 0.087488
vn -0.044721 0.018596 0.087488
vn -0.044721 0.018596 0.087488
vn -0.044721 0.018596 0.087488
vn -0.044721 0.018596 0.087488
vn -0.044721 0.018596 0.087488
vn -0.044721 0.018596 0.087488
vn -0.044721 0.018596 0.087488
vn -0.044721 0.018596 0.087488
vn -0.044721 0.018596 0.087488
vn -0.044721 0.018596 0.087488
vn -0.044721 0.018596 0.087488
vn -0.044721 0.018596 0.087488
vn -0.044721 0.018596 0.087488
vn -0.044721 0.018596 0.087488
vn -0.044721 0.018596 0.087488
vn -0.044721 0.018596 0.087488
vn -0.044721 0.018596 0.087488
vn -0.044721 0.018596 0.087488
vn -0.044721 0.018596 0.087488
vn -0.044721 0.018596 0.087488
vn -0.044721 0.018596 0.087488
vn -0.044721 0.052573 0.072361
vn -0.044721 0.052573 0.072361
vn -0.044721 0.052573 0.072361
vn -0.044721 0.052573 0.072361
vn -0.044721 0.052573 0.072361
vn -0.044721 0.052573 0.072361
vn -0.044721 0.052573 0.072361
vn -0.044721 0.052573 0.072361
vn -0.044721 0.052573 0.072361
vn -0.044721 0.052573 0.072361
vn -0.044721 0.052573 0.072361
vn -0.044721 0.052573 0.072361
vn -0.044721 0.052573 0.072361
vn -0.044721 0.052573 0.072361
vn -0.044721 0.052573 0.072361
vn -0.044721 0.052573 0.072361
vn -0.044721 0.052573 0.072361
vn -0.044721 0.052573 0.072361
vn -0.044721 0.052573 0.072361
vn -0.044721 0.052573 0.072361
vn -0.044721 0.052573 0.072361
vn -0.044721 0.052573 0.072361
vn -0.044721 0.052573 0.072361
vn -0.044721 0.052573 0.072361
vn -0.044721 0.052573 0.072361
vn -0.044721 0.052573 0.072361
vn -0.044721 0.052573 0.072361
vn -0.044721 0.052573 0.072361
vn -0.044721 0.052573 0.072361
vn -0.044721 0.052573 0.072361
vn -0.044721 0.052573 0.072361
vn -0.044721 0.052573 0.072361
vn -0.044721 0.052573 0.072361
vn -0.044721 0.052573 0.072361
vn -0.044721 0.052573 0.072361
vn -0.044721 0.052573 0.072361
vn -0.044721 0.052573 0.072361
vn -0.044721 0.052573 0.072361
vn -0.044721 0.052573 0.072361
vn -0.044721 0.052573 0.072361
vn -0.044721 0.052573 0.072361
vn -0.044721 0.052573 0.072361
vn -0.044721 0.052573 0.072361
vn -0.044721 0.052573 0.072361
vn -0.044721 0.052573 0.072361
vn -0.044721 0.052573 0.072361
vn -0.044721 0.052573 0.072361
vn -0.044721 0.052573 0.072361
vn -0.044721 0.052573 0.072361
vn -0.044721 0.052573 0.072361
vn -0.044721 0.052573 0.072361
vn -0.044721 0.052573 0.072361
vn -0.044721 0.052573 0.072361
vn -0.044721 0.052573 0.072361
vn -0.044721 0.052573 0.072361
vn -0.044721 0.052573 0.072361
vn -0.044721 0.052573 0.072361
vn -0.044721 0.052573 0.072361
vn -0.044721 0.052573 0.072361
vn -0.044721 0.052573 0.072361
vn -0.044721 0.052573 0.072361
vn -0.044721 0.052573 0.072361
vn -0.044721 0.052573 0.072361
vn -0.044721 0.052573 0.072361
vn -0.044721 0.052573 0.072361
vn -0.044721 0.052573 0.072361
vn -0.044721 0.052573 0.072361
vn -0.044721 0.052573 0.072361
vn -0.044721 0.052573 0.072361
vn -0.044721 0.052573 0.072361
vn -0.044721 0.052573 0.072361
vn -0.044721 0.052573 0.072361
vn -0.044721 0.052573 0.072361
vn -0.044721 0.052573 0.072361
vn -0.044721 0.052573 0.072361
vn -0.044721 0.052573 0.072361
vn -0.044721 0.052573 0.072361
vn -0.044721 0.052573 0.072361
vn -0.044721 0.052573 0.072361
vn -0.044721 0.077460 0.044721
vn -0.044721 0.077460 0.044721
vn -0.044721 0.077460 0.044721
vn -0.044721 0.077460 0.044721
vn -0.044721 0.077460 0.044721
vn -0.044721 0.077460 0.044721
vn -0.044721 0.077460 0.044721
vn -0.044721 0.077460 0.044721
vn -0.044721 0.077460 0.044721
vn -0.044721 0.077460 0.044721
vn -0.044721 0.077460 0.044721
vn -0.044721 0.077460 0.044721
vn -0.044721 0.077460 0.044721
vn -0.044721 0.077460 0.044721
vn -0.044721 0.077460 0.044721
vn -0.044721 0.077460 0.044721
vn -0.044721 0.077460 0.044721
vn -0.044721 0.077460 0.044721
vn -0.044721 0.077460 0.044721
vn -0.044721 0.077460 0.044721
vn -0.044721 0.077460 0.044721
vn -0.044721 0.077460 0.044721
vn -0.044721 0.077460 0.044721
vn -0.044721 0.077460 0.044721
vn -0.044721 0.077460 0.044721
vn -0.044721 0.077460 0.044721
vn -0.044721 0.077460 0.044721
vn -0.044721 0.077460 0.044721
vn -0.044721 0.077460 0.044721
vn -0.044721 0.077460 0.044721
vn -0.044721 0.077460 0.044721
vn -0.044721 0.077460 0.044721
vn -0.044721 0.077460 0.044721
vn -0.044721 0.077460 0.044721
vn -0.044721 0.077460 0.044721
vn -0.044721 0.077460 0.044721
vn -0.044721 0.077460 0.044721
vn -0.044721 0.077460 0.044721
vn -0.044721 0.077460 0.044721
vn -0.044721 0.077460 0.044721
vn -0.044721 0.077460 0.044721
vn -0.044721 0.077460 0.044721
vn -0.044721 0.077460 0.044721
vn -0.044721 0.077460 0.044721
vn -0.044721 0.077460 0.044721
vn -0.044721 0.077460 0.044721
vn -0.044721 0.077460 0.044721
vn -0.044721 0.077460 0.044721
vn -0.044721 0.077460 0.044721
vn -0.044721 0.077460 0.044721
vn -0.044721 0.077460 0.044721
vn -0.044721 0.077460 0.044721
vn -0.044721 0.077460 0.044721
vn -0.044721 0.077460 0.044721
vn -0.044721 0.077460 0.044721
vn -0.044721 0.077460 0.044721
vn -0.044721 0.077460 0.044721
vn -0.044721 0.077460 0.044721
vn -0.044721 0.077460 0.044721
vn -0.044721 0.077460 0.044721
vn -0.044721 0.077460 0.044721
vn -0.044721 0.077460 0.044721
vn -0.044721 0.077460 0.044721
vn -0.044721 0.077460 0.044721
vn -0.044721 0.077460 0.044721
vn -0.044721 0.077460 0.044721
vn -0.044721 0.077460 0.044721
vn -0.044721 0.077460 0.044721
vn -0.044721 0.077460 0.044721
vn -0.044721 0.077460 0.044721
vn -0.044721 0.077460 0.044721
vn -0.044721 0.077460 0.044721
vn -0.044721 0.077460 0.044721
vn -0.044721 0.077460 0.044721
vn -0.044721 0.077460 0.044721
vn -0.044721 0.077460 0.044721
vn -0.044721 0.077460 0.044721
vn -0.044721 0.077460 0.044721
vn -0.044721 0.077460 0.044721
vn -0.044721 0.088953 0.009349
vn -0.044721 0.088953 0.009349
vn -0.044721 0.088953 0.009349
vn -0.044721 0.088953 0.009349
vn -0.044721 0.088953 0.009349
vn -0.044721 0.088953 0.009349
vn -0.044721 0.088953 0.009349
vn -0.044721 0.088953 0.009349
vn -0.044721 0.088953 0.009349
vn -0.044721 0.088953 0.009349
vn -0.044721 0.088953 0.009349
vn -0.044721 0.088953 0.009349
vn -0.044721 0.088953 0.009349
vn -0.044721 0.088953 0.009349
vn -0.044721 0.088953 0.009349
vn -0.044721 0.088953 0.009349
vn -0.044721 0.088953 0.009349
vn -0.044721 0.088953 0.009349
vn -0.044721 0.088953 0.009349
vn -0.044721 0.088953 0.009349
vn -0.044721 0.088953 0.009349
vn -0.044721 0.088953 0.009349
vn -0.044721 0.088953 0.009349
vn -0.044721 0.088953 0.009349
vn -0.044721 0.088953 0.009349
vn -0.044721 0.088953 0.009349
vn -0.044721 0.088953 0.009349
vn -0.044721 0.088953 0.009349
vn -0.044721 0.088953 0.009349
vn -0.044721 0.088953 0.009349
vn -0.044721 0.088953 0.009349
vn -0.044721 0.088953 0.009349
vn -0.044721 0.088953 0.009349
vn -0.044721 0.088953 0.009349
vn -0.044721 0.088953 0.009349
vn -0.044721 0.088953 0.009349
vn -0.044721 0.088953 0.009349
vn -0.044721 0.088953 0.009349
vn -0.044721 0.088953 0.009349
vn -0.044721 0.088953 0.009349
vn -0.044721 0.088953 0.009349
vn -0.044721 0.088953 0.009349
vn -0.044721 0.088953 0.009349
vn -0.044721 0.088953 0.009349
vn -0.044721 0.088953 0.009349
vn -0.044721 0.088953 0.009349
vn -0.044721 0.088953 0.009349
vn -0.044721 0.088953 0.009349
vn -0.044721 0.088953 0.009349
vn -0.044721 0.088953 0.009349
vn -0.044721 0.088953 0.009349
vn -0.044721 0.088953 0.009349
vn -0.044721 0.088953 0.009349
vn -0.044721 0.088953 0.009349
vn -0.044721 0.088953 0.009349
vn -0.044721 0.088953 0.009349
vn -0.044721 0.088953 0.009349
vn -0.044721 0.088953 0.009349
vn -0.044721 0.088953 0.009349
vn -0.044721 0.088953 0.009349
vn -0.044721 0.088953 0.009349
vn -0.044721 0.088953 0.009349
vn -0.044721 0.088953 0.009349
vn -0.044721 0.088953 0.009349
vn -0.044721 0.088953 0.009349
vn -0.044721 0.088953 0.009349
vn -0.044721 0.088953 0.009349
vn -0.044721 0.088953 0.009349
vn -0.044721 0.088953 0.009349
vn -0.044721 0.088953 0.009349
vn -0.044721 0.088953 0.009349
vn -0.044721 0.088953 0.009349
vn -0.044721 0.088953 0.009349
vn -0.044721 0.088953 0.009349
vn -0.044721 0.088953 0.009349
vn -0.044721 0.088953 0.009349
vn -0.044721 0.088953 0.009349
vn -0.044721 0.088953 0.009349
vn -0.044721 0.088953 0.009349
vn -0.044721 0.085065 -0.027639
vn -0.044721 0.085065 -0.027639
vn -0.044721 0.085065 -0.027639
vn -0.044721 0.085065 -0.027639
vn -0.044721 0.085065 -0.027639
vn -0.044721 0.085065 -0.027639
vn -0.044721 0.085065 -0.027639
vn -0.044721 0.085065 -0.027639
vn -0.044721 0.085065 -0.027639
vn -0.044721 0.085065 -0.027639
vn -0.044721 0.085065 -0.027639
vn -0.044721 0.085065 -0.027639
vn -0.044721 0.085065 -0.027639
vn -0.044721 0.085065 -0.027639
vn -0.044721 0.085065 -0.027639
vn -0.044721 0.085065 -0.027639
vn -0.044721 0.085065 -0.027639
vn -0.044721 0.085065 -0.027639
vn -0.044721 0.085065 -0.027639
vn -0.044721 0.085065 -0.027639
vn -0.044721 0.085065 -0.027639
vn -0.044721 0.085065 -0.027639
vn -0.044721 0.085065 -0.027639
vn -0.044721 0.085065 -0.027639
vn -0.044721 0.085065 -0.027639
vn -0.044721 0.085065 -0.027639
vn -0.044721 0.085065 -0.027639
vn -0.044721 0.085065 -0.027639
vn -0.044721 0.085065 -0.027639
vn -0.044721 0.085065 -0.027639
vn -0.044721 0.085065 -0.027639
vn -0.044721 0.085065 -0.027639
vn -0.044721 0.085065 -0.027639
vn -0.044721 0.085065 -0.027639
vn -0.044721 0.085065 -0.027639
vn -0.044721 0.085065 -0.027639
vn -0.044721 0.085065 -0.027639
vn -0.044721 0.085065 -0.027639
vn -0.044721 0.085065 -0.027639
vn -0.044721 0.085065 -0.027639
vn -0.044721 0.085065 -0.027639
vn -0.044721 0.085065 -0.027639
vn -0.044721 0.085065 -0.027639
vn -0.044721 0.085065 -0.027639
vn -0.044721 0.085065 -0.027639
vn -0.044721 0.085065 -0.027639
vn -0.044721 0.085065 -0.027639
vn -0.044721 0.085065 -0.027639
vn -0.044721 0.085065 -0.027639
vn -0.044721 0.085065 -0.027639
vn -0.044721 0.085065 -0.027639
vn -0.044721 0.085065 -0.027639
vn -0.044721 0.085065 -0.027639
vn -0.044721 0.085065 -0.027639
vn -0.044721 0.085065 -0.027639
vn -0.044721 0.085065 -0.027639
vn -0.044721 0.085065 -0.027639
vn -0.044721 0.085065 -0.027639
vn -0.044721 0.085065 -0.027639
vn -0.044721 0.085065 -0.027639
vn -0.044721 0.085065 -0.027639
vn -0.044721 0.085065 -0.027639
vn -0.044721 0.085065 -0.027639
vn -0.044721 0.085065 -0.027639
vn -0.044721 0.085065 -0.027639
vn -0.044721 0.085065 -0.027639
vn -0.044721 0.085065 -0.027639
vn -0.044721 0.085065 -0.027639
vn -0.044721 0.085065 -0.027639
vn -0.044721 0.085065 -0.027639
vn -0.044721 0.085065 -0.027639
vn -0.044721 0.085065 -0.027639
vn -0.044721 0.085065 -0.027639
vn -0.044721 0.085065 -0.027639
vn -0.044721 0.085065 -0.027639
vn -0.044721 0.085065 -0.027639
vn -0.044721 0.085065 -0.027639
vn -0.044721 0.085065 -0.027639
vn -0.044721 0.085065 -0.027639
vn -0.044721 0.066469 -0.059849
vn -0.044721 0.066469 -0.059849
vn -0.044721 0.066469 -0.059849
vn -0.044721 0.066469 -0.059849
vn -0.044721 0.066469 -0.059849
vn -0.044721 0.066469 -0.059849
vn -0.044721 0.066469 -0.059849
vn -0.044721 0.066469 -0.059849
vn -0.044721 0.066469 -0.059849
vn -0.044721 0.066469 -0.059849
vn -0.044721 0.066469 -0.059849
vn -0.044721 0.066469 -0.059849
vn -0.044721 0.066469 -0.059849
vn -0.044721 0.066469 -0.059849
vn -0.044721 0.066469 -0.059849
vn -0.044721 0.066469 -0.059849
vn -0.044721 0.066469 -0.059849
vn -0.044721 0.066469 -0.059849
vn -0.044721 0.066469 -0.059849
vn -0.044721 0.066469 -0.059849
vn -0.044721 0.066469 -0.059849
vn -0.044721 0.066469 -0.059849
vn -0.044721 0.066469 -0.059849
vn -0.044721 0.066469 -0.059849
vn -0.044721 0.066469 -0.059849
vn -0.044721 0.066469 -0.059849
vn -0.044721 0.066469 -0.059849
vn -0.044721 0.066469 -0.059849
vn -0.044721 0.066469 -0.059849
vn -0.044721 0.066469 -0.059849
vn -0.044721 0.066469 -0.059849
vn -0.044721 0.066469 -0.059849
vn -0.044721 0.066469 -0.059849
vn -0.044721 0.066469 -0.059849
vn -0.044721 0.066469 -0.059849
vn -0.044721 0.066469 -0.059849
vn -0.044721 0.066469 -0.059849
vn -0.044721 0.066469 -0.059849
vn -0.044721 0.066469 -0.059849
vn -0.044721 0.066469 -0.059849
vn -0.044721 0.066469 -0.059849
vn -0.044721 0.066469 -0.059849
vn -0.044721 0.066469 -0.059849
vn -0.044721 0.066469 -0.059849
vn -0.044721 0.066469 -0.059849
vn -0.044721 0.066469 -0.059849
vn -0.044721 0.066469 -0.059849
vn -0.044721 0.066469 -0.059849
vn -0.044721 0.066469 -0.059849
vn -0.044721 0.066469 -0.059849
vn -0.044721 0.066469 -0.059849
vn -0.044721 0.066469 -0.059849
vn -0.044721 0.066469 -0.059849
vn -0.044721 0.066469 -0.059849
vn -0.044721 0.066469 -0.059849
vn -0.044721 0.066469 -0.059849
vn -0.044721 0.066469 -0.059849
vn -0.044721 0.066469 -0.059849
vn -0.044721 0.066469 -0.059849
vn -0.044721 0.066469 -0.059849
vn -0.044721 0.066469 -0.059849
vn -0.044721 0.066469 -0.059849
vn -0.044721 0.066469 -0.059849
vn -0.044721 0.066469 -0.059849
vn -0.044721 0.066469 -0.059849
vn -0.044721 0.066469 -0.059849
vn -0.044721 0.066469 -0.059849
vn -0.044721 0.066469 -0.059849
vn -0.044721 0.066469 -0.059849
vn -0.044721 0.066469 -0.059849
vn -0.044721 0.066469 -0.059849
vn -0.044721 0.066469 -0.059849
vn -0.044721 0.066469 -0.059849
vn -0.044721 0.066469 -0.059849
vn -0.044721 0.066469 -0.059849
vn -0.044721 0.066469 -0.059849
vn -0.044721 0.066469 -0.059849
vn -0.044721 0.066469 -0.059849
vn -0.044721 0.066469 -0.059849
vn -0.097742 0.015754 0.014083
vn -0.097742 0.016667 0.012989
vn -0.097742 0.017095 0.012420
vn -0.097742 0.017504 0.011837
vn -0.097742 0.018262 0.010631
vn -0.097742 0.018262 0.010631
vn -0.097742 0.020120 -0.006458
vn -0.097742 0.020120 -0.006458
vn -0.097742 0.020509 -0.005087
vn -0.097742 0.021007 -0.002284
vn -0.097742 0.020805 -0.003694
vn -0.097742 0.020669 -0.004393
vn -0.097742 0.015754 -0.014083
vn -0.097742 0.015754 -0.014083
vn -0.097742 0.016667 -0.012989
vn -0.097742 0.018262 -0.010631
vn -0.097742 0.017504 -0.011837
vn -0.097742 0.017095 -0.012420
vn -0.097742 0.008664 0.019273
vn -0.097742 0.009943 0.018646
vn -0.097742 0.010565 0.018300
vn -0.097742 0.011176 0.017933
vn -0.097742 0.012359 0.017140
vn -0.097742 0.012359 0.017140
vn -0.097742 0.020120 0.006458
vn -0.097742 0.020509 0.005087
vn -0.097742 0.020669 0.004393
vn -0.097742 0.020805 0.003694
vn -0.097742 0.021007 0.002284
vn -0.097742 0.021007 0.002284
vn -0.097742 0.000076 0.021131
vn -0.097742 0.001499 0.021078
vn -0.097742 0.002209 0.021015
vn -0.097742 0.002916 0.020929
vn -0.097742 0.004319 0.020685
vn -0.097742 0.004319 0.020685
vn -0.097742 0.008664 -0.019273
vn -0.097742 0.008664 -0.019273
vn -0.097742 0.009943 -0.018646
vn -0.097742 0.012359 -0.017140
vn -0.097742 0.011176 -0.017933
vn -0.097742 0.010565 -0.018300
vn -0.097742 -0.008525 0.019335
vn -0.097742 -0.007203 0.019865
vn -0.097742 -0.006530 0.020097
vn -0.097742 -0.005849 0.020305
vn -0.097742 -0.004467 0.020653
vn -0.097742 -0.004467 0.020653
vn -0.097742 0.000076 -0.021131
vn -0.097742 0.000076 -0.021131
vn -0.097742 0.001499 -0.021078
vn -0.097742 0.004319 -0.020685
vn -0.097742 0.002916 -0.020929
vn -0.097742 0.002209 -0.021015
vn -0.097742 -0.015652 0.014195
vn -0.097742 -0.014660 0.015218
vn -0.097742 -0.014139 0.015703
vn -0.097742 -0.013602 0.016171
vn -0.097742 -0.012482 0.017051
vn -0.097742 -0.012482 0.017051
vn -0.097742 -0.015652 -0.014195
vn -0.097742 -0.015652 -0.014195
vn -0.097742 -0.014660 -0.015218
vn -0.097742 -0.012482 -0.017051
vn -0.097742 -0.013602 -0.016171
vn -0.097742 -0.014139 -0.015703
vn -0.097742 -0.008525 -0.019335
vn -0.097742 -0.008525 -0.019335
vn -0.097742 -0.007203 -0.019865
vn -0.097742 -0.004467 -0.020653
vn -0.097742 -0.005849 -0.020305
vn -0.097742 -0.006530 -0.020097
vn -0.097742 -0.020073 0.006602
vn -0.097742 -0.019583 0.007939
vn -0.097742 -0.019304 0.008595
vn -0.097742 -0.019003 0.009240
vn -0.097742 -0.018338 0.010500
vn -0.097742 -0.018338 0.010500
vn -0.097742 -0.018338 -0.010500
vn -0.097742 -0.019003 -0.009240
vn -0.097742 -0.019304 -0.008595
vn -0.097742 -0.019583 -0.007939
vn -0.097742 -0.020073 -0.006602
vn -0.097742 -0.020073 -0.006602
vn -0.000000 0.099942 -0.003396
vn -0.000000 0.099986 -0.001694
vn -0.000000 0.100000 -0.000000
vn 0.000000 0.099986 0.001675
vn 0.000000 0.099986 0.001694
vn 0.000000 0.099874 0.005024
vn 0.000000 0.099942 0.003396
vn 0.000000 0.099870 0.005092
vn 0.000000 0.099769 0.006787
vn 0.000000 0.099649 0.008368
vn 0.000000 0.099640 0.008481
vn 0.000000 0.099313 0.011702
vn 0.000000 0.099481 0.010171
vn 0.000000 0.099294 0.011859
vn 0.000000 0.099079 0.013544
vn 0.000000 0.099017 0.013986
vn 0.000000 0.098834 0.015224
vn 0.000000 0.098669 0.016264
vn 0.000000 0.098562 0.016900
vn 0.000000 0.098260 0.018571
vn 0.000000 0.097931 0.020237
vn 0.000000 0.097815 0.020791
vn 0.000000 0.097573 0.021897
vn 0.000000 0.097310 0.023039
vn 0.000000 0.097187 0.023551
vn 0.000000 0.096773 0.025198
vn 0.000000 0.096331 0.026837
vn 0.000000 0.096145 0.027497
vn 0.000000 0.095862 0.028469
vn 0.000000 0.095486 0.029704
vn 0.000000 0.095365 0.030093
vn 0.000000 0.094840 0.031708
vn 0.000000 0.094288 0.033314
vn 0.000000 0.094438 0.032887
vn 0.000000 0.093708 0.034910
vn 0.000000 0.093283 0.036032
vn 0.000000 0.093102 0.036496
vn 0.000000 0.092469 0.038072
vn 0.000000 0.091809 0.039637
vn 0.000000 0.092023 0.039137
vn 0.000000 0.091123 0.041190
vn 0.000000 0.090660 0.042199
vn 0.000000 0.090410 0.042732
vn 0.000000 0.089672 0.044261
vn 0.000000 0.088907 0.045777
vn 0.000000 0.089196 0.045212
vn 0.000000 0.088117 0.047280
vn 0.000000 0.087631 0.048175
vn 0.000000 0.087301 0.048769
vn 0.000000 0.086461 0.050245
vn 0.000000 0.085595 0.051706
vn 0.000000 0.085967 0.051084
vn 0.000000 0.084705 0.053152
vn 0.000000 0.084768 0.053051
vn 0.000000 0.083523 0.054990
vn -0.000000 0.099769 -0.006787
vn -0.000000 0.099870 -0.005092
vn -0.000000 0.099874 -0.005024
vn -0.000000 0.099986 -0.001675
vn -0.000000 0.099481 -0.010171
vn -0.000000 0.099640 -0.008481
vn -0.000000 0.099649 -0.008368
vn -0.000000 0.099079 -0.013544
vn -0.000000 0.099294 -0.011859
vn -0.000000 0.099313 -0.011702
vn -0.000000 0.098562 -0.016900
vn -0.000000 0.098834 -0.015224
vn -0.000000 0.099017 -0.013986
vn -0.000000 0.097931 -0.020237
vn -0.000000 0.098260 -0.018571
vn -0.000000 0.098669 -0.016264
vn -0.000000 0.097187 -0.023551
vn -0.000000 0.097573 -0.021897
vn -0.000000 0.097815 -0.020791
vn -0.000000 0.098268 -0.018532
vn -0.000000 0.096331 -0.026837
vn -0.000000 0.096773 -0.025198
vn -0.000000 0.097310 -0.023039
vn -0.000000 0.095365 -0.030093
vn -0.000000 0.095862 -0.028469
vn -0.000000 0.096145 -0.027497
vn -0.000000 0.096753 -0.025275
vn -0.000000 0.094288 -0.033314
vn -0.000000 0.094840 -0.031708
vn -0.000000 0.095486 -0.029704
vn -0.000000 0.093102 -0.036496
vn -0.000000 0.093708 -0.034910
vn -0.000000 0.094438 -0.032887
vn -0.000000 0.091809 -0.039637
vn -0.000000 0.092469 -0.038072
vn -0.000000 0.093283 -0.036032
vn -0.000000 0.090410 -0.042732
vn -0.000000 0.091123 -0.041190
vn -0.000000 0.092023 -0.039137
vn -0.000000 0.088907 -0.045777
vn -0.000000 0.089672 -0.044261
vn -0.000000 0.090660 -0.042199
vn -0.000000 0.087301 -0.048769
vn -0.000000 0.088117 -0.047280
vn -0.000000 0.089196 -0.045212
vn -0.000000 0.085595 -0.051706
vn -0.000000 0.086461 -0.050245
vn -0.000000 0.087631 -0.048175
vn -0.000000 0.083790 -0.054583
vn -0.000000 0.084705 -0.053152
vn -0.000000 0.085967 -0.051084
vn -0.000000 0.081888 -0.057396
vn -0.000000 0.082851 -0.055997
vn -0.000000 0.083523 -0.054990
vn -0.000000 0.084768 -0.053051
vn -0.000000 0.079892 -0.060144
vn -0.000000 0.080902 -0.058779
vn -0.000000 0.082234 -0.056899
vn -0.000000 0.077804 -0.062822
vn -0.000000 0.078859 -0.061492
vn -0.000000 0.079526 -0.060627
vn -0.000000 0.080902 -0.058779
vn -0.000000 0.075625 -0.065428
vn -0.000000 0.076726 -0.064134
vn -0.000000 0.078108 -0.062443
vn -0.000000 0.073360 -0.067958
vn -0.000000 0.074504 -0.066702
vn -0.000000 0.075149 -0.065974
vn -0.000000 0.076649 -0.064225
vn -0.000000 0.071010 -0.070410
vn -0.000000 0.072196 -0.069194
vn -0.000000 0.072897 -0.068455
vn -0.000000 0.068578 -0.072781
vn -0.000000 0.069804 -0.071606
vn -0.000000 0.070562 -0.070859
vn -0.000000 0.066067 -0.075067
vn -0.000000 0.067333 -0.073935
vn -0.000000 0.068149 -0.073183
vn -0.000000 0.063480 -0.077267
vn -0.000000 0.064783 -0.076178
vn -0.000000 0.065659 -0.075425
vn -0.000000 0.060820 -0.079378
vn -0.000000 0.062159 -0.078334
vn -0.000000 0.063095 -0.077583
vn -0.000000 0.058089 -0.081398
vn -0.000000 0.059463 -0.080400
vn -0.000000 0.060460 -0.079653
vn -0.000000 0.055292 -0.083323
vn -0.000000 0.056699 -0.082373
vn -0.000000 0.057757 -0.081634
vn -0.000000 0.052431 -0.085153
vn -0.000000 0.053869 -0.084250
vn -0.000000 0.055861 -0.082943
vn -0.000000 0.049509 -0.086884
vn -0.000000 0.050977 -0.086031
vn -0.000000 0.051982 -0.085428
vn -0.000000 0.053936 -0.084208
vn -0.000000 0.046530 -0.088515
vn -0.000000 0.048026 -0.087712
vn -0.000000 0.050000 -0.086603
vn -0.000000 0.043498 -0.090044
vn -0.000000 0.045020 -0.089293
vn -0.000000 0.045958 -0.088814
vn -0.000000 0.047992 -0.087731
vn -0.000000 0.040415 -0.091469
vn -0.000000 0.041962 -0.090770
vn -0.000000 0.043900 -0.089849
vn -0.000000 0.037286 -0.092789
vn -0.000000 0.038856 -0.092142
vn -0.000000 0.041818 -0.090836
vn -0.000000 0.034113 -0.094001
vn -0.000000 0.035705 -0.093409
vn -0.000000 0.038751 -0.092186
vn -0.000000 0.030902 -0.095106
vn -0.000000 0.032508 -0.094569
vn -0.000000 0.035641 -0.093433
vn -0.000000 0.027654 -0.096100
vn -0.000000 0.029286 -0.095615
vn -0.000000 0.032491 -0.094575
vn -0.000000 0.024375 -0.096984
vn -0.000000 0.026019 -0.096556
vn -0.000000 0.026084 -0.096538
vn -0.000000 0.029304 -0.095610
vn -0.000000 0.021068 -0.097756
vn -0.000000 0.022725 -0.097384
vn -0.000000 0.022835 -0.097358
vn -0.000000 0.017736 -0.098415
vn -0.000000 0.019405 -0.098099
vn -0.000000 0.019561 -0.098068
vn -0.000000 0.014384 -0.098960
vn -0.000000 0.016063 -0.098702
vn -0.000000 0.017296 -0.098493
vn -0.000000 0.011016 -0.099391
vn -0.000000 0.012702 -0.099190
vn -0.000000 0.015023 -0.098865
vn -0.000000 0.007634 -0.099708
vn -0.000000 0.009326 -0.099564
vn -0.000000 0.010453 -0.099452
vn -0.000000 0.012741 -0.099185
vn -0.000000 0.004244 -0.099910
vn -0.000000 0.005940 -0.099823
vn -0.000000 0.008159 -0.099667
vn -0.000000 0.000849 -0.099996
vn -0.000000 0.002547 -0.099968
vn -0.000000 0.003560 -0.099937
vn -0.000000 0.005861 -0.099828
vn 0.000000 -0.002547 -0.099968
vn 0.000000 -0.000849 -0.099996
vn -0.000000 0.001256 -0.099992
vn 0.000000 -0.005940 -0.099823
vn 0.000000 -0.004244 -0.099910
vn 0.000000 -0.002094 -0.099978
vn 0.000000 -0.009326 -0.099564
vn 0.000000 -0.007634 -0.099708
vn 0.000000 -0.005443 -0.099852
vn 0.000000 -0.012702 -0.099190
vn 0.000000 -0.011016 -0.099391
vn 0.000000 -0.008785 -0.099613
vn 0.000000 -0.016063 -0.098702
vn 0.000000 -0.014384 -0.098960
vn 0.000000 -0.012118 -0.099263
vn 0.000000 -0.019405 -0.098099
vn 0.000000 -0.017736 -0.098415
vn 0.000000 -0.015436 -0.098801
vn 0.000000 -0.022725 -0.097384
vn 0.000000 -0.021068 -0.097756
vn 0.000000 -0.018738 -0.098229
vn 0.000000 -0.026019 -0.096556
vn 0.000000 -0.024375 -0.096984
vn 0.000000 -0.022019 -0.097546
vn 0.000000 -0.029282 -0.095617
vn 0.000000 -0.027654 -0.096100
vn 0.000000 -0.026488 -0.096428
vn 0.000000 -0.024260 -0.097013
vn 0.000000 -0.032512 -0.094567
vn 0.000000 -0.030902 -0.095106
vn 0.000000 -0.028703 -0.095792
vn 0.000000 -0.035705 -0.093409
vn 0.000000 -0.034113 -0.094001
vn 0.000000 -0.033084 -0.094369
vn 0.000000 -0.030902 -0.095106
vn 0.000000 -0.038856 -0.092142
vn 0.000000 -0.037286 -0.092789
vn 0.000000 -0.035250 -0.093581
vn 0.000000 -0.041962 -0.090770
vn 0.000000 -0.040415 -0.091469
vn 0.000000 -0.039523 -0.091858
vn 0.000000 -0.037396 -0.092744
vn 0.000000 -0.045020 -0.089293
vn 0.000000 -0.043498 -0.090044
vn 0.000000 -0.042578 -0.090483
vn 0.000000 -0.048026 -0.087712
vn 0.000000 -0.046530 -0.088515
vn 0.000000 -0.045586 -0.089005
vn 0.000000 -0.050977 -0.086031
vn 0.000000 -0.049509 -0.086884
vn 0.000000 -0.048542 -0.087428
vn 0.000000 -0.053869 -0.084250
vn 0.000000 -0.052431 -0.085153
vn 0.000000 -0.051444 -0.085753
vn 0.000000 -0.056699 -0.082373
vn 0.000000 -0.055292 -0.083323
vn 0.000000 -0.054288 -0.083981
vn 0.000000 -0.059463 -0.080400
vn 0.000000 -0.058089 -0.081398
vn 0.000000 -0.057071 -0.082115
vn 0.000000 -0.062159 -0.078334
vn 0.000000 -0.060820 -0.079378
vn 0.000000 -0.059790 -0.080157
vn 0.000000 -0.064783 -0.076178
vn 0.000000 -0.063480 -0.077267
vn 0.000000 -0.061621 -0.078758
vn 0.000000 -0.067333 -0.073935
vn 0.000000 -0.066067 -0.075067
vn 0.000000 -0.065183 -0.075836
vn 0.000000 -0.063419 -0.077318
vn 0.000000 -0.069804 -0.071606
vn 0.000000 -0.068578 -0.072781
vn 0.000000 -0.066913 -0.074314
vn 0.000000 -0.072196 -0.069194
vn 0.000000 -0.071010 -0.070410
vn 0.000000 -0.070265 -0.071154
vn 0.000000 -0.068607 -0.072753
vn 0.000000 -0.074504 -0.066702
vn 0.000000 -0.073360 -0.067958
vn 0.000000 -0.071886 -0.069516
vn 0.000000 -0.076726 -0.064134
vn 0.000000 -0.075625 -0.065428
vn 0.000000 -0.073468 -0.067842
vn 0.000000 -0.078859 -0.061492
vn 0.000000 -0.077804 -0.062822
vn 0.000000 -0.075700 -0.065342
vn 0.000000 -0.080902 -0.058779
vn 0.000000 -0.079894 -0.060140
vn 0.000000 -0.077846 -0.062769
vn 0.000000 -0.082851 -0.055997
vn 0.000000 -0.081886 -0.057400
vn 0.000000 -0.079906 -0.060126
vn 0.000000 -0.084705 -0.053152
vn 0.000000 -0.083790 -0.054583
vn 0.000000 -0.083753 -0.054639
vn 0.000000 -0.081875 -0.057415
vn 0.000000 -0.086461 -0.050245
vn 0.000000 -0.085595 -0.051706
vn 0.000000 -0.085536 -0.051803
vn 0.000000 -0.088117 -0.047280
vn 0.000000 -0.087301 -0.048769
vn 0.000000 -0.087224 -0.048908
vn 0.000000 -0.089672 -0.044261
vn 0.000000 -0.088907 -0.045777
vn 0.000000 -0.088327 -0.046886
vn 0.000000 -0.091123 -0.041190
vn 0.000000 -0.090410 -0.042732
vn 0.000000 -0.089384 -0.044838
vn 0.000000 -0.092469 -0.038072
vn 0.000000 -0.091809 -0.039637
vn 0.000000 -0.091355 -0.040674
vn 0.000000 -0.090393 -0.042767
vn 0.000000 -0.093708 -0.034910
vn 0.000000 -0.093102 -0.036496
vn 0.000000 -0.092267 -0.038558
vn 0.000000 -0.094840 -0.031708
vn 0.000000 -0.094288 -0.033314
vn 0.000000 -0.093945 -0.034268
vn 0.000000 -0.093131 -0.036423
vn 0.000000 -0.095862 -0.028469
vn 0.000000 -0.095365 -0.030093
vn 0.000000 -0.094710 -0.032094
vn 0.000000 -0.096773 -0.025198
vn 0.000000 -0.096331 -0.026837
vn 0.000000 -0.095732 -0.028903
vn 0.000000 -0.097573 -0.021897
vn 0.000000 -0.097187 -0.023551
vn 0.000000 -0.096647 -0.025679
vn 0.000000 -0.098260 -0.018571
vn 0.000000 -0.097931 -0.020237
vn 0.000000 -0.097453 -0.022427
vn 0.000000 -0.098834 -0.015224
vn 0.000000 -0.098562 -0.016900
vn 0.000000 -0.098149 -0.019149
vn 0.000000 -0.099294 -0.011859
vn 0.000000 -0.099079 -0.013544
vn 0.000000 -0.098736 -0.015850
vn 0.000000 -0.099640 -0.008481
vn 0.000000 -0.099481 -0.010171
vn 0.000000 -0.099211 -0.012533
vn 0.000000 -0.099870 -0.005092
vn 0.000000 -0.099769 -0.006787
vn 0.000000 -0.099576 -0.009202
vn 0.000000 -0.099986 -0.001698
vn 0.000000 -0.099942 -0.003396
vn 0.000000 -0.099894 -0.004606
vn 0.000000 -0.099761 -0.006906
vn 0.000000 -0.099986 0.001698
vn 0.000000 -0.100000 0.000000
vn 0.000000 -0.099973 -0.002304
vn 0.000000 -0.099870 0.005092
vn 0.000000 -0.099942 0.003396
vn 0.000000 -0.099973 0.002304
vn 0.000000 -0.100000 0.000000
vn 0.000000 -0.099640 0.008481
vn 0.000000 -0.099769 0.006787
vn 0.000000 -0.099894 0.004606
vn 0.000000 -0.099294 0.011859
vn 0.000000 -0.099481 0.010171
vn 0.000000 -0.099576 0.009202
vn 0.000000 -0.099761 0.006906
vn 0.000000 -0.098834 0.015224
vn 0.000000 -0.099079 0.013544
vn 0.000000 -0.099211 0.012533
vn 0.000000 -0.098260 0.018571
vn 0.000000 -0.098562 0.016900
vn 0.000000 -0.098736 0.015850
vn 0.000000 -0.097573 0.021897
vn 0.000000 -0.097931 0.020237
vn 0.000000 -0.098149 0.019149
vn 0.000000 -0.096773 0.025198
vn 0.000000 -0.097187 0.023551
vn 0.000000 -0.097453 0.022427
vn 0.000000 -0.095862 0.028469
vn 0.000000 -0.096331 0.026837
vn 0.000000 -0.096647 0.025679
vn 0.000000 -0.094840 0.031708
vn 0.000000 -0.095365 0.030093
vn 0.000000 -0.095732 0.028903
vn 0.000000 -0.093708 0.034910
vn 0.000000 -0.094288 0.033314
vn 0.000000 -0.094710 0.032094
vn 0.000000 -0.092469 0.038072
vn 0.000000 -0.093102 0.036496
vn 0.000000 -0.093945 0.034268
vn 0.000000 -0.091123 0.041190
vn 0.000000 -0.091809 0.039637
vn 0.000000 -0.092267 0.038558
vn 0.000000 -0.093131 0.036423
vn 0.000000 -0.089672 0.044261
vn 0.000000 -0.090410 0.042732
vn 0.000000 -0.091355 0.040674
vn 0.000000 -0.088117 0.047280
vn 0.000000 -0.088907 0.045777
vn 0.000000 -0.089384 0.044838
vn 0.000000 -0.090393 0.042767
vn 0.000000 -0.086461 0.050245
vn 0.000000 -0.087301 0.048769
vn 0.000000 -0.088327 0.046886
vn 0.000000 -0.084705 0.053152
vn 0.000000 -0.085595 0.051706
vn 0.000000 -0.087224 0.048908
vn 0.000000 -0.082851 0.055997
vn 0.000000 -0.083790 0.054583
vn 0.000000 -0.085536 0.051803
vn 0.000000 -0.080902 0.058779
vn 0.000000 -0.081886 0.057400
vn 0.000000 -0.083753 0.054639
vn 0.000000 -0.078859 0.061492
vn 0.000000 -0.079894 0.060140
vn 0.000000 -0.081875 0.057415
vn 0.000000 -0.076726 0.064134
vn 0.000000 -0.077804 0.062822
vn 0.000000 -0.077846 0.062769
vn 0.000000 -0.079906 0.060126
vn 0.000000 -0.074504 0.066702
vn 0.000000 -0.075625 0.065428
vn 0.000000 -0.075700 0.065342
vn 0.000000 -0.072196 0.069194
vn 0.000000 -0.073360 0.067958
vn 0.000000 -0.073468 0.067842
vn 0.000000 -0.069804 0.071606
vn 0.000000 -0.071010 0.070410
vn 0.000000 -0.071886 0.069516
vn 0.000000 -0.067333 0.073935
vn 0.000000 -0.068578 0.072781
vn 0.000000 -0.070265 0.071154
vn 0.000000 -0.064783 0.076178
vn 0.000000 -0.066067 0.075067
vn 0.000000 -0.066913 0.074314
vn 0.000000 -0.068607 0.072753
vn 0.000000 -0.062159 0.078334
vn 0.000000 -0.063480 0.077267
vn 0.000000 -0.065183 0.075836
vn 0.000000 -0.059463 0.080400
vn 0.000000 -0.060820 0.079378
vn 0.000000 -0.061621 0.078758
vn 0.000000 -0.063419 0.077318
vn 0.000000 -0.056699 0.082373
vn 0.000000 -0.058089 0.081398
vn 0.000000 -0.059790 0.080157
vn 0.000000 -0.053869 0.084250
vn 0.000000 -0.055292 0.083323
vn 0.000000 -0.057071 0.082115
vn 0.000000 -0.050977 0.086031
vn 0.000000 -0.052431 0.085153
vn 0.000000 -0.054288 0.083981
vn 0.000000 -0.048026 0.087712
vn 0.000000 -0.049509 0.086884
vn 0.000000 -0.051444 0.085753
vn 0.000000 -0.045020 0.089293
vn 0.000000 -0.046530 0.088515
vn 0.000000 -0.048542 0.087428
vn 0.000000 -0.041962 0.090770
vn 0.000000 -0.043498 0.090044
vn 0.000000 -0.045586 0.089005
vn 0.000000 -0.038856 0.092142
vn 0.000000 -0.040415 0.091469
vn 0.000000 -0.042578 0.090483
vn 0.000000 -0.035705 0.093409
vn 0.000000 -0.037286 0.092789
vn 0.000000 -0.039523 0.091858
vn 0.000000 -0.032512 0.094567
vn 0.000000 -0.034113 0.094001
vn 0.000000 -0.035250 0.093581
vn 0.000000 -0.037396 0.092744
vn 0.000000 -0.029282 0.095617
vn 0.000000 -0.030902 0.095106
vn 0.000000 -0.033084 0.094369
vn 0.000000 -0.026019 0.096556
vn 0.000000 -0.027654 0.096100
vn 0.000000 -0.028703 0.095792
vn 0.000000 -0.030902 0.095106
vn 0.000000 -0.022725 0.097384
vn 0.000000 -0.024375 0.096984
vn 0.000000 -0.026488 0.096428
vn 0.000000 -0.019405 0.098099
vn 0.000000 -0.021068 0.097756
vn 0.000000 -0.022019 0.097546
vn 0.000000 -0.024260 0.097013
vn 0.000000 -0.016063 0.098702
vn 0.000000 -0.017736 0.098415
vn 0.000000 -0.018738 0.098229
vn 0.000000 -0.012702 0.099190
vn 0.000000 -0.014384 0.098960
vn 0.000000 -0.015436 0.098801
vn 0.000000 -0.009326 0.099564
vn 0.000000 -0.011016 0.099391
vn 0.000000 -0.012118 0.099263
vn 0.000000 -0.005940 0.099823
vn 0.000000 -0.007634 0.099708
vn 0.000000 -0.008785 0.099613
vn 0.000000 -0.002547 0.099968
vn 0.000000 -0.004244 0.099910
vn 0.000000 -0.005443 0.099852
vn 0.000000 0.000849 0.099996
vn 0.000000 -0.000849 0.099996
vn 0.000000 -0.002094 0.099978
vn 0.000000 0.004244 0.099910
vn 0.000000 0.002547 0.099968
vn 0.000000 0.001256 0.099992
vn 0.000000 0.007634 0.099708
vn 0.000000 0.005940 0.099823
vn 0.000000 0.003560 0.099937
vn 0.000000 0.011016 0.099391
vn 0.000000 0.009326 0.099564
vn 0.000000 0.008159 0.099667
vn 0.000000 0.005861 0.099828
vn 0.000000 0.014384 0.098960
vn 0.000000 0.012702 0.099190
vn 0.000000 0.010453 0.099452
vn 0.000000 0.017736 0.098415
vn 0.000000 0.016063 0.098702
vn 0.000000 0.015023 0.098865
vn 0.000000 0.012741 0.099185
vn 0.000000 0.021068 0.097756
vn 0.000000 0.019405 0.098099
vn 0.000000 0.017296 0.098493
vn 0.000000 0.024375 0.096984
vn 0.000000 0.022725 0.097384
vn 0.000000 0.019561 0.098068
vn 0.000000 0.027654 0.096100
vn 0.000000 0.026019 0.096556
vn 0.000000 0.022835 0.097358
vn 0.000000 0.030902 0.095106
vn 0.000000 0.029286 0.095615
vn 0.000000 0.026084 0.096538
vn 0.000000 0.034113 0.094001
vn 0.000000 0.032508 0.094569
vn 0.000000 0.029304 0.095610
vn 0.000000 0.037286 0.092789
vn 0.000000 0.035705 0.093409
vn 0.000000 0.035641 0.093433
vn 0.000000 0.032491 0.094575
vn 0.000000 0.040415 0.091469
vn 0.000000 0.038856 0.092142
vn 0.000000 0.038751 0.092186
vn 0.000000 0.043498 0.090044
vn 0.000000 0.041962 0.090770
vn 0.000000 0.041818 0.090836
vn 0.000000 0.046530 0.088515
vn 0.000000 0.045020 0.089293
vn 0.000000 0.043900 0.089849
vn 0.000000 0.049509 0.086884
vn 0.000000 0.048026 0.087712
vn 0.000000 0.045958 0.088814
vn 0.000000 0.052431 0.085153
vn 0.000000 0.050977 0.086031
vn 0.000000 0.050000 0.086603
vn 0.000000 0.047992 0.087731
vn 0.000000 0.055292 0.083323
vn 0.000000 0.053869 0.084250
vn 0.000000 0.051982 0.085428
vn 0.000000 0.058089 0.081398
vn 0.000000 0.056699 0.082373
vn 0.000000 0.055861 0.082943
vn 0.000000 0.053936 0.084208
vn 0.000000 0.060820 0.079378
vn 0.000000 0.059463 0.080400
vn 0.000000 0.057757 0.081634
vn 0.000000 0.063480 0.077267
vn 0.000000 0.062159 0.078334
vn 0.000000 0.060460 0.079653
vn 0.000000 0.066067 0.075067
vn 0.000000 0.064783 0.076178
vn 0.000000 0.063095 0.077583
vn 0.000000 0.068578 0.072781
vn 0.000000 0.067333 0.073935
vn 0.000000 0.065659 0.075425
vn 0.000000 0.071010 0.070410
vn 0.000000 0.069804 0.071606
vn 0.000000 0.068149 0.073183
vn 0.000000 0.073360 0.067958
vn 0.000000 0.072196 0.069194
vn 0.000000 0.070562 0.070859
vn 0.000000 0.075625 0.065428
vn 0.000000 0.074504 0.066702
vn 0.000000 0.072897 0.068455
vn 0.000000 0.077804 0.062822
vn 0.000000 0.076726 0.064134
vn 0.000000 0.075149 0.065974
vn 0.000000 0.079892 0.060144
vn 0.000000 0.078859 0.061492
vn 0.000000 0.078108 0.062443
vn 0.000000 0.076649 0.064225
vn 0.000000 0.081888 0.057396
vn 0.000000 0.080902 0.058779
vn 0.000000 0.079526 0.060627
vn 0.000000 0.083790 0.054583
vn 0.000000 0.082851 0.055997
vn 0.000000 0.082234 0.056899
vn 0.000000 0.080902 0.058779
vn 0.000000 0.098268 0.018532
vn 0.000000 0.096753 0.025275
vn -0.099047 0.013224 0.003842
vn -0.099047 0.013074 0.004324
vn -0.099047 0.013183 0.003980
vn -0.099047 0.013070 0.004337
vn -0.099047 0.013066 0.004350
vn -0.099047 0.013061 0.004363
vn -0.099047 0.013057 0.004375
vn -0.099047 0.013053 0.004387
vn -0.099047 0.013051 0.004392
vn -0.099047 0.013050 0.004398
vn -0.099047 0.013048 0.004404
vn -0.099047 0.013046 0.004409
vn -0.099047 0.013044 0.004414
vn -0.099047 0.013042 0.004420
vn -0.099047 0.013309 0.003536
vn -0.099047 0.013356 0.003355
vn -0.099047 0.013420 0.003088
vn -0.099047 0.013470 0.002863
vn -0.099047 0.013516 0.002637
vn -0.099047 0.013566 0.002368
vn -0.099047 0.013597 0.002183
vn -0.099047 0.013643 0.001869
vn -0.099047 0.013662 0.001726
vn -0.099047 0.013703 0.001368
vn -0.099047 0.013712 0.001267
vn -0.099047 0.013711 0.001278
vn -0.099047 0.013712 0.001273
vn -0.099047 0.013711 0.001284
vn -0.099047 0.013710 0.001290
vn -0.099047 0.013710 0.001296
vn -0.099047 0.013709 0.001302
vn -0.099047 0.013708 0.001314
vn -0.099047 0.013707 0.001327
vn -0.099047 0.013705 0.001340
vn -0.099047 0.013704 0.001354
vn -0.099047 0.010518 0.008888
vn -0.099047 0.010185 0.009268
vn -0.099047 0.010424 0.008998
vn -0.099047 0.010176 0.009278
vn -0.099047 0.010167 0.009288
vn -0.099047 0.010158 0.009298
vn -0.099047 0.010149 0.009308
vn -0.099047 0.010141 0.009317
vn -0.099047 0.010136 0.009321
vn -0.099047 0.010132 0.009326
vn -0.099047 0.010129 0.009330
vn -0.099047 0.010125 0.009334
vn -0.099047 0.010121 0.009338
vn -0.099047 0.010117 0.009342
vn -0.099047 0.010720 0.008644
vn -0.099047 0.010837 0.008497
vn -0.099047 0.011004 0.008280
vn -0.099047 0.011141 0.008094
vn -0.099047 0.011275 0.007906
vn -0.099047 0.011430 0.007681
vn -0.099047 0.011533 0.007524
vn -0.099047 0.011704 0.007257
vn -0.099047 0.011779 0.007134
vn -0.099047 0.011962 0.006823
vn -0.099047 0.012011 0.006735
vn -0.099047 0.012006 0.006745
vn -0.099047 0.012009 0.006740
vn -0.099047 0.012003 0.006750
vn -0.099047 0.012000 0.006755
vn -0.099047 0.011997 0.006760
vn -0.099047 0.011994 0.006765
vn -0.099047 0.011988 0.006776
vn -0.099047 0.011982 0.006787
vn -0.099047 0.011975 0.006799
vn -0.099047 0.011969 0.006811
vn -0.099047 0.013044 -0.004414
vn -0.099047 0.013046 -0.004409
vn -0.099047 0.013042 -0.004420
vn -0.099047 0.013074 -0.004324
vn -0.099047 0.013183 -0.003980
vn -0.099047 0.013224 -0.003842
vn -0.099047 0.013309 -0.003536
vn -0.099047 0.013356 -0.003355
vn -0.099047 0.013420 -0.003088
vn -0.099047 0.013470 -0.002863
vn -0.099047 0.013516 -0.002637
vn -0.099047 0.013566 -0.002368
vn -0.099047 0.013597 -0.002183
vn -0.099047 0.013643 -0.001869
vn -0.099047 0.013662 -0.001726
vn -0.099047 0.013703 -0.001368
vn -0.099047 0.013704 -0.001354
vn -0.099047 0.013048 -0.004404
vn -0.099047 0.013050 -0.004398
vn -0.099047 0.013051 -0.004392
vn -0.099047 0.013053 -0.004387
vn -0.099047 0.013057 -0.004375
vn -0.099047 0.013061 -0.004363
vn -0.099047 0.013066 -0.004350
vn -0.099047 0.013070 -0.004337
vn -0.099047 0.013705 -0.001340
vn -0.099047 0.013707 -0.001327
vn -0.099047 0.013708 -0.001314
vn -0.099047 0.013709 -0.001302
vn -0.099047 0.013710 -0.001296
vn -0.099047 0.013710 -0.001290
vn -0.099047 0.013711 -0.001284
vn -0.099047 0.013711 -0.001278
vn -0.099047 0.013712 -0.001273
vn -0.099047 0.013712 -0.001267
vn -0.099047 0.010121 -0.009338
vn -0.099047 0.010125 -0.009334
vn -0.099047 0.010117 -0.009342
vn -0.099047 0.010185 -0.009268
vn -0.099047 0.010424 -0.008998
vn -0.099047 0.010518 -0.008888
vn -0.099047 0.010720 -0.008644
vn -0.099047 0.010837 -0.008497
vn -0.099047 0.011004 -0.008280
vn -0.099047 0.011141 -0.008094
vn -0.099047 0.011275 -0.007906
vn -0.099047 0.011430 -0.007681
vn -0.099047 0.011533 -0.007524
vn -0.099047 0.011704 -0.007257
vn -0.099047 0.011779 -0.007134
vn -0.099047 0.011962 -0.006823
vn -0.099047 0.011969 -0.006811
vn -0.099047 0.010129 -0.009330
vn -0.099047 0.010132 -0.009326
vn -0.099047 0.010136 -0.009321
vn -0.099047 0.010141 -0.009317
vn -0.099047 0.010149 -0.009308
vn -0.099047 0.010158 -0.009298
vn -0.099047 0.010167 -0.009288
vn -0.099047 0.010176 -0.009278
vn -0.099047 0.011975 -0.006799
vn -0.099047 0.011982 -0.006787
vn -0.099047 0.011988 -0.006776
vn -0.099047 0.011994 -0.006765
vn -0.099047 0.011997 -0.006760
vn -0.099047 0.012000 -0.006755
vn -0.099047 0.012003 -0.006750
vn -0.099047 0.012006 -0.006745
vn -0.099047 0.012009 -0.006740
vn -0.099047 0.012011 -0.006735
vn -0.099047 0.005994 0.012398
vn -0.099047 0.005535 0.012609
vn -0.099047 0.005863 0.012460
vn -0.099047 0.005522 0.012615
vn -0.099047 0.005510 0.012620
vn -0.099047 0.005498 0.012626
vn -0.099047 0.005486 0.012631
vn -0.099047 0.005474 0.012636
vn -0.099047 0.005469 0.012638
vn -0.099047 0.005463 0.012641
vn -0.099047 0.005458 0.012643
vn -0.099047 0.005453 0.012645
vn -0.099047 0.005448 0.012647
vn -0.099047 0.005443 0.012650
vn -0.099047 0.006277 0.012257
vn -0.099047 0.006444 0.012170
vn -0.099047 0.006685 0.012039
vn -0.099047 0.006885 0.011926
vn -0.099047 0.007084 0.011809
vn -0.099047 0.007318 0.011666
vn -0.099047 0.007476 0.011565
vn -0.099047 0.007740 0.011390
vn -0.099047 0.007859 0.011308
vn -0.099047 0.008152 0.011098
vn -0.099047 0.008234 0.011038
vn -0.099047 0.008225 0.011045
vn -0.099047 0.008229 0.011041
vn -0.099047 0.008220 0.011048
vn -0.099047 0.008215 0.011052
vn -0.099047 0.008211 0.011055
vn -0.099047 0.008206 0.011059
vn -0.099047 0.008196 0.011066
vn -0.099047 0.008185 0.011074
vn -0.099047 0.008175 0.011082
vn -0.099047 0.008164 0.011090
vn -0.099047 0.000433 0.013764
vn -0.099047 -0.000072 0.013771
vn -0.099047 0.000288 0.013768
vn -0.099047 -0.000086 0.013770
vn -0.099047 -0.000100 0.013770
vn -0.099047 -0.000113 0.013770
vn -0.099047 -0.000126 0.013770
vn -0.099047 -0.000138 0.013770
vn -0.099047 -0.000144 0.013770
vn -0.099047 -0.000150 0.013770
vn -0.099047 -0.000156 0.013770
vn -0.099047 -0.000162 0.013770
vn -0.099047 -0.000167 0.013770
vn -0.099047 -0.000173 0.013770
vn -0.099047 0.000750 0.013750
vn -0.099047 0.000937 0.013739
vn -0.099047 0.001210 0.013717
vn -0.099047 0.001439 0.013695
vn -0.099047 0.001669 0.013669
vn -0.099047 0.001940 0.013633
vn -0.099047 0.002126 0.013606
vn -0.099047 0.002438 0.013553
vn -0.099047 0.002580 0.013527
vn -0.099047 0.002933 0.013455
vn -0.099047 0.003032 0.013433
vn -0.099047 0.003021 0.013435
vn -0.099047 0.003027 0.013434
vn -0.099047 0.003016 0.013436
vn -0.099047 0.003010 0.013438
vn -0.099047 0.003004 0.013439
vn -0.099047 0.002998 0.013440
vn -0.099047 0.002986 0.013443
vn -0.099047 0.002974 0.013446
vn -0.099047 0.002961 0.013449
vn -0.099047 0.002947 0.013452
vn -0.099047 0.005448 -0.012647
vn -0.099047 0.005453 -0.012645
vn -0.099047 0.005443 -0.012650
vn -0.099047 0.005535 -0.012609
vn -0.099047 0.005863 -0.012460
vn -0.099047 0.005994 -0.012398
vn -0.099047 0.006277 -0.012257
vn -0.099047 0.006444 -0.012170
vn -0.099047 0.006685 -0.012039
vn -0.099047 0.006885 -0.011926
vn -0.099047 0.007084 -0.011809
vn -0.099047 0.007318 -0.011666
vn -0.099047 0.007476 -0.011565
vn -0.099047 0.007740 -0.011390
vn -0.099047 0.007859 -0.011308
vn -0.099047 0.008152 -0.011098
vn -0.099047 0.008164 -0.011090
vn -0.099047 0.005458 -0.012643
vn -0.099047 0.005463 -0.012641
vn -0.099047 0.005469 -0.012638
vn -0.099047 0.005474 -0.012636
vn -0.099047 0.005486 -0.012631
vn -0.099047 0.005498 -0.012626
vn -0.099047 0.005510 -0.012620
vn -0.099047 0.005522 -0.012615
vn -0.099047 0.008175 -0.011082
vn -0.099047 0.008185 -0.011074
vn -0.099047 0.008196 -0.011066
vn -0.099047 0.008206 -0.011059
vn -0.099047 0.008211 -0.011055
vn -0.099047 0.008215 -0.011052
vn -0.099047 0.008220 -0.011048
vn -0.099047 0.008225 -0.011045
vn -0.099047 0.008229 -0.011041
vn -0.099047 0.008234 -0.011038
vn -0.099047 -0.005203 0.012750
vn -0.099047 -0.005667 0.012551
vn -0.099047 -0.005336 0.012695
vn -0.099047 -0.005680 0.012545
vn -0.099047 -0.005692 0.012539
vn -0.099047 -0.005704 0.012534
vn -0.099047 -0.005716 0.012528
vn -0.099047 -0.005727 0.012523
vn -0.099047 -0.005733 0.012521
vn -0.099047 -0.005738 0.012518
vn -0.099047 -0.005743 0.012516
vn -0.099047 -0.005749 0.012513
vn -0.099047 -0.005754 0.012511
vn -0.099047 -0.005759 0.012509
vn -0.099047 -0.004908 0.012866
vn -0.099047 -0.004732 0.012932
vn -0.099047 -0.004474 0.013024
vn -0.099047 -0.004255 0.013097
vn -0.099047 -0.004035 0.013166
vn -0.099047 -0.003773 0.013244
vn -0.099047 -0.003592 0.013294
vn -0.099047 -0.003285 0.013373
vn -0.099047 -0.003145 0.013407
vn -0.099047 -0.002793 0.013485
vn -0.099047 -0.002694 0.013505
vn -0.099047 -0.002705 0.013503
vn -0.099047 -0.002699 0.013504
vn -0.099047 -0.002710 0.013501
vn -0.099047 -0.002716 0.013500
vn -0.099047 -0.002722 0.013499
vn -0.099047 -0.002728 0.013498
vn -0.099047 -0.002740 0.013495
vn -0.099047 -0.002752 0.013493
vn -0.099047 -0.002765 0.013490
vn -0.099047 -0.002779 0.013487
vn -0.099047 -0.000167 -0.013770
vn -0.099047 -0.000162 -0.013770
vn -0.099047 -0.000173 -0.013770
vn -0.099047 -0.000072 -0.013771
vn -0.099047 0.000288 -0.013768
vn -0.099047 0.000433 -0.013764
vn -0.099047 0.000750 -0.013750
vn -0.099047 0.000937 -0.013739
vn -0.099047 0.001210 -0.013717
vn -0.099047 0.001439 -0.013695
vn -0.099047 0.001669 -0.013669
vn -0.099047 0.001940 -0.013633
vn -0.099047 0.002126 -0.013606
vn -0.099047 0.002438 -0.013553
vn -0.099047 0.002580 -0.013527
vn -0.099047 0.002933 -0.013455
vn -0.099047 0.002947 -0.013452
vn -0.099047 -0.000156 -0.013770
vn -0.099047 -0.000150 -0.013770
vn -0.099047 -0.000144 -0.013770
vn -0.099047 -0.000138 -0.013770
vn -0.099047 -0.000126 -0.013770
vn -0.099047 -0.000113 -0.013770
vn -0.099047 -0.000100 -0.013770
vn -0.099047 -0.000086 -0.013770
vn -0.099047 0.002961 -0.013449
vn -0.099047 0.002974 -0.013446
vn -0.099047 0.002986 -0.013443
vn -0.099047 0.002998 -0.013440
vn -0.099047 0.003004 -0.013439
vn -0.099047 0.003010 -0.013438
vn -0.099047 0.003016 -0.013436
vn -0.099047 0.003021 -0.013435
vn -0.099047 0.003027 -0.013434
vn -0.099047 0.003032 -0.013433
vn -0.099047 -0.009939 0.009531
vn -0.099047 -0.010282 0.009161
vn -0.099047 -0.010038 0.009427
vn -0.099047 -0.010291 0.009150
vn -0.099047 -0.010300 0.009140
vn -0.099047 -0.010309 0.009130
vn -0.099047 -0.010317 0.009120
vn -0.099047 -0.010326 0.009111
vn -0.099047 -0.010330 0.009107
vn -0.099047 -0.010334 0.009102
vn -0.099047 -0.010337 0.009098
vn -0.099047 -0.010341 0.009093
vn -0.099047 -0.010345 0.009089
vn -0.099047 -0.010349 0.009085
vn -0.099047 -0.009717 0.009758
vn -0.099047 -0.009583 0.009889
vn -0.099047 -0.009385 0.010078
vn -0.099047 -0.009214 0.010234
vn -0.099047 -0.009042 0.010387
vn -0.099047 -0.008833 0.010564
vn -0.099047 -0.008689 0.010684
vn -0.099047 -0.008440 0.010881
vn -0.099047 -0.008326 0.010969
vn -0.099047 -0.008036 0.011183
vn -0.099047 -0.007954 0.011242
vn -0.099047 -0.007963 0.011235
vn -0.099047 -0.007958 0.011238
vn -0.099047 -0.007967 0.011232
vn -0.099047 -0.007972 0.011228
vn -0.099047 -0.007977 0.011225
vn -0.099047 -0.007982 0.011221
vn -0.099047 -0.007992 0.011214
vn -0.099047 -0.008002 0.011207
vn -0.099047 -0.008013 0.011199
vn -0.099047 -0.008024 0.011191
vn -0.099047 -0.010345 -0.009089
vn -0.099047 -0.010341 -0.009093
vn -0.099047 -0.010349 -0.009085
vn -0.099047 -0.010282 -0.009161
vn -0.099047 -0.010038 -0.009427
vn -0.099047 -0.009939 -0.009531
vn -0.099047 -0.009717 -0.009758
vn -0.099047 -0.009583 -0.009889
vn -0.099047 -0.009385 -0.010078
vn -0.099047 -0.009214 -0.010234
vn -0.099047 -0.009042 -0.010387
vn -0.099047 -0.008833 -0.010564
vn -0.099047 -0.008689 -0.010684
vn -0.099047 -0.008440 -0.010881
vn -0.099047 -0.008326 -0.010969
vn -0.099047 -0.008036 -0.011183
vn -0.099047 -0.008024 -0.011191
vn -0.099047 -0.010337 -0.009098
vn -0.099047 -0.010334 -0.009102
vn -0.099047 -0.010330 -0.009107
vn -0.099047 -0.010326 -0.009111
vn -0.099047 -0.010317 -0.009120
vn -0.099047 -0.010309 -0.009130
vn -0.099047 -0.010300 -0.009140
vn -0.099047 -0.010291 -0.009150
vn -0.099047 -0.008013 -0.011199
vn -0.099047 -0.008002 -0.011207
vn -0.099047 -0.007992 -0.011214
vn -0.099047 -0.007982 -0.011221
vn -0.099047 -0.007977 -0.011225
vn -0.099047 -0.007972 -0.011228
vn -0.099047 -0.007967 -0.011232
vn -0.099047 -0.007963 -0.011235
vn -0.099047 -0.007958 -0.011238
vn -0.099047 -0.007954 -0.011242
vn -0.099047 -0.005754 -0.012511
vn -0.099047 -0.005749 -0.012513
vn -0.099047 -0.005759 -0.012509
vn -0.099047 -0.005667 -0.012551
vn -0.099047 -0.005336 -0.012695
vn -0.099047 -0.005203 -0.012750
vn -0.099047 -0.004908 -0.012866
vn -0.099047 -0.004732 -0.012932
vn -0.099047 -0.004474 -0.013024
vn -0.099047 -0.004255 -0.013097
vn -0.099047 -0.004035 -0.013166
vn -0.099047 -0.003773 -0.013244
vn -0.099047 -0.003592 -0.013294
vn -0.099047 -0.003285 -0.013373
vn -0.099047 -0.003145 -0.013407
vn -0.099047 -0.002793 -0.013485
vn -0.099047 -0.002779 -0.013487
vn -0.099047 -0.005743 -0.012516
vn -0.099047 -0.005738 -0.012518
vn -0.099047 -0.005733 -0.012521
vn -0.099047 -0.005727 -0.012523
vn -0.099047 -0.005716 -0.012528
vn -0.099047 -0.005704 -0.012534
vn -0.099047 -0.005692 -0.012539
vn -0.099047 -0.005680 -0.012545
vn -0.099047 -0.002765 -0.013490
vn -0.099047 -0.002752 -0.013493
vn -0.099047 -0.002740 -0.013495
vn -0.099047 -0.002728 -0.013498
vn -0.099047 -0.002722 -0.013499
vn -0.099047 -0.002716 -0.013500
vn -0.099047 -0.002710 -0.013501
vn -0.099047 -0.002705 -0.013503
vn -0.099047 -0.002699 -0.013504
vn -0.099047 -0.002694 -0.013505
vn -0.099047 -0.012957 0.004665
vn -0.099047 -0.013119 0.004187
vn -0.099047 -0.013005 0.004529
vn -0.099047 -0.013123 0.004173
vn -0.099047 -0.013127 0.004160
vn -0.099047 -0.013131 0.004148
vn -0.099047 -0.013135 0.004135
vn -0.099047 -0.013139 0.004124
vn -0.099047 -0.013141 0.004118
vn -0.099047 -0.013142 0.004112
vn -0.099047 -0.013144 0.004107
vn -0.099047 -0.013146 0.004101
vn -0.099047 -0.013148 0.004096
vn -0.099047 -0.013149 0.004090
vn -0.099047 -0.012846 0.004962
vn -0.099047 -0.012777 0.005136
vn -0.099047 -0.012672 0.005389
vn -0.099047 -0.012580 0.005601
vn -0.099047 -0.012485 0.005811
vn -0.099047 -0.012367 0.006058
vn -0.099047 -0.012283 0.006226
vn -0.099047 -0.012136 0.006507
vn -0.099047 -0.012067 0.006634
vn -0.099047 -0.011890 0.006947
vn -0.099047 -0.011838 0.007035
vn -0.099047 -0.011844 0.007025
vn -0.099047 -0.011841 0.007030
vn -0.099047 -0.011847 0.007020
vn -0.099047 -0.011850 0.007015
vn -0.099047 -0.011853 0.007010
vn -0.099047 -0.011856 0.007005
vn -0.099047 -0.011862 0.006994
vn -0.099047 -0.011869 0.006983
vn -0.099047 -0.011876 0.006972
vn -0.099047 -0.011883 0.006960
vn -0.099047 -0.012136 -0.006507
vn -0.099047 -0.011890 -0.006947
vn -0.099047 -0.012067 -0.006634
vn -0.099047 -0.011883 -0.006960
vn -0.099047 -0.011876 -0.006972
vn -0.099047 -0.011869 -0.006983
vn -0.099047 -0.011862 -0.006994
vn -0.099047 -0.011856 -0.007005
vn -0.099047 -0.011853 -0.007010
vn -0.099047 -0.011850 -0.007015
vn -0.099047 -0.011847 -0.007020
vn -0.099047 -0.011844 -0.007025
vn -0.099047 -0.011841 -0.007030
vn -0.099047 -0.011838 -0.007035
vn -0.099047 -0.012283 -0.006226
vn -0.099047 -0.012367 -0.006058
vn -0.099047 -0.012485 -0.005811
vn -0.099047 -0.012580 -0.005601
vn -0.099047 -0.012672 -0.005389
vn -0.099047 -0.012777 -0.005136
vn -0.099047 -0.012846 -0.004962
vn -0.099047 -0.012957 -0.004665
vn -0.099047 -0.013005 -0.004529
vn -0.099047 -0.013119 -0.004187
vn -0.099047 -0.013149 -0.004090
vn -0.099047 -0.013146 -0.004101
vn -0.099047 -0.013148 -0.004096
vn -0.099047 -0.013144 -0.004107
vn -0.099047 -0.013142 -0.004112
vn -0.099047 -0.013141 -0.004118
vn -0.099047 -0.013139 -0.004124
vn -0.099047 -0.013135 -0.004135
vn -0.099047 -0.013131 -0.004148
vn -0.099047 -0.013127 -0.004160
vn -0.099047 -0.013123 -0.004173
vn -0.075568 0.061545 0.022398
vn -0.075568 0.061715 0.021927
vn -0.075568 0.062389 0.019927
vn -0.075568 0.061877 0.021464
vn -0.075568 0.062033 0.021009
vn -0.075568 0.062182 0.020563
vn -0.075568 0.062894 0.018271
vn -0.075568 0.063134 0.017423
vn -0.075568 0.063521 0.015955
vn -0.075568 0.063779 0.014892
vn -0.075568 0.064063 0.013617
vn -0.075568 0.064322 0.012337
vn -0.075568 0.064519 0.011261
vn -0.075568 0.064762 0.009762
vn -0.075568 0.064888 0.008890
vn -0.075568 0.065100 0.007172
vn -0.075568 0.065170 0.006506
vn -0.075568 0.065215 0.006038
vn -0.075568 0.065258 0.005560
vn -0.075568 0.065298 0.005071
vn -0.075568 0.065334 0.004571
vn -0.075568 0.047114 0.045495
vn -0.075568 0.047461 0.045133
vn -0.075568 0.048890 0.043580
vn -0.075568 0.047798 0.044776
vn -0.075568 0.048125 0.044424
vn -0.075568 0.048443 0.044077
vn -0.075568 0.050025 0.042273
vn -0.075568 0.050589 0.041596
vn -0.075568 0.051540 0.040412
vn -0.075568 0.052208 0.039545
vn -0.075568 0.052986 0.038496
vn -0.075568 0.053743 0.037432
vn -0.075568 0.054361 0.036529
vn -0.075568 0.055193 0.035260
vn -0.075568 0.055662 0.034513
vn -0.075568 0.056555 0.033031
vn -0.075568 0.056889 0.032451
vn -0.075568 0.057121 0.032042
vn -0.075568 0.057355 0.031622
vn -0.075568 0.057590 0.031191
vn -0.075568 0.057827 0.030749
vn -0.075568 0.062894 -0.018271
vn -0.075568 0.062182 -0.020563
vn -0.075568 0.062389 -0.019927
vn -0.075568 0.062033 -0.021009
vn -0.075568 0.061877 -0.021464
vn -0.075568 0.061715 -0.021927
vn -0.075568 0.061545 -0.022398
vn -0.075568 0.063134 -0.017423
vn -0.075568 0.063521 -0.015955
vn -0.075568 0.063779 -0.014892
vn -0.075568 0.064063 -0.013617
vn -0.075568 0.064322 -0.012337
vn -0.075568 0.064519 -0.011261
vn -0.075568 0.064762 -0.009762
vn -0.075568 0.064888 -0.008890
vn -0.075568 0.065100 -0.007172
vn -0.075568 0.065170 -0.006506
vn -0.075568 0.065215 -0.006038
vn -0.075568 0.065258 -0.005560
vn -0.075568 0.065298 -0.005071
vn -0.075568 0.065334 -0.004571
vn -0.075568 0.050025 -0.042273
vn -0.075568 0.048443 -0.044077
vn -0.075568 0.048890 -0.043580
vn -0.075568 0.048125 -0.044424
vn -0.075568 0.047798 -0.044776
vn -0.075568 0.047461 -0.045133
vn -0.075568 0.047114 -0.045495
vn -0.075568 0.050589 -0.041596
vn -0.075568 0.051540 -0.040412
vn -0.075568 0.052208 -0.039545
vn -0.075568 0.052986 -0.038496
vn -0.075568 0.053743 -0.037432
vn -0.075568 0.054361 -0.036529
vn -0.075568 0.055193 -0.035260
vn -0.075568 0.055662 -0.034513
vn -0.075568 0.056555 -0.033031
vn -0.075568 0.056889 -0.032451
vn -0.075568 0.057121 -0.032042
vn -0.075568 0.057355 -0.031622
vn -0.075568 0.057590 -0.031191
vn -0.075568 0.057827 -0.030749
vn -0.075568 0.024536 0.060724
vn -0.075568 0.025000 0.060535
vn -0.075568 0.026938 0.059698
vn -0.075568 0.025453 0.060346
vn -0.075568 0.025895 0.060157
vn -0.075568 0.026327 0.059970
vn -0.075568 0.028506 0.058965
vn -0.075568 0.029297 0.058576
vn -0.075568 0.030647 0.057881
vn -0.075568 0.031610 0.057361
vn -0.075568 0.032747 0.056720
vn -0.075568 0.033872 0.056055
vn -0.075568 0.034803 0.055482
vn -0.075568 0.036080 0.054660
vn -0.075568 0.036812 0.054170
vn -0.075568 0.038231 0.053178
vn -0.075568 0.038772 0.052785
vn -0.075568 0.039150 0.052505
vn -0.075568 0.039534 0.052216
vn -0.075568 0.039924 0.051918
vn -0.075568 0.040321 0.051611
vn -0.075568 -0.002284 0.065454
vn -0.075568 -0.001783 0.065470
vn -0.075568 0.000328 0.065493
vn -0.075568 -0.001292 0.065481
vn -0.075568 -0.000812 0.065489
vn -0.075568 -0.000341 0.065493
vn -0.075568 0.002058 0.065462
vn -0.075568 0.002939 0.065428
vn -0.075568 0.004455 0.065342
vn -0.075568 0.005546 0.065259
vn -0.075568 0.006846 0.065135
vn -0.075568 0.008143 0.064986
vn -0.075568 0.009228 0.064841
vn -0.075568 0.010728 0.064609
vn -0.075568 0.011597 0.064459
vn -0.075568 0.013296 0.064130
vn -0.075568 0.013951 0.063991
vn -0.075568 0.014410 0.063889
vn -0.075568 0.014878 0.063782
vn -0.075568 0.015356 0.063669
vn -0.075568 0.015843 0.063549
vn -0.075568 0.028506 -0.058965
vn -0.075568 0.026327 -0.059970
vn -0.075568 0.026938 -0.059698
vn -0.075568 0.025895 -0.060157
vn -0.075568 0.025453 -0.060346
vn -0.075568 0.025000 -0.060535
vn -0.075568 0.024536 -0.060724
vn -0.075568 0.029297 -0.058576
vn -0.075568 0.030647 -0.057881
vn -0.075568 0.031610 -0.057361
vn -0.075568 0.032747 -0.056720
vn -0.075568 0.033872 -0.056055
vn -0.075568 0.034803 -0.055482
vn -0.075568 0.036080 -0.054660
vn -0.075568 0.036812 -0.054170
vn -0.075568 0.038231 -0.053178
vn -0.075568 0.038772 -0.052785
vn -0.075568 0.039150 -0.052505
vn -0.075568 0.039534 -0.052216
vn -0.075568 0.039924 -0.051918
vn -0.075568 0.040321 -0.051611
vn -0.075568 -0.028709 0.058867
vn -0.075568 -0.028258 0.059085
vn -0.075568 -0.026339 0.059965
vn -0.075568 -0.027814 0.059295
vn -0.075568 -0.027378 0.059497
vn -0.075568 -0.026950 0.059692
vn -0.075568 -0.024745 0.060639
vn -0.075568 -0.023927 0.060967
vn -0.075568 -0.022507 0.061505
vn -0.075568 -0.021477 0.061873
vn -0.075568 -0.020239 0.062289
vn -0.075568 -0.018993 0.062680
vn -0.075568 -0.017943 0.062988
vn -0.075568 -0.016478 0.063387
vn -0.075568 -0.015624 0.063603
vn -0.075568 -0.013938 0.063994
vn -0.075568 -0.013283 0.064133
vn -0.075568 -0.012822 0.064227
vn -0.075568 -0.012351 0.064319
vn -0.075568 -0.011868 0.064410
vn -0.075568 -0.011375 0.064499
vn -0.075568 0.002058 -0.065462
vn -0.075568 -0.000341 -0.065493
vn -0.075568 0.000328 -0.065493
vn -0.075568 -0.000812 -0.065489
vn -0.075568 -0.001292 -0.065481
vn -0.075568 -0.001783 -0.065470
vn -0.075568 -0.002284 -0.065454
vn -0.075568 0.002939 -0.065428
vn -0.075568 0.004455 -0.065342
vn -0.075568 0.005546 -0.065259
vn -0.075568 0.006846 -0.065135
vn -0.075568 0.008143 -0.064986
vn -0.075568 0.009228 -0.064841
vn -0.075568 0.010728 -0.064609
vn -0.075568 0.011597 -0.064459
vn -0.075568 0.013296 -0.064130
vn -0.075568 0.013951 -0.063991
vn -0.075568 0.014410 -0.063889
vn -0.075568 0.014878 -0.063782
vn -0.075568 0.015356 -0.063669
vn -0.075568 0.015843 -0.063549
vn -0.075568 -0.050170 0.042100
vn -0.075568 -0.049846 0.042483
vn -0.075568 -0.048452 0.044067
vn -0.075568 -0.049527 0.042855
vn -0.075568 -0.049211 0.043218
vn -0.075568 -0.048899 0.043570
vn -0.075568 -0.047270 0.045332
vn -0.075568 -0.046656 0.045964
vn -0.075568 -0.045578 0.047033
vn -0.075568 -0.044786 0.047788
vn -0.075568 -0.043824 0.048672
vn -0.075568 -0.042845 0.049536
vn -0.075568 -0.042012 0.050244
vn -0.075568 -0.040836 0.051205
vn -0.075568 -0.040143 0.051750
vn -0.075568 -0.038761 0.052792
vn -0.075568 -0.038220 0.053186
vn -0.075568 -0.037837 0.053459
vn -0.075568 -0.037444 0.053735
vn -0.075568 -0.037040 0.054014
vn -0.075568 -0.036625 0.054296
vn -0.075568 -0.047270 -0.045332
vn -0.075568 -0.048899 -0.043570
vn -0.075568 -0.048452 -0.044067
vn -0.075568 -0.049211 -0.043218
vn -0.075568 -0.049527 -0.042855
vn -0.075568 -0.049846 -0.042483
vn -0.075568 -0.050170 -0.042100
vn -0.075568 -0.046656 -0.045964
vn -0.075568 -0.045578 -0.047033
vn -0.075568 -0.044786 -0.047788
vn -0.075568 -0.043824 -0.048672
vn -0.075568 -0.042845 -0.049536
vn -0.075568 -0.042012 -0.050244
vn -0.075568 -0.040836 -0.051205
vn -0.075568 -0.040143 -0.051750
vn -0.075568 -0.038761 -0.052792
vn -0.075568 -0.038220 -0.053186
vn -0.075568 -0.037837 -0.053459
vn -0.075568 -0.037444 -0.053735
vn -0.075568 -0.037040 -0.054014
vn -0.075568 -0.036625 -0.054296
vn -0.075568 -0.024745 -0.060639
vn -0.075568 -0.026950 -0.059692
vn -0.075568 -0.026339 -0.059965
vn -0.075568 -0.027378 -0.059497
vn -0.075568 -0.027814 -0.059295
vn -0.075568 -0.028258 -0.059085
vn -0.075568 -0.028709 -0.058867
vn -0.075568 -0.023927 -0.060967
vn -0.075568 -0.022507 -0.061505
vn -0.075568 -0.021477 -0.061873
vn -0.075568 -0.020239 -0.062289
vn -0.075568 -0.018993 -0.062680
vn -0.075568 -0.017943 -0.062988
vn -0.075568 -0.016478 -0.063387
vn -0.075568 -0.015624 -0.063603
vn -0.075568 -0.013938 -0.063994
vn -0.075568 -0.013283 -0.064133
vn -0.075568 -0.012822 -0.064227
vn -0.075568 -0.012351 -0.064319
vn -0.075568 -0.011868 -0.064410
vn -0.075568 -0.011375 -0.064499
vn -0.075568 -0.062956 0.018055
vn -0.075568 -0.062816 0.018536
vn -0.075568 -0.062186 0.020551
vn -0.075568 -0.062676 0.019006
vn -0.075568 -0.062535 0.019465
vn -0.075568 -0.062393 0.019914
vn -0.075568 -0.061622 0.022186
vn -0.075568 -0.061318 0.023014
vn -0.075568 -0.060768 0.024429
vn -0.075568 -0.060351 0.025440
vn -0.075568 -0.059832 0.026639
vn -0.075568 -0.059289 0.027827
vn -0.075568 -0.058816 0.028813
vn -0.075568 -0.058132 0.030169
vn -0.075568 -0.057721 0.030948
vn -0.075568 -0.056883 0.032463
vn -0.075568 -0.056548 0.033042
vn -0.075568 -0.056309 0.033448
vn -0.075568 -0.056062 0.033860
vn -0.075568 -0.055807 0.034279
vn -0.075568 -0.055543 0.034705
vn -0.075568 -0.055543 -0.034705
vn -0.075568 -0.055807 -0.034279
vn -0.075568 -0.056883 -0.032463
vn -0.075568 -0.056062 -0.033860
vn -0.075568 -0.056309 -0.033448
vn -0.075568 -0.056548 -0.033042
vn -0.075568 -0.057721 -0.030948
vn -0.075568 -0.058132 -0.030169
vn -0.075568 -0.058816 -0.028813
vn -0.075568 -0.059289 -0.027827
vn -0.075568 -0.059832 -0.026639
vn -0.075568 -0.060351 -0.025440
vn -0.075568 -0.060768 -0.024429
vn -0.075568 -0.061318 -0.023014
vn -0.075568 -0.061622 -0.022186
vn -0.075568 -0.062186 -0.020551
vn -0.075568 -0.062393 -0.019914
vn -0.075568 -0.062535 -0.019465
vn -0.075568 -0.062676 -0.019006
vn -0.075568 -0.062816 -0.018536
vn -0.075568 -0.062956 -0.018055
vn -0.099926 0.002850 0.002569
vn -0.099926 0.002840 0.002580
vn -0.099926 0.002861 0.002557
vn -0.099926 0.002977 0.002421
vn -0.099926 0.003026 0.002359
vn -0.099926 0.003104 0.002255
vn -0.099926 0.003178 0.002149
vn -0.099926 0.003223 0.002083
vn -0.099926 0.003316 0.001930
vn -0.099926 0.003331 0.001904
vn -0.099926 0.003324 0.001917
vn -0.099926 0.003331 0.001904
vn -0.099926 0.003339 0.001890
vn -0.099926 0.003347 0.001877
vn -0.099926 0.003354 0.001864
vn -0.099926 0.003361 0.001851
vn -0.099926 0.003369 0.001837
vn -0.099926 0.003372 0.001831
vn -0.099926 0.003376 0.001824
vn -0.099926 0.003379 0.001818
vn -0.099926 0.003383 0.001811
vn -0.099926 0.003386 0.001804
vn -0.099926 0.003430 0.001719
vn -0.099926 0.003417 0.001745
vn -0.099926 0.003419 0.001742
vn -0.099926 0.003420 0.001739
vn -0.099926 0.003422 0.001736
vn -0.099926 0.003424 0.001732
vn -0.099926 0.003425 0.001729
vn -0.099926 0.003429 0.001723
vn -0.099926 0.003427 0.001726
vn -0.099926 0.002840 0.002580
vn -0.099926 0.002830 0.002591
vn -0.099926 0.002819 0.002603
vn -0.099926 0.002809 0.002614
vn -0.099926 0.002799 0.002625
vn -0.099926 0.002788 0.002636
vn -0.099926 0.002783 0.002641
vn -0.099926 0.002778 0.002647
vn -0.099926 0.002773 0.002652
vn -0.099926 0.002768 0.002658
vn -0.099926 0.002763 0.002663
vn -0.099926 0.002757 0.002668
vn -0.099926 0.002752 0.002674
vn -0.099926 0.002747 0.002679
vn -0.099926 0.002742 0.002684
vn -0.099926 0.002737 0.002690
vn -0.099926 0.002731 0.002695
vn -0.099926 0.002726 0.002700
vn -0.099926 0.002724 0.002703
vn -0.099926 0.002721 0.002705
vn -0.099926 0.002718 0.002708
vn -0.099926 0.002716 0.002711
vn -0.099926 0.002713 0.002713
vn -0.099926 0.002711 0.002716
vn -0.099926 0.002708 0.002718
vn -0.099926 0.002706 0.002721
vn -0.099926 0.002703 0.002723
vn -0.099926 0.002700 0.002726
vn -0.099926 0.002698 0.002729
vn -0.099926 0.002695 0.002731
vn -0.099926 0.003415 0.001749
vn -0.099926 0.003414 0.001752
vn -0.099926 0.003412 0.001755
vn -0.099926 0.003410 0.001758
vn -0.099926 0.003390 0.001798
vn -0.099926 0.003393 0.001791
vn -0.099926 0.003397 0.001785
vn -0.099926 0.003400 0.001778
vn -0.099926 0.003404 0.001772
vn -0.099926 0.003407 0.001765
vn -0.099926 0.003574 -0.001395
vn -0.099926 0.003577 -0.001389
vn -0.099926 0.003573 -0.001399
vn -0.099926 0.003578 -0.001385
vn -0.099926 0.003580 -0.001382
vn -0.099926 0.003576 -0.001392
vn -0.099926 0.003581 -0.001378
vn -0.099926 0.003582 -0.001375
vn -0.099926 0.003584 -0.001372
vn -0.099926 0.003607 -0.001309
vn -0.099926 0.003585 -0.001368
vn -0.099926 0.003586 -0.001365
vn -0.099926 0.003587 -0.001361
vn -0.099926 0.003589 -0.001358
vn -0.099926 0.003604 -0.001316
vn -0.099926 0.003602 -0.001323
vn -0.099926 0.003599 -0.001330
vn -0.099926 0.003597 -0.001337
vn -0.099926 0.003594 -0.001344
vn -0.099926 0.003591 -0.001351
vn -0.099926 0.003644 -0.001202
vn -0.099926 0.003609 -0.001302
vn -0.099926 0.003612 -0.001295
vn -0.099926 0.003614 -0.001288
vn -0.099926 0.003617 -0.001281
vn -0.099926 0.003619 -0.001274
vn -0.099926 0.003624 -0.001260
vn -0.099926 0.003629 -0.001245
vn -0.099926 0.003634 -0.001231
vn -0.099926 0.003639 -0.001216
vn -0.099926 0.003644 -0.001202
vn -0.099926 0.003649 -0.001187
vn -0.099926 0.003653 -0.001173
vn -0.099926 0.003704 -0.001001
vn -0.099926 0.003724 -0.000924
vn -0.099926 0.003753 -0.000798
vn -0.099926 0.003778 -0.000671
vn -0.099926 0.003791 -0.000592
vn -0.099926 0.003815 -0.000415
vn -0.099926 0.003818 -0.000384
vn -0.099926 0.003816 -0.000399
vn -0.099926 0.003818 -0.000384
vn -0.099926 0.003819 -0.000369
vn -0.099926 0.003821 -0.000354
vn -0.099926 0.003822 -0.000339
vn -0.099926 0.003823 -0.000324
vn -0.099926 0.003825 -0.000308
vn -0.099926 0.003825 -0.000301
vn -0.099926 0.003826 -0.000293
vn -0.099926 0.003826 -0.000286
vn -0.099926 0.003827 -0.000279
vn -0.099926 0.003827 -0.000271
vn -0.099926 0.003828 -0.000264
vn -0.099926 0.003828 -0.000256
vn -0.099926 0.003829 -0.000249
vn -0.099926 0.003829 -0.000241
vn -0.099926 0.003830 -0.000234
vn -0.099926 0.003830 -0.000227
vn -0.099926 0.003831 -0.000219
vn -0.099926 0.003831 -0.000216
vn -0.099926 0.003831 -0.000212
vn -0.099926 0.003831 -0.000208
vn -0.099926 0.003832 -0.000205
vn -0.099926 0.003832 -0.000201
vn -0.099926 0.003832 -0.000197
vn -0.099926 0.003832 -0.000194
vn -0.099926 0.003832 -0.000190
vn -0.099926 0.003833 -0.000186
vn -0.099926 0.003833 -0.000183
vn -0.099926 0.003833 -0.000179
vn -0.099926 0.003833 -0.000175
vn -0.099926 0.002698 -0.002729
vn -0.099926 0.002703 -0.002723
vn -0.099926 0.002695 -0.002731
vn -0.099926 0.002706 -0.002721
vn -0.099926 0.002708 -0.002718
vn -0.099926 0.002700 -0.002726
vn -0.099926 0.002711 -0.002716
vn -0.099926 0.002713 -0.002713
vn -0.099926 0.002716 -0.002711
vn -0.099926 0.002763 -0.002663
vn -0.099926 0.002718 -0.002708
vn -0.099926 0.002721 -0.002705
vn -0.099926 0.002724 -0.002703
vn -0.099926 0.002726 -0.002700
vn -0.099926 0.002757 -0.002668
vn -0.099926 0.002752 -0.002674
vn -0.099926 0.002747 -0.002679
vn -0.099926 0.002742 -0.002684
vn -0.099926 0.002737 -0.002690
vn -0.099926 0.002731 -0.002695
vn -0.099926 0.002840 -0.002580
vn -0.099926 0.002768 -0.002658
vn -0.099926 0.002773 -0.002652
vn -0.099926 0.002778 -0.002647
vn -0.099926 0.002783 -0.002641
vn -0.099926 0.002788 -0.002636
vn -0.099926 0.002799 -0.002625
vn -0.099926 0.002809 -0.002614
vn -0.099926 0.002819 -0.002603
vn -0.099926 0.002830 -0.002591
vn -0.099926 0.002840 -0.002580
vn -0.099926 0.002850 -0.002569
vn -0.099926 0.002861 -0.002557
vn -0.099926 0.002977 -0.002421
vn -0.099926 0.003026 -0.002359
vn -0.099926 0.003104 -0.002255
vn -0.099926 0.003178 -0.002149
vn -0.099926 0.003223 -0.002083
vn -0.099926 0.003316 -0.001930
vn -0.099926 0.003331 -0.001904
vn -0.099926 0.003324 -0.001917
vn -0.099926 0.003331 -0.001904
vn -0.099926 0.003339 -0.001890
vn -0.099926 0.003347 -0.001877
vn -0.099926 0.003354 -0.001864
vn -0.099926 0.003361 -0.001851
vn -0.099926 0.003369 -0.001837
vn -0.099926 0.003372 -0.001831
vn -0.099926 0.003376 -0.001824
vn -0.099926 0.003379 -0.001818
vn -0.099926 0.003383 -0.001811
vn -0.099926 0.003386 -0.001804
vn -0.099926 0.003390 -0.001798
vn -0.099926 0.003393 -0.001791
vn -0.099926 0.003397 -0.001785
vn -0.099926 0.003400 -0.001778
vn -0.099926 0.003404 -0.001772
vn -0.099926 0.003407 -0.001765
vn -0.099926 0.003410 -0.001758
vn -0.099926 0.003412 -0.001755
vn -0.099926 0.003414 -0.001752
vn -0.099926 0.003415 -0.001749
vn -0.099926 0.003417 -0.001745
vn -0.099926 0.003419 -0.001742
vn -0.099926 0.003420 -0.001739
vn -0.099926 0.003422 -0.001736
vn -0.099926 0.003424 -0.001732
vn -0.099926 0.003425 -0.001729
vn -0.099926 0.003427 -0.001726
vn -0.099926 0.003429 -0.001723
vn -0.099926 0.003430 -0.001719
vn -0.099926 0.001559 0.003506
vn -0.099926 0.001545 0.003512
vn -0.099926 0.001573 0.003500
vn -0.099926 0.001734 0.003423
vn -0.099926 0.001805 0.003386
vn -0.099926 0.001919 0.003323
vn -0.099926 0.002029 0.003256
vn -0.099926 0.002097 0.003213
vn -0.099926 0.002244 0.003112
vn -0.099926 0.002269 0.003094
vn -0.099926 0.002257 0.003103
vn -0.099926 0.002269 0.003094
vn -0.099926 0.002281 0.003085
vn -0.099926 0.002294 0.003076
vn -0.099926 0.002306 0.003067
vn -0.099926 0.002318 0.003058
vn -0.099926 0.002330 0.003049
vn -0.099926 0.002336 0.003044
vn -0.099926 0.002342 0.003040
vn -0.099926 0.002348 0.003035
vn -0.099926 0.002354 0.003030
vn -0.099926 0.002360 0.003026
vn -0.099926 0.002434 0.002966
vn -0.099926 0.002412 0.002984
vn -0.099926 0.002415 0.002982
vn -0.099926 0.002417 0.002980
vn -0.099926 0.002420 0.002977
vn -0.099926 0.002423 0.002975
vn -0.099926 0.002426 0.002973
vn -0.099926 0.002432 0.002968
vn -0.099926 0.002429 0.002970
vn -0.099926 0.001545 0.003512
vn -0.099926 0.001531 0.003518
vn -0.099926 0.001517 0.003524
vn -0.099926 0.001503 0.003530
vn -0.099926 0.001489 0.003536
vn -0.099926 0.001475 0.003542
vn -0.099926 0.001468 0.003545
vn -0.099926 0.001461 0.003548
vn -0.099926 0.001454 0.003551
vn -0.099926 0.001448 0.003554
vn -0.099926 0.001441 0.003556
vn -0.099926 0.001434 0.003559
vn -0.099926 0.001427 0.003562
vn -0.099926 0.001420 0.003565
vn -0.099926 0.001413 0.003567
vn -0.099926 0.001406 0.003570
vn -0.099926 0.001399 0.003573
vn -0.099926 0.001392 0.003576
vn -0.099926 0.001389 0.003577
vn -0.099926 0.001385 0.003578
vn -0.099926 0.001382 0.003580
vn -0.099926 0.001379 0.003581
vn -0.099926 0.001375 0.003582
vn -0.099926 0.001372 0.003583
vn -0.099926 0.001368 0.003585
vn -0.099926 0.001365 0.003586
vn -0.099926 0.001362 0.003587
vn -0.099926 0.001358 0.003589
vn -0.099926 0.001355 0.003590
vn -0.099926 0.001351 0.003591
vn -0.099926 0.002409 0.002987
vn -0.099926 0.002406 0.002989
vn -0.099926 0.002403 0.002991
vn -0.099926 0.002400 0.002994
vn -0.099926 0.002365 0.003021
vn -0.099926 0.002371 0.003017
vn -0.099926 0.002377 0.003012
vn -0.099926 0.002383 0.003007
vn -0.099926 0.002389 0.003003
vn -0.099926 0.002395 0.002998
vn -0.099926 0.003649 0.001187
vn -0.099926 0.003644 0.001202
vn -0.099926 0.003653 0.001173
vn -0.099926 0.003704 0.001001
vn -0.099926 0.003724 0.000924
vn -0.099926 0.003753 0.000798
vn -0.099926 0.003778 0.000671
vn -0.099926 0.003791 0.000592
vn -0.099926 0.003815 0.000415
vn -0.099926 0.003818 0.000384
vn -0.099926 0.003816 0.000399
vn -0.099926 0.003818 0.000384
vn -0.099926 0.003819 0.000369
vn -0.099926 0.003821 0.000354
vn -0.099926 0.003822 0.000339
vn -0.099926 0.003823 0.000324
vn -0.099926 0.003825 0.000308
vn -0.099926 0.003825 0.000301
vn -0.099926 0.003826 0.000293
vn -0.099926 0.003826 0.000286
vn -0.099926 0.003827 0.000279
vn -0.099926 0.003827 0.000271
vn -0.099926 0.003833 0.000175
vn -0.099926 0.003832 0.000205
vn -0.099926 0.003832 0.000201
vn -0.099926 0.003832 0.000197
vn -0.099926 0.003832 0.000194
vn -0.099926 0.003832 0.000190
vn -0.099926 0.003833 0.000186
vn -0.099926 0.003833 0.000179
vn -0.099926 0.003833 0.000183
vn -0.099926 0.003644 0.001202
vn -0.099926 0.003639 0.001216
vn -0.099926 0.003634 0.001231
vn -0.099926 0.003629 0.001245
vn -0.099926 0.003624 0.001260
vn -0.099926 0.003619 0.001274
vn -0.099926 0.003617 0.001281
vn -0.099926 0.003614 0.001288
vn -0.099926 0.003612 0.001295
vn -0.099926 0.003609 0.001302
vn -0.099926 0.003607 0.001309
vn -0.099926 0.003604 0.001316
vn -0.099926 0.003602 0.001323
vn -0.099926 0.003599 0.001330
vn -0.099926 0.003597 0.001337
vn -0.099926 0.003594 0.001344
vn -0.099926 0.003591 0.001351
vn -0.099926 0.003589 0.001358
vn -0.099926 0.003587 0.001361
vn -0.099926 0.003586 0.001365
vn -0.099926 0.003585 0.001368
vn -0.099926 0.003584 0.001372
vn -0.099926 0.003582 0.001375
vn -0.099926 0.003581 0.001378
vn -0.099926 0.003580 0.001382
vn -0.099926 0.003578 0.001385
vn -0.099926 0.003577 0.001389
vn -0.099926 0.003576 0.001392
vn -0.099926 0.003574 0.001395
vn -0.099926 0.003573 0.001399
vn -0.099926 0.003831 0.000208
vn -0.099926 0.003831 0.000212
vn -0.099926 0.003831 0.000216
vn -0.099926 0.003831 0.000219
vn -0.099926 0.003828 0.000264
vn -0.099926 0.003828 0.000256
vn -0.099926 0.003829 0.000249
vn -0.099926 0.003829 0.000241
vn -0.099926 0.003830 0.000234
vn -0.099926 0.003830 0.000227
vn -0.099926 -0.000002 0.003837
vn -0.099926 -0.000017 0.003837
vn -0.099926 0.000014 0.003837
vn -0.099926 0.000192 0.003832
vn -0.099926 0.000272 0.003827
vn -0.099926 0.000401 0.003816
vn -0.099926 0.000529 0.003800
vn -0.099926 0.000609 0.003788
vn -0.099926 0.000784 0.003756
vn -0.099926 0.000814 0.003750
vn -0.099926 0.000799 0.003753
vn -0.099926 0.000814 0.003750
vn -0.099926 0.000829 0.003746
vn -0.099926 0.000844 0.003743
vn -0.099926 0.000859 0.003740
vn -0.099926 0.000874 0.003736
vn -0.099926 0.000888 0.003733
vn -0.099926 0.000896 0.003731
vn -0.099926 0.000903 0.003729
vn -0.099926 0.000910 0.003727
vn -0.099926 0.000918 0.003726
vn -0.099926 0.000925 0.003724
vn -0.099926 0.001018 0.003700
vn -0.099926 0.000989 0.003707
vn -0.099926 0.000993 0.003706
vn -0.099926 0.000997 0.003705
vn -0.099926 0.001000 0.003704
vn -0.099926 0.001004 0.003703
vn -0.099926 0.001007 0.003703
vn -0.099926 0.001014 0.003701
vn -0.099926 0.001011 0.003702
vn -0.099926 -0.000017 0.003837
vn -0.099926 -0.000032 0.003837
vn -0.099926 -0.000048 0.003837
vn -0.099926 -0.000063 0.003837
vn -0.099926 -0.000078 0.003836
vn -0.099926 -0.000093 0.003836
vn -0.099926 -0.000101 0.003836
vn -0.099926 -0.000108 0.003836
vn -0.099926 -0.000116 0.003835
vn -0.099926 -0.000123 0.003835
vn -0.099926 -0.000130 0.003835
vn -0.099926 -0.000138 0.003835
vn -0.099926 -0.000145 0.003834
vn -0.099926 -0.000153 0.003834
vn -0.099926 -0.000160 0.003834
vn -0.099926 -0.000168 0.003833
vn -0.099926 -0.000175 0.003833
vn -0.099926 -0.000182 0.003833
vn -0.099926 -0.000186 0.003833
vn -0.099926 -0.000190 0.003832
vn -0.099926 -0.000193 0.003832
vn -0.099926 -0.000197 0.003832
vn -0.099926 -0.000201 0.003832
vn -0.099926 -0.000204 0.003832
vn -0.099926 -0.000208 0.003831
vn -0.099926 -0.000212 0.003831
vn -0.099926 -0.000215 0.003831
vn -0.099926 -0.000219 0.003831
vn -0.099926 -0.000223 0.003831
vn -0.099926 -0.000226 0.003830
vn -0.099926 0.000986 0.003708
vn -0.099926 0.000982 0.003709
vn -0.099926 0.000979 0.003710
vn -0.099926 0.000975 0.003711
vn -0.099926 0.000932 0.003722
vn -0.099926 0.000939 0.003720
vn -0.099926 0.000947 0.003718
vn -0.099926 0.000954 0.003717
vn -0.099926 0.000961 0.003715
vn -0.099926 0.000968 0.003713
vn -0.099926 0.001355 -0.003590
vn -0.099926 0.001362 -0.003587
vn -0.099926 0.001351 -0.003591
vn -0.099926 0.001365 -0.003586
vn -0.099926 0.001368 -0.003585
vn -0.099926 0.001358 -0.003589
vn -0.099926 0.001372 -0.003583
vn -0.099926 0.001375 -0.003582
vn -0.099926 0.001379 -0.003581
vn -0.099926 0.001441 -0.003556
vn -0.099926 0.001382 -0.003580
vn -0.099926 0.001385 -0.003578
vn -0.099926 0.001389 -0.003577
vn -0.099926 0.001392 -0.003576
vn -0.099926 0.001434 -0.003559
vn -0.099926 0.001427 -0.003562
vn -0.099926 0.001420 -0.003565
vn -0.099926 0.001413 -0.003567
vn -0.099926 0.001406 -0.003570
vn -0.099926 0.001399 -0.003573
vn -0.099926 0.001545 -0.003512
vn -0.099926 0.001448 -0.003554
vn -0.099926 0.001454 -0.003551
vn -0.099926 0.001461 -0.003548
vn -0.099926 0.001468 -0.003545
vn -0.099926 0.001475 -0.003542
vn -0.099926 0.001489 -0.003536
vn -0.099926 0.001503 -0.003530
vn -0.099926 0.001517 -0.003524
vn -0.099926 0.001531 -0.003518
vn -0.099926 0.001545 -0.003512
vn -0.099926 0.001559 -0.003506
vn -0.099926 0.001573 -0.003500
vn -0.099926 0.001734 -0.003423
vn -0.099926 0.001805 -0.003386
vn -0.099926 0.001919 -0.003323
vn -0.099926 0.002029 -0.003256
vn -0.099926 0.002097 -0.003213
vn -0.099926 0.002244 -0.003112
vn -0.099926 0.002269 -0.003094
vn -0.099926 0.002257 -0.003103
vn -0.099926 0.002269 -0.003094
vn -0.099926 0.002281 -0.003085
vn -0.099926 0.002294 -0.003076
vn -0.099926 0.002306 -0.003067
vn -0.099926 0.002318 -0.003058
vn -0.099926 0.002330 -0.003049
vn -0.099926 0.002336 -0.003044
vn -0.099926 0.002342 -0.003040
vn -0.099926 0.002348 -0.003035
vn -0.099926 0.002354 -0.003030
vn -0.099926 0.002360 -0.003026
vn -0.099926 0.002365 -0.003021
vn -0.099926 0.002371 -0.003017
vn -0.099926 0.002377 -0.003012
vn -0.099926 0.002383 -0.003007
vn -0.099926 0.002389 -0.003003
vn -0.099926 0.002395 -0.002998
vn -0.099926 0.002400 -0.002994
vn -0.099926 0.002403 -0.002991
vn -0.099926 0.002406 -0.002989
vn -0.099926 0.002409 -0.002987
vn -0.099926 0.002412 -0.002984
vn -0.099926 0.002415 -0.002982
vn -0.099926 0.002417 -0.002980
vn -0.099926 0.002420 -0.002977
vn -0.099926 0.002423 -0.002975
vn -0.099926 0.002426 -0.002973
vn -0.099926 0.002429 -0.002970
vn -0.099926 0.002432 -0.002968
vn -0.099926 0.002434 -0.002966
vn -0.099926 -0.001562 0.003505
vn -0.099926 -0.001576 0.003498
vn -0.099926 -0.001548 0.003511
vn -0.099926 -0.001383 0.003579
vn -0.099926 -0.001308 0.003607
vn -0.099926 -0.001186 0.003649
vn -0.099926 -0.001062 0.003687
vn -0.099926 -0.000985 0.003708
vn -0.099926 -0.000811 0.003750
vn -0.099926 -0.000781 0.003757
vn -0.099926 -0.000796 0.003754
vn -0.099926 -0.000781 0.003757
vn -0.099926 -0.000766 0.003760
vn -0.099926 -0.000751 0.003763
vn -0.099926 -0.000736 0.003766
vn -0.099926 -0.000721 0.003769
vn -0.099926 -0.000707 0.003771
vn -0.099926 -0.000699 0.003773
vn -0.099926 -0.000692 0.003774
vn -0.099926 -0.000684 0.003776
vn -0.099926 -0.000677 0.003777
vn -0.099926 -0.000670 0.003778
vn -0.099926 -0.000575 0.003794
vn -0.099926 -0.000604 0.003789
vn -0.099926 -0.000600 0.003790
vn -0.099926 -0.000597 0.003790
vn -0.099926 -0.000593 0.003791
vn -0.099926 -0.000590 0.003791
vn -0.099926 -0.000586 0.003792
vn -0.099926 -0.000579 0.003793
vn -0.099926 -0.000582 0.003793
vn -0.099926 -0.001576 0.003498
vn -0.099926 -0.001590 0.003492
vn -0.099926 -0.001604 0.003486
vn -0.099926 -0.001618 0.003479
vn -0.099926 -0.001632 0.003473
vn -0.099926 -0.001645 0.003466
vn -0.099926 -0.001652 0.003463
vn -0.099926 -0.001659 0.003460
vn -0.099926 -0.001665 0.003457
vn -0.099926 -0.001672 0.003453
vn -0.099926 -0.001679 0.003450
vn -0.099926 -0.001686 0.003447
vn -0.099926 -0.001692 0.003444
vn -0.099926 -0.001699 0.003440
vn -0.099926 -0.001706 0.003437
vn -0.099926 -0.001712 0.003434
vn -0.099926 -0.001719 0.003431
vn -0.099926 -0.001725 0.003427
vn -0.099926 -0.001729 0.003426
vn -0.099926 -0.001732 0.003424
vn -0.099926 -0.001735 0.003422
vn -0.099926 -0.001739 0.003421
vn -0.099926 -0.001742 0.003419
vn -0.099926 -0.001745 0.003417
vn -0.099926 -0.001748 0.003416
vn -0.099926 -0.001752 0.003414
vn -0.099926 -0.001755 0.003412
vn -0.099926 -0.001758 0.003411
vn -0.099926 -0.001761 0.003409
vn -0.099926 -0.001765 0.003407
vn -0.099926 -0.000608 0.003789
vn -0.099926 -0.000611 0.003788
vn -0.099926 -0.000615 0.003787
vn -0.099926 -0.000619 0.003787
vn -0.099926 -0.000662 0.003779
vn -0.099926 -0.000655 0.003781
vn -0.099926 -0.000648 0.003782
vn -0.099926 -0.000640 0.003783
vn -0.099926 -0.000633 0.003784
vn -0.099926 -0.000626 0.003786
vn -0.099926 -0.000223 -0.003831
vn -0.099926 -0.000215 -0.003831
vn -0.099926 -0.000226 -0.003830
vn -0.099926 -0.000212 -0.003831
vn -0.099926 -0.000208 -0.003831
vn -0.099926 -0.000219 -0.003831
vn -0.099926 -0.000204 -0.003832
vn -0.099926 -0.000201 -0.003832
vn -0.099926 -0.000197 -0.003832
vn -0.099926 -0.000130 -0.003835
vn -0.099926 -0.000193 -0.003832
vn -0.099926 -0.000190 -0.003832
vn -0.099926 -0.000186 -0.003833
vn -0.099926 -0.000182 -0.003833
vn -0.099926 -0.000138 -0.003835
vn -0.099926 -0.000145 -0.003834
vn -0.099926 -0.000153 -0.003834
vn -0.099926 -0.000160 -0.003834
vn -0.099926 -0.000168 -0.003833
vn -0.099926 -0.000175 -0.003833
vn -0.099926 -0.000017 -0.003837
vn -0.099926 -0.000123 -0.003835
vn -0.099926 -0.000116 -0.003835
vn -0.099926 -0.000108 -0.003836
vn -0.099926 -0.000101 -0.003836
vn -0.099926 -0.000093 -0.003836
vn -0.099926 -0.000078 -0.003836
vn -0.099926 -0.000063 -0.003837
vn -0.099926 -0.000048 -0.003837
vn -0.099926 -0.000032 -0.003837
vn -0.099926 -0.000017 -0.003837
vn -0.099926 -0.000002 -0.003837
vn -0.099926 0.000014 -0.003837
vn -0.099926 0.000192 -0.003832
vn -0.099926 0.000272 -0.003827
vn -0.099926 0.000401 -0.003816
vn -0.099926 0.000529 -0.003800
vn -0.099926 0.000609 -0.003788
vn -0.099926 0.000784 -0.003756
vn -0.099926 0.000814 -0.003750
vn -0.099926 0.000799 -0.003753
vn -0.099926 0.000814 -0.003750
vn -0.099926 0.000829 -0.003746
vn -0.099926 0.000844 -0.003743
vn -0.099926 0.000859 -0.003740
vn -0.099926 0.000874 -0.003736
vn -0.099926 0.000888 -0.003733
vn -0.099926 0.000896 -0.003731
vn -0.099926 0.000903 -0.003729
vn -0.099926 0.000910 -0.003727
vn -0.099926 0.000918 -0.003726
vn -0.099926 0.000925 -0.003724
vn -0.099926 0.000932 -0.003722
vn -0.099926 0.000939 -0.003720
vn -0.099926 0.000947 -0.003718
vn -0.099926 0.000954 -0.003717
vn -0.099926 0.000961 -0.003715
vn -0.099926 0.000968 -0.003713
vn -0.099926 0.000975 -0.003711
vn -0.099926 0.000979 -0.003710
vn -0.099926 0.000982 -0.003709
vn -0.099926 0.000986 -0.003708
vn -0.099926 0.000989 -0.003707
vn -0.099926 0.000993 -0.003706
vn -0.099926 0.000997 -0.003705
vn -0.099926 0.001000 -0.003704
vn -0.099926 0.001004 -0.003703
vn -0.099926 0.001007 -0.003703
vn -0.099926 0.001011 -0.003702
vn -0.099926 0.001014 -0.003701
vn -0.099926 0.001018 -0.003700
vn -0.099926 -0.002853 0.002566
vn -0.099926 -0.002863 0.002555
vn -0.099926 -0.002842 0.002578
vn -0.099926 -0.002719 0.002707
vn -0.099926 -0.002662 0.002763
vn -0.099926 -0.002567 0.002851
vn -0.099926 -0.002470 0.002936
vn -0.099926 -0.002408 0.002987
vn -0.099926 -0.002266 0.003096
vn -0.099926 -0.002242 0.003114
vn -0.099926 -0.002254 0.003105
vn -0.099926 -0.002242 0.003114
vn -0.099926 -0.002229 0.003123
vn -0.099926 -0.002217 0.003132
vn -0.099926 -0.002204 0.003141
vn -0.099926 -0.002192 0.003149
vn -0.099926 -0.002179 0.003158
vn -0.099926 -0.002173 0.003162
vn -0.099926 -0.002167 0.003167
vn -0.099926 -0.002161 0.003171
vn -0.099926 -0.002155 0.003175
vn -0.099926 -0.002149 0.003179
vn -0.099926 -0.002068 0.003232
vn -0.099926 -0.002093 0.003216
vn -0.099926 -0.002090 0.003218
vn -0.099926 -0.002087 0.003220
vn -0.099926 -0.002084 0.003222
vn -0.099926 -0.002081 0.003224
vn -0.099926 -0.002078 0.003226
vn -0.099926 -0.002071 0.003230
vn -0.099926 -0.002075 0.003228
vn -0.099926 -0.002863 0.002555
vn -0.099926 -0.002873 0.002543
vn -0.099926 -0.002883 0.002532
vn -0.099926 -0.002893 0.002520
vn -0.099926 -0.002903 0.002509
vn -0.099926 -0.002913 0.002498
vn -0.099926 -0.002918 0.002492
vn -0.099926 -0.002923 0.002486
vn -0.099926 -0.002927 0.002480
vn -0.099926 -0.002932 0.002475
vn -0.099926 -0.002937 0.002469
vn -0.099926 -0.002942 0.002463
vn -0.099926 -0.002947 0.002458
vn -0.099926 -0.002951 0.002452
vn -0.099926 -0.002956 0.002446
vn -0.099926 -0.002961 0.002441
vn -0.099926 -0.002966 0.002435
vn -0.099926 -0.002970 0.002429
vn -0.099926 -0.002973 0.002426
vn -0.099926 -0.002975 0.002423
vn -0.099926 -0.002977 0.002421
vn -0.099926 -0.002980 0.002418
vn -0.099926 -0.002982 0.002415
vn -0.099926 -0.002984 0.002412
vn -0.099926 -0.002986 0.002409
vn -0.099926 -0.002989 0.002406
vn -0.099926 -0.002991 0.002403
vn -0.099926 -0.002993 0.002401
vn -0.099926 -0.002996 0.002398
vn -0.099926 -0.002998 0.002395
vn -0.099926 -0.002096 0.003214
vn -0.099926 -0.002099 0.003212
vn -0.099926 -0.002102 0.003210
vn -0.099926 -0.002105 0.003208
vn -0.099926 -0.002142 0.003183
vn -0.099926 -0.002136 0.003187
vn -0.099926 -0.002130 0.003192
vn -0.099926 -0.002124 0.003196
vn -0.099926 -0.002118 0.003200
vn -0.099926 -0.002111 0.003204
vn -0.099926 -0.002996 -0.002398
vn -0.099926 -0.002991 -0.002403
vn -0.099926 -0.002998 -0.002395
vn -0.099926 -0.002989 -0.002406
vn -0.099926 -0.002986 -0.002409
vn -0.099926 -0.002993 -0.002401
vn -0.099926 -0.002984 -0.002412
vn -0.099926 -0.002982 -0.002415
vn -0.099926 -0.002980 -0.002418
vn -0.099926 -0.002937 -0.002469
vn -0.099926 -0.002977 -0.002421
vn -0.099926 -0.002975 -0.002423
vn -0.099926 -0.002973 -0.002426
vn -0.099926 -0.002970 -0.002429
vn -0.099926 -0.002942 -0.002463
vn -0.099926 -0.002947 -0.002458
vn -0.099926 -0.002951 -0.002452
vn -0.099926 -0.002956 -0.002446
vn -0.099926 -0.002961 -0.002441
vn -0.099926 -0.002966 -0.002435
vn -0.099926 -0.002863 -0.002555
vn -0.099926 -0.002932 -0.002475
vn -0.099926 -0.002927 -0.002480
vn -0.099926 -0.002923 -0.002486
vn -0.099926 -0.002918 -0.002492
vn -0.099926 -0.002913 -0.002498
vn -0.099926 -0.002903 -0.002509
vn -0.099926 -0.002893 -0.002520
vn -0.099926 -0.002883 -0.002532
vn -0.099926 -0.002873 -0.002543
vn -0.099926 -0.002863 -0.002555
vn -0.099926 -0.002853 -0.002566
vn -0.099926 -0.002842 -0.002578
vn -0.099926 -0.002719 -0.002707
vn -0.099926 -0.002662 -0.002763
vn -0.099926 -0.002567 -0.002851
vn -0.099926 -0.002470 -0.002936
vn -0.099926 -0.002408 -0.002987
vn -0.099926 -0.002266 -0.003096
vn -0.099926 -0.002242 -0.003114
vn -0.099926 -0.002254 -0.003105
vn -0.099926 -0.002242 -0.003114
vn -0.099926 -0.002229 -0.003123
vn -0.099926 -0.002217 -0.003132
vn -0.099926 -0.002204 -0.003141
vn -0.099926 -0.002192 -0.003149
vn -0.099926 -0.002179 -0.003158
vn -0.099926 -0.002173 -0.003162
vn -0.099926 -0.002167 -0.003167
vn -0.099926 -0.002161 -0.003171
vn -0.099926 -0.002155 -0.003175
vn -0.099926 -0.002149 -0.003179
vn -0.099926 -0.002142 -0.003183
vn -0.099926 -0.002136 -0.003187
vn -0.099926 -0.002130 -0.003192
vn -0.099926 -0.002124 -0.003196
vn -0.099926 -0.002118 -0.003200
vn -0.099926 -0.002111 -0.003204
vn -0.099926 -0.002105 -0.003208
vn -0.099926 -0.002102 -0.003210
vn -0.099926 -0.002099 -0.003212
vn -0.099926 -0.002096 -0.003214
vn -0.099926 -0.002093 -0.003216
vn -0.099926 -0.002090 -0.003218
vn -0.099926 -0.002087 -0.003220
vn -0.099926 -0.002084 -0.003222
vn -0.099926 -0.002081 -0.003224
vn -0.099926 -0.002078 -0.003226
vn -0.099926 -0.002075 -0.003228
vn -0.099926 -0.002071 -0.003230
vn -0.099926 -0.002068 -0.003232
vn -0.099926 -0.001761 -0.003409
vn -0.099926 -0.001755 -0.003412
vn -0.099926 -0.001765 -0.003407
vn -0.099926 -0.001752 -0.003414
vn -0.099926 -0.001748 -0.003416
vn -0.099926 -0.001758 -0.003411
vn -0.099926 -0.001745 -0.003417
vn -0.099926 -0.001742 -0.003419
vn -0.099926 -0.001739 -0.003421
vn -0.099926 -0.001679 -0.003450
vn -0.099926 -0.001735 -0.003422
vn -0.099926 -0.001732 -0.003424
vn -0.099926 -0.001729 -0.003426
vn -0.099926 -0.001725 -0.003427
vn -0.099926 -0.001686 -0.003447
vn -0.099926 -0.001692 -0.003444
vn -0.099926 -0.001699 -0.003440
vn -0.099926 -0.001706 -0.003437
vn -0.099926 -0.001712 -0.003434
vn -0.099926 -0.001719 -0.003431
vn -0.099926 -0.001576 -0.003498
vn -0.099926 -0.001672 -0.003453
vn -0.099926 -0.001665 -0.003457
vn -0.099926 -0.001659 -0.003460
vn -0.099926 -0.001652 -0.003463
vn -0.099926 -0.001645 -0.003466
vn -0.099926 -0.001632 -0.003473
vn -0.099926 -0.001618 -0.003479
vn -0.099926 -0.001604 -0.003486
vn -0.099926 -0.001590 -0.003492
vn -0.099926 -0.001576 -0.003498
vn -0.099926 -0.001562 -0.003505
vn -0.099926 -0.001548 -0.003511
vn -0.099926 -0.001383 -0.003579
vn -0.099926 -0.001308 -0.003607
vn -0.099926 -0.001186 -0.003649
vn -0.099926 -0.001062 -0.003687
vn -0.099926 -0.000985 -0.003708
vn -0.099926 -0.000811 -0.003750
vn -0.099926 -0.000781 -0.003757
vn -0.099926 -0.000796 -0.003754
vn -0.099926 -0.000781 -0.003757
vn -0.099926 -0.000766 -0.003760
vn -0.099926 -0.000751 -0.003763
vn -0.099926 -0.000736 -0.003766
vn -0.099926 -0.000721 -0.003769
vn -0.099926 -0.000707 -0.003771
vn -0.099926 -0.000699 -0.003773
vn -0.099926 -0.000692 -0.003774
vn -0.099926 -0.000684 -0.003776
vn -0.099926 -0.000677 -0.003777
vn -0.099926 -0.000670 -0.003778
vn -0.099926 -0.000662 -0.003779
vn -0.099926 -0.000655 -0.003781
vn -0.099926 -0.000648 -0.003782
vn -0.099926 -0.000640 -0.003783
vn -0.099926 -0.000633 -0.003784
vn -0.099926 -0.000626 -0.003786
vn -0.099926 -0.000619 -0.003787
vn -0.099926 -0.000615 -0.003787
vn -0.099926 -0.000611 -0.003788
vn -0.099926 -0.000608 -0.003789
vn -0.099926 -0.000604 -0.003789
vn -0.099926 -0.000600 -0.003790
vn -0.099926 -0.000597 -0.003790
vn -0.099926 -0.000593 -0.003791
vn -0.099926 -0.000590 -0.003791
vn -0.099926 -0.000586 -0.003792
vn -0.099926 -0.000582 -0.003793
vn -0.099926 -0.000579 -0.003793
vn -0.099926 -0.000575 -0.003794
vn -0.099926 -0.003650 0.001184
vn -0.099926 -0.003654 0.001170
vn -0.099926 -0.003645 0.001199
vn -0.099926 -0.003585 0.001367
vn -0.099926 -0.003556 0.001442
vn -0.099926 -0.003505 0.001561
vn -0.099926 -0.003451 0.001678
vn -0.099926 -0.003415 0.001750
vn -0.099926 -0.003330 0.001907
vn -0.099926 -0.003314 0.001933
vn -0.099926 -0.003322 0.001920
vn -0.099926 -0.003314 0.001933
vn -0.099926 -0.003307 0.001946
vn -0.099926 -0.003299 0.001960
vn -0.099926 -0.003291 0.001973
vn -0.099926 -0.003283 0.001986
vn -0.099926 -0.003276 0.001998
vn -0.099926 -0.003272 0.002005
vn -0.099926 -0.003268 0.002011
vn -0.099926 -0.003264 0.002018
vn -0.099926 -0.003260 0.002024
vn -0.099926 -0.003256 0.002030
vn -0.099926 -0.003204 0.002111
vn -0.099926 -0.003220 0.002087
vn -0.099926 -0.003218 0.002090
vn -0.099926 -0.003216 0.002093
vn -0.099926 -0.003214 0.002096
vn -0.099926 -0.003212 0.002099
vn -0.099926 -0.003210 0.002102
vn -0.099926 -0.003206 0.002108
vn -0.099926 -0.003208 0.002105
vn -0.099926 -0.003654 0.001170
vn -0.099926 -0.003659 0.001155
vn -0.099926 -0.003664 0.001140
vn -0.099926 -0.003668 0.001126
vn -0.099926 -0.003673 0.001111
vn -0.099926 -0.003677 0.001097
vn -0.099926 -0.003679 0.001090
vn -0.099926 -0.003681 0.001083
vn -0.099926 -0.003683 0.001075
vn -0.099926 -0.003685 0.001068
vn -0.099926 -0.003687 0.001061
vn -0.099926 -0.003690 0.001054
vn -0.099926 -0.003692 0.001047
vn -0.099926 -0.003694 0.001039
vn -0.099926 -0.003696 0.001032
vn -0.099926 -0.003698 0.001025
vn -0.099926 -0.003700 0.001018
vn -0.099926 -0.003701 0.001011
vn -0.099926 -0.003702 0.001007
vn -0.099926 -0.003703 0.001004
vn -0.099926 -0.003704 0.001000
vn -0.099926 -0.003705 0.000997
vn -0.099926 -0.003706 0.000993
vn -0.099926 -0.003707 0.000990
vn -0.099926 -0.003708 0.000986
vn -0.099926 -0.003709 0.000983
vn -0.099926 -0.003710 0.000979
vn -0.099926 -0.003711 0.000976
vn -0.099926 -0.003712 0.000972
vn -0.099926 -0.003713 0.000969
vn -0.099926 -0.003222 0.002084
vn -0.099926 -0.003224 0.002080
vn -0.099926 -0.003226 0.002077
vn -0.099926 -0.003228 0.002074
vn -0.099926 -0.003252 0.002037
vn -0.099926 -0.003248 0.002043
vn -0.099926 -0.003244 0.002049
vn -0.099926 -0.003240 0.002056
vn -0.099926 -0.003236 0.002062
vn -0.099926 -0.003232 0.002068
vn -0.099926 -0.003322 -0.001920
vn -0.099926 -0.003314 -0.001933
vn -0.099926 -0.003330 -0.001907
vn -0.099926 -0.003415 -0.001750
vn -0.099926 -0.003451 -0.001678
vn -0.099926 -0.003505 -0.001561
vn -0.099926 -0.003556 -0.001442
vn -0.099926 -0.003585 -0.001367
vn -0.099926 -0.003645 -0.001199
vn -0.099926 -0.003654 -0.001170
vn -0.099926 -0.003650 -0.001184
vn -0.099926 -0.003654 -0.001170
vn -0.099926 -0.003659 -0.001155
vn -0.099926 -0.003664 -0.001140
vn -0.099926 -0.003668 -0.001126
vn -0.099926 -0.003673 -0.001111
vn -0.099926 -0.003677 -0.001097
vn -0.099926 -0.003679 -0.001090
vn -0.099926 -0.003681 -0.001083
vn -0.099926 -0.003683 -0.001075
vn -0.099926 -0.003685 -0.001068
vn -0.099926 -0.003687 -0.001061
vn -0.099926 -0.003713 -0.000969
vn -0.099926 -0.003705 -0.000997
vn -0.099926 -0.003706 -0.000993
vn -0.099926 -0.003707 -0.000990
vn -0.099926 -0.003708 -0.000986
vn -0.099926 -0.003709 -0.000983
vn -0.099926 -0.003710 -0.000979
vn -0.099926 -0.003712 -0.000972
vn -0.099926 -0.003711 -0.000976
vn -0.099926 -0.003314 -0.001933
vn -0.099926 -0.003307 -0.001946
vn -0.099926 -0.003299 -0.001960
vn -0.099926 -0.003291 -0.001973
vn -0.099926 -0.003283 -0.001986
vn -0.099926 -0.003276 -0.001998
vn -0.099926 -0.003272 -0.002005
vn -0.099926 -0.003268 -0.002011
vn -0.099926 -0.003264 -0.002018
vn -0.099926 -0.003260 -0.002024
vn -0.099926 -0.003256 -0.002030
vn -0.099926 -0.003252 -0.002037
vn -0.099926 -0.003248 -0.002043
vn -0.099926 -0.003244 -0.002049
vn -0.099926 -0.003240 -0.002056
vn -0.099926 -0.003236 -0.002062
vn -0.099926 -0.003232 -0.002068
vn -0.099926 -0.003228 -0.002074
vn -0.099926 -0.003226 -0.002077
vn -0.099926 -0.003224 -0.002080
vn -0.099926 -0.003222 -0.002084
vn -0.099926 -0.003220 -0.002087
vn -0.099926 -0.003218 -0.002090
vn -0.099926 -0.003216 -0.002093
vn -0.099926 -0.003214 -0.002096
vn -0.099926 -0.003212 -0.002099
vn -0.099926 -0.003210 -0.002102
vn -0.099926 -0.003208 -0.002105
vn -0.099926 -0.003206 -0.002108
vn -0.099926 -0.003204 -0.002111
vn -0.099926 -0.003704 -0.001000
vn -0.099926 -0.003703 -0.001004
vn -0.099926 -0.003702 -0.001007
vn -0.099926 -0.003701 -0.001011
vn -0.099926 -0.003690 -0.001054
vn -0.099926 -0.003692 -0.001047
vn -0.099926 -0.003694 -0.001039
vn -0.099926 -0.003696 -0.001032
vn -0.099926 -0.003698 -0.001025
vn -0.099926 -0.003700 -0.001018
vn -0.099799 0.006084 0.001754
vn -0.099799 0.005994 0.002040
vn -0.099799 0.006032 0.001926
vn -0.099799 0.005991 0.002048
vn -0.099799 0.005989 0.002056
vn -0.099799 0.005986 0.002064
vn -0.099799 0.005983 0.002072
vn -0.099799 0.005981 0.002080
vn -0.099799 0.005978 0.002088
vn -0.099799 0.005975 0.002096
vn -0.099799 0.005972 0.002103
vn -0.099799 0.005970 0.002111
vn -0.099799 0.005967 0.002119
vn -0.099799 0.005964 0.002127
vn -0.099799 0.005961 0.002135
vn -0.099799 0.005958 0.002142
vn -0.099799 0.005957 0.002146
vn -0.099799 0.005956 0.002150
vn -0.099799 0.005954 0.002154
vn -0.099799 0.005953 0.002158
vn -0.099799 0.005951 0.002162
vn -0.099799 0.005950 0.002165
vn -0.099799 0.006104 0.001684
vn -0.099799 0.006161 0.001463
vn -0.099799 0.006166 0.001440
vn -0.099799 0.006219 0.001193
vn -0.099799 0.006223 0.001169
vn -0.099799 0.006261 0.000944
vn -0.099799 0.006271 0.000873
vn -0.099799 0.006294 0.000693
vn -0.099799 0.006306 0.000574
vn -0.099799 0.006307 0.000566
vn -0.099799 0.006316 0.000442
vn -0.099799 0.006307 0.000557
vn -0.099799 0.006308 0.000549
vn -0.099799 0.006309 0.000541
vn -0.099799 0.006309 0.000532
vn -0.099799 0.006310 0.000524
vn -0.099799 0.006311 0.000516
vn -0.099799 0.006312 0.000508
vn -0.099799 0.006312 0.000499
vn -0.099799 0.006313 0.000491
vn -0.099799 0.006313 0.000483
vn -0.099799 0.006314 0.000475
vn -0.099799 0.006315 0.000466
vn -0.099799 0.006315 0.000462
vn -0.099799 0.006315 0.000458
vn -0.099799 0.006316 0.000454
vn -0.099799 0.006316 0.000446
vn -0.099799 0.006316 0.000450
vn -0.099799 0.004845 0.004077
vn -0.099799 0.004646 0.004302
vn -0.099799 0.004727 0.004213
vn -0.099799 0.004640 0.004308
vn -0.099799 0.004635 0.004314
vn -0.099799 0.004629 0.004320
vn -0.099799 0.004623 0.004327
vn -0.099799 0.004618 0.004333
vn -0.099799 0.004612 0.004339
vn -0.099799 0.004606 0.004345
vn -0.099799 0.004600 0.004351
vn -0.099799 0.004595 0.004357
vn -0.099799 0.004589 0.004363
vn -0.099799 0.004583 0.004369
vn -0.099799 0.004578 0.004375
vn -0.099799 0.004572 0.004381
vn -0.099799 0.004569 0.004384
vn -0.099799 0.004566 0.004387
vn -0.099799 0.004563 0.004389
vn -0.099799 0.004561 0.004392
vn -0.099799 0.004558 0.004395
vn -0.099799 0.004555 0.004398
vn -0.099799 0.004891 0.004021
vn -0.099799 0.005033 0.003842
vn -0.099799 0.005047 0.003823
vn -0.099799 0.005196 0.003619
vn -0.099799 0.005209 0.003599
vn -0.099799 0.005336 0.003409
vn -0.099799 0.005374 0.003348
vn -0.099799 0.005468 0.003193
vn -0.099799 0.005527 0.003089
vn -0.099799 0.005531 0.003082
vn -0.099799 0.005591 0.002973
vn -0.099799 0.005535 0.003075
vn -0.099799 0.005539 0.003067
vn -0.099799 0.005543 0.003060
vn -0.099799 0.005547 0.003053
vn -0.099799 0.005551 0.003045
vn -0.099799 0.005555 0.003038
vn -0.099799 0.005559 0.003031
vn -0.099799 0.005563 0.003024
vn -0.099799 0.005567 0.003016
vn -0.099799 0.005571 0.003009
vn -0.099799 0.005575 0.003002
vn -0.099799 0.005579 0.002995
vn -0.099799 0.005581 0.002991
vn -0.099799 0.005583 0.002987
vn -0.099799 0.005585 0.002984
vn -0.099799 0.005589 0.002976
vn -0.099799 0.005587 0.002980
vn -0.099799 0.005951 -0.002162
vn -0.099799 0.005954 -0.002154
vn -0.099799 0.005950 -0.002165
vn -0.099799 0.005956 -0.002150
vn -0.099799 0.005957 -0.002146
vn -0.099799 0.005953 -0.002158
vn -0.099799 0.005958 -0.002142
vn -0.099799 0.005961 -0.002135
vn -0.099799 0.005964 -0.002127
vn -0.099799 0.005967 -0.002119
vn -0.099799 0.005970 -0.002111
vn -0.099799 0.005972 -0.002103
vn -0.099799 0.005975 -0.002096
vn -0.099799 0.005978 -0.002088
vn -0.099799 0.005981 -0.002080
vn -0.099799 0.005983 -0.002072
vn -0.099799 0.005986 -0.002064
vn -0.099799 0.005989 -0.002056
vn -0.099799 0.005991 -0.002048
vn -0.099799 0.006032 -0.001926
vn -0.099799 0.005994 -0.002040
vn -0.099799 0.006084 -0.001754
vn -0.099799 0.006104 -0.001684
vn -0.099799 0.006161 -0.001463
vn -0.099799 0.006166 -0.001440
vn -0.099799 0.006223 -0.001169
vn -0.099799 0.006219 -0.001193
vn -0.099799 0.006261 -0.000944
vn -0.099799 0.006271 -0.000873
vn -0.099799 0.006294 -0.000693
vn -0.099799 0.006306 -0.000574
vn -0.099799 0.006307 -0.000566
vn -0.099799 0.006307 -0.000557
vn -0.099799 0.006308 -0.000549
vn -0.099799 0.006309 -0.000541
vn -0.099799 0.006309 -0.000532
vn -0.099799 0.006310 -0.000524
vn -0.099799 0.006311 -0.000516
vn -0.099799 0.006312 -0.000508
vn -0.099799 0.006312 -0.000499
vn -0.099799 0.006313 -0.000491
vn -0.099799 0.006313 -0.000483
vn -0.099799 0.006314 -0.000475
vn -0.099799 0.006315 -0.000466
vn -0.099799 0.006315 -0.000462
vn -0.099799 0.006315 -0.000458
vn -0.099799 0.006316 -0.000454
vn -0.099799 0.006316 -0.000450
vn -0.099799 0.006316 -0.000446
vn -0.099799 0.006316 -0.000442
vn -0.099799 0.004558 -0.004395
vn -0.099799 0.004563 -0.004389
vn -0.099799 0.004555 -0.004398
vn -0.099799 0.004566 -0.004387
vn -0.099799 0.004569 -0.004384
vn -0.099799 0.004561 -0.004392
vn -0.099799 0.004572 -0.004381
vn -0.099799 0.004578 -0.004375
vn -0.099799 0.004583 -0.004369
vn -0.099799 0.004589 -0.004363
vn -0.099799 0.004595 -0.004357
vn -0.099799 0.004600 -0.004351
vn -0.099799 0.004606 -0.004345
vn -0.099799 0.004612 -0.004339
vn -0.099799 0.004618 -0.004333
vn -0.099799 0.004623 -0.004327
vn -0.099799 0.004629 -0.004320
vn -0.099799 0.004635 -0.004314
vn -0.099799 0.004640 -0.004308
vn -0.099799 0.004727 -0.004213
vn -0.099799 0.004646 -0.004302
vn -0.099799 0.004845 -0.004077
vn -0.099799 0.004891 -0.004021
vn -0.099799 0.005033 -0.003842
vn -0.099799 0.005047 -0.003823
vn -0.099799 0.005209 -0.003599
vn -0.099799 0.005196 -0.003619
vn -0.099799 0.005336 -0.003409
vn -0.099799 0.005374 -0.003348
vn -0.099799 0.005468 -0.003193
vn -0.099799 0.005527 -0.003089
vn -0.099799 0.005531 -0.003082
vn -0.099799 0.005535 -0.003075
vn -0.099799 0.005539 -0.003067
vn -0.099799 0.005543 -0.003060
vn -0.099799 0.005547 -0.003053
vn -0.099799 0.005551 -0.003045
vn -0.099799 0.005555 -0.003038
vn -0.099799 0.005559 -0.003031
vn -0.099799 0.005563 -0.003024
vn -0.099799 0.005567 -0.003016
vn -0.099799 0.005571 -0.003009
vn -0.099799 0.005575 -0.003002
vn -0.099799 0.005579 -0.002995
vn -0.099799 0.005581 -0.002991
vn -0.099799 0.005583 -0.002987
vn -0.099799 0.005585 -0.002984
vn -0.099799 0.005587 -0.002980
vn -0.099799 0.005589 -0.002976
vn -0.099799 0.005591 -0.002973
vn -0.099799 0.002768 0.005695
vn -0.099799 0.002494 0.005820
vn -0.099799 0.002604 0.005771
vn -0.099799 0.002487 0.005823
vn -0.099799 0.002479 0.005826
vn -0.099799 0.002471 0.005830
vn -0.099799 0.002464 0.005833
vn -0.099799 0.002456 0.005836
vn -0.099799 0.002448 0.005839
vn -0.099799 0.002441 0.005843
vn -0.099799 0.002433 0.005846
vn -0.099799 0.002425 0.005849
vn -0.099799 0.002418 0.005852
vn -0.099799 0.002410 0.005855
vn -0.099799 0.002403 0.005858
vn -0.099799 0.002395 0.005861
vn -0.099799 0.002391 0.005863
vn -0.099799 0.002387 0.005865
vn -0.099799 0.002384 0.005866
vn -0.099799 0.002380 0.005868
vn -0.099799 0.002376 0.005869
vn -0.099799 0.002372 0.005871
vn -0.099799 0.002832 0.005663
vn -0.099799 0.003035 0.005557
vn -0.099799 0.003056 0.005546
vn -0.099799 0.003275 0.005419
vn -0.099799 0.003295 0.005407
vn -0.099799 0.003488 0.005284
vn -0.099799 0.003548 0.005244
vn -0.099799 0.003696 0.005141
vn -0.099799 0.003793 0.005070
vn -0.099799 0.003800 0.005065
vn -0.099799 0.003898 0.004990
vn -0.099799 0.003806 0.005060
vn -0.099799 0.003813 0.005055
vn -0.099799 0.003820 0.005050
vn -0.099799 0.003826 0.005045
vn -0.099799 0.003833 0.005040
vn -0.099799 0.003839 0.005035
vn -0.099799 0.003846 0.005030
vn -0.099799 0.003853 0.005025
vn -0.099799 0.003859 0.005020
vn -0.099799 0.003866 0.005015
vn -0.099799 0.003872 0.005010
vn -0.099799 0.003879 0.005005
vn -0.099799 0.003882 0.005002
vn -0.099799 0.003885 0.005000
vn -0.099799 0.003888 0.004997
vn -0.099799 0.003895 0.004992
vn -0.099799 0.003892 0.004995
vn -0.099799 0.000212 0.006328
vn -0.099799 -0.000088 0.006331
vn -0.099799 0.000032 0.006332
vn -0.099799 -0.000097 0.006331
vn -0.099799 -0.000105 0.006331
vn -0.099799 -0.000113 0.006331
vn -0.099799 -0.000122 0.006331
vn -0.099799 -0.000130 0.006331
vn -0.099799 -0.000138 0.006330
vn -0.099799 -0.000147 0.006330
vn -0.099799 -0.000155 0.006330
vn -0.099799 -0.000163 0.006330
vn -0.099799 -0.000171 0.006330
vn -0.099799 -0.000180 0.006329
vn -0.099799 -0.000188 0.006329
vn -0.099799 -0.000196 0.006329
vn -0.099799 -0.000200 0.006329
vn -0.099799 -0.000204 0.006329
vn -0.099799 -0.000208 0.006328
vn -0.099799 -0.000213 0.006328
vn -0.099799 -0.000217 0.006328
vn -0.099799 -0.000221 0.006328
vn -0.099799 0.000284 0.006326
vn -0.099799 0.000512 0.006311
vn -0.099799 0.000536 0.006309
vn -0.099799 0.000787 0.006283
vn -0.099799 0.000811 0.006280
vn -0.099799 0.001037 0.006246
vn -0.099799 0.001108 0.006234
vn -0.099799 0.001285 0.006200
vn -0.099799 0.001403 0.006175
vn -0.099799 0.001411 0.006173
vn -0.099799 0.001532 0.006144
vn -0.099799 0.001419 0.006171
vn -0.099799 0.001427 0.006169
vn -0.099799 0.001435 0.006167
vn -0.099799 0.001443 0.006165
vn -0.099799 0.001451 0.006163
vn -0.099799 0.001460 0.006161
vn -0.099799 0.001468 0.006159
vn -0.099799 0.001476 0.006158
vn -0.099799 0.001484 0.006156
vn -0.099799 0.001492 0.006154
vn -0.099799 0.001500 0.006152
vn -0.099799 0.001508 0.006150
vn -0.099799 0.001512 0.006149
vn -0.099799 0.001516 0.006148
vn -0.099799 0.001520 0.006147
vn -0.099799 0.001528 0.006145
vn -0.099799 0.001524 0.006146
vn -0.099799 0.002376 -0.005869
vn -0.099799 0.002384 -0.005866
vn -0.099799 0.002372 -0.005871
vn -0.099799 0.002387 -0.005865
vn -0.099799 0.002391 -0.005863
vn -0.099799 0.002380 -0.005868
vn -0.099799 0.002395 -0.005861
vn -0.099799 0.002403 -0.005858
vn -0.099799 0.002410 -0.005855
vn -0.099799 0.002418 -0.005852
vn -0.099799 0.002425 -0.005849
vn -0.099799 0.002433 -0.005846
vn -0.099799 0.002441 -0.005843
vn -0.099799 0.002448 -0.005839
vn -0.099799 0.002456 -0.005836
vn -0.099799 0.002464 -0.005833
vn -0.099799 0.002471 -0.005830
vn -0.099799 0.002479 -0.005826
vn -0.099799 0.002487 -0.005823
vn -0.099799 0.002604 -0.005771
vn -0.099799 0.002494 -0.005820
vn -0.099799 0.002768 -0.005695
vn -0.099799 0.002832 -0.005663
vn -0.099799 0.003035 -0.005557
vn -0.099799 0.003056 -0.005546
vn -0.099799 0.003295 -0.005407
vn -0.099799 0.003275 -0.005419
vn -0.099799 0.003488 -0.005284
vn -0.099799 0.003548 -0.005244
vn -0.099799 0.003696 -0.005141
vn -0.099799 0.003793 -0.005070
vn -0.099799 0.003800 -0.005065
vn -0.099799 0.003806 -0.005060
vn -0.099799 0.003813 -0.005055
vn -0.099799 0.003820 -0.005050
vn -0.099799 0.003826 -0.005045
vn -0.099799 0.003833 -0.005040
vn -0.099799 0.003839 -0.005035
vn -0.099799 0.003846 -0.005030
vn -0.099799 0.003853 -0.005025
vn -0.099799 0.003859 -0.005020
vn -0.099799 0.003866 -0.005015
vn -0.099799 0.003872 -0.005010
vn -0.099799 0.003879 -0.005005
vn -0.099799 0.003882 -0.005002
vn -0.099799 0.003885 -0.005000
vn -0.099799 0.003888 -0.004997
vn -0.099799 0.003892 -0.004995
vn -0.099799 0.003895 -0.004992
vn -0.099799 0.003898 -0.004990
vn -0.099799 -0.002380 0.005868
vn -0.099799 -0.002656 0.005748
vn -0.099799 -0.002546 0.005797
vn -0.099799 -0.002663 0.005744
vn -0.099799 -0.002671 0.005741
vn -0.099799 -0.002679 0.005737
vn -0.099799 -0.002686 0.005734
vn -0.099799 -0.002694 0.005730
vn -0.099799 -0.002701 0.005727
vn -0.099799 -0.002709 0.005723
vn -0.099799 -0.002716 0.005720
vn -0.099799 -0.002724 0.005716
vn -0.099799 -0.002731 0.005713
vn -0.099799 -0.002739 0.005709
vn -0.099799 -0.002746 0.005705
vn -0.099799 -0.002753 0.005702
vn -0.099799 -0.002757 0.005700
vn -0.099799 -0.002761 0.005698
vn -0.099799 -0.002764 0.005697
vn -0.099799 -0.002768 0.005695
vn -0.099799 -0.002772 0.005693
vn -0.099799 -0.002776 0.005691
vn -0.099799 -0.002313 0.005894
vn -0.099799 -0.002099 0.005974
vn -0.099799 -0.002076 0.005982
vn -0.099799 -0.001836 0.006060
vn -0.099799 -0.001813 0.006067
vn -0.099799 -0.001593 0.006128
vn -0.099799 -0.001523 0.006146
vn -0.099799 -0.001347 0.006187
vn -0.099799 -0.001230 0.006211
vn -0.099799 -0.001222 0.006213
vn -0.099799 -0.001100 0.006236
vn -0.099799 -0.001214 0.006215
vn -0.099799 -0.001205 0.006216
vn -0.099799 -0.001197 0.006218
vn -0.099799 -0.001189 0.006219
vn -0.099799 -0.001181 0.006221
vn -0.099799 -0.001173 0.006222
vn -0.099799 -0.001165 0.006224
vn -0.099799 -0.001156 0.006225
vn -0.099799 -0.001148 0.006227
vn -0.099799 -0.001140 0.006228
vn -0.099799 -0.001132 0.006230
vn -0.099799 -0.001124 0.006231
vn -0.099799 -0.001120 0.006232
vn -0.099799 -0.001116 0.006233
vn -0.099799 -0.001112 0.006234
vn -0.099799 -0.001104 0.006235
vn -0.099799 -0.001108 0.006234
vn -0.099799 -0.000217 -0.006328
vn -0.099799 -0.000208 -0.006328
vn -0.099799 -0.000221 -0.006328
vn -0.099799 -0.000204 -0.006329
vn -0.099799 -0.000200 -0.006329
vn -0.099799 -0.000213 -0.006328
vn -0.099799 -0.000196 -0.006329
vn -0.099799 -0.000188 -0.006329
vn -0.099799 -0.000180 -0.006329
vn -0.099799 -0.000171 -0.006330
vn -0.099799 -0.000163 -0.006330
vn -0.099799 -0.000155 -0.006330
vn -0.099799 -0.000147 -0.006330
vn -0.099799 -0.000138 -0.006330
vn -0.099799 -0.000130 -0.006331
vn -0.099799 -0.000122 -0.006331
vn -0.099799 -0.000113 -0.006331
vn -0.099799 -0.000105 -0.006331
vn -0.099799 -0.000097 -0.006331
vn -0.099799 0.000032 -0.006332
vn -0.099799 -0.000088 -0.006331
vn -0.099799 0.000212 -0.006328
vn -0.099799 0.000284 -0.006326
vn -0.099799 0.000512 -0.006311
vn -0.099799 0.000536 -0.006309
vn -0.099799 0.000811 -0.006280
vn -0.099799 0.000787 -0.006283
vn -0.099799 0.001037 -0.006246
vn -0.099799 0.001108 -0.006234
vn -0.099799 0.001285 -0.006200
vn -0.099799 0.001403 -0.006175
vn -0.099799 0.001411 -0.006173
vn -0.099799 0.001419 -0.006171
vn -0.099799 0.001427 -0.006169
vn -0.099799 0.001435 -0.006167
vn -0.099799 0.001443 -0.006165
vn -0.099799 0.001451 -0.006163
vn -0.099799 0.001460 -0.006161
vn -0.099799 0.001468 -0.006159
vn -0.099799 0.001476 -0.006158
vn -0.099799 0.001484 -0.006156
vn -0.099799 0.001492 -0.006154
vn -0.099799 0.001500 -0.006152
vn -0.099799 0.001508 -0.006150
vn -0.099799 0.001512 -0.006149
vn -0.099799 0.001516 -0.006148
vn -0.099799 0.001520 -0.006147
vn -0.099799 0.001524 -0.006146
vn -0.099799 0.001528 -0.006145
vn -0.099799 0.001532 -0.006144
vn -0.099799 -0.004561 0.004392
vn -0.099799 -0.004764 0.004171
vn -0.099799 -0.004684 0.004260
vn -0.099799 -0.004770 0.004165
vn -0.099799 -0.004775 0.004158
vn -0.099799 -0.004781 0.004152
vn -0.099799 -0.004786 0.004146
vn -0.099799 -0.004792 0.004139
vn -0.099799 -0.004797 0.004133
vn -0.099799 -0.004802 0.004127
vn -0.099799 -0.004808 0.004120
vn -0.099799 -0.004813 0.004114
vn -0.099799 -0.004818 0.004108
vn -0.099799 -0.004824 0.004102
vn -0.099799 -0.004829 0.004095
vn -0.099799 -0.004835 0.004089
vn -0.099799 -0.004837 0.004086
vn -0.099799 -0.004840 0.004083
vn -0.099799 -0.004842 0.004080
vn -0.099799 -0.004845 0.004076
vn -0.099799 -0.004848 0.004073
vn -0.099799 -0.004850 0.004070
vn -0.099799 -0.004511 0.004444
vn -0.099799 -0.004347 0.004604
vn -0.099799 -0.004330 0.004620
vn -0.099799 -0.004142 0.004789
vn -0.099799 -0.004124 0.004805
vn -0.099799 -0.003948 0.004950
vn -0.099799 -0.003891 0.004995
vn -0.099799 -0.003747 0.005104
vn -0.099799 -0.003650 0.005174
vn -0.099799 -0.003643 0.005179
vn -0.099799 -0.003541 0.005249
vn -0.099799 -0.003636 0.005184
vn -0.099799 -0.003629 0.005188
vn -0.099799 -0.003623 0.005193
vn -0.099799 -0.003616 0.005198
vn -0.099799 -0.003609 0.005203
vn -0.099799 -0.003602 0.005207
vn -0.099799 -0.003595 0.005212
vn -0.099799 -0.003589 0.005217
vn -0.099799 -0.003582 0.005221
vn -0.099799 -0.003575 0.005226
vn -0.099799 -0.003568 0.005231
vn -0.099799 -0.003561 0.005235
vn -0.099799 -0.003558 0.005238
vn -0.099799 -0.003555 0.005240
vn -0.099799 -0.003551 0.005242
vn -0.099799 -0.003544 0.005247
vn -0.099799 -0.003548 0.005245
vn -0.099799 -0.004848 -0.004073
vn -0.099799 -0.004842 -0.004080
vn -0.099799 -0.004850 -0.004070
vn -0.099799 -0.004840 -0.004083
vn -0.099799 -0.004837 -0.004086
vn -0.099799 -0.004845 -0.004076
vn -0.099799 -0.004835 -0.004089
vn -0.099799 -0.004829 -0.004095
vn -0.099799 -0.004824 -0.004102
vn -0.099799 -0.004818 -0.004108
vn -0.099799 -0.004813 -0.004114
vn -0.099799 -0.004808 -0.004120
vn -0.099799 -0.004802 -0.004127
vn -0.099799 -0.004797 -0.004133
vn -0.099799 -0.004792 -0.004139
vn -0.099799 -0.004786 -0.004146
vn -0.099799 -0.004781 -0.004152
vn -0.099799 -0.004775 -0.004158
vn -0.099799 -0.004770 -0.004165
vn -0.099799 -0.004684 -0.004260
vn -0.099799 -0.004764 -0.004171
vn -0.099799 -0.004561 -0.004392
vn -0.099799 -0.004511 -0.004444
vn -0.099799 -0.004347 -0.004604
vn -0.099799 -0.004330 -0.004620
vn -0.099799 -0.004124 -0.004805
vn -0.099799 -0.004142 -0.004789
vn -0.099799 -0.003948 -0.004950
vn -0.099799 -0.003891 -0.004995
vn -0.099799 -0.003747 -0.005104
vn -0.099799 -0.003650 -0.005174
vn -0.099799 -0.003643 -0.005179
vn -0.099799 -0.003636 -0.005184
vn -0.099799 -0.003629 -0.005188
vn -0.099799 -0.003623 -0.005193
vn -0.099799 -0.003616 -0.005198
vn -0.099799 -0.003609 -0.005203
vn -0.099799 -0.003602 -0.005207
vn -0.099799 -0.003595 -0.005212
vn -0.099799 -0.003589 -0.005217
vn -0.099799 -0.003582 -0.005221
vn -0.099799 -0.003575 -0.005226
vn -0.099799 -0.003568 -0.005231
vn -0.099799 -0.003561 -0.005235
vn -0.099799 -0.003558 -0.005238
vn -0.099799 -0.003555 -0.005240
vn -0.099799 -0.003551 -0.005242
vn -0.099799 -0.003548 -0.005245
vn -0.099799 -0.003544 -0.005247
vn -0.099799 -0.003541 -0.005249
vn -0.099799 -0.002772 -0.005693
vn -0.099799 -0.002764 -0.005697
vn -0.099799 -0.002776 -0.005691
vn -0.099799 -0.002761 -0.005698
vn -0.099799 -0.002757 -0.005700
vn -0.099799 -0.002768 -0.005695
vn -0.099799 -0.002753 -0.005702
vn -0.099799 -0.002746 -0.005705
vn -0.099799 -0.002739 -0.005709
vn -0.099799 -0.002731 -0.005713
vn -0.099799 -0.002724 -0.005716
vn -0.099799 -0.002716 -0.005720
vn -0.099799 -0.002709 -0.005723
vn -0.099799 -0.002701 -0.005727
vn -0.099799 -0.002694 -0.005730
vn -0.099799 -0.002686 -0.005734
vn -0.099799 -0.002679 -0.005737
vn -0.099799 -0.002671 -0.005741
vn -0.099799 -0.002663 -0.005744
vn -0.099799 -0.002546 -0.005797
vn -0.099799 -0.002656 -0.005748
vn -0.099799 -0.002380 -0.005868
vn -0.099799 -0.002313 -0.005894
vn -0.099799 -0.002099 -0.005974
vn -0.099799 -0.002076 -0.005982
vn -0.099799 -0.001813 -0.006067
vn -0.099799 -0.001836 -0.006060
vn -0.099799 -0.001593 -0.006128
vn -0.099799 -0.001523 -0.006146
vn -0.099799 -0.001347 -0.006187
vn -0.099799 -0.001230 -0.006211
vn -0.099799 -0.001222 -0.006213
vn -0.099799 -0.001214 -0.006215
vn -0.099799 -0.001205 -0.006216
vn -0.099799 -0.001197 -0.006218
vn -0.099799 -0.001189 -0.006219
vn -0.099799 -0.001181 -0.006221
vn -0.099799 -0.001173 -0.006222
vn -0.099799 -0.001165 -0.006224
vn -0.099799 -0.001156 -0.006225
vn -0.099799 -0.001148 -0.006227
vn -0.099799 -0.001140 -0.006228
vn -0.099799 -0.001132 -0.006230
vn -0.099799 -0.001124 -0.006231
vn -0.099799 -0.001120 -0.006232
vn -0.099799 -0.001116 -0.006233
vn -0.099799 -0.001112 -0.006234
vn -0.099799 -0.001108 -0.006234
vn -0.099799 -0.001104 -0.006235
vn -0.099799 -0.001100 -0.006236
vn -0.099799 -0.005953 0.002157
vn -0.099799 -0.006049 0.001872
vn -0.099799 -0.006012 0.001987
vn -0.099799 -0.006051 0.001864
vn -0.099799 -0.006054 0.001856
vn -0.099799 -0.006056 0.001849
vn -0.099799 -0.006058 0.001841
vn -0.099799 -0.006061 0.001833
vn -0.099799 -0.006063 0.001825
vn -0.099799 -0.006066 0.001817
vn -0.099799 -0.006068 0.001809
vn -0.099799 -0.006070 0.001801
vn -0.099799 -0.006073 0.001793
vn -0.099799 -0.006075 0.001785
vn -0.099799 -0.006077 0.001777
vn -0.099799 -0.006080 0.001769
vn -0.099799 -0.006081 0.001765
vn -0.099799 -0.006082 0.001761
vn -0.099799 -0.006083 0.001757
vn -0.099799 -0.006084 0.001753
vn -0.099799 -0.006085 0.001749
vn -0.099799 -0.006087 0.001745
vn -0.099799 -0.005928 0.002225
vn -0.099799 -0.005844 0.002437
vn -0.099799 -0.005835 0.002460
vn -0.099799 -0.005732 0.002690
vn -0.099799 -0.005722 0.002712
vn -0.099799 -0.005620 0.002917
vn -0.099799 -0.005587 0.002980
vn -0.099799 -0.005499 0.003138
vn -0.099799 -0.005439 0.003242
vn -0.099799 -0.005435 0.003249
vn -0.099799 -0.005370 0.003355
vn -0.099799 -0.005430 0.003256
vn -0.099799 -0.005426 0.003264
vn -0.099799 -0.005422 0.003271
vn -0.099799 -0.005417 0.003278
vn -0.099799 -0.005413 0.003285
vn -0.099799 -0.005409 0.003292
vn -0.099799 -0.005404 0.003299
vn -0.099799 -0.005400 0.003306
vn -0.099799 -0.005396 0.003313
vn -0.099799 -0.005392 0.003320
vn -0.099799 -0.005387 0.003327
vn -0.099799 -0.005383 0.003334
vn -0.099799 -0.005381 0.003338
vn -0.099799 -0.005379 0.003341
vn -0.099799 -0.005376 0.003345
vn -0.099799 -0.005372 0.003352
vn -0.099799 -0.005374 0.003348
vn -0.099799 -0.005587 -0.002980
vn -0.099799 -0.005439 -0.003242
vn -0.099799 -0.005499 -0.003138
vn -0.099799 -0.005435 -0.003249
vn -0.099799 -0.005430 -0.003256
vn -0.099799 -0.005426 -0.003264
vn -0.099799 -0.005422 -0.003271
vn -0.099799 -0.005417 -0.003278
vn -0.099799 -0.005413 -0.003285
vn -0.099799 -0.005409 -0.003292
vn -0.099799 -0.005404 -0.003299
vn -0.099799 -0.005400 -0.003306
vn -0.099799 -0.005396 -0.003313
vn -0.099799 -0.005392 -0.003320
vn -0.099799 -0.005387 -0.003327
vn -0.099799 -0.005383 -0.003334
vn -0.099799 -0.005381 -0.003338
vn -0.099799 -0.005379 -0.003341
vn -0.099799 -0.005376 -0.003345
vn -0.099799 -0.005374 -0.003348
vn -0.099799 -0.005372 -0.003352
vn -0.099799 -0.005370 -0.003355
vn -0.099799 -0.005620 -0.002917
vn -0.099799 -0.005722 -0.002712
vn -0.099799 -0.005732 -0.002690
vn -0.099799 -0.005835 -0.002460
vn -0.099799 -0.005844 -0.002437
vn -0.099799 -0.005928 -0.002225
vn -0.099799 -0.005953 -0.002157
vn -0.099799 -0.006012 -0.001987
vn -0.099799 -0.006049 -0.001872
vn -0.099799 -0.006051 -0.001864
vn -0.099799 -0.006087 -0.001745
vn -0.099799 -0.006054 -0.001856
vn -0.099799 -0.006056 -0.001849
vn -0.099799 -0.006058 -0.001841
vn -0.099799 -0.006061 -0.001833
vn -0.099799 -0.006063 -0.001825
vn -0.099799 -0.006066 -0.001817
vn -0.099799 -0.006068 -0.001809
vn -0.099799 -0.006070 -0.001801
vn -0.099799 -0.006073 -0.001793
vn -0.099799 -0.006075 -0.001785
vn -0.099799 -0.006077 -0.001777
vn -0.099799 -0.006080 -0.001769
vn -0.099799 -0.006081 -0.001765
vn -0.099799 -0.006082 -0.001761
vn -0.099799 -0.006083 -0.001757
vn -0.099799 -0.006085 -0.001749
vn -0.099799 -0.006084 -0.001753
vn -0.089392 0.043070 -0.012415
vn -0.089392 0.042432 -0.014445
vn -0.089392 0.042568 -0.014039
vn -0.089392 0.042359 -0.014659
vn -0.089392 0.042282 -0.014879
vn -0.089392 0.042201 -0.015105
vn -0.089392 0.042117 -0.015338
vn -0.089392 0.042029 -0.015577
vn -0.089392 0.041937 -0.015824
vn -0.089392 0.041840 -0.016078
vn -0.089392 0.041739 -0.016340
vn -0.089392 0.043270 -0.011697
vn -0.089392 0.043610 -0.010357
vn -0.089392 0.043844 -0.009319
vn -0.089392 0.044053 -0.008276
vn -0.089392 0.044287 -0.006914
vn -0.089392 0.044396 -0.006177
vn -0.089392 0.044598 -0.004488
vn -0.089392 0.044639 -0.004063
vn -0.089392 0.044659 -0.003838
vn -0.089392 0.044678 -0.003605
vn -0.089392 0.044697 -0.003366
vn -0.089392 0.044715 -0.003119
vn -0.089392 0.044732 -0.002864
vn -0.089392 0.044748 -0.002601
vn -0.089392 0.044763 -0.002330
vn -0.089392 0.044776 -0.002049
vn -0.089392 0.034297 -0.028860
vn -0.089392 0.032888 -0.030454
vn -0.089392 0.033177 -0.030140
vn -0.089392 0.032734 -0.030620
vn -0.089392 0.032575 -0.030790
vn -0.089392 0.032409 -0.030964
vn -0.089392 0.032238 -0.031142
vn -0.089392 0.032060 -0.031326
vn -0.089392 0.031875 -0.031514
vn -0.089392 0.031683 -0.031706
vn -0.089392 0.031484 -0.031904
vn -0.089392 0.034772 -0.028285
vn -0.089392 0.035627 -0.027200
vn -0.089392 0.036263 -0.026346
vn -0.089392 0.036878 -0.025478
vn -0.089392 0.037646 -0.024329
vn -0.089392 0.038045 -0.023700
vn -0.089392 0.038917 -0.022240
vn -0.089392 0.039127 -0.021868
vn -0.089392 0.039237 -0.021670
vn -0.089392 0.039349 -0.021466
vn -0.089392 0.039463 -0.021255
vn -0.089392 0.039580 -0.021036
vn -0.089392 0.039699 -0.020811
vn -0.089392 0.039821 -0.020577
vn -0.089392 0.039945 -0.020335
vn -0.089392 0.040072 -0.020084
vn -0.089392 0.031484 0.031904
vn -0.089392 0.031683 0.031706
vn -0.089392 0.033177 0.030140
vn -0.089392 0.031875 0.031514
vn -0.089392 0.032060 0.031326
vn -0.089392 0.032238 0.031142
vn -0.089392 0.032409 0.030964
vn -0.089392 0.032575 0.030790
vn -0.089392 0.032734 0.030620
vn -0.089392 0.032888 0.030454
vn -0.089392 0.034297 0.028860
vn -0.089392 0.034772 0.028285
vn -0.089392 0.035627 0.027200
vn -0.089392 0.036263 0.026346
vn -0.089392 0.036878 0.025478
vn -0.089392 0.037646 0.024329
vn -0.089392 0.038045 0.023700
vn -0.089392 0.038917 0.022240
vn -0.089392 0.039127 0.021868
vn -0.089392 0.039237 0.021670
vn -0.089392 0.039349 0.021466
vn -0.089392 0.039463 0.021255
vn -0.089392 0.039580 0.021036
vn -0.089392 0.039699 0.020811
vn -0.089392 0.039821 0.020577
vn -0.089392 0.039945 0.020335
vn -0.089392 0.040072 0.020084
vn -0.089392 0.041739 0.016340
vn -0.089392 0.041840 0.016078
vn -0.089392 0.042568 0.014039
vn -0.089392 0.041937 0.015824
vn -0.089392 0.042029 0.015577
vn -0.089392 0.042117 0.015338
vn -0.089392 0.042201 0.015105
vn -0.089392 0.042282 0.014879
vn -0.089392 0.042359 0.014659
vn -0.089392 0.042432 0.014445
vn -0.089392 0.043070 0.012415
vn -0.089392 0.043270 0.011697
vn -0.089392 0.043610 0.010357
vn -0.089392 0.043844 0.009319
vn -0.089392 0.044053 0.008276
vn -0.089392 0.044287 0.006914
vn -0.089392 0.044396 0.006177
vn -0.089392 0.044598 0.004488
vn -0.089392 0.044639 0.004063
vn -0.089392 0.044659 0.003838
vn -0.089392 0.044678 0.003605
vn -0.089392 0.044697 0.003366
vn -0.089392 0.044715 0.003119
vn -0.089392 0.044732 0.002864
vn -0.089392 0.044748 0.002601
vn -0.089392 0.044763 0.002330
vn -0.089392 0.044776 0.002049
vn -0.089392 0.015785 0.041952
vn -0.089392 0.016048 0.041852
vn -0.089392 0.018050 0.041028
vn -0.089392 0.016302 0.041754
vn -0.089392 0.016547 0.041657
vn -0.089392 0.016784 0.041562
vn -0.089392 0.017013 0.041469
vn -0.089392 0.017235 0.041377
vn -0.089392 0.017450 0.041287
vn -0.089392 0.017658 0.041198
vn -0.089392 0.019593 0.040314
vn -0.089392 0.020261 0.039983
vn -0.089392 0.021484 0.039339
vn -0.089392 0.022412 0.038818
vn -0.089392 0.023327 0.038275
vn -0.089392 0.024496 0.037538
vn -0.089392 0.025116 0.037125
vn -0.089392 0.026507 0.036146
vn -0.089392 0.026850 0.035892
vn -0.089392 0.027031 0.035756
vn -0.089392 0.027216 0.035615
vn -0.089392 0.027407 0.035468
vn -0.089392 0.027602 0.035316
vn -0.089392 0.027803 0.035159
vn -0.089392 0.028009 0.034995
vn -0.089392 0.028221 0.034824
vn -0.089392 0.028439 0.034646
vn -0.089392 -0.002643 0.044745
vn -0.089392 -0.002362 0.044761
vn -0.089392 -0.000198 0.044823
vn -0.089392 -0.002090 0.044774
vn -0.089392 -0.001827 0.044786
vn -0.089392 -0.001572 0.044796
vn -0.089392 -0.001325 0.044804
vn -0.089392 -0.001085 0.044810
vn -0.089392 -0.000852 0.044815
vn -0.089392 -0.000625 0.044819
vn -0.089392 0.001502 0.044798
vn -0.089392 0.002247 0.044767
vn -0.089392 0.003626 0.044676
vn -0.089392 0.004685 0.044578
vn -0.089392 0.005742 0.044454
vn -0.089392 0.007110 0.044256
vn -0.089392 0.007845 0.044131
vn -0.089392 0.009513 0.043802
vn -0.089392 0.009930 0.043709
vn -0.089392 0.010151 0.043659
vn -0.089392 0.010377 0.043605
vn -0.089392 0.010611 0.043549
vn -0.089392 0.010851 0.043490
vn -0.089392 0.011099 0.043427
vn -0.089392 0.011354 0.043361
vn -0.089392 0.011617 0.043292
vn -0.089392 0.011888 0.043218
vn -0.089392 0.019593 -0.040314
vn -0.089392 0.017658 -0.041198
vn -0.089392 0.018050 -0.041028
vn -0.089392 0.017450 -0.041287
vn -0.089392 0.017235 -0.041377
vn -0.089392 0.017013 -0.041469
vn -0.089392 0.016784 -0.041562
vn -0.089392 0.016547 -0.041657
vn -0.089392 0.016302 -0.041754
vn -0.089392 0.016048 -0.041852
vn -0.089392 0.015785 -0.041952
vn -0.089392 0.020261 -0.039983
vn -0.089392 0.021484 -0.039339
vn -0.089392 0.022412 -0.038818
vn -0.089392 0.023327 -0.038275
vn -0.089392 0.024496 -0.037538
vn -0.089392 0.025116 -0.037125
vn -0.089392 0.026507 -0.036146
vn -0.089392 0.026850 -0.035892
vn -0.089392 0.027031 -0.035756
vn -0.089392 0.027216 -0.035615
vn -0.089392 0.027407 -0.035468
vn -0.089392 0.027602 -0.035316
vn -0.089392 0.027803 -0.035159
vn -0.089392 0.028009 -0.034995
vn -0.089392 0.028221 -0.034824
vn -0.089392 0.028439 -0.034646
vn -0.089392 -0.020614 0.039802
vn -0.089392 -0.020364 0.039930
vn -0.089392 -0.018412 0.040867
vn -0.089392 -0.020121 0.040053
vn -0.089392 -0.019885 0.040171
vn -0.089392 -0.019656 0.040283
vn -0.089392 -0.019433 0.040391
vn -0.089392 -0.019217 0.040495
vn -0.089392 -0.019006 0.040594
vn -0.089392 -0.018801 0.040690
vn -0.089392 -0.016849 0.041536
vn -0.089392 -0.016156 0.041810
vn -0.089392 -0.014859 0.042289
vn -0.089392 -0.013851 0.042629
vn -0.089392 -0.012836 0.042946
vn -0.089392 -0.011505 0.043321
vn -0.089392 -0.010783 0.043507
vn -0.089392 -0.009125 0.043885
vn -0.089392 -0.008707 0.043969
vn -0.089392 -0.008485 0.044013
vn -0.089392 -0.008256 0.044056
vn -0.089392 -0.008020 0.044100
vn -0.089392 -0.007776 0.044144
vn -0.089392 -0.007524 0.044187
vn -0.089392 -0.007264 0.044231
vn -0.089392 -0.006996 0.044274
vn -0.089392 -0.006718 0.044317
vn -0.089392 0.001502 -0.044798
vn -0.089392 -0.000625 -0.044819
vn -0.089392 -0.000198 -0.044823
vn -0.089392 -0.000852 -0.044815
vn -0.089392 -0.001085 -0.044810
vn -0.089392 -0.001325 -0.044804
vn -0.089392 -0.001572 -0.044796
vn -0.089392 -0.001827 -0.044786
vn -0.089392 -0.002090 -0.044774
vn -0.089392 -0.002362 -0.044761
vn -0.089392 -0.002643 -0.044745
vn -0.089392 0.002247 -0.044767
vn -0.089392 0.003626 -0.044676
vn -0.089392 0.004685 -0.044578
vn -0.089392 0.005742 -0.044454
vn -0.089392 0.007110 -0.044256
vn -0.089392 0.007845 -0.044131
vn -0.089392 0.009513 -0.043802
vn -0.089392 0.009930 -0.043709
vn -0.089392 0.010151 -0.043659
vn -0.089392 0.010377 -0.043605
vn -0.089392 0.010611 -0.043549
vn -0.089392 0.010851 -0.043490
vn -0.089392 0.011099 -0.043427
vn -0.089392 0.011354 -0.043361
vn -0.089392 0.011617 -0.043292
vn -0.089392 0.011888 -0.043218
vn -0.089392 -0.035021 0.027977
vn -0.089392 -0.034844 0.028195
vn -0.089392 -0.033442 0.029845
vn -0.089392 -0.034673 0.028406
vn -0.089392 -0.034505 0.028610
vn -0.089392 -0.034342 0.028806
vn -0.089392 -0.034182 0.028995
vn -0.089392 -0.034026 0.029178
vn -0.089392 -0.033874 0.029354
vn -0.089392 -0.033725 0.029525
vn -0.089392 -0.032286 0.031092
vn -0.089392 -0.031765 0.031625
vn -0.089392 -0.030775 0.032589
vn -0.089392 -0.029993 0.033310
vn -0.089392 -0.029194 0.034013
vn -0.089392 -0.028131 0.034896
vn -0.089392 -0.027547 0.035360
vn -0.089392 -0.026186 0.036379
vn -0.089392 -0.025838 0.036627
vn -0.089392 -0.025653 0.036757
vn -0.089392 -0.025461 0.036890
vn -0.089392 -0.025263 0.037026
vn -0.089392 -0.025058 0.037165
vn -0.089392 -0.024846 0.037307
vn -0.089392 -0.024627 0.037452
vn -0.089392 -0.024399 0.037601
vn -0.089392 -0.024163 0.037753
vn -0.089392 -0.032286 -0.031092
vn -0.089392 -0.033725 -0.029525
vn -0.089392 -0.033442 -0.029845
vn -0.089392 -0.033874 -0.029354
vn -0.089392 -0.034026 -0.029178
vn -0.089392 -0.034182 -0.028995
vn -0.089392 -0.034342 -0.028806
vn -0.089392 -0.034505 -0.028610
vn -0.089392 -0.034673 -0.028406
vn -0.089392 -0.034844 -0.028195
vn -0.089392 -0.035021 -0.027977
vn -0.089392 -0.031765 -0.031625
vn -0.089392 -0.030775 -0.032589
vn -0.089392 -0.029993 -0.033310
vn -0.089392 -0.029194 -0.034013
vn -0.089392 -0.028131 -0.034896
vn -0.089392 -0.027547 -0.035360
vn -0.089392 -0.026186 -0.036379
vn -0.089392 -0.025838 -0.036627
vn -0.089392 -0.025653 -0.036757
vn -0.089392 -0.025461 -0.036890
vn -0.089392 -0.025263 -0.037026
vn -0.089392 -0.025058 -0.037165
vn -0.089392 -0.024846 -0.037307
vn -0.089392 -0.024627 -0.037452
vn -0.089392 -0.024399 -0.037601
vn -0.089392 -0.024163 -0.037753
vn -0.089392 -0.016849 -0.041536
vn -0.089392 -0.018801 -0.040690
vn -0.089392 -0.018412 -0.040867
vn -0.089392 -0.019006 -0.040594
vn -0.089392 -0.019217 -0.040495
vn -0.089392 -0.019433 -0.040391
vn -0.089392 -0.019656 -0.040283
vn -0.089392 -0.019885 -0.040171
vn -0.089392 -0.020121 -0.040053
vn -0.089392 -0.020364 -0.039930
vn -0.089392 -0.020614 -0.039802
vn -0.089392 -0.016156 -0.041810
vn -0.089392 -0.014859 -0.042289
vn -0.089392 -0.013851 -0.042629
vn -0.089392 -0.012836 -0.042946
vn -0.089392 -0.011505 -0.043321
vn -0.089392 -0.010783 -0.043507
vn -0.089392 -0.009125 -0.043885
vn -0.089392 -0.008707 -0.043969
vn -0.089392 -0.008485 -0.044013
vn -0.089392 -0.008256 -0.044056
vn -0.089392 -0.008020 -0.044100
vn -0.089392 -0.007776 -0.044144
vn -0.089392 -0.007524 -0.044187
vn -0.089392 -0.007264 -0.044231
vn -0.089392 -0.006996 -0.044274
vn -0.089392 -0.006718 -0.044317
vn -0.089392 -0.043372 0.011314
vn -0.089392 -0.043300 0.011585
vn -0.089392 -0.042690 0.013663
vn -0.089392 -0.043229 0.011848
vn -0.089392 -0.043159 0.012102
vn -0.089392 -0.043089 0.012347
vn -0.089392 -0.043020 0.012585
vn -0.089392 -0.042952 0.012816
vn -0.089392 -0.042885 0.013039
vn -0.089392 -0.042819 0.013255
vn -0.089392 -0.042141 0.015272
vn -0.089392 -0.041882 0.015971
vn -0.089392 -0.041369 0.017254
vn -0.089392 -0.040948 0.018231
vn -0.089392 -0.040504 0.019198
vn -0.089392 -0.039893 0.020438
vn -0.089392 -0.039547 0.021098
vn -0.089392 -0.038719 0.022583
vn -0.089392 -0.038502 0.022951
vn -0.089392 -0.038385 0.023145
vn -0.089392 -0.038264 0.023344
vn -0.089392 -0.038139 0.023549
vn -0.089392 -0.038008 0.023759
vn -0.089392 -0.037872 0.023975
vn -0.089392 -0.037731 0.024198
vn -0.089392 -0.037583 0.024426
vn -0.089392 -0.037429 0.024661
vn -0.089392 -0.037429 -0.024661
vn -0.089392 -0.037583 -0.024426
vn -0.089392 -0.038719 -0.022583
vn -0.089392 -0.037731 -0.024198
vn -0.089392 -0.037872 -0.023975
vn -0.089392 -0.038008 -0.023759
vn -0.089392 -0.038139 -0.023549
vn -0.089392 -0.038264 -0.023344
vn -0.089392 -0.038385 -0.023145
vn -0.089392 -0.038502 -0.022951
vn -0.089392 -0.039547 -0.021098
vn -0.089392 -0.039893 -0.020438
vn -0.089392 -0.040504 -0.019198
vn -0.089392 -0.040948 -0.018231
vn -0.089392 -0.041369 -0.017254
vn -0.089392 -0.041882 -0.015971
vn -0.089392 -0.042141 -0.015272
vn -0.089392 -0.042690 -0.013663
vn -0.089392 -0.042819 -0.013255
vn -0.089392 -0.042885 -0.013039
vn -0.089392 -0.042952 -0.012816
vn -0.089392 -0.043020 -0.012585
vn -0.089392 -0.043089 -0.012347
vn -0.089392 -0.043159 -0.012102
vn -0.089392 -0.043229 -0.011848
vn -0.089392 -0.043300 -0.011585
vn -0.089392 -0.043372 -0.011314
vn -0.044721 0.000000 -0.089443
vn -0.044721 0.000000 -0.089443
vn -0.044721 0.000000 -0.089443
vn -0.044721 0.000000 -0.089443
vn -0.044721 0.000000 -0.089443
vn -0.044721 0.000000 -0.089443
vn -0.044721 0.000000 -0.089443
vn -0.044721 0.000000 -0.089443
vn -0.044721 0.000000 -0.089443
vn -0.044721 0.000000 -0.089443
vn -0.044721 0.000000 -0.089443
vn -0.044721 0.000000 -0.089443
vn -0.044721 0.000000 -0.089443
vn -0.044721 0.000000 -0.089443
vn -0.044721 0.000000 -0.089443
vn -0.044721 0.000000 -0.089443
vn -0.044721 0.000000 -0.089443
vn -0.044721 0.000000 -0.089443
vn -0.044721 0.000000 -0.089443
vn -0.044721 0.000000 -0.089443
vn -0.044721 0.000000 -0.089443
vn -0.044721 0.000000 -0.089443
vn -0.044721 0.000000 -0.089443
vn -0.044721 0.000000 -0.089443
vn -0.044721 0.000000 -0.089443
vn -0.044721 0.000000 -0.089443
vn -0.044721 0.000000 -0.089443
vn -0.044721 0.000000 -0.089443
vn -0.044721 0.000000 -0.089443
vn -0.044721 0.000000 -0.089443
vn -0.044721 0.000000 -0.089443
vn -0.044721 0.000000 -0.089443
vn -0.044721 0.000000 -0.089443
vn -0.044721 0.000000 -0.089443
vn -0.044721 0.000000 -0.089443
vn -0.044721 0.000000 -0.089443
vn -0.044721 0.000000 -0.089443
vn -0.044721 0.000000 -0.089443
vn -0.044721 0.000000 -0.089443
vn -0.044721 0.000000 -0.089443
vn -0.044721 0.000000 -0.089443
vn -0.044721 0.000000 -0.089443
vn -0.044721 0.000000 -0.089443
vn -0.044721 0.000000 -0.089443
vn -0.044721 0.000000 -0.089443
vn -0.044721 0.000000 -0.089443
vn -0.044721 0.000000 -0.089443
vn -0.044721 0.000000 -0.089443
vn -0.044721 0.000000 -0.089443
vn -0.044721 0.000000 -0.089443
vn -0.044721 0.000000 -0.089443
vn -0.044721 0.000000 -0.089443
vn -0.044721 0.000000 -0.089443
vn -0.044721 0.000000 -0.089443
vn -0.044721 0.000000 -0.089443
vn -0.044721 0.000000 -0.089443
vn -0.044721 0.000000 -0.089443
vn -0.044721 0.000000 -0.089443
vn -0.044721 0.000000 -0.089443
vn -0.044721 0.000000 -0.089443
vn -0.044721 0.000000 -0.089443
vn -0.044721 0.000000 -0.089443
vn -0.044721 0.000000 -0.089443
vn -0.044721 0.000000 -0.089443
vn -0.044721 0.000000 -0.089443
vn -0.044721 0.000000 -0.089443
vn -0.044721 0.000000 -0.089443
vn -0.044721 0.000000 -0.089443
vn -0.044721 0.000000 -0.089443
vn -0.044721 0.000000 -0.089443
vn -0.044721 0.000000 -0.089443
vn -0.044721 0.000000 -0.089443
vn -0.044721 0.000000 -0.089443
vn -0.044721 0.000000 -0.089443
vn -0.044721 0.000000 -0.089443
vn -0.044721 0.000000 -0.089443
vn -0.044721 0.000000 -0.089443
vn -0.044721 0.000000 -0.089443
vn -0.044721 0.000000 -0.089443
vn -0.044721 0.000000 0.089443
vn -0.044721 0.000000 0.089443
vn -0.044721 0.000000 0.089443
vn -0.044721 0.000000 0.089443
vn -0.044721 0.000000 0.089443
vn -0.044721 0.000000 0.089443
vn -0.044721 0.000000 0.089443
vn -0.044721 0.000000 0.089443
vn -0.044721 0.000000 0.089443
vn -0.044721 0.000000 0.089443
vn -0.044721 0.000000 0.089443
vn -0.044721 0.000000 0.089443
vn -0.044721 0.000000 0.089443
vn -0.044721 0.000000 0.089443
vn -0.044721 0.000000 0.089443
vn -0.044721 0.000000 0.089443
vn -0.044721 0.000000 0.089443
vn -0.044721 0.000000 0.089443
vn -0.044721 0.000000 0.089443
vn -0.044721 0.000000 0.089443
vn -0.044721 0.000000 0.089443
vn -0.044721 0.000000 0.089443
vn -0.044721 0.000000 0.089443
vn -0.044721 0.000000 0.089443
vn -0.044721 0.000000 0.089443
vn -0.044721 0.000000 0.089443
vn -0.044721 0.000000 0.089443
vn -0.044721 0.000000 0.089443
vn -0.044721 0.000000 0.089443
vn -0.044721 0.000000 0.089443
vn -0.044721 0.000000 0.089443
vn -0.044721 0.000000 0.089443
vn -0.044721 0.000000 0.089443
vn -0.044721 0.000000 0.089443
vn -0.044721 0.000000 0.089443
vn -0.044721 0.000000 0.089443
vn -0.044721 0.000000 0.089443
vn -0.044721 0.000000 0.089443
vn -0.044721 0.000000 0.089443
vn -0.044721 0.000000 0.089443
vn -0.044721 0.000000 0.089443
vn -0.044721 0.000000 0.089443
vn -0.044721 0.000000 0.089443
vn -0.044721 0.000000 0.089443
vn -0.044721 0.000000 0.089443
vn -0.044721 0.000000 0.089443
vn -0.044721 0.000000 0.089443
vn -0.044721 0.000000 0.089443
vn -0.044721 0.000000 0.089443
vn -0.044721 0.000000 0.089443
vn -0.044721 0.000000 0.089443
vn -0.044721 0.000000 0.089443
vn -0.044721 0.000000 0.089443
vn -0.044721 0.000000 0.089443
vn -0.044721 0.000000 0.089443
vn -0.044721 0.000000 0.089443
vn -0.044721 0.000000 0.089443
vn -0.044721 0.000000 0.089443
vn -0.044721 0.000000 0.089443
vn -0.044721 0.000000 0.089443
vn -0.044721 0.000000 0.089443
vn -0.044721 0.000000 0.089443
vn -0.044721 0.000000 0.089443
vn -0.044721 0.000000 0.089443
vn -0.044721 0.000000 0.089443
vn -0.044721 0.000000 0.089443
vn -0.044721 0.000000 0.089443
vn -0.044721 0.000000 0.089443
vn -0.044721 0.000000 0.089443
vn -0.044721 0.000000 0.089443
vn -0.044721 0.000000 0.089443
vn -0.044721 0.000000 0.089443
vn -0.044721 0.000000 0.089443
vn -0.044721 0.000000 0.089443
vn -0.044721 0.000000 0.089443
vn -0.044721 0.000000 0.089443
vn -0.044721 0.000000 0.089443
vn -0.044721 0.000000 0.089443
vn -0.044721 0.000000 0.089443
vn -0.089392 -0.044224 -0.007305
vn -0.089392 -0.044269 -0.007028
vn -0.089392 -0.044557 -0.004882
vn -0.089392 -0.044311 -0.006759
vn -0.089392 -0.044350 -0.006499
vn -0.089392 -0.044386 -0.006246
vn -0.089392 -0.044420 -0.006001
vn -0.089392 -0.044451 -0.005763
vn -0.089392 -0.044481 -0.005531
vn -0.089392 -0.044508 -0.005307
vn -0.089392 -0.044710 -0.003189
vn -0.089392 -0.044757 -0.002445
vn -0.089392 -0.044811 -0.001064
vn -0.089392 -0.044823 0.000000
vn -0.089392 -0.044811 0.001064
vn -0.089392 -0.044757 0.002445
vn -0.089392 -0.044710 0.003189
vn -0.089392 -0.044557 0.004882
vn -0.089392 -0.044508 0.005307
vn -0.089392 -0.044481 0.005531
vn -0.089392 -0.044451 0.005763
vn -0.089392 -0.044420 0.006001
vn -0.089392 -0.044386 0.006246
vn -0.089392 -0.044350 0.006499
vn -0.089392 -0.044311 0.006759
vn -0.089392 -0.044269 0.007028
vn -0.089392 -0.044224 0.007305
vn -0.099799 -0.006316 -0.000450
vn -0.099799 -0.006287 -0.000750
vn -0.099799 -0.006300 -0.000630
vn -0.099799 -0.006286 -0.000758
vn -0.099799 -0.006285 -0.000766
vn -0.099799 -0.006284 -0.000775
vn -0.099799 -0.006283 -0.000783
vn -0.099799 -0.006282 -0.000791
vn -0.099799 -0.006281 -0.000799
vn -0.099799 -0.006280 -0.000807
vn -0.099799 -0.006279 -0.000816
vn -0.099799 -0.006278 -0.000824
vn -0.099799 -0.006277 -0.000832
vn -0.099799 -0.006276 -0.000840
vn -0.099799 -0.006275 -0.000848
vn -0.099799 -0.006274 -0.000857
vn -0.099799 -0.006273 -0.000861
vn -0.099799 -0.006273 -0.000865
vn -0.099799 -0.006272 -0.000869
vn -0.099799 -0.006271 -0.000873
vn -0.099799 -0.006271 -0.000877
vn -0.099799 -0.006270 -0.000881
vn -0.099799 -0.006321 -0.000379
vn -0.099799 -0.006330 -0.000150
vn -0.099799 -0.006331 -0.000126
vn -0.099799 -0.006331 0.000126
vn -0.099799 -0.006330 0.000150
vn -0.099799 -0.006321 0.000379
vn -0.099799 -0.006316 0.000450
vn -0.099799 -0.006300 0.000630
vn -0.099799 -0.006287 0.000750
vn -0.099799 -0.006286 0.000758
vn -0.099799 -0.006270 0.000881
vn -0.099799 -0.006285 0.000766
vn -0.099799 -0.006284 0.000775
vn -0.099799 -0.006283 0.000783
vn -0.099799 -0.006282 0.000791
vn -0.099799 -0.006281 0.000799
vn -0.099799 -0.006280 0.000807
vn -0.099799 -0.006279 0.000816
vn -0.099799 -0.006278 0.000824
vn -0.099799 -0.006277 0.000832
vn -0.099799 -0.006276 0.000840
vn -0.099799 -0.006275 0.000848
vn -0.099799 -0.006274 0.000857
vn -0.099799 -0.006273 0.000861
vn -0.099799 -0.006273 0.000865
vn -0.099799 -0.006272 0.000869
vn -0.099799 -0.006271 0.000877
vn -0.099799 -0.006271 0.000873
vn -0.099047 -0.013734 -0.001008
vn -0.099047 -0.013688 -0.001511
vn -0.099047 -0.013722 -0.001152
vn -0.099047 -0.013686 -0.001525
vn -0.099047 -0.013684 -0.001539
vn -0.099047 -0.013683 -0.001552
vn -0.099047 -0.013682 -0.001565
vn -0.099047 -0.013680 -0.001577
vn -0.099047 -0.013679 -0.001583
vn -0.099047 -0.013679 -0.001589
vn -0.099047 -0.013678 -0.001595
vn -0.099047 -0.013677 -0.001600
vn -0.099047 -0.013677 -0.001606
vn -0.099047 -0.013676 -0.001611
vn -0.099047 -0.013753 -0.000692
vn -0.099047 -0.013761 -0.000504
vn -0.099047 -0.013769 -0.000231
vn -0.099047 -0.013771 0.000000
vn -0.099047 -0.013769 0.000231
vn -0.099047 -0.013761 0.000504
vn -0.099047 -0.013753 0.000692
vn -0.099047 -0.013734 0.001008
vn -0.099047 -0.013722 0.001152
vn -0.099047 -0.013688 0.001511
vn -0.099047 -0.013676 0.001611
vn -0.099047 -0.013677 0.001600
vn -0.099047 -0.013677 0.001606
vn -0.099047 -0.013678 0.001595
vn -0.099047 -0.013679 0.001589
vn -0.099047 -0.013679 0.001583
vn -0.099047 -0.013680 0.001577
vn -0.099047 -0.013682 0.001565
vn -0.099047 -0.013683 0.001552
vn -0.099047 -0.013684 0.001539
vn -0.099047 -0.013686 0.001525
vn -0.075568 -0.064857 -0.009113
vn -0.075568 -0.064925 -0.008616
vn -0.075568 -0.065169 -0.006520
vn -0.075568 -0.064988 -0.008130
vn -0.075568 -0.065045 -0.007653
vn -0.075568 -0.065099 -0.007185
vn -0.075568 -0.065318 -0.004796
vn -0.075568 -0.065377 -0.003916
vn -0.075568 -0.065450 -0.002399
vn -0.075568 -0.065481 -0.001306
vn -0.075568 -0.065494 -0.000000
vn -0.075568 -0.065481 0.001306
vn -0.075568 -0.065450 0.002399
vn -0.075568 -0.065377 0.003916
vn -0.075568 -0.065318 0.004796
vn -0.075568 -0.065169 0.006520
vn -0.075568 -0.065099 0.007185
vn -0.075568 -0.065045 0.007653
vn -0.075568 -0.064988 0.008130
vn -0.075568 -0.064925 0.008616
vn -0.075568 -0.064857 0.009113
vn -0.097742 -0.021023 -0.002133
vn -0.097742 -0.021119 -0.000712
vn -0.097742 -0.021131 0.000000
vn -0.097742 -0.021119 0.000712
vn -0.097742 -0.021023 0.002133
vn -0.097742 -0.021023 0.002133
vn -0.099926 -0.003816 -0.000403
vn -0.099926 -0.003814 -0.000418
vn -0.099926 -0.003817 -0.000387
vn -0.099926 -0.003831 -0.000209
vn -0.099926 -0.003835 -0.000129
vn -0.099926 -0.003837 0.000000
vn -0.099926 -0.003835 0.000129
vn -0.099926 -0.003831 0.000209
vn -0.099926 -0.003817 0.000387
vn -0.099926 -0.003814 0.000418
vn -0.099926 -0.003816 0.000403
vn -0.099926 -0.003814 0.000418
vn -0.099926 -0.003813 0.000433
vn -0.099926 -0.003811 0.000448
vn -0.099926 -0.003809 0.000463
vn -0.099926 -0.003807 0.000478
vn -0.099926 -0.003805 0.000493
vn -0.099926 -0.003804 0.000501
vn -0.099926 -0.003803 0.000508
vn -0.099926 -0.003802 0.000516
vn -0.099926 -0.003801 0.000523
vn -0.099926 -0.003800 0.000531
vn -0.099926 -0.003786 0.000625
vn -0.099926 -0.003790 0.000596
vn -0.099926 -0.003790 0.000600
vn -0.099926 -0.003789 0.000604
vn -0.099926 -0.003789 0.000607
vn -0.099926 -0.003788 0.000611
vn -0.099926 -0.003788 0.000615
vn -0.099926 -0.003786 0.000622
vn -0.099926 -0.003787 0.000618
vn -0.099926 -0.003814 -0.000418
vn -0.099926 -0.003813 -0.000433
vn -0.099926 -0.003811 -0.000448
vn -0.099926 -0.003809 -0.000463
vn -0.099926 -0.003807 -0.000478
vn -0.099926 -0.003805 -0.000493
vn -0.099926 -0.003804 -0.000501
vn -0.099926 -0.003803 -0.000508
vn -0.099926 -0.003802 -0.000516
vn -0.099926 -0.003801 -0.000523
vn -0.099926 -0.003800 -0.000531
vn -0.099926 -0.003799 -0.000538
vn -0.099926 -0.003798 -0.000545
vn -0.099926 -0.003797 -0.000553
vn -0.099926 -0.003796 -0.000560
vn -0.099926 -0.003795 -0.000567
vn -0.099926 -0.003794 -0.000575
vn -0.099926 -0.003793 -0.000582
vn -0.099926 -0.003792 -0.000586
vn -0.099926 -0.003792 -0.000589
vn -0.099926 -0.003791 -0.000593
vn -0.099926 -0.003790 -0.000596
vn -0.099926 -0.003790 -0.000600
vn -0.099926 -0.003789 -0.000604
vn -0.099926 -0.003789 -0.000607
vn -0.099926 -0.003788 -0.000611
vn -0.099926 -0.003788 -0.000615
vn -0.099926 -0.003787 -0.000618
vn -0.099926 -0.003786 -0.000622
vn -0.099926 -0.003786 -0.000625
vn -0.099926 -0.003791 0.000593
vn -0.099926 -0.003792 0.000589
vn -0.099926 -0.003792 0.000586
vn -0.099926 -0.003793 0.000582
vn -0.099926 -0.003799 0.000538
vn -0.099926 -0.003798 0.000545
vn -0.099926 -0.003797 0.000553
vn -0.099926 -0.003796 0.000560
vn -0.099926 -0.003795 0.000567
vn -0.099926 -0.003794 0.000575
vn 0.100000 0.000000 0.000000
vn 0.100000 0.000000 0.000000
vn 0.100000 0.000000 0.000000
vn 0.100000 0.000000 0.000000
vn 0.100000 0.000000 0.000000
vn 0.100000 0.000000 0.000000
vn 0.100000 0.000000 0.000000
vn 0.100000 0.000000 0.000000
vn 0.100000 0.000000 0.000000
vn 0.100000 0.000000 0.000000
vn 0.100000 0.000000 0.000000
vn 0.100000 0.000000 0.000000
vn 0.100000 0.000000 0.000000
vn 0.100000 0.000000 0.000000
vn 0.100000 0.000000 0.000000
vn 0.100000 0.000000 0.000000
vn 0.100000 0.000000 0.000000
vn 0.100000 0.000000 0.000000
vn 0.100000 0.000000 0.000000
vn 0.100000 0.000000 0.000000
vn 0.100000 0.000000 0.000000
vn 0.100000 0.000000 0.000000
vn 0.100000 0.000000 0.000000
vn 0.100000 0.000000 0.000000
vn 0.100000 0.000000 0.000000
vn 0.100000 0.000000 0.000000
vn 0.100000 0.000000 0.000000
vn 0.100000 0.000000 0.000000
vn 0.100000 0.000000 0.000000
vn 0.100000 0.000000 0.000000
vn 0.100000 0.000000 0.000000
vn 0.100000 0.000000 0.000000
vn 0.100000 0.000000 0.000000
vn 0.100000 0.000000 0.000000
vn 0.100000 0.000000 0.000000
vn 0.100000 0.000000 0.000000
vn 0.100000 0.000000 0.000000
vn 0.100000 0.000000 0.000000
vn 0.100000 0.000000 0.000000
vn 0.100000 0.000000 0.000000
vn 0.100000 0.000000 0.000000
vn 0.100000 0.000000 0.000000
vn 0.100000 0.000000 0.000000
vn 0.100000 0.000000 0.000000
vn 0.100000 0.000000 0.000000
vn 0.100000 0.000000 0.000000
vn 0.100000 0.000000 0.000000
vn 0.100000 0.000000 0.000000
vn 0.100000 0.000000 0.000000
vn 0.100000 0.000000 0.000000
vn 0.100000 0.000000 0.000000
vn 0.100000 0.000000 0.000000
vn 0.100000 0.000000 0.000000
vn 0.100000 0.000000 0.000000
vn 0.100000 0.000000 0.000000
vn 0.100000 0.000000 0.000000
vn 0.100000 0.000000 0.000000
vn 0.100000 0.000000 0.000000
vn 0.100000 0.000000 0.000000
vn 0.100000 0.000000 0.000000
vn 0.100000 0.000000 0.000000
vn 0.100000 0.000000 0.000000
vn 0.100000 0.000000 0.000000
vn 0.100000 0.000000 0.000000
vn 0.100000 0.000000 0.000000
vn 0.100000 0.000000 0.000000
vn 0.100000 0.000000 0.000000
vn 0.100000 0.000000 0.000000
vn 0.100000 0.000000 0.000000
vn 0.100000 0.000000 0.000000
vn 0.100000 0.000000 0.000000
vn 0.100000 0.000000 0.000000
vn 0.100000 0.000000 0.000000
vn 0.100000 0.000000 0.000000
vn 0.100000 0.000000 0.000000
vn 0.100000 0.000000 0.000000
vn 0.100000 0.000000 0.000000
vn 0.100000 0.000000 0.000000
vn 0.100000 0.000000 0.000000
vn 0.100000 0.000000 0.000000
vn 0.100000 0.000000 0.000000
vn 0.100000 0.000000 0.000000
vn 0.100000 0.000000 0.000000
vn 0.100000 0.000000 0.000000
vn 0.100000 0.000000 0.000000
vn 0.100000 0.000000 0.000000
vn 0.100000 0.000000 0.000000
vn 0.100000 0.000000 0.000000
vn 0.100000 0.000000 0.000000
vn 0.100000 0.000000 0.000000
vn 0.100000 0.000000 0.000000
vn 0.100000 0.000000 0.000000
vn 0.100000 0.000000 0.000000
vn 0.100000 0.000000 0.000000
vn 0.100000 0.000000 0.000000
vn 0.100000 0.000000 0.000000
vn 0.100000 0.000000 0.000000
vn 0.100000 0.000000 0.000000
vn 0.100000 0.000000 0.000000
vn 0.100000 0.000000 0.000000
vn 0.100000 0.000000 0.000000
vn 0.100000 0.000000 0.000000
vn 0.100000 0.000000 0.000000
vn 0.100000 0.000000 0.000000
vn 0.100000 0.000000 0.000000
vn 0.100000 0.000000 0.000000
vn 0.100000 0.000000 0.000000
vn 0.100000 0.000000 0.000000
vn 0.100000 0.000000 0.000000
vn 0.100000 0.000000 0.000000
vn 0.100000 0.000000 0.000000
vn 0.100000 0.000000 0.000000
vn 0.100000 0.000000 0.000000
vn 0.100000 0.000000 0.000000
vn 0.100000 0.000000 0.000000
vn 0.100000 0.000000 0.000000
vn 0.100000 0.000000 0.000000
vn 0.100000 0.000000 0.000000
vn 0.100000 0.000000 0.000000
vn 0.100000 0.000000 0.000000
vn 0.100000 0.000000 0.000000
vn 0.100000 0.000000 0.000000
vn 0.100000 0.000000 0.000000
vn 0.100000 0.000000 0.000000
vn 0.100000 0.000000 0.000000
vn 0.100000 0.000000 0.000000
vn 0.100000 0.000000 0.000000
vn 0.100000 0.000000 0.000000
vn 0.100000 0.000000 0.000000
vn 0.100000 0.000000 0.000000
vn 0.100000 0.000000 0.000000
vn 0.100000 0.000000 0.000000
vn 0.100000 0.000000 0.000000
vn 0.100000 0.000000 0.000000
vn 0.100000 0.000000 0.000000
vn 0.100000 0.000000 0.000000
vn 0.100000 0.000000 0.000000
vn 0.100000 0.000000 0.000000
vn 0.100000 0.000000 0.000000
vn 0.100000 0.000000 0.000000
vn 0.100000 0.000000 0.000000
vn 0.100000 0.000000 0.000000
vn 0.100000 0.000000 0.000000
vn 0.100000 0.000000 0.000000
vn 0.100000 0.000000 0.000000
vn 0.100000 0.000000 0.000000
vn 0.100000 0.000000 0.000000
vn 0.100000 0.000000 0.000000
vn 0.100000 0.000000 0.000000
vn 0.100000 0.000000 0.000000
vn 0.100000 0.000000 0.000000
vn 0.100000 0.000000 0.000000
vn 0.100000 0.000000 0.000000
vn 0.100000 0.000000 0.000000
vn 0.100000 0.000000 0.000000
vn 0.100000 0.000000 0.000000
vn 0.100000 0.000000 0.000000
vn 0.100000 0.000000 0.000000
vn 0.100000 0.000000 0.000000
vn 0.100000 0.000000 0.000000
vn 0.100000 0.000000 0.000000
vn 0.100000 0.000000 0.000000
vn 0.100000 0.000000 0.000000
vn 0.100000 0.000000 0.000000
vn 0.100000 0.000000 0.000000
vn 0.100000 0.000000 0.000000
vn 0.100000 0.000000 0.000000
vn 0.100000 0.000000 0.000000
vn 0.100000 0.000000 0.000000
vn 0.100000 0.000000 0.000000
vn 0.100000 0.000000 0.000000
vn 0.100000 0.000000 0.000000
vn 0.100000 0.000000 0.000000
vn 0.100000 0.000000 0.000000
vn 0.100000 0.000000 0.000000
vn 0.100000 0.000000 0.000000
vn 0.100000 0.000000 0.000000
vn 0.100000 0.000000 0.000000
vn 0.100000 0.000000 0.000000
vn 0.100000 0.000000 0.000000
vn 0.100000 0.000000 0.000000
vn 0.100000 0.000000 0.000000
vn 0.100000 0.000000 0.000000
vn 0.100000 0.000000 0.000000
vn 0.100000 0.000000 0.000000
usemtl 236,241,239
f 1/1/1 2/2/2 79/3/3
f 79/3/3 2/2/2 78/4/4
f 78/4/4 2/2/2 77/5/5
f 77/5/5 2/2/2 76/6/6
f 76/6/6 2/2/2 75/7/7
f 75/7/7 2/2/2 74/8/8
f 74/8/8 2/2/2 73/9/9
f 73/9/9 2/2/2 72/10/10
f 72/10/10 2/2/2 71/11/11
f 71/11/11 2/2/2 70/12/12
f 70/12/12 2/2/2 68/13/13
f 70/12/12 68/13/13 69/14/14
f 68/13/13 2/2/2 67/15/15
f 67/15/15 2/2/2 3/16/16
f 67/15/15 3/16/16 66/17/17
f 66/17/17 3/16/16 65/18/18
f 65/18/18 3/16/16 4/19/19
f 65/18/18 4/19/19 64/20/20
f 64/20/20 4/19/19 63/21/21
f 63/21/21 4/19/19 62/22/22
f 62/22/22 4/19/19 61/23/23
f 61/23/23 4/19/19 60/24/24
f 60/24/24 4/19/19 59/25/25
f 59/25/25 4/19/19 58/26/26
f 58/26/26 4/19/19 57/27/27
f 57/27/27 4/19/19 42/28/28
f 57/27/27 42/28/28 56/29/29
f 56/29/29 42/28/28 43/30/30
f 56/29/29 43/30/30 55/31/31
f 55/31/31 43/30/30 54/32/32
f 54/32/32 43/30/30 53/33/33
f 53/33/33 43/30/30 44/34/34
f 53/33/33 44/34/34 52/35/35
f 52/35/35 44/34/34 51/36/36
f 51/36/36 44/34/34 45/37/37
f 51/36/36 45/37/37 50/38/38
f 50/38/38 45/37/37 49/39/39
f 49/39/39 45/37/37 48/40/40
f 48/40/40 45/37/37 47/41/41
f 47/41/41 45/37/37 46/42/42
f 5/43/43 40/44/44 4/19/19
f 4/19/19 40/44/44 41/45/45
f 4/19/19 41/45/45 42/28/28
f 6/46/46 38/47/47 5/43/43
f 5/43/43 38/47/47 39/48/48
f 5/43/43 39/48/48 40/44/44
f 7/49/49 8/50/50 6/46/46
f 6/46/46 8/50/50 9/51/51
f 6/46/46 9/51/51 10/52/52
f 10/52/52 11/53/53 6/46/46
f 6/46/46 11/53/53 12/54/54
f 6/46/46 12/54/54 13/55/55
f 13/55/55 14/56/56 6/46/46
f 6/46/46 14/56/56 15/57/57
f 6/46/46 15/57/57 16/58/58
f 16/58/58 17/59/59 6/46/46
f 6/46/46 17/59/59 18/60/60
f 6/46/46 18/60/60 19/61/61
f 19/61/61 20/62/62 6/46/46
f 6/46/46 20/62/62 21/63/63
f 6/46/46 21/63/63 22/64/64
f 22/64/64 23/65/65 6/46/46
f 6/46/46 23/65/65 24/66/66
f 6/46/46 24/66/66 25/67/67
f 25/67/67 26/68/68 6/46/46
f 6/46/46 26/68/68 27/69/69
f 6/46/46 27/69/69 28/70/70
f 28/70/70 29/71/71 6/46/46
f 6/46/46 29/71/71 30/72/72
f 6/46/46 30/72/72 31/73/73
f 31/73/73 32/74/74 6/46/46
f 6/46/46 32/74/74 33/75/75
f 6/46/46 33/75/75 34/76/76
f 34/76/76 35/77/77 6/46/46
f 6/46/46 35/77/77 36/78/78
f 6/46/46 36/78/78 37/79/79
f 37/79/79 38/47/47 6/46/46
f 80/80/80 81/81/81 157/82/82
f 157/82/82 81/81/81 156/83/83
f 156/83/83 81/81/81 155/84/84
f 155/84/84 81/81/81 154/85/85
f 154/85/85 81/81/81 153/86/86
f 153/86/86 81/81/81 152/87/87
f 152/87/87 81/81/81 151/88/88
f 151/88/88 81/81/81 150/89/89
f 150/89/89 81/81/81 149/90/90
f 149/90/90 81/81/81 148/91/91
f 148/91/91 81/81/81 146/92/92
f 148/91/91 146/92/92 147/93/93
f 146/92/92 81/81/81 145/94/94
f 145/94/94 81/81/81 82/95/95
f 145/94/94 82/95/95 144/96/96
f 144/96/96 82/95/95 143/97/97
f 143/97/97 82/95/95 83/98/98
f 143/97/97 83/98/98 142/99/99
f 142/99/99 83/98/98 141/100/100
f 141/100/100 83/98/98 140/101/101
f 140/101/101 83/98/98 139/102/102
f 139/102/102 83/98/98 138/103/103
f 138/103/103 83/98/98 137/104/104
f 137/104/104 83/98/98 136/105/105
f 136/105/105 83/98/98 135/106/106
f 135/106/106 83/98/98 120/107/107
f 135/106/106 120/107/107 134/108/108
f 134/108/108 120/107/107 121/109/109
f 134/108/108 121/109/109 133/110/110
f 133/110/110 121/109/109 132/111/111
f 132/111/111 121/109/109 131/112/112
f 131/112/112 121/109/109 122/113/113
f 131/112/112 122/113/113 130/114/114
f 130/114/114 122/113/113 129/115/115
f 129/115/115 122/113/113 123/116/116
f 129/115/115 123/116/116 128/117/117
f 128/117/117 123/116/116 127/118/118
f 127/118/118 123/116/116 126/119/119
f 126/119/119 123/116/116 125/120/120
f 125/120/120 123/116/116 124/121/121
f 84/122/122 118/123/123 83/98/98
f 83/98/98 118/123/123 119/124/124
f 83/98/98 119/124/124 120/107/107
f 6/125/125 116/126/126 84/122/122
f 84/122/122 116/126/126 117/127/127
f 84/122/122 117/127/127 118/123/123
f 85/128/128 86/129/129 6/125/125
f 6/125/125 86/129/129 87/130/130
f 6/125/125 87/130/130 88/131/131
f 88/131/131 89/132/132 6/125/125
f 6/125/125 89/132/132 90/133/133
f 6/125/125 90/133/133 91/134/134
f 91/134/134 92/135/135 6/125/125
f 6/125/125 92/135/135 93/136/136
f 6/125/125 93/136/136 94/137/137
f 94/137/137 95/138/138 6/125/125
f 6/125/125 95/138/138 96/139/139
f 6/125/125 96/139/139 97/140/140
f 97/140/140 98/141/141 6/125/125
f 6/125/125 98/141/141 99/142/142
f 6/125/125 99/142/142 100/143/143
f 100/143/143 101/144/144 6/125/125
f 6/125/125 101/144/144 102/145/145
f 6/125/125 102/145/145 103/146/146
f 103/146/146 104/147/147 6/125/125
f 6/125/125 104/147/147 105/148/148
f 6/125/125 105/148/148 106/149/149
f 106/149/149 107/150/150 6/125/125
f 6/125/125 107/150/150 108/151/151
f 6/125/125 108/151/151 109/152/152
f 109/152/152 110/153/153 6/125/125
f 6/125/125 110/153/153 111/154/154
f 6/125/125 111/154/154 112/155/155
f 112/155/155 113/156/156 6/125/125
f 6/125/125 113/156/156 114/157/157
f 6/125/125 114/157/157 115/158/158
f 115/158/158 116/126/126 6/125/125
f 158/159/159 159/160/160 235/161/161
f 235/161/161 159/160/160 234/162/162
f 234/162/162 159/160/160 233/163/163
f 233/163/163 159/160/160 232/164/164
f 232/164/164 159/160/160 231/165/165
f 231/165/165 159/160/160 230/166/166
f 230/166/166 159/160/160 229/167/167
f 229/167/167 159/160/160 228/168/168
f 228/168/168 159/160/160 227/169/169
f 227/169/169 159/160/160 226/170/170
f 226/170/170 159/160/160 224/171/171
f 226/170/170 224/171/171 225/172/172
f 224/171/171 159/160/160 223/173/173
f 223/173/173 159/160/160 160/174/174
f 223/173/173 160/174/174 222/175/175
f 222/175/175 160/174/174 221/176/176
f 221/176/176 160/174/174 161/177/177
f 221/176/176 161/177/177 220/178/178
f 220/178/178 161/177/177 219/179/179
f 219/179/179 161/177/177 218/180/180
f 218/180/180 161/177/177 217/181/181
f 217/181/181 161/177/177 216/182/182
f 216/182/182 161/177/177 215/183/183
f 215/183/183 161/177/177 214/184/184
f 214/184/184 161/177/177 213/185/185
f 213/185/185 161/177/177 198/186/186
f 213/185/185 198/186/186 212/187/187
f 212/187/187 198/186/186 199/188/188
f 212/187/187 199/188/188 211/189/189
f 211/189/189 199/188/188 210/190/190
f 210/190/190 199/188/188 209/191/191
f 209/191/191 199/188/188 200/192/192
f 209/191/191 200/192/192 208/193/193
f 208/193/193 200/192/192 207/194/194
f 207/194/194 200/192/192 201/195/195
f 207/194/194 201/195/195 206/196/196
f 206/196/196 201/195/195 205/197/197
f 205/197/197 201/195/195 204/198/198
f 204/198/198 201/195/195 203/199/199
f 203/199/199 201/195/195 202/200/200
f 162/201/201 196/202/202 161/177/177
f 161/177/177 196/202/202 197/203/203
f 161/177/177 197/203/203 198/186/186
f 6/204/204 194/205/205 162/201/201
f 162/201/201 194/205/205 195/206/206
f 162/201/201 195/206/206 196/202/202
f 163/207/207 164/208/208 6/204/204
f 6/204/204 164/208/208 165/209/209
f 6/204/204 165/209/209 166/210/210
f 166/210/210 167/211/211 6/204/204
f 6/204/204 167/211/211 168/212/212
f 6/204/204 168/212/212 169/213/213
f 169/213/213 170/214/214 6/204/204
f 6/204/204 170/214/214 171/215/215
f 6/204/204 171/215/215 172/216/216
f 172/216/216 173/217/217 6/204/204
f 6/204/204 173/217/217 174/218/218
f 6/204/204 174/218/218 175/219/219
f 175/219/219 176/220/220 6/204/204
f 6/204/204 176/220/220 177/221/221
f 6/204/204 177/221/221 178/222/222
f 178/222/222 179/223/223 6/204/204
f 6/204/204 179/223/223 180/224/224
f 6/204/204 180/224/224 181/225/225
f 181/225/225 182/226/226 6/204/204
f 6/204/204 182/226/226 183/227/227
f 6/204/204 183/227/227 184/228/228
f 184/228/228 185/229/229 6/204/204
f 6/204/204 185/229/229 186/230/230
f 6/204/204 186/230/230 187/231/231
f 187/231/231 188/232/232 6/204/204
f 6/204/204 188/232/232 189/233/233
f 6/204/204 189/233/233 190/234/234
f 190/234/234 191/235/235 6/204/204
f 6/204/204 191/235/235 192/236/236
f 6/204/204 192/236/236 193/237/237
f 193/237/237 194/205/205 6/204/204
f 236/238/238 237/239/239 313/240/240
f 313/240/240 237/239/239 312/241/241
f 312/241/241 237/239/239 311/242/242
f 311/242/242 237/239/239 310/243/243
f 310/243/243 237/239/239 309/244/244
f 309/244/244 237/239/239 308/245/245
f 308/245/245 237/239/239 307/246/246
f 307/246/246 237/239/239 306/247/247
f 306/247/247 237/239/239 305/248/248
f 305/248/248 237/239/239 304/249/249
f 304/249/249 237/239/239 302/250/250
f 304/249/249 302/250/250 303/251/251
f 302/250/250 237/239/239 301/252/252
f 301/252/252 237/239/239 238/253/253
f 301/252/252 238/253/253 300/254/254
f 300/254/254 238/253/253 299/255/255
f 299/255/255 238/253/253 239/256/256
f 299/255/255 239/256/256 298/257/257
f 298/257/257 239/256/256 297/258/258
f 297/258/258 239/256/256 296/259/259
f 296/259/259 239/256/256 295/260/260
f 295/260/260 239/256/256 294/261/261
f 294/261/261 239/256/256 293/262/262
f 293/262/262 239/256/256 292/263/263
f 292/263/263 239/256/256 291/264/264
f 291/264/264 239/256/256 276/265/265
f 291/264/264 276/265/265 290/266/266
f 290/266/266 276/265/265 277/267/267
f 290/266/266 277/267/267 289/268/268
f 289/268/268 277/267/267 288/269/269
f 288/269/269 277/267/267 287/270/270
f 287/270/270 277/267/267 278/271/271
f 287/270/270 278/271/271 286/272/272
f 286/272/272 278/271/271 285/273/273
f 285/273/273 278/271/271 279/274/274
f 285/273/273 279/274/274 284/275/275
f 284/275/275 279/274/274 283/276/276
f 283/276/276 279/274/274 282/277/277
f 282/277/277 279/274/274 281/278/278
f 281/278/278 279/274/274 280/279/279
f 240/280/280 274/281/281 239/256/256
f 239/256/256 274/281/281 275/282/282
f 239/256/256 275/282/282 276/265/265
f 6/283/283 272/284/284 240/280/280
f 240/280/280 272/284/284 273/285/285
f 240/280/280 273/285/285 274/281/281
f 241/286/286 242/287/287 6/283/283
f 6/283/283 242/287/287 243/288/288
f 6/283/283 243/288/288 244/289/289
f 244/289/289 245/290/290 6/283/283
f 6/283/283 245/290/290 246/291/291
f 6/283/283 246/291/291 247/292/292
f 247/292/292 248/293/293 6/283/283
f 6/283/283 248/293/293 249/294/294
f 6/283/283 249/294/294 250/295/295
f 250/295/295 251/296/296 6/283/283
f 6/283/283 251/296/296 252/297/297
f 6/283/283 252/297/297 253/298/298
f 253/298/298 254/299/299 6/283/283
f 6/283/283 254/299/299 255/300/300
f 6/283/283 255/300/300 256/301/301
f 256/301/301 257/302/302 6/283/283
f 6/283/283 257/302/302 258/303/303
f 6/283/283 258/303/303 259/304/304
f 259/304/304 260/305/305 6/283/283
f 6/283/283 260/305/305 261/306/306
f 6/283/283 261/306/306 262/307/307
f 262/307/307 263/308/308 6/283/283
f 6/283/283 263/308/308 264/309/309
f 6/283/283 264/309/309 265/310/310
f 265/310/310 266/311/311 6/283/283
f 6/283/283 266/311/311 267/312/312
f 6/283/283 267/312/312 268/313/313
f 268/313/313 269/314/314 6/283/283
f 6/283/283 269/314/314 270/315/315
f 6/283/283 270/315/315 271/316/316
f 271/316/316 272/284/284 6/283/283
f 314/317/317 315/318/318 391/319/319
f 391/319/319 315/318/318 390/320/320
f 390/320/320 315/318/318 389/321/321
f 389/321/321 315/318/318 388/322/322
f 388/322/322 315/318/318 387/323/323
f 387/323/323 315/318/318 386/324/324
f 386/324/324 315/318/318 385/325/325
f 385/325/325 315/318/318 384/326/326
f 384/326/326 315/318/318 383/327/327
f 383/327/327 315/318/318 382/328/328
f 382/328/328 315/318/318 380/329/329
f 382/328/328 380/329/329 381/330/330
f 380/329/329 315/318/318 379/331/331
f 379/331/331 315/318/318 316/332/332
f 379/331/331 316/332/332 378/333/333
f 378/333/333 316/332/332 377/334/334
f 377/334/334 316/332/332 317/335/335
f 377/334/334 317/335/335 376/336/336
f 376/336/336 317/335/335 375/337/337
f 375/337/337 317/335/335 374/338/338
f 374/338/338 317/335/335 373/339/339
f 373/339/339 317/335/335 372/340/340
f 372/340/340 317/335/335 371/341/341
f 371/341/341 317/335/335 370/342/342
f 370/342/342 317/335/335 369/343/343
f 369/343/343 317/335/335 354/344/344
f 369/343/343 354/344/344 368/345/345
f 368/345/345 354/344/344 355/346/346
f 368/345/345 355/346/346 367/347/347
f 367/347/347 355/346/346 366/348/348
f 366/348/348 355/346/346 365/349/349
f 365/349/349 355/346/346 356/350/350
f 365/349/349 356/350/350 364/351/351
f 364/351/351 356/350/350 363/352/352
f 363/352/352 356/350/350 357/353/353
f 363/352/352 357/353/353 362/354/354
f 362/354/354 357/353/353 361/355/355
f 361/355/355 357/353/353 360/356/356
f 360/356/356 357/353/353 359/357/357
f 359/357/357 357/353/353 358/358/358
f 318/359/359 352/360/360 317/335/335
f 317/335/335 352/360/360 353/361/361
f 317/335/335 353/361/361 354/344/344
f 6/362/362 350/363/363 318/359/359
f 318/359/359 350/363/363 351/364/364
f 318/359/359 351/364/364 352/360/360
f 319/365/365 320/366/366 6/362/362
f 6/362/362 320/366/366 321/367/367
f 6/362/362 321/367/367 322/368/368
f 322/368/368 323/369/369 6/362/362
f 6/362/362 323/369/369 324/370/370
f 6/362/362 324/370/370 325/371/371
f 325/371/371 326/372/372 6/362/362
f 6/362/362 326/372/372 327/373/373
f 6/362/362 327/373/373 328/374/374
f 328/374/374 329/375/375 6/362/362
f 6/362/362 329/375/375 330/376/376
f 6/362/362 330/376/376 331/377/377
f 331/377/377 332/378/378 6/362/362
f 6/362/362 332/378/378 333/379/379
f 6/362/362 333/379/379 334/380/380
f 334/380/380 335/381/381 6/362/362
f 6/362/362 335/381/381 336/382/382
f 6/362/362 336/382/382 337/383/383
f 337/383/383 338/384/384 6/362/362
f 6/362/362 338/384/384 339/385/385
f 6/362/362 339/385/385 340/386/386
f 340/386/386 341/387/387 6/362/362
f 6/362/362 341/387/387 342/388/388
f 6/362/362 342/388/388 343/389/389
f 343/389/389 344/390/390 6/362/362
f 6/362/362 344/390/390 345/391/391
f 6/362/362 345/391/391 346/392/392
f 346/392/392 347/393/393 6/362/362
f 6/362/362 347/393/393 348/394/394
f 6/362/362 348/394/394 349/395/395
f 349/395/395 350/363/363 6/362/362
f 392/396/396 393/397/397 469/398/398
f 469/398/398 393/397/397 468/399/399
f 468/399/399 393/397/397 467/400/400
f 467/400/400 393/397/397 466/401/401
f 466/401/401 393/397/397 465/402/402
f 465/402/402 393/397/397 464/403/403
f 464/403/403 393/397/397 463/404/404
f 463/404/404 393/397/397 462/405/405
f 462/405/405 393/397/397 461/406/406
f 461/406/406 393/397/397 460/407/407
f 460/407/407 393/397/397 458/408/408
f 460/407/407 458/408/408 459/409/409
f 458/408/408 393/397/397 457/410/410
f 457/410/410 393/397/397 394/411/411
f 457/410/410 394/411/411 456/412/412
f 456/412/412 394/411/411 455/413/413
f 455/413/413 394/411/411 395/414/414
f 455/413/413 395/414/414 454/415/415
f 454/415/415 395/414/414 453/416/416
f 453/416/416 395/414/414 452/417/417
f 452/417/417 395/414/414 451/418/418
f 451/418/418 395/414/414 450/419/419
f 450/419/419 395/414/414 449/420/420
f 449/420/420 395/414/414 448/421/421
f 448/421/421 395/414/414 447/422/422
f 447/422/422 395/414/414 432/423/423
f 447/422/422 432/423/423 446/424/424
f 446/424/424 432/423/423 433/425/425
f 446/424/424 433/425/425 445/426/426
f 445/426/426 433/425/425 444/427/427
f 444/427/427 433/425/425 443/428/428
f 443/428/428 433/425/425 434/429/429
f 443/428/428 434/429/429 442/430/430
f 442/430/430 434/429/429 441/431/431
f 441/431/431 434/429/429 435/432/432
f 441/431/431 435/432/432 440/433/433
f 440/433/433 435/432/432 439/434/434
f 439/434/434 435/432/432 438/435/435
f 438/435/435 435/432/432 437/436/436
f 437/436/436 435/432/432 436/437/437
f 396/438/438 430/439/439 395/414/414
f 395/414/414 430/439/439 431/440/440
f 395/414/414 431/440/440 432/423/423
f 6/441/441 428/442/442 396/438/438
f 396/438/438 428/442/442 429/443/443
f 396/438/438 429/443/443 430/439/439
f 397/444/444 398/445/445 6/441/441
f 6/441/441 398/445/445 399/446/446
f 6/441/441 399/446/446 400/447/447
f 400/447/447 401/448/448 6/441/441
f 6/441/441 401/448/448 402/449/449
f 6/441/441 402/449/449 403/450/450
f 403/450/450 404/451/451 6/441/441
f 6/441/441 404/451/451 405/452/452
f 6/441/441 405/452/452 406/453/453
f 406/453/453 407/454/454 6/441/441
f 6/441/441 407/454/454 408/455/455
f 6/441/441 408/455/455 409/456/456
f 409/456/456 410/457/457 6/441/441
f 6/441/441 410/457/457 411/458/458
f 6/441/441 411/458/458 412/459/459
f 412/459/459 413/460/460 6/441/441
f 6/441/441 413/460/460 414/461/461
f 6/441/441 414/461/461 415/462/462
f 415/462/462 416/463/463 6/441/441
f 6/441/441 416/463/463 417/464/464
f 6/441/441 417/464/464 418/465/465
f 418/465/465 419/466/466 6/441/441
f 6/441/441 419/466/466 420/467/467
f 6/441/441 420/467/467 421/468/468
f 421/468/468 422/469/469 6/441/441
f 6/441/441 422/469/469 423/470/470
f 6/441/441 423/470/470 424/471/471
f 424/471/471 425/472/472 6/441/441
f 6/441/441 425/472/472 426/473/473
f 6/441/441 426/473/473 427/474/474
f 427/474/474 428/442/442 6/441/441
f 470/475/475 471/476/476 547/477/477
f 547/477/477 471/476/476 546/478/478
f 546/478/478 471/476/476 545/479/479
f 545/479/479 471/476/476 544/480/480
f 544/480/480 471/476/476 543/481/481
f 543/481/481 471/476/476 542/482/482
f 542/482/482 471/476/476 541/483/483
f 541/483/483 471/476/476 540/484/484
f 540/484/484 471/476/476 539/485/485
f 539/485/485 471/476/476 538/486/486
f 538/486/486 471/476/476 536/487/487
f 538/486/486 536/487/487 537/488/488
f 536/487/487 471/476/476 535/489/489
f 535/489/489 471/476/476 472/490/490
f 535/489/489 472/490/490 534/491/491
f 534/491/491 472/490/490 533/492/492
f 533/492/492 472/490/490 473/493/493
f 533/492/492 473/493/493 532/494/494
f 532/494/494 473/493/493 531/495/495
f 531/495/495 473/493/493 530/496/496
f 530/496/496 473/493/493 529/497/497
f 529/497/497 473/493/493 528/498/498
f 528/498/498 473/493/493 527/499/499
f 527/499/499 473/493/493 526/500/500
f 526/500/500 473/493/493 525/501/501
f 525/501/501 473/493/493 510/502/502
f 525/501/501 510/502/502 524/503/503
f 524/503/503 510/502/502 511/504/504
f 524/503/503 511/504/504 523/505/505
f 523/505/505 511/504/504 522/506/506
f 522/506/506 511/504/504 521/507/507
f 521/507/507 511/504/504 512/508/508
f 521/507/507 512/508/508 520/509/509
f 520/509/509 512/508/508 519/510/510
f 519/510/510 512/508/508 513/511/511
f 519/510/510 513/511/511 518/512/512
f 518/512/512 513/511/511 517/513/513
f 517/513/513 513/511/511 516/514/514
f 516/514/514 513/511/511 515/515/515
f 515/515/515 513/511/511 514/516/516
f 474/517/517 508/518/518 473/493/493
f 473/493/493 508/518/518 509/519/519
f 473/493/493 509/519/519 510/502/502
f 6/520/520 506/521/521 474/517/517
f 474/517/517 506/521/521 507/522/522
f 474/517/517 507/522/522 508/518/518
f 475/523/523 476/524/524 6/520/520
f 6/520/520 476/524/524 477/525/525
f 6/520/520 477/525/525 478/526/526
f 478/526/526 479/527/527 6/520/520
f 6/520/520 479/527/527 480/528/528
f 6/520/520 480/528/528 481/529/529
f 481/529/529 482/530/530 6/520/520
f 6/520/520 482/530/530 483/531/531
f 6/520/520 483/531/531 484/532/532
f 484/532/532 485/533/533 6/520/520
f 6/520/520 485/533/533 486/534/534
f 6/520/520 486/534/534 487/535/535
f 487/535/535 488/536/536 6/520/520
f 6/520/520 488/536/536 489/537/537
f 6/520/520 489/537/537 490/538/538
f 490/538/538 491/539/539 6/520/520
f 6/520/520 491/539/539 492/540/540
f 6/520/520 492/540/540 493/541/541
f 493/541/541 494/542/542 6/520/520
f 6/520/520 494/542/542 495/543/543
f 6/520/520 495/543/543 496/544/544
f 496/544/544 497/545/545 6/520/520
f 6/520/520 497/545/545 498/546/546
f 6/520/520 498/546/546 499/547/547
f 499/547/547 500/548/548 6/520/520
f 6/520/520 500/548/548 501/549/549
f 6/520/520 501/549/549 502/550/550
f 502/550/550 503/551/551 6/520/520
f 6/520/520 503/551/551 504/552/552
f 6/520/520 504/552/552 505/553/553
f 505/553/553 506/521/521 6/520/520
f 548/554/554 549/555/555 625/556/556
f 625/556/556 549/555/555 624/557/557
f 624/557/557 549/555/555 623/558/558
f 623/558/558 549/555/555 622/559/559
f 622/559/559 549/555/555 621/560/560
f 621/560/560 549/555/555 620/561/561
f 620/561/561 549/555/555 619/562/562
f 619/562/562 549/555/555 618/563/563
f 618/563/563 549/555/555 617/564/564
f 617/564/564 549/555/555 616/565/565
f 616/565/565 549/555/555 614/566/566
f 616/565/565 614/566/566 615/567/567
f 614/566/566 549/555/555 613/568/568
f 613/568/568 549/555/555 550/569/569
f 613/568/568 550/569/569 612/570/570
f 612/570/570 550/569/569 611/571/571
f 611/571/571 550/569/569 551/572/572
f 611/571/571 551/572/572 610/573/573
f 610/573/573 551/572/572 609/574/574
f 609/574/574 551/572/572 608/575/575
f 608/575/575 551/572/572 607/576/576
f 607/576/576 551/572/572 606/577/577
f 606/577/577 551/572/572 605/578/578
f 605/578/578 551/572/572 604/579/579
f 604/579/579 551/572/572 603/580/580
f 603/580/580 551/572/572 588/581/581
f 603/580/580 588/581/581 602/582/582
f 602/582/582 588/581/581 589/583/583
f 602/582/582 589/583/583 601/584/584
f 601/584/584 589/583/583 600/585/585
f 600/585/585 589/583/583 599/586/586
f 599/586/586 589/583/583 590/587/587
f 599/586/586 590/587/587 598/588/588
f 598/588/588 590/587/587 597/589/589
f 597/589/589 590/587/587 591/590/590
f 597/589/589 591/590/590 596/591/591
f 596/591/591 591/590/590 595/592/592
f 595/592/592 591/590/590 594/593/593
f 594/593/593 591/590/590 593/594/594
f 593/594/594 591/590/590 592/595/595
f 552/596/596 586/597/597 551/572/572
f 551/572/572 586/597/597 587/598/598
f 551/572/572 587/598/598 588/581/581
f 6/599/599 584/600/600 552/596/596
f 552/596/596 584/600/600 585/601/601
f 552/596/596 585/601/601 586/597/597
f 553/602/602 554/603/603 6/599/599
f 6/599/599 554/603/603 555/604/604
f 6/599/599 555/604/604 556/605/605
f 556/605/605 557/606/606 6/599/599
f 6/599/599 557/606/606 558/607/607
f 6/599/599 558/607/607 559/608/608
f 559/608/608 560/609/609 6/599/599
f 6/599/599 560/609/609 561/610/610
f 6/599/599 561/610/610 562/611/611
f 562/611/611 563/612/612 6/599/599
f 6/599/599 563/612/612 564/613/613
f 6/599/599 564/613/613 565/614/614
f 565/614/614 566/615/615 6/599/599
f 6/599/599 566/615/615 567/616/616
f 6/599/599 567/616/616 568/617/617
f 568/617/617 569/618/618 6/599/599
f 6/599/599 569/618/618 570/619/619
f 6/599/599 570/619/619 571/620/620
f 571/620/620 572/621/621 6/599/599
f 6/599/599 572/621/621 573/622/622
f 6/599/599 573/622/622 574/623/623
f 574/623/623 575/624/624 6/599/599
f 6/599/599 575/624/624 576/625/625
f 6/599/599 576/625/625 577/626/626
f 577/626/626 578/627/627 6/599/599
f 6/599/599 578/627/627 579/628/628
f 6/599/599 579/628/628 580/629/629
f 580/629/629 581/630/630 6/599/599
f 6/599/599 581/630/630 582/631/631
f 6/599/599 582/631/631 583/632/632
f 583/632/632 584/600/600 6/599/599
f 626/633/633 627/634/634 703/635/635
f 703/635/635 627/634/634 702/636/636
f 702/636/636 627/634/634 701/637/637
f 701/637/637 627/634/634 700/638/638
f 700/638/638 627/634/634 699/639/639
f 699/639/639 627/634/634 698/640/640
f 698/640/640 627/634/634 697/641/641
f 697/641/641 627/634/634 696/642/642
f 696/642/642 627/634/634 695/643/643
f 695/643/643 627/634/634 694/644/644
f 694/644/644 627/634/634 692/645/645
f 694/644/644 692/645/645 693/646/646
f 692/645/645 627/634/634 691/647/647
f 691/647/647 627/634/634 628/648/648
f 691/647/647 628/648/648 690/649/649
f 690/649/649 628/648/648 689/650/650
f 689/650/650 628/648/648 629/651/651
f 689/650/650 629/651/651 688/652/652
f 688/652/652 629/651/651 687/653/653
f 687/653/653 629/651/651 686/654/654
f 686/654/654 629/651/651 685/655/655
f 685/655/655 629/651/651 684/656/656
f 684/656/656 629/651/651 683/657/657
f 683/657/657 629/651/651 682/658/658
f 682/658/658 629/651/651 681/659/659
f 681/659/659 629/651/651 666/660/660
f 681/659/659 666/660/660 680/661/661
f 680/661/661 666/660/660 667/662/662
f 680/661/661 667/662/662 679/663/663
f 679/663/663 667/662/662 678/664/664
f 678/664/664 667/662/662 677/665/665
f 677/665/665 667/662/662 668/666/666
f 677/665/665 668/666/666 676/667/667
f 676/667/667 668/666/666 675/668/668
f 675/668/668 668/666/666 669/669/669
f 675/668/668 669/669/669 674/670/670
f 674/670/670 669/669/669 673/671/671
f 673/671/671 669/669/669 672/672/672
f 672/672/672 669/669/669 671/673/673
f 671/673/673 669/669/669 670/674/674
f 630/675/675 664/676/676 629/651/651
f 629/651/651 664/676/676 665/677/677
f 629/651/651 665/677/677 666/660/660
f 6/678/678 662/679/679 630/675/675
f 630/675/675 662/679/679 663/680/680
f 630/675/675 663/680/680 664/676/676
f 631/681/681 632/682/682 6/678/678
f 6/678/678 632/682/682 633/683/683
f 6/678/678 633/683/683 634/684/684
f 634/684/684 635/685/685 6/678/678
f 6/678/678 635/685/685 636/686/686
f 6/678/678 636/686/686 637/687/687
f 637/687/687 638/688/688 6/678/678
f 6/678/678 638/688/688 639/689/689
f 6/678/678 639/689/689 640/690/690
f 640/690/690 641/691/691 6/678/678
f 6/678/678 641/691/691 642/692/692
f 6/678/678 642/692/692 643/693/693
f 643/693/693 644/694/694 6/678/678
f 6/678/678 644/694/694 645/695/695
f 6/678/678 645/695/695 646/696/696
f 646/696/696 647/697/697 6/678/678
f 6/678/678 647/697/697 648/698/698
f 6/678/678 648/698/698 649/699/699
f 649/699/699 650/700/700 6/678/678
f 6/678/678 650/700/700 651/701/701
f 6/678/678 651/701/701 652/702/702
f 652/702/702 653/703/703 6/678/678
f 6/678/678 653/703/703 654/704/704
f 6/678/678 654/704/704 655/705/705
f 655/705/705 656/706/706 6/678/678
f 6/678/678 656/706/706 657/707/707
f 6/678/678 657/707/707 658/708/708
f 658/708/708 659/709/709 6/678/678
f 6/678/678 659/709/709 660/710/710
f 6/678/678 660/710/710 661/711/711
f 661/711/711 662/679/679 6/678/678
f 704/712/712 705/713/713 781/714/714
f 781/714/714 705/713/713 780/715/715
f 780/715/715 705/713/713 779/716/716
f 779/716/716 705/713/713 778/717/717
f 778/717/717 705/713/713 777/718/718
f 777/718/718 705/713/713 776/719/719
f 776/719/719 705/713/713 775/720/720
f 775/720/720 705/713/713 774/721/721
f 774/721/721 705/713/713 773/722/722
f 773/722/722 705/713/713 772/723/723
f 772/723/723 705/713/713 770/724/724
f 772/723/723 770/724/724 771/725/725
f 770/724/724 705/713/713 769/726/726
f 769/726/726 705/713/713 706/727/727
f 769/726/726 706/727/727 768/728/728
f 768/728/728 706/727/727 767/729/729
f 767/729/729 706/727/727 707/730/730
f 767/729/729 707/730/730 766/731/731
f 766/731/731 707/730/730 765/732/732
f 765/732/732 707/730/730 764/733/733
f 764/733/733 707/730/730 763/734/734
f 763/734/734 707/730/730 762/735/735
f 762/735/735 707/730/730 761/736/736
f 761/736/736 707/730/730 760/737/737
f 760/737/737 707/730/730 759/738/738
f 759/738/738 707/730/730 744/739/739
f 759/738/738 744/739/739 758/740/740
f 758/740/740 744/739/739 745/741/741
f 758/740/740 745/741/741 757/742/742
f 757/742/742 745/741/741 756/743/743
f 756/743/743 745/741/741 755/744/744
f 755/744/744 745/741/741 746/745/745
f 755/744/744 746/745/745 754/746/746
f 754/746/746 746/745/745 753/747/747
f 753/747/747 746/745/745 747/748/748
f 753/747/747 747/748/748 752/749/749
f 752/749/749 747/748/748 751/750/750
f 751/750/750 747/748/748 750/751/751
f 750/751/751 747/748/748 749/752/752
f 749/752/752 747/748/748 748/753/753
f 708/754/754 742/755/755 707/730/730
f 707/730/730 742/755/755 743/756/756
f 707/730/730 743/756/756 744/739/739
f 6/757/757 740/758/758 708/754/754
f 708/754/754 740/758/758 741/759/759
f 708/754/754 741/759/759 742/755/755
f 709/760/760 710/761/761 6/757/757
f 6/757/757 710/761/761 711/762/762
f 6/757/757 711/762/762 712/763/763
f 712/763/763 713/764/764 6/757/757
f 6/757/757 713/764/764 714/765/765
f 6/757/757 714/765/765 715/766/766
f 715/766/766 716/767/767 6/757/757
f 6/757/757 716/767/767 717/768/768
f 6/757/757 717/768/768 718/769/769
f 718/769/769 719/770/770 6/757/757
f 6/757/757 719/770/770 720/771/771
f 6/757/757 720/771/771 721/772/772
f 721/772/772 722/773/773 6/757/757
f 6/757/757 722/773/773 723/774/774
f 6/757/757 723/774/774 724/775/775
f 724/775/775 725/776/776 6/757/757
f 6/757/757 725/776/776 726/777/777
f 6/757/757 726/777/777 727/778/778
f 727/778/778 728/779/779 6/757/757
f 6/757/757 728/779/779 729/780/780
f 6/757/757 729/780/780 730/781/781
f 730/781/781 731/782/782 6/757/757
f 6/757/757 731/782/782 732/783/783
f 6/757/757 732/783/783 733/784/784
f 733/784/784 734/785/785 6/757/757
f 6/757/757 734/785/785 735/786/786
f 6/757/757 735/786/786 736/787/787
f 736/787/787 737/788/788 6/757/757
f 6/757/757 737/788/788 738/789/789
f 6/757/757 738/789/789 739/790/790
f 739/790/790 740/758/758 6/757/757
f 782/791/791 783/792/792 859/793/793
f 859/793/793 783/792/792 858/794/794
f 858/794/794 783/792/792 857/795/795
f 857/795/795 783/792/792 856/796/796
f 856/796/796 783/792/792 855/797/797
f 855/797/797 783/792/792 854/798/798
f 854/798/798 783/792/792 853/799/799
f 853/799/799 783/792/792 852/800/800
f 852/800/800 783/792/792 851/801/801
f 851/801/801 783/792/792 850/802/802
f 850/802/802 783/792/792 848/803/803
f 850/802/802 848/803/803 849/804/804
f 848/803/803 783/792/792 847/805/805
f 847/805/805 783/792/792 784/806/806
f 847/805/805 784/806/806 846/807/807
f 846/807/807 784/806/806 845/808/808
f 845/808/808 784/806/806 785/809/809
f 845/808/808 785/809/809 844/810/810
f 844/810/810 785/809/809 843/811/811
f 843/811/811 785/809/809 842/812/812
f 842/812/812 785/809/809 841/813/813
f 841/813/813 785/809/809 840/814/814
f 840/814/814 785/809/809 839/815/815
f 839/815/815 785/809/809 838/816/816
f 838/816/816 785/809/809 837/817/817
f 837/817/817 785/809/809 822/818/818
f 837/817/817 822/818/818 836/819/819
f 836/819/819 822/818/818 823/820/820
f 836/819/819 823/820/820 835/821/821
f 835/821/821 823/820/820 834/822/822
f 834/822/822 823/820/820 833/823/823
f 833/823/823 823/820/820 824/824/824
f 833/823/823 824/824/824 832/825/825
f 832/825/825 824/824/824 831/826/826
f 831/826/826 824/824/824 825/827/827
f 831/826/826 825/827/827 830/828/828
f 830/828/828 825/827/827 829/829/829
f 829/829/829 825/827/827 828/830/830
f 828/830/830 825/827/827 827/831/831
f 827/831/831 825/827/827 826/832/832
f 786/833/833 820/834/834 785/809/809
f 785/809/809 820/834/834 821/835/835
f 785/809/809 821/835/835 822/818/818
f 6/836/836 818/837/837 786/833/833
f 786/833/833 818/837/837 819/838/838
f 786/833/833 819/838/838 820/834/834
f 787/839/839 788/840/840 6/836/836
f 6/836/836 788/840/840 789/841/841
f 6/836/836 789/841/841 790/842/842
f 790/842/842 791/843/843 6/836/836
f 6/836/836 791/843/843 792/844/844
f 6/836/836 792/844/844 793/845/845
f 793/845/845 794/846/846 6/836/836
f 6/836/836 794/846/846 795/847/847
f 6/836/836 795/847/847 796/848/848
f 796/848/848 797/849/849 6/836/836
f 6/836/836 797/849/849 798/850/850
f 6/836/836 798/850/850 799/851/851
f 799/851/851 800/852/852 6/836/836
f 6/836/836 800/852/852 801/853/853
f 6/836/836 801/853/853 802/854/854
f 802/854/854 803/855/855 6/836/836
f 6/836/836 803/855/855 804/856/856
f 6/836/836 804/856/856 805/857/857
f 805/857/857 806/858/858 6/836/836
f 6/836/836 806/858/858 807/859/859
f 6/836/836 807/859/859 808/860/860
f 808/860/860 809/861/861 6/836/836
f 6/836/836 809/861/861 810/862/862
f 6/836/836 810/862/862 811/863/863
f 811/863/863 812/864/864 6/836/836
f 6/836/836 812/864/864 813/865/865
f 6/836/836 813/865/865 814/866/866
f 814/866/866 815/867/867 6/836/836
f 6/836/836 815/867/867 816/868/868
f 6/836/836 816/868/868 817/869/869
f 817/869/869 818/837/837 6/836/836
f 860/870/870 861/871/871 937/872/872
f 937/872/872 861/871/871 936/873/873
f 936/873/873 861/871/871 935/874/874
f 935/874/874 861/871/871 934/875/875
f 934/875/875 861/871/871 933/876/876
f 933/876/876 861/871/871 932/877/877
f 932/877/877 861/871/871 931/878/878
f 931/878/878 861/871/871 930/879/879
f 930/879/879 861/871/871 929/880/880
f 929/880/880 861/871/871 928/881/881
f 928/881/881 861/871/871 926/882/882
f 928/881/881 926/882/882 927/883/883
f 926/882/882 861/871/871 925/884/884
f 925/884/884 861/871/871 862/885/885
f 925/884/884 862/885/885 924/886/886
f 924/886/886 862/885/885 923/887/887
f 923/887/887 862/885/885 863/888/888
f 923/887/887 863/888/888 922/889/889
f 922/889/889 863/888/888 921/890/890
f 921/890/890 863/888/888 920/891/891
f 920/891/891 863/888/888 919/892/892
f 919/892/892 863/888/888 918/893/893
f 918/893/893 863/888/888 917/894/894
f 917/894/894 863/888/888 916/895/895
f 916/895/895 863/888/888 915/896/896
f 915/896/896 863/888/888 900/897/897
f 915/896/896 900/897/897 914/898/898
f 914/898/898 900/897/897 901/899/899
f 914/898/898 901/899/899 913/900/900
f 913/900/900 901/899/899 912/901/901
f 912/901/901 901/899/899 911/902/902
f 911/902/902 901/899/899 902/903/903
f 911/902/902 902/903/903 910/904/904
f 910/904/904 902/903/903 909/905/905
f 909/905/905 902/903/903 903/906/906
f 909/905/905 903/906/906 908/907/907
f 908/907/907 903/906/906 907/908/908
f 907/908/908 903/906/906 906/909/909
f 906/909/909 903/906/906 905/910/910
f 905/910/910 903/906/906 904/911/911
f 864/912/912 898/913/913 863/888/888
f 863/888/888 898/913/913 899/914/914
f 863/888/888 899/914/914 900/897/897
f 6/915/915 896/916/916 864/912/912
f 864/912/912 896/916/916 897/917/917
f 864/912/912 897/917/917 898/913/913
f 865/918/918 866/919/919 6/915/915
f 6/915/915 866/919/919 867/920/920
f 6/915/915 867/920/920 868/921/921
f 868/921/921 869/922/922 6/915/915
f 6/915/915 869/922/922 870/923/923
f 6/915/915 870/923/923 871/924/924
f 871/924/924 872/925/925 6/915/915
f 6/915/915 872/925/925 873/926/926
f 6/915/915 873/926/926 874/927/927
f 874/927/927 875/928/928 6/915/915
f 6/915/915 875/928/928 876/929/929
f 6/915/915 876/929/929 877/930/930
f 877/930/930 878/931/931 6/915/915
f 6/915/915 878/931/931 879/932/932
f 6/915/915 879/932/932 880/933/933
f 880/933/933 881/934/934 6/915/915
f 6/915/915 881/934/934 882/935/935
f 6/915/915 882/935/935 883/936/936
f 883/936/936 884/937/937 6/915/915
f 6/915/915 884/937/937 885/938/938
f 6/915/915 885/938/938 886/939/939
f 886/939/939 887/940/940 6/915/915
f 6/915/915 887/940/940 888/941/941
f 6/915/915 888/941/941 889/942/942
f 889/942/942 890/943/943 6/915/915
f 6/915/915 890/943/943 891/944/944
f 6/915/915 891/944/944 892/945/945
f 892/945/945 893/946/946 6/915/915
f 6/915/915 893/946/946 894/947/947
f 6/915/915 894/947/947 895/948/948
f 895/948/948 896/916/916 6/915/915
f 938/949/949 939/950/950 1015/951/951
f 1015/951/951 939/950/950 1014/952/952
f 1014/952/952 939/950/950 1013/953/953
f 1013/953/953 939/950/950 1012/954/954
f 1012/954/954 939/950/950 1011/955/955
f 1011/955/955 939/950/950 1010/956/956
f 1010/956/956 939/950/950 1009/957/957
f 1009/957/957 939/950/950 1008/958/958
f 1008/958/958 939/950/950 1007/959/959
f 1007/959/959 939/950/950 1006/960/960
f 1006/960/960 939/950/950 1004/961/961
f 1006/960/960 1004/961/961 1005/962/962
f 1004/961/961 939/950/950 1003/963/963
f 1003/963/963 939/950/950 940/964/964
f 1003/963/963 940/964/964 1002/965/965
f 1002/965/965 940/964/964 1001/966/966
f 1001/966/966 940/964/964 941/967/967
f 1001/966/966 941/967/967 1000/968/968
f 1000/968/968 941/967/967 999/969/969
f 999/969/969 941/967/967 998/970/970
f 998/970/970 941/967/967 997/971/971
f 997/971/971 941/967/967 996/972/972
f 996/972/972 941/967/967 995/973/973
f 995/973/973 941/967/967 994/974/974
f 994/974/974 941/967/967 993/975/975
f 993/975/975 941/967/967 978/976/976
f 993/975/975 978/976/976 992/977/977
f 992/977/977 978/976/976 979/978/978
f 992/977/977 979/978/978 991/979/979
f 991/979/979 979/978/978 990/980/980
f 990/980/980 979/978/978 989/981/981
f 989/981/981 979/978/978 980/982/982
f 989/981/981 980/982/982 988/983/983
f 988/983/983 980/982/982 987/984/984
f 987/984/984 980/982/982 981/985/985
f 987/984/984 981/985/985 986/986/986
f 986/986/986 981/985/985 985/987/987
f 985/987/987 981/985/985 984/988/988
f 984/988/988 981/985/985 983/989/989
f 983/989/989 981/985/985 982/990/990
f 942/991/991 976/992/992 941/967/967
f 941/967/967 976/992/992 977/993/993
f 941/967/967 977/993/993 978/976/976
f 6/994/994 974/995/995 942/991/991
f 942/991/991 974/995/995 975/996/996
f 942/991/991 975/996/996 976/992/992
f 943/997/997 944/998/998 6/994/994
f 6/994/994 944/998/998 945/999/999
f 6/994/994 945/999/999 946/1000/1000
f 946/1000/1000 947/1001/1001 6/994/994
f 6/994/994 947/1001/1001 948/1002/1002
f 6/994/994 948/1002/1002 949/1003/1003
f 949/1003/1003 950/1004/1004 6/994/994
f 6/994/994 950/1004/1004 951/1005/1005
f 6/994/994 951/1005/1005 952/1006/1006
f 952/1006/1006 953/1007/1007 6/994/994
f 6/994/994 953/1007/1007 954/1008/1008
f 6/994/994 954/1008/1008 955/1009/1009
f 955/1009/1009 956/1010/1010 6/994/994
f 6/994/994 956/1010/1010 957/1011/1011
f 6/994/994 957/1011/1011 958/1012/1012
f 958/1012/1012 959/1013/1013 6/994/994
f 6/994/994 959/1013/1013 960/1014/1014
f 6/994/994 960/1014/1014 961/1015/1015
f 961/1015/1015 962/1016/1016 6/994/994
f 6/994/994 962/1016/1016 963/1017/1017
f 6/994/994 963/1017/1017 964/1018/1018
f 964/1018/1018 965/1019/1019 6/994/994
f 6/994/994 965/1019/1019 966/1020/1020
f 6/994/994 966/1020/1020 967/1021/1021
f 967/1021/1021 968/1022/1022 6/994/994
f 6/994/994 968/1022/1022 969/1023/1023
f 6/994/994 969/1023/1023 970/1024/1024
f 970/1024/1024 971/1025/1025 6/994/994
f 6/994/994 971/1025/1025 972/1026/1026
f 6/994/994 972/1026/1026 973/1027/1027
f 973/1027/1027 974/995/995 6/994/994
f 1016/1028/1028 1017/1029/1029 1093/1030/1030
f 1093/1030/1030 1017/1029/1029 1092/1031/1031
f 1092/1031/1031 1017/1029/1029 1091/1032/1032
f 1091/1032/1032 1017/1029/1029 1090/1033/1033
f 1090/1033/1033 1017/1029/1029 1089/1034/1034
f 1089/1034/1034 1017/1029/1029 1088/1035/1035
f 1088/1035/1035 1017/1029/1029 1087/1036/1036
f 1087/1036/1036 1017/1029/1029 1086/1037/1037
f 1086/1037/1037 1017/1029/1029 1085/1038/1038
f 1085/1038/1038 1017/1029/1029 1084/1039/1039
f 1084/1039/1039 1017/1029/1029 1082/1040/1040
f 1084/1039/1039 1082/1040/1040 1083/1041/1041
f 1082/1040/1040 1017/1029/1029 1081/1042/1042
f 1081/1042/1042 1017/1029/1029 1018/1043/1043
f 1081/1042/1042 1018/1043/1043 1080/1044/1044
f 1080/1044/1044 1018/1043/1043 1079/1045/1045
f 1079/1045/1045 1018/1043/1043 1019/1046/1046
f 1079/1045/1045 1019/1046/1046 1078/1047/1047
f 1078/1047/1047 1019/1046/1046 1077/1048/1048
f 1077/1048/1048 1019/1046/1046 1076/1049/1049
f 1076/1049/1049 1019/1046/1046 1075/1050/1050
f 1075/1050/1050 1019/1046/1046 1074/1051/1051
f 1074/1051/1051 1019/1046/1046 1073/1052/1052
f 1073/1052/1052 1019/1046/1046 1072/1053/1053
f 1072/1053/1053 1019/1046/1046 1071/1054/1054
f 1071/1054/1054 1019/1046/1046 1056/1055/1055
f 1071/1054/1054 1056/1055/1055 1070/1056/1056
f 1070/1056/1056 1056/1055/1055 1057/1057/1057
f 1070/1056/1056 1057/1057/1057 1069/1058/1058
f 1069/1058/1058 1057/1057/1057 1068/1059/1059
f 1068/1059/1059 1057/1057/1057 1067/1060/1060
f 1067/1060/1060 1057/1057/1057 1058/1061/1061
f 1067/1060/1060 1058/1061/1061 1066/1062/1062
f 1066/1062/1062 1058/1061/1061 1065/1063/1063
f 1065/1063/1063 1058/1061/1061 1059/1064/1064
f 1065/1063/1063 1059/1064/1064 1064/1065/1065
f 1064/1065/1065 1059/1064/1064 1063/1066/1066
f 1063/1066/1066 1059/1064/1064 1062/1067/1067
f 1062/1067/1067 1059/1064/1064 1061/1068/1068
f 1061/1068/1068 1059/1064/1064 1060/1069/1069
f 1020/1070/1070 1054/1071/1071 1019/1046/1046
f 1019/1046/1046 1054/1071/1071 1055/1072/1072
f 1019/1046/1046 1055/1072/1072 1056/1055/1055
f 6/1073/1073 1052/1074/1074 1020/1070/1070
f 1020/1070/1070 1052/1074/1074 1053/1075/1075
f 1020/1070/1070 1053/1075/1075 1054/1071/1071
f 1021/1076/1076 1022/1077/1077 6/1073/1073
f 6/1073/1073 1022/1077/1077 1023/1078/1078
f 6/1073/1073 1023/1078/1078 1024/1079/1079
f 1024/1079/1079 1025/1080/1080 6/1073/1073
f 6/1073/1073 1025/1080/1080 1026/1081/1081
f 6/1073/1073 1026/1081/1081 1027/1082/1082
f 1027/1082/1082 1028/1083/1083 6/1073/1073
f 6/1073/1073 1028/1083/1083 1029/1084/1084
f 6/1073/1073 1029/1084/1084 1030/1085/1085
f 1030/1085/1085 1031/1086/1086 6/1073/1073
f 6/1073/1073 1031/1086/1086 1032/1087/1087
f 6/1073/1073 1032/1087/1087 1033/1088/1088
f 1033/1088/1088 1034/1089/1089 6/1073/1073
f 6/1073/1073 1034/1089/1089 1035/1090/1090
f 6/1073/1073 1035/1090/1090 1036/1091/1091
f 1036/1091/1091 1037/1092/1092 6/1073/1073
f 6/1073/1073 1037/1092/1092 1038/1093/1093
f 6/1073/1073 1038/1093/1093 1039/1094/1094
f 1039/1094/1094 1040/1095/1095 6/1073/1073
f 6/1073/1073 1040/1095/1095 1041/1096/1096
f 6/1073/1073 1041/1096/1096 1042/1097/1097
f 1042/1097/1097 1043/1098/1098 6/1073/1073
f 6/1073/1073 1043/1098/1098 1044/1099/1099
f 6/1073/1073 1044/1099/1099 1045/1100/1100
f 1045/1100/1100 1046/1101/1101 6/1073/1073
f 6/1073/1073 1046/1101/1101 1047/1102/1102
f 6/1073/1073 1047/1102/1102 1048/1103/1103
f 1048/1103/1103 1049/1104/1104 6/1073/1073
f 6/1073/1073 1049/1104/1104 1050/1105/1105
f 6/1073/1073 1050/1105/1105 1051/1106/1106
f 1051/1106/1106 1052/1074/1074 6/1073/1073
f 1094/1107/1107 1137/1108/1108 864/1109/1109
f 864/1109/1109 1137/1108/1108 1138/1110/1110
f 864/1109/1109 1138/1110/1110 1139/1111/1111
f 1095/1112/1112 1112/1113/1113 1094/1107/1107
f 1094/1107/1107 1112/1113/1113 1113/1114/1114
f 1094/1107/1107 1113/1114/1114 1114/1115/1115
f 1096/1116/1116 1110/1117/1117 1095/1112/1112
f 1095/1112/1112 1110/1117/1117 1111/1118/1118
f 1095/1112/1112 1111/1118/1118 1112/1113/1113
f 1097/1119/1119 1098/1120/1120 1096/1116/1116
f 1096/1116/1116 1098/1120/1120 1099/1121/1121
f 1096/1116/1116 1099/1121/1121 1100/1122/1122
f 1100/1122/1122 1101/1123/1123 1096/1116/1116
f 1096/1116/1116 1101/1123/1123 1102/1124/1124
f 1096/1116/1116 1102/1124/1124 1103/1125/1125
f 1103/1125/1125 1104/1126/1126 1096/1116/1116
f 1096/1116/1116 1104/1126/1126 1105/1127/1127
f 1096/1116/1116 1105/1127/1127 1106/1128/1128
f 1106/1128/1128 1107/1129/1129 1096/1116/1116
f 1096/1116/1116 1107/1129/1129 1109/1130/1130
f 1096/1116/1116 1109/1130/1130 1110/1117/1117
f 1107/1129/1129 1108/1131/1131 1109/1130/1130
f 1114/1115/1115 1115/1132/1132 1094/1107/1107
f 1094/1107/1107 1115/1132/1132 1116/1133/1133
f 1094/1107/1107 1116/1133/1133 1117/1134/1134
f 1117/1134/1134 1118/1135/1135 1094/1107/1107
f 1094/1107/1107 1118/1135/1135 1119/1136/1136
f 1094/1107/1107 1119/1136/1136 1120/1137/1137
f 1094/1107/1107 1120/1137/1137 1135/1138/1138
f 1135/1138/1138 1120/1137/1137 1121/1139/1139
f 1135/1138/1138 1121/1139/1139 1134/1140/1140
f 1134/1140/1140 1121/1139/1139 1122/1141/1141
f 1134/1140/1140 1122/1141/1141 1123/1142/1142
f 1123/1142/1142 1124/1143/1143 1134/1140/1140
f 1134/1140/1140 1124/1143/1143 1133/1144/1144
f 1133/1144/1144 1124/1143/1143 1125/1145/1145
f 1133/1144/1144 1125/1145/1145 1126/1146/1146
f 1133/1144/1144 1126/1146/1146 1132/1147/1147
f 1132/1147/1147 1126/1146/1146 1127/1148/1148
f 1132/1147/1147 1127/1148/1148 1128/1149/1149
f 1128/1149/1149 1129/1150/1150 1132/1147/1147
f 1132/1147/1147 1129/1150/1150 1130/1151/1151
f 1132/1147/1147 1130/1151/1151 1131/1152/1152
f 1135/1138/1138 1136/1153/1153 1094/1107/1107
f 1094/1107/1107 1136/1153/1153 1137/1108/1108
f 864/1109/1109 1139/1111/1111 6/1154/1154
f 6/1154/1154 1139/1111/1111 1140/1155/1155
f 6/1154/1154 1140/1155/1155 1141/1156/1156
f 1141/1156/1156 1142/1157/1157 6/1154/1154
f 6/1154/1154 1142/1157/1157 1143/1158/1158
f 6/1154/1154 1143/1158/1158 1144/1159/1159
f 1144/1159/1159 1145/1160/1160 6/1154/1154
f 6/1154/1154 1145/1160/1160 1146/1161/1161
f 6/1154/1154 1146/1161/1161 1147/1162/1162
f 1147/1162/1162 1148/1163/1163 6/1154/1154
f 6/1154/1154 1148/1163/1163 1149/1164/1164
f 6/1154/1154 1149/1164/1164 1150/1165/1165
f 1150/1165/1165 1151/1166/1166 6/1154/1154
f 6/1154/1154 1151/1166/1166 1152/1167/1167
f 6/1154/1154 1152/1167/1167 1153/1168/1168
f 1153/1168/1168 1154/1169/1169 6/1154/1154
f 6/1154/1154 1154/1169/1169 1155/1170/1170
f 6/1154/1154 1155/1170/1170 1156/1171/1171
f 1156/1171/1171 1157/1172/1172 6/1154/1154
f 6/1154/1154 1157/1172/1172 1158/1173/1173
f 6/1154/1154 1158/1173/1173 1159/1174/1174
f 1159/1174/1174 1160/1175/1175 6/1154/1154
f 6/1154/1154 1160/1175/1175 1161/1176/1176
f 6/1154/1154 1161/1176/1176 1162/1177/1177
f 1162/1177/1177 1163/1178/1178 6/1154/1154
f 6/1154/1154 1163/1178/1178 1164/1179/1179
f 6/1154/1154 1164/1179/1179 1165/1180/1180
f 1165/1180/1180 1166/1181/1181 6/1154/1154
f 6/1154/1154 1166/1181/1181 1167/1182/1182
f 6/1154/1154 1167/1182/1182 1168/1183/1183
f 1168/1183/1183 1169/1184/1184 6/1154/1154
f 6/1154/1154 1169/1184/1184 1170/1185/1185
f 1171/1186/1186 1214/1187/1187 1020/1188/1188
f 1020/1188/1188 1214/1187/1187 1215/1189/1189
f 1020/1188/1188 1215/1189/1189 1216/1190/1190
f 1172/1191/1191 1189/1192/1192 1171/1186/1186
f 1171/1186/1186 1189/1192/1192 1190/1193/1193
f 1171/1186/1186 1190/1193/1193 1191/1194/1194
f 1173/1195/1195 1187/1196/1196 1172/1191/1191
f 1172/1191/1191 1187/1196/1196 1188/1197/1197
f 1172/1191/1191 1188/1197/1197 1189/1192/1192
f 1174/1198/1198 1175/1199/1199 1173/1195/1195
f 1173/1195/1195 1175/1199/1199 1176/1200/1200
f 1173/1195/1195 1176/1200/1200 1177/1201/1201
f 1177/1201/1201 1178/1202/1202 1173/1195/1195
f 1173/1195/1195 1178/1202/1202 1179/1203/1203
f 1173/1195/1195 1179/1203/1203 1180/1204/1204
f 1180/1204/1204 1181/1205/1205 1173/1195/1195
f 1173/1195/1195 1181/1205/1205 1182/1206/1206
f 1173/1195/1195 1182/1206/1206 1183/1207/1207
f 1183/1207/1207 1184/1208/1208 1173/1195/1195
f 1173/1195/1195 1184/1208/1208 1186/1209/1209
f 1173/1195/1195 1186/1209/1209 1187/1196/1196
f 1184/1208/1208 1185/1210/1210 1186/1209/1209
f 1191/1194/1194 1192/1211/1211 1171/1186/1186
f 1171/1186/1186 1192/1211/1211 1193/1212/1212
f 1171/1186/1186 1193/1212/1212 1194/1213/1213
f 1194/1213/1213 1195/1214/1214 1171/1186/1186
f 1171/1186/1186 1195/1214/1214 1196/1215/1215
f 1171/1186/1186 1196/1215/1215 1197/1216/1216
f 1171/1186/1186 1197/1216/1216 1212/1217/1217
f 1212/1217/1217 1197/1216/1216 1198/1218/1218
f 1212/1217/1217 1198/1218/1218 1211/1219/1219
f 1211/1219/1219 1198/1218/1218 1199/1220/1220
f 1211/1219/1219 1199/1220/1220 1200/1221/1221
f 1200/1221/1221 1201/1222/1222 1211/1219/1219
f 1211/1219/1219 1201/1222/1222 1210/1223/1223
f 1210/1223/1223 1201/1222/1222 1202/1224/1224
f 1210/1223/1223 1202/1224/1224 1203/1225/1225
f 1210/1223/1223 1203/1225/1225 1209/1226/1226
f 1209/1226/1226 1203/1225/1225 1204/1227/1227
f 1209/1226/1226 1204/1227/1227 1205/1228/1228
f 1205/1228/1228 1206/1229/1229 1209/1226/1226
f 1209/1226/1226 1206/1229/1229 1207/1230/1230
f 1209/1226/1226 1207/1230/1230 1208/1231/1231
f 1212/1217/1217 1213/1232/1232 1171/1186/1186
f 1171/1186/1186 1213/1232/1232 1214/1187/1187
f 1020/1188/1188 1216/1190/1190 6/1233/1233
f 6/1233/1233 1216/1190/1190 1217/1234/1234
f 6/1233/1233 1217/1234/1234 1218/1235/1235
f 1218/1235/1235 1219/1236/1236 6/1233/1233
f 6/1233/1233 1219/1236/1236 1220/1237/1237
f 6/1233/1233 1220/1237/1237 1221/1238/1238
f 1221/1238/1238 1222/1239/1239 6/1233/1233
f 6/1233/1233 1222/1239/1239 1223/1240/1240
f 6/1233/1233 1223/1240/1240 1224/1241/1241
f 1224/1241/1241 1225/1242/1242 6/1233/1233
f 6/1233/1233 1225/1242/1242 1226/1243/1243
f 6/1233/1233 1226/1243/1243 1227/1244/1244
f 1227/1244/1244 1228/1245/1245 6/1233/1233
f 6/1233/1233 1228/1245/1245 1229/1246/1246
f 6/1233/1233 1229/1246/1246 1230/1247/1247
f 1230/1247/1247 1231/1248/1248 6/1233/1233
f 6/1233/1233 1231/1248/1248 1232/1249/1249
f 6/1233/1233 1232/1249/1249 1233/1250/1250
f 1233/1250/1250 1234/1251/1251 6/1233/1233
f 6/1233/1233 1234/1251/1251 1235/1252/1252
f 6/1233/1233 1235/1252/1252 1236/1253/1253
f 1236/1253/1253 1237/1254/1254 6/1233/1233
f 6/1233/1233 1237/1254/1254 1238/1255/1255
f 6/1233/1233 1238/1255/1255 1239/1256/1256
f 1239/1256/1256 1240/1257/1257 6/1233/1233
f 6/1233/1233 1240/1257/1257 1241/1258/1258
f 6/1233/1233 1241/1258/1258 1242/1259/1259
f 1242/1259/1259 1243/1260/1260 6/1233/1233
f 6/1233/1233 1243/1260/1260 1244/1261/1261
f 6/1233/1233 1244/1261/1261 1245/1262/1262
f 1245/1262/1262 1246/1263/1263 6/1233/1233
f 6/1233/1233 1246/1263/1263 1247/1264/1264
f 1248/1265/1265 1291/1266/1266 708/1267/1267
f 708/1267/1267 1291/1266/1266 1292/1268/1268
f 708/1267/1267 1292/1268/1268 1293/1269/1269
f 1249/1270/1270 1266/1271/1271 1248/1265/1265
f 1248/1265/1265 1266/1271/1271 1267/1272/1272
f 1248/1265/1265 1267/1272/1272 1268/1273/1273
f 1250/1274/1274 1264/1275/1275 1249/1270/1270
f 1249/1270/1270 1264/1275/1275 1265/1276/1276
f 1249/1270/1270 1265/1276/1276 1266/1271/1271
f 1251/1277/1277 1252/1278/1278 1250/1274/1274
f 1250/1274/1274 1252/1278/1278 1253/1279/1279
f 1250/1274/1274 1253/1279/1279 1254/1280/1280
f 1254/1280/1280 1255/1281/1281 1250/1274/1274
f 1250/1274/1274 1255/1281/1281 1256/1282/1282
f 1250/1274/1274 1256/1282/1282 1257/1283/1283
f 1257/1283/1283 1258/1284/1284 1250/1274/1274
f 1250/1274/1274 1258/1284/1284 1259/1285/1285
f 1250/1274/1274 1259/1285/1285 1260/1286/1286
f 1260/1286/1286 1261/1287/1287 1250/1274/1274
f 1250/1274/1274 1261/1287/1287 1263/1288/1288
f 1250/1274/1274 1263/1288/1288 1264/1275/1275
f 1261/1287/1287 1262/1289/1289 1263/1288/1288
f 1268/1273/1273 1269/1290/1290 1248/1265/1265
f 1248/1265/1265 1269/1290/1290 1270/1291/1291
f 1248/1265/1265 1270/1291/1291 1271/1292/1292
f 1271/1292/1292 1272/1293/1293 1248/1265/1265
f 1248/1265/1265 1272/1293/1293 1273/1294/1294
f 1248/1265/1265 1273/1294/1294 1274/1295/1295
f 1248/1265/1265 1274/1295/1295 1289/1296/1296
f 1289/1296/1296 1274/1295/1295 1275/1297/1297
f 1289/1296/1296 1275/1297/1297 1288/1298/1298
f 1288/1298/1298 1275/1297/1297 1276/1299/1299
f 1288/1298/1298 1276/1299/1299 1277/1300/1300
f 1277/1300/1300 1278/1301/1301 1288/1298/1298
f 1288/1298/1298 1278/1301/1301 1287/1302/1302
f 1287/1302/1302 1278/1301/1301 1279/1303/1303
f 1287/1302/1302 1279/1303/1303 1280/1304/1304
f 1287/1302/1302 1280/1304/1304 1286/1305/1305
f 1286/1305/1305 1280/1304/1304 1281/1306/1306
f 1286/1305/1305 1281/1306/1306 1282/1307/1307
f 1282/1307/1307 1283/1308/1308 1286/1305/1305
f 1286/1305/1305 1283/1308/1308 1284/1309/1309
f 1286/1305/1305 1284/1309/1309 1285/1310/1310
f 1289/1296/1296 1290/1311/1311 1248/1265/1265
f 1248/1265/1265 1290/1311/1311 1291/1266/1266
f 708/1267/1267 1293/1269/1269 6/1312/1312
f 6/1312/1312 1293/1269/1269 1294/1313/1313
f 6/1312/1312 1294/1313/1313 1295/1314/1314
f 1295/1314/1314 1296/1315/1315 6/1312/1312
f 6/1312/1312 1296/1315/1315 1297/1316/1316
f 6/1312/1312 1297/1316/1316 1298/1317/1317
f 1298/1317/1317 1299/1318/1318 6/1312/1312
f 6/1312/1312 1299/1318/1318 1300/1319/1319
f 6/1312/1312 1300/1319/1319 1301/1320/1320
f 1301/1320/1320 1302/1321/1321 6/1312/1312
f 6/1312/1312 1302/1321/1321 1303/1322/1322
f 6/1312/1312 1303/1322/1322 1304/1323/1323
f 1304/1323/1323 1305/1324/1324 6/1312/1312
f 6/1312/1312 1305/1324/1324 1306/1325/1325
f 6/1312/1312 1306/1325/1325 1307/1326/1326
f 1307/1326/1326 1308/1327/1327 6/1312/1312
f 6/1312/1312 1308/1327/1327 1309/1328/1328
f 6/1312/1312 1309/1328/1328 1310/1329/1329
f 1310/1329/1329 1311/1330/1330 6/1312/1312
f 6/1312/1312 1311/1330/1330 1312/1331/1331
f 6/1312/1312 1312/1331/1331 1313/1332/1332
f 1313/1332/1332 1314/1333/1333 6/1312/1312
f 6/1312/1312 1314/1333/1333 1315/1334/1334
f 6/1312/1312 1315/1334/1334 1316/1335/1335
f 1316/1335/1335 1317/1336/1336 6/1312/1312
f 6/1312/1312 1317/1336/1336 1318/1337/1337
f 6/1312/1312 1318/1337/1337 1319/1338/1338
f 1319/1338/1338 1320/1339/1339 6/1312/1312
f 6/1312/1312 1320/1339/1339 1321/1340/1340
f 6/1312/1312 1321/1340/1340 1322/1341/1341
f 1322/1341/1341 1323/1342/1342 6/1312/1312
f 6/1312/1312 1323/1342/1342 1324/1343/1343
f 1325/1344/1344 1368/1345/1345 474/1346/1346
f 474/1346/1346 1368/1345/1345 1369/1347/1347
f 474/1346/1346 1369/1347/1347 1370/1348/1348
f 1326/1349/1349 1343/1350/1350 1325/1344/1344
f 1325/1344/1344 1343/1350/1350 1344/1351/1351
f 1325/1344/1344 1344/1351/1351 1345/1352/1352
f 1327/1353/1353 1341/1354/1354 1326/1349/1349
f 1326/1349/1349 1341/1354/1354 1342/1355/1355
f 1326/1349/1349 1342/1355/1355 1343/1350/1350
f 1328/1356/1356 1329/1357/1357 1327/1353/1353
f 1327/1353/1353 1329/1357/1357 1330/1358/1358
f 1327/1353/1353 1330/1358/1358 1331/1359/1359
f 1331/1359/1359 1332/1360/1360 1327/1353/1353
f 1327/1353/1353 1332/1360/1360 1333/1361/1361
f 1327/1353/1353 1333/1361/1361 1334/1362/1362
f 1334/1362/1362 1335/1363/1363 1327/1353/1353
f 1327/1353/1353 1335/1363/1363 1336/1364/1364
f 1327/1353/1353 1336/1364/1364 1337/1365/1365
f 1337/1365/1365 1338/1366/1366 1327/1353/1353
f 1327/1353/1353 1338/1366/1366 1340/1367/1367
f 1327/1353/1353 1340/1367/1367 1341/1354/1354
f 1338/1366/1366 1339/1368/1368 1340/1367/1367
f 1345/1352/1352 1346/1369/1369 1325/1344/1344
f 1325/1344/1344 1346/1369/1369 1347/1370/1370
f 1325/1344/1344 1347/1370/1370 1348/1371/1371
f 1348/1371/1371 1349/1372/1372 1325/1344/1344
f 1325/1344/1344 1349/1372/1372 1350/1373/1373
f 1325/1344/1344 1350/1373/1373 1351/1374/1374
f 1325/1344/1344 1351/1374/1374 1366/1375/1375
f 1366/1375/1375 1351/1374/1374 1352/1376/1376
f 1366/1375/1375 1352/1376/1376 1365/1377/1377
f 1365/1377/1377 1352/1376/1376 1353/1378/1378
f 1365/1377/1377 1353/1378/1378 1354/1379/1379
f 1354/1379/1379 1355/1380/1380 1365/1377/1377
f 1365/1377/1377 1355/1380/1380 1364/1381/1381
f 1364/1381/1381 1355/1380/1380 1356/1382/1382
f 1364/1381/1381 1356/1382/1382 1357/1383/1383
f 1364/1381/1381 1357/1383/1383 1363/1384/1384
f 1363/1384/1384 1357/1383/1383 1358/1385/1385
f 1363/1384/1384 1358/1385/1385 1359/1386/1386
f 1359/1386/1386 1360/1387/1387 1363/1384/1384
f 1363/1384/1384 1360/1387/1387 1361/1388/1388
f 1363/1384/1384 1361/1388/1388 1362/1389/1389
f 1366/1375/1375 1367/1390/1390 1325/1344/1344
f 1325/1344/1344 1367/1390/1390 1368/1345/1345
f 474/1346/1346 1370/1348/1348 6/1391/1391
f 6/1391/1391 1370/1348/1348 1371/1392/1392
f 6/1391/1391 1371/1392/1392 1372/1393/1393
f 1372/1393/1393 1373/1394/1394 6/1391/1391
f 6/1391/1391 1373/1394/1394 1374/1395/1395
f 6/1391/1391 1374/1395/1395 1375/1396/1396
f 1375/1396/1396 1376/1397/1397 6/1391/1391
f 6/1391/1391 1376/1397/1397 1377/1398/1398
f 6/1391/1391 1377/1398/1398 1378/1399/1399
f 1378/1399/1399 1379/1400/1400 6/1391/1391
f 6/1391/1391 1379/1400/1400 1380/1401/1401
f 6/1391/1391 1380/1401/1401 1381/1402/1402
f 1381/1402/1402 1382/1403/1403 6/1391/1391
f 6/1391/1391 1382/1403/1403 1383/1404/1404
f 6/1391/1391 1383/1404/1404 1384/1405/1405
f 1384/1405/1405 1385/1406/1406 6/1391/1391
f 6/1391/1391 1385/1406/1406 1386/1407/1407
f 6/1391/1391 1386/1407/1407 1387/1408/1408
f 1387/1408/1408 1388/1409/1409 6/1391/1391
f 6/1391/1391 1388/1409/1409 1389/1410/1410
f 6/1391/1391 1389/1410/1410 1390/1411/1411
f 1390/1411/1411 1391/1412/1412 6/1391/1391
f 6/1391/1391 1391/1412/1412 1392/1413/1413
f 6/1391/1391 1392/1413/1413 1393/1414/1414
f 1393/1414/1414 1394/1415/1415 6/1391/1391
f 6/1391/1391 1394/1415/1415 1395/1416/1416
f 6/1391/1391 1395/1416/1416 1396/1417/1417
f 1396/1417/1417 1397/1418/1418 6/1391/1391
f 6/1391/1391 1397/1418/1418 1398/1419/1419
f 6/1391/1391 1398/1419/1419 1399/1420/1420
f 1399/1420/1420 1400/1421/1421 6/1391/1391
f 6/1391/1391 1400/1421/1421 1401/1422/1422
f 1402/1423/1423 1445/1424/1424 396/1425/1425
f 396/1425/1425 1445/1424/1424 1446/1426/1426
f 396/1425/1425 1446/1426/1426 1447/1427/1427
f 1403/1428/1428 1420/1429/1429 1402/1423/1423
f 1402/1423/1423 1420/1429/1429 1421/1430/1430
f 1402/1423/1423 1421/1430/1430 1422/1431/1431
f 1404/1432/1432 1418/1433/1433 1403/1428/1428
f 1403/1428/1428 1418/1433/1433 1419/1434/1434
f 1403/1428/1428 1419/1434/1434 1420/1429/1429
f 1405/1435/1435 1406/1436/1436 1404/1432/1432
f 1404/1432/1432 1406/1436/1436 1407/1437/1437
f 1404/1432/1432 1407/1437/1437 1408/1438/1438
f 1408/1438/1438 1409/1439/1439 1404/1432/1432
f 1404/1432/1432 1409/1439/1439 1410/1440/1440
f 1404/1432/1432 1410/1440/1440 1411/1441/1441
f 1411/1441/1441 1412/1442/1442 1404/1432/1432
f 1404/1432/1432 1412/1442/1442 1413/1443/1443
f 1404/1432/1432 1413/1443/1443 1414/1444/1444
f 1414/1444/1444 1415/1445/1445 1404/1432/1432
f 1404/1432/1432 1415/1445/1445 1417/1446/1446
f 1404/1432/1432 1417/1446/1446 1418/1433/1433
f 1415/1445/1445 1416/1447/1447 1417/1446/1446
f 1422/1431/1431 1423/1448/1448 1402/1423/1423
f 1402/1423/1423 1423/1448/1448 1424/1449/1449
f 1402/1423/1423 1424/1449/1449 1425/1450/1450
f 1425/1450/1450 1426/1451/1451 1402/1423/1423
f 1402/1423/1423 1426/1451/1451 1427/1452/1452
f 1402/1423/1423 1427/1452/1452 1428/1453/1453
f 1402/1423/1423 1428/1453/1453 1443/1454/1454
f 1443/1454/1454 1428/1453/1453 1429/1455/1455
f 1443/1454/1454 1429/1455/1455 1442/1456/1456
f 1442/1456/1456 1429/1455/1455 1430/1457/1457
f 1442/1456/1456 1430/1457/1457 1431/1458/1458
f 1431/1458/1458 1432/1459/1459 1442/1456/1456
f 1442/1456/1456 1432/1459/1459 1441/1460/1460
f 1441/1460/1460 1432/1459/1459 1433/1461/1461
f 1441/1460/1460 1433/1461/1461 1434/1462/1462
f 1441/1460/1460 1434/1462/1462 1440/1463/1463
f 1440/1463/1463 1434/1462/1462 1435/1464/1464
f 1440/1463/1463 1435/1464/1464 1436/1465/1465
f 1436/1465/1465 1437/1466/1466 1440/1463/1463
f 1440/1463/1463 1437/1466/1466 1438/1467/1467
f 1440/1463/1463 1438/1467/1467 1439/1468/1468
f 1443/1454/1454 1444/1469/1469 1402/1423/1423
f 1402/1423/1423 1444/1469/1469 1445/1424/1424
f 396/1425/1425 1447/1427/1427 6/1470/1470
f 6/1470/1470 1447/1427/1427 1448/1471/1471
f 6/1470/1470 1448/1471/1471 1449/1472/1472
f 1449/1472/1472 1450/1473/1473 6/1470/1470
f 6/1470/1470 1450/1473/1473 1451/1474/1474
f 6/1470/1470 1451/1474/1474 1452/1475/1475
f 1452/1475/1475 1453/1476/1476 6/1470/1470
f 6/1470/1470 1453/1476/1476 1454/1477/1477
f 6/1470/1470 1454/1477/1477 1455/1478/1478
f 1455/1478/1478 1456/1479/1479 6/1470/1470
f 6/1470/1470 1456/1479/1479 1457/1480/1480
f 6/1470/1470 1457/1480/1480 1458/1481/1481
f 1458/1481/1481 1459/1482/1482 6/1470/1470
f 6/1470/1470 1459/1482/1482 1460/1483/1483
f 6/1470/1470 1460/1483/1483 1461/1484/1484
f 1461/1484/1484 1462/1485/1485 6/1470/1470
f 6/1470/1470 1462/1485/1485 1463/1486/1486
f 6/1470/1470 1463/1486/1486 1464/1487/1487
f 1464/1487/1487 1465/1488/1488 6/1470/1470
f 6/1470/1470 1465/1488/1488 1466/1489/1489
f 6/1470/1470 1466/1489/1489 1467/1490/1490
f 1467/1490/1490 1468/1491/1491 6/1470/1470
f 6/1470/1470 1468/1491/1491 1469/1492/1492
f 6/1470/1470 1469/1492/1492 1470/1493/1493
f 1470/1493/1493 1471/1494/1494 6/1470/1470
f 6/1470/1470 1471/1494/1494 1472/1495/1495
f 6/1470/1470 1472/1495/1495 1473/1496/1496
f 1473/1496/1496 1474/1497/1497 6/1470/1470
f 6/1470/1470 1474/1497/1497 1475/1498/1498
f 6/1470/1470 1475/1498/1498 1476/1499/1499
f 1476/1499/1499 1477/1500/1500 6/1470/1470
f 6/1470/1470 1477/1500/1500 1478/1501/1501
f 1479/1502/1502 1522/1503/1503 162/1504/1504
f 162/1504/1504 1522/1503/1503 1523/1505/1505
f 162/1504/1504 1523/1505/1505 1524/1506/1506
f 1480/1507/1507 1497/1508/1508 1479/1502/1502
f 1479/1502/1502 1497/1508/1508 1498/1509/1509
f 1479/1502/1502 1498/1509/1509 1499/1510/1510
f 1481/1511/1511 1495/1512/1512 1480/1507/1507
f 1480/1507/1507 1495/1512/1512 1496/1513/1513
f 1480/1507/1507 1496/1513/1513 1497/1508/1508
f 1482/1514/1514 1483/1515/1515 1481/1511/1511
f 1481/1511/1511 1483/1515/1515 1484/1516/1516
f 1481/1511/1511 1484/1516/1516 1485/1517/1517
f 1485/1517/1517 1486/1518/1518 1481/1511/1511
f 1481/1511/1511 1486/1518/1518 1487/1519/1519
f 1481/1511/1511 1487/1519/1519 1488/1520/1520
f 1488/1520/1520 1489/1521/1521 1481/1511/1511
f 1481/1511/1511 1489/1521/1521 1490/1522/1522
f 1481/1511/1511 1490/1522/1522 1491/1523/1523
f 1491/1523/1523 1492/1524/1524 1481/1511/1511
f 1481/1511/1511 1492/1524/1524 1494/1525/1525
f 1481/1511/1511 1494/1525/1525 1495/1512/1512
f 1492/1524/1524 1493/1526/1526 1494/1525/1525
f 1499/1510/1510 1500/1527/1527 1479/1502/1502
f 1479/1502/1502 1500/1527/1527 1501/1528/1528
f 1479/1502/1502 1501/1528/1528 1502/1529/1529
f 1502/1529/1529 1503/1530/1530 1479/1502/1502
f 1479/1502/1502 1503/1530/1530 1504/1531/1531
f 1479/1502/1502 1504/1531/1531 1505/1532/1532
f 1479/1502/1502 1505/1532/1532 1520/1533/1533
f 1520/1533/1533 1505/1532/1532 1506/1534/1534
f 1520/1533/1533 1506/1534/1534 1519/1535/1535
f 1519/1535/1535 1506/1534/1534 1507/1536/1536
f 1519/1535/1535 1507/1536/1536 1508/1537/1537
f 1508/1537/1537 1509/1538/1538 1519/1535/1535
f 1519/1535/1535 1509/1538/1538 1518/1539/1539
f 1518/1539/1539 1509/1538/1538 1510/1540/1540
f 1518/1539/1539 1510/1540/1540 1511/1541/1541
f 1518/1539/1539 1511/1541/1541 1517/1542/1542
f 1517/1542/1542 1511/1541/1541 1512/1543/1543
f 1517/1542/1542 1512/1543/1543 1513/1544/1544
f 1513/1544/1544 1514/1545/1545 1517/1542/1542
f 1517/1542/1542 1514/1545/1545 1515/1546/1546
f 1517/1542/1542 1515/1546/1546 1516/1547/1547
f 1520/1533/1533 1521/1548/1548 1479/1502/1502
f 1479/1502/1502 1521/1548/1548 1522/1503/1503
f 162/1504/1504 1524/1506/1506 6/1549/1549
f 6/1549/1549 1524/1506/1506 1525/1550/1550
f 6/1549/1549 1525/1550/1550 1526/1551/1551
f 1526/1551/1551 1527/1552/1552 6/1549/1549
f 6/1549/1549 1527/1552/1552 1528/1553/1553
f 6/1549/1549 1528/1553/1553 1529/1554/1554
f 1529/1554/1554 1530/1555/1555 6/1549/1549
f 6/1549/1549 1530/1555/1555 1531/1556/1556
f 6/1549/1549 1531/1556/1556 1532/1557/1557
f 1532/1557/1557 1533/1558/1558 6/1549/1549
f 6/1549/1549 1533/1558/1558 1534/1559/1559
f 6/1549/1549 1534/1559/1559 1535/1560/1560
f 1535/1560/1560 1536/1561/1561 6/1549/1549
f 6/1549/1549 1536/1561/1561 1537/1562/1562
f 6/1549/1549 1537/1562/1562 1538/1563/1563
f 1538/1563/1563 1539/1564/1564 6/1549/1549
f 6/1549/1549 1539/1564/1564 1540/1565/1565
f 6/1549/1549 1540/1565/1565 1541/1566/1566
f 1541/1566/1566 1542/1567/1567 6/1549/1549
f 6/1549/1549 1542/1567/1567 1543/1568/1568
f 6/1549/1549 1543/1568/1568 1544/1569/1569
f 1544/1569/1569 1545/1570/1570 6/1549/1549
f 6/1549/1549 1545/1570/1570 1546/1571/1571
f 6/1549/1549 1546/1571/1571 1547/1572/1572
f 1547/1572/1572 1548/1573/1573 6/1549/1549
f 6/1549/1549 1548/1573/1573 1549/1574/1574
f 6/1549/1549 1549/1574/1574 1550/1575/1575
f 1550/1575/1575 1551/1576/1576 6/1549/1549
f 6/1549/1549 1551/1576/1576 1552/1577/1577
f 6/1549/1549 1552/1577/1577 1553/1578/1578
f 1553/1578/1578 1554/1579/1579 6/1549/1549
f 6/1549/1549 1554/1579/1579 1555/1580/1580
f 1556/1581/1581 1599/1582/1582 84/1583/1583
f 84/1583/1583 1599/1582/1582 1600/1584/1584
f 84/1583/1583 1600/1584/1584 1601/1585/1585
f 1557/1586/1586 1574/1587/1587 1556/1581/1581
f 1556/1581/1581 1574/1587/1587 1575/1588/1588
f 1556/1581/1581 1575/1588/1588 1576/1589/1589
f 1558/1590/1590 1572/1591/1591 1557/1586/1586
f 1557/1586/1586 1572/1591/1591 1573/1592/1592
f 1557/1586/1586 1573/1592/1592 1574/1587/1587
f 1559/1593/1593 1560/1594/1594 1558/1590/1590
f 1558/1590/1590 1560/1594/1594 1561/1595/1595
f 1558/1590/1590 1561/1595/1595 1562/1596/1596
f 1562/1596/1596 1563/1597/1597 1558/1590/1590
f 1558/1590/1590 1563/1597/1597 1564/1598/1598
f 1558/1590/1590 1564/1598/1598 1565/1599/1599
f 1565/1599/1599 1566/1600/1600 1558/1590/1590
f 1558/1590/1590 1566/1600/1600 1567/1601/1601
f 1558/1590/1590 1567/1601/1601 1568/1602/1602
f 1568/1602/1602 1569/1603/1603 1558/1590/1590
f 1558/1590/1590 1569/1603/1603 1571/1604/1604
f 1558/1590/1590 1571/1604/1604 1572/1591/1591
f 1569/1603/1603 1570/1605/1605 1571/1604/1604
f 1576/1589/1589 1577/1606/1606 1556/1581/1581
f 1556/1581/1581 1577/1606/1606 1578/1607/1607
f 1556/1581/1581 1578/1607/1607 1579/1608/1608
f 1579/1608/1608 1580/1609/1609 1556/1581/1581
f 1556/1581/1581 1580/1609/1609 1581/1610/1610
f 1556/1581/1581 1581/1610/1610 1582/1611/1611
f 1556/1581/1581 1582/1611/1611 1597/1612/1612
f 1597/1612/1612 1582/1611/1611 1583/1613/1613
f 1597/1612/1612 1583/1613/1613 1596/1614/1614
f 1596/1614/1614 1583/1613/1613 1584/1615/1615
f 1596/1614/1614 1584/1615/1615 1585/1616/1616
f 1585/1616/1616 1586/1617/1617 1596/1614/1614
f 1596/1614/1614 1586/1617/1617 1595/1618/1618
f 1595/1618/1618 1586/1617/1617 1587/1619/1619
f 1595/1618/1618 1587/1619/1619 1588/1620/1620
f 1595/1618/1618 1588/1620/1620 1594/1621/1621
f 1594/1621/1621 1588/1620/1620 1589/1622/1622
f 1594/1621/1621 1589/1622/1622 1590/1623/1623
f 1590/1623/1623 1591/1624/1624 1594/1621/1621
f 1594/1621/1621 1591/1624/1624 1592/1625/1625
f 1594/1621/1621 1592/1625/1625 1593/1626/1626
f 1597/1612/1612 1598/1627/1627 1556/1581/1581
f 1556/1581/1581 1598/1627/1627 1599/1582/1582
f 84/1583/1583 1601/1585/1585 6/1628/1628
f 6/1628/1628 1601/1585/1585 1602/1629/1629
f 6/1628/1628 1602/1629/1629 1603/1630/1630
f 1603/1630/1630 1604/1631/1631 6/1628/1628
f 6/1628/1628 1604/1631/1631 1605/1632/1632
f 6/1628/1628 1605/1632/1632 1606/1633/1633
f 1606/1633/1633 1607/1634/1634 6/1628/1628
f 6/1628/1628 1607/1634/1634 1608/1635/1635
f 6/1628/1628 1608/1635/1635 1609/1636/1636
f 1609/1636/1636 1610/1637/1637 6/1628/1628
f 6/1628/1628 1610/1637/1637 1611/1638/1638
f 6/1628/1628 1611/1638/1638 1612/1639/1639
f 1612/1639/1639 1613/1640/1640 6/1628/1628
f 6/1628/1628 1613/1640/1640 1614/1641/1641
f 6/1628/1628 1614/1641/1641 1615/1642/1642
f 1615/1642/1642 1616/1643/1643 6/1628/1628
f 6/1628/1628 1616/1643/1643 1617/1644/1644
f 6/1628/1628 1617/1644/1644 1618/1645/1645
f 1618/1645/1645 1619/1646/1646 6/1628/1628
f 6/1628/1628 1619/1646/1646 1620/1647/1647
f 6/1628/1628 1620/1647/1647 1621/1648/1648
f 1621/1648/1648 1622/1649/1649 6/1628/1628
f 6/1628/1628 1622/1649/1649 1623/1650/1650
f 6/1628/1628 1623/1650/1650 1624/1651/1651
f 1624/1651/1651 1625/1652/1652 6/1628/1628
f 6/1628/1628 1625/1652/1652 1626/1653/1653
f 6/1628/1628 1626/1653/1653 1627/1654/1654
f 1627/1654/1654 1628/1655/1655 6/1628/1628
f 6/1628/1628 1628/1655/1655 1629/1656/1656
f 6/1628/1628 1629/1656/1656 1630/1657/1657
f 1630/1657/1657 1631/1658/1658 6/1628/1628
f 6/1628/1628 1631/1658/1658 1632/1659/1659
f 1633/1660/1660 1676/1661/1661 5/1662/1662
f 5/1662/1662 1676/1661/1661 1677/1663/1663
f 5/1662/1662 1677/1663/1663 1678/1664/1664
f 1634/1665/1665 1651/1666/1666 1633/1660/1660
f 1633/1660/1660 1651/1666/1666 1652/1667/1667
f 1633/1660/1660 1652/1667/1667 1653/1668/1668
f 1635/1669/1669 1649/1670/1670 1634/1665/1665
f 1634/1665/1665 1649/1670/1670 1650/1671/1671
f 1634/1665/1665 1650/1671/1671 1651/1666/1666
f 1636/1672/1672 1637/1673/1673 1635/1669/1669
f 1635/1669/1669 1637/1673/1673 1638/1674/1674
f 1635/1669/1669 1638/1674/1674 1639/1675/1675
f 1639/1675/1675 1640/1676/1676 1635/1669/1669
f 1635/1669/1669 1640/1676/1676 1641/1677/1677
f 1635/1669/1669 1641/1677/1677 1642/1678/1678
f 1642/1678/1678 1643/1679/1679 1635/1669/1669
f 1635/1669/1669 1643/1679/1679 1644/1680/1680
f 1635/1669/1669 1644/1680/1680 1645/1681/1681
f 1645/1681/1681 1646/1682/1682 1635/1669/1669
f 1635/1669/1669 1646/1682/1682 1648/1683/1683
f 1635/1669/1669 1648/1683/1683 1649/1670/1670
f 1646/1682/1682 1647/1684/1684 1648/1683/1683
f 1653/1668/1668 1654/1685/1685 1633/1660/1660
f 1633/1660/1660 1654/1685/1685 1655/1686/1686
f 1633/1660/1660 1655/1686/1686 1656/1687/1687
f 1656/1687/1687 1657/1688/1688 1633/1660/1660
f 1633/1660/1660 1657/1688/1688 1658/1689/1689
f 1633/1660/1660 1658/1689/1689 1659/1690/1690
f 1633/1660/1660 1659/1690/1690 1674/1691/1691
f 1674/1691/1691 1659/1690/1690 1660/1692/1692
f 1674/1691/1691 1660/1692/1692 1673/1693/1693
f 1673/1693/1693 1660/1692/1692 1661/1694/1694
f 1673/1693/1693 1661/1694/1694 1662/1695/1695
f 1662/1695/1695 1663/1696/1696 1673/1693/1693
f 1673/1693/1693 1663/1696/1696 1672/1697/1697
f 1672/1697/1697 1663/1696/1696 1664/1698/1698
f 1672/1697/1697 1664/1698/1698 1665/1699/1699
f 1672/1697/1697 1665/1699/1699 1671/1700/1700
f 1671/1700/1700 1665/1699/1699 1666/1701/1701
f 1671/1700/1700 1666/1701/1701 1667/1702/1702
f 1667/1702/1702 1668/1703/1703 1671/1700/1700
f 1671/1700/1700 1668/1703/1703 1669/1704/1704
f 1671/1700/1700 1669/1704/1704 1670/1705/1705
f 1674/1691/1691 1675/1706/1706 1633/1660/1660
f 1633/1660/1660 1675/1706/1706 1676/1661/1661
f 5/1662/1662 1678/1664/1664 6/1707/1707
f 6/1707/1707 1678/1664/1664 1679/1708/1708
f 6/1707/1707 1679/1708/1708 1680/1709/1709
f 1680/1709/1709 1681/1710/1710 6/1707/1707
f 6/1707/1707 1681/1710/1710 1682/1711/1711
f 6/1707/1707 1682/1711/1711 1683/1712/1712
f 1683/1712/1712 1684/1713/1713 6/1707/1707
f 6/1707/1707 1684/1713/1713 1685/1714/1714
f 6/1707/1707 1685/1714/1714 1686/1715/1715
f 1686/1715/1715 1687/1716/1716 6/1707/1707
f 6/1707/1707 1687/1716/1716 1688/1717/1717
f 6/1707/1707 1688/1717/1717 1689/1718/1718
f 1689/1718/1718 1690/1719/1719 6/1707/1707
f 6/1707/1707 1690/1719/1719 1691/1720/1720
f 6/1707/1707 1691/1720/1720 1692/1721/1721
f 1692/1721/1721 1693/1722/1722 6/1707/1707
f 6/1707/1707 1693/1722/1722 1694/1723/1723
f 6/1707/1707 1694/1723/1723 1695/1724/1724
f 1695/1724/1724 1696/1725/1725 6/1707/1707
f 6/1707/1707 1696/1725/1725 1697/1726/1726
f 6/1707/1707 1697/1726/1726 1698/1727/1727
f 1698/1727/1727 1699/1728/1728 6/1707/1707
f 6/1707/1707 1699/1728/1728 1700/1729/1729
f 6/1707/1707 1700/1729/1729 1701/1730/1730
f 1701/1730/1730 1702/1731/1731 6/1707/1707
f 6/1707/1707 1702/1731/1731 1703/1732/1732
f 6/1707/1707 1703/1732/1732 1704/1733/1733
f 1704/1733/1733 1705/1734/1734 6/1707/1707
f 6/1707/1707 1705/1734/1734 1706/1735/1735
f 6/1707/1707 1706/1735/1735 1707/1736/1736
f 1707/1736/1736 1708/1737/1737 6/1707/1707
f 6/1707/1707 1708/1737/1737 1709/1738/1738
f 1710/1739/1739 1753/1740/1740 240/1741/1741
f 240/1741/1741 1753/1740/1740 1754/1742/1742
f 240/1741/1741 1754/1742/1742 1755/1743/1743
f 1711/1744/1744 1728/1745/1745 1710/1739/1739
f 1710/1739/1739 1728/1745/1745 1729/1746/1746
f 1710/1739/1739 1729/1746/1746 1730/1747/1747
f 1712/1748/1748 1726/1749/1749 1711/1744/1744
f 1711/1744/1744 1726/1749/1749 1727/1750/1750
f 1711/1744/1744 1727/1750/1750 1728/1745/1745
f 1713/1751/1751 1714/1752/1752 1712/1748/1748
f 1712/1748/1748 1714/1752/1752 1715/1753/1753
f 1712/1748/1748 1715/1753/1753 1716/1754/1754
f 1716/1754/1754 1717/1755/1755 1712/1748/1748
f 1712/1748/1748 1717/1755/1755 1718/1756/1756
f 1712/1748/1748 1718/1756/1756 1719/1757/1757
f 1719/1757/1757 1720/1758/1758 1712/1748/1748
f 1712/1748/1748 1720/1758/1758 1721/1759/1759
f 1712/1748/1748 1721/1759/1759 1722/1760/1760
f 1722/1760/1760 1723/1761/1761 1712/1748/1748
f 1712/1748/1748 1723/1761/1761 1725/1762/1762
f 1712/1748/1748 1725/1762/1762 1726/1749/1749
f 1723/1761/1761 1724/1763/1763 1725/1762/1762
f 1730/1747/1747 1731/1764/1764 1710/1739/1739
f 1710/1739/1739 1731/1764/1764 1732/1765/1765
f 1710/1739/1739 1732/1765/1765 1733/1766/1766
f 1733/1766/1766 1734/1767/1767 1710/1739/1739
f 1710/1739/1739 1734/1767/1767 1735/1768/1768
f 1710/1739/1739 1735/1768/1768 1736/1769/1769
f 1710/1739/1739 1736/1769/1769 1751/1770/1770
f 1751/1770/1770 1736/1769/1769 1737/1771/1771
f 1751/1770/1770 1737/1771/1771 1750/1772/1772
f 1750/1772/1772 1737/1771/1771 1738/1773/1773
f 1750/1772/1772 1738/1773/1773 1739/1774/1774
f 1739/1774/1774 1740/1775/1775 1750/1772/1772
f 1750/1772/1772 1740/1775/1775 1749/1776/1776
f 1749/1776/1776 1740/1775/1775 1741/1777/1777
f 1749/1776/1776 1741/1777/1777 1742/1778/1778
f 1749/1776/1776 1742/1778/1778 1748/1779/1779
f 1748/1779/1779 1742/1778/1778 1743/1780/1780
f 1748/1779/1779 1743/1780/1780 1744/1781/1781
f 1744/1781/1781 1745/1782/1782 1748/1779/1779
f 1748/1779/1779 1745/1782/1782 1746/1783/1783
f 1748/1779/1779 1746/1783/1783 1747/1784/1784
f 1751/1770/1770 1752/1785/1785 1710/1739/1739
f 1710/1739/1739 1752/1785/1785 1753/1740/1740
f 240/1741/1741 1755/1743/1743 6/1786/1786
f 6/1786/1786 1755/1743/1743 1756/1787/1787
f 6/1786/1786 1756/1787/1787 1757/1788/1788
f 1757/1788/1788 1758/1789/1789 6/1786/1786
f 6/1786/1786 1758/1789/1789 1759/1790/1790
f 6/1786/1786 1759/1790/1790 1760/1791/1791
f 1760/1791/1791 1761/1792/1792 6/1786/1786
f 6/1786/1786 1761/1792/1792 1762/1793/1793
f 6/1786/1786 1762/1793/1793 1763/1794/1794
f 1763/1794/1794 1764/1795/1795 6/1786/1786
f 6/1786/1786 1764/1795/1795 1765/1796/1796
f 6/1786/1786 1765/1796/1796 1766/1797/1797
f 1766/1797/1797 1767/1798/1798 6/1786/1786
f 6/1786/1786 1767/1798/1798 1768/1799/1799
f 6/1786/1786 1768/1799/1799 1769/1800/1800
f 1769/1800/1800 1770/1801/1801 6/1786/1786
f 6/1786/1786 1770/1801/1801 1771/1802/1802
f 6/1786/1786 1771/1802/1802 1772/1803/1803
f 1772/1803/1803 1773/1804/1804 6/1786/1786
f 6/1786/1786 1773/1804/1804 1774/1805/1805
f 6/1786/1786 1774/1805/1805 1775/1806/1806
f 1775/1806/1806 1776/1807/1807 6/1786/1786
f 6/1786/1786 1776/1807/1807 1777/1808/1808
f 6/1786/1786 1777/1808/1808 1778/1809/1809
f 1778/1809/1809 1779/1810/1810 6/1786/1786
f 6/1786/1786 1779/1810/1810 1780/1811/1811
f 6/1786/1786 1780/1811/1811 1781/1812/1812
f 1781/1812/1812 1782/1813/1813 6/1786/1786
f 6/1786/1786 1782/1813/1813 1783/1814/1814
f 6/1786/1786 1783/1814/1814 1784/1815/1815
f 1784/1815/1815 1785/1816/1816 6/1786/1786
f 6/1786/1786 1785/1816/1816 1786/1817/1817
f 1787/1818/1818 1830/1819/1819 318/1820/1820
f 318/1820/1820 1830/1819/1819 1831/1821/1821
f 318/1820/1820 1831/1821/1821 1832/1822/1822
f 1788/1823/1823 1805/1824/1824 1787/1818/1818
f 1787/1818/1818 1805/1824/1824 1806/1825/1825
f 1787/1818/1818 1806/1825/1825 1807/1826/1826
f 1789/1827/1827 1803/1828/1828 1788/1823/1823
f 1788/1823/1823 1803/1828/1828 1804/1829/1829
f 1788/1823/1823 1804/1829/1829 1805/1824/1824
f 1790/1830/1830 1791/1831/1831 1789/1827/1827
f 1789/1827/1827 1791/1831/1831 1792/1832/1832
f 1789/1827/1827 1792/1832/1832 1793/1833/1833
f 1793/1833/1833 1794/1834/1834 1789/1827/1827
f 1789/1827/1827 1794/1834/1834 1795/1835/1835
f 1789/1827/1827 1795/1835/1835 1796/1836/1836
f 1796/1836/1836 1797/1837/1837 1789/1827/1827
f 1789/1827/1827 1797/1837/1837 1798/1838/1838
f 1789/1827/1827 1798/1838/1838 1799/1839/1839
f 1799/1839/1839 1800/1840/1840 1789/1827/1827
f 1789/1827/1827 1800/1840/1840 1802/1841/1841
f 1789/1827/1827 1802/1841/1841 1803/1828/1828
f 1800/1840/1840 1801/1842/1842 1802/1841/1841
f 1807/1826/1826 1808/1843/1843 1787/1818/1818
f 1787/1818/1818 1808/1843/1843 1809/1844/1844
f 1787/1818/1818 1809/1844/1844 1810/1845/1845
f 1810/1845/1845 1811/1846/1846 1787/1818/1818
f 1787/1818/1818 1811/1846/1846 1812/1847/1847
f 1787/1818/1818 1812/1847/1847 1813/1848/1848
f 1787/1818/1818 1813/1848/1848 1828/1849/1849
f 1828/1849/1849 1813/1848/1848 1814/1850/1850
f 1828/1849/1849 1814/1850/1850 1827/1851/1851
f 1827/1851/1851 1814/1850/1850 1815/1852/1852
f 1827/1851/1851 1815/1852/1852 1816/1853/1853
f 1816/1853/1853 1817/1854/1854 1827/1851/1851
f 1827/1851/1851 1817/1854/1854 1826/1855/1855
f 1826/1855/1855 1817/1854/1854 1818/1856/1856
f 1826/1855/1855 1818/1856/1856 1819/1857/1857
f 1826/1855/1855 1819/1857/1857 1825/1858/1858
f 1825/1858/1858 1819/1857/1857 1820/1859/1859
f 1825/1858/1858 1820/1859/1859 1821/1860/1860
f 1821/1860/1860 1822/1861/1861 1825/1858/1858
f 1825/1858/1858 1822/1861/1861 1823/1862/1862
f 1825/1858/1858 1823/1862/1862 1824/1863/1863
f 1828/1849/1849 1829/1864/1864 1787/1818/1818
f 1787/1818/1818 1829/1864/1864 1830/1819/1819
f 318/1820/1820 1832/1822/1822 6/1865/1865
f 6/1865/1865 1832/1822/1822 1833/1866/1866
f 6/1865/1865 1833/1866/1866 1834/1867/1867
f 1834/1867/1867 1835/1868/1868 6/1865/1865
f 6/1865/1865 1835/1868/1868 1836/1869/1869
f 6/1865/1865 1836/1869/1869 1837/1870/1870
f 1837/1870/1870 1838/1871/1871 6/1865/1865
f 6/1865/1865 1838/1871/1871 1839/1872/1872
f 6/1865/1865 1839/1872/1872 1840/1873/1873
f 1840/1873/1873 1841/1874/1874 6/1865/1865
f 6/1865/1865 1841/1874/1874 1842/1875/1875
f 6/1865/1865 1842/1875/1875 1843/1876/1876
f 1843/1876/1876 1844/1877/1877 6/1865/1865
f 6/1865/1865 1844/1877/1877 1845/1878/1878
f 6/1865/1865 1845/1878/1878 1846/1879/1879
f 1846/1879/1879 1847/1880/1880 6/1865/1865
f 6/1865/1865 1847/1880/1880 1848/1881/1881
f 6/1865/1865 1848/1881/1881 1849/1882/1882
f 1849/1882/1882 1850/1883/1883 6/1865/1865
f 6/1865/1865 1850/1883/1883 1851/1884/1884
f 6/1865/1865 1851/1884/1884 1852/1885/1885
f 1852/1885/1885 1853/1886/1886 6/1865/1865
f 6/1865/1865 1853/1886/1886 1854/1887/1887
f 6/1865/1865 1854/1887/1887 1855/1888/1888
f 1855/1888/1888 1856/1889/1889 6/1865/1865
f 6/1865/1865 1856/1889/1889 1857/1890/1890
f 6/1865/1865 1857/1890/1890 1858/1891/1891
f 1858/1891/1891 1859/1892/1892 6/1865/1865
f 6/1865/1865 1859/1892/1892 1860/1893/1893
f 6/1865/1865 1860/1893/1893 1861/1894/1894
f 1861/1894/1894 1862/1895/1895 6/1865/1865
f 6/1865/1865 1862/1895/1895 1863/1896/1896
f 1864/1897/1897 1907/1898/1898 552/1899/1899
f 552/1899/1899 1907/1898/1898 1908/1900/1900
f 552/1899/1899 1908/1900/1900 1909/1901/1901
f 1865/1902/1902 1882/1903/1903 1864/1897/1897
f 1864/1897/1897 1882/1903/1903 1883/1904/1904
f 1864/1897/1897 1883/1904/1904 1884/1905/1905
f 1866/1906/1906 1880/1907/1907 1865/1902/1902
f 1865/1902/1902 1880/1907/1907 1881/1908/1908
f 1865/1902/1902 1881/1908/1908 1882/1903/1903
f 1867/1909/1909 1868/1910/1910 1866/1906/1906
f 1866/1906/1906 1868/1910/1910 1869/1911/1911
f 1866/1906/1906 1869/1911/1911 1870/1912/1912
f 1870/1912/1912 1871/1913/1913 1866/1906/1906
f 1866/1906/1906 1871/1913/1913 1872/1914/1914
f 1866/1906/1906 1872/1914/1914 1873/1915/1915
f 1873/1915/1915 1874/1916/1916 1866/1906/1906
f 1866/1906/1906 1874/1916/1916 1875/1917/1917
f 1866/1906/1906 1875/1917/1917 1876/1918/1918
f 1876/1918/1918 1877/1919/1919 1866/1906/1906
f 1866/1906/1906 1877/1919/1919 1879/1920/1920
f 1866/1906/1906 1879/1920/1920 1880/1907/1907
f 1877/1919/1919 1878/1921/1921 1879/1920/1920
f 1884/1905/1905 1885/1922/1922 1864/1897/1897
f 1864/1897/1897 1885/1922/1922 1886/1923/1923
f 1864/1897/1897 1886/1923/1923 1887/1924/1924
f 1887/1924/1924 1888/1925/1925 1864/1897/1897
f 1864/1897/1897 1888/1925/1925 1889/1926/1926
f 1864/1897/1897 1889/1926/1926 1890/1927/1927
f 1864/1897/1897 1890/1927/1927 1905/1928/1928
f 1905/1928/1928 1890/1927/1927 1891/1929/1929
f 1905/1928/1928 1891/1929/1929 1904/1930/1930
f 1904/1930/1930 1891/1929/1929 1892/1931/1931
f 1904/1930/1930 1892/1931/1931 1893/1932/1932
f 1893/1932/1932 1894/1933/1933 1904/1930/1930
f 1904/1930/1930 1894/1933/1933 1903/1934/1934
f 1903/1934/1934 1894/1933/1933 1895/1935/1935
f 1903/1934/1934 1895/1935/1935 1896/1936/1936
f 1903/1934/1934 1896/1936/1936 1902/1937/1937
f 1902/1937/1937 1896/1936/1936 1897/1938/1938
f 1902/1937/1937 1897/1938/1938 1898/1939/1939
f 1898/1939/1939 1899/1940/1940 1902/1937/1937
f 1902/1937/1937 1899/1940/1940 1900/1941/1941
f 1902/1937/1937 1900/1941/1941 1901/1942/1942
f 1905/1928/1928 1906/1943/1943 1864/1897/1897
f 1864/1897/1897 1906/1943/1943 1907/1898/1898
f 552/1899/1899 1909/1901/1901 6/1944/1944
f 6/1944/1944 1909/1901/1901 1910/1945/1945
f 6/1944/1944 1910/1945/1945 1911/1946/1946
f 1911/1946/1946 1912/1947/1947 6/1944/1944
f 6/1944/1944 1912/1947/1947 1913/1948/1948
f 6/1944/1944 1913/1948/1948 1914/1949/1949
f 1914/1949/1949 1915/1950/1950 6/1944/1944
f 6/1944/1944 1915/1950/1950 1916/1951/1951
f 6/1944/1944 1916/1951/1951 1917/1952/1952
f 1917/1952/1952 1918/1953/1953 6/1944/1944
f 6/1944/1944 1918/1953/1953 1919/1954/1954
f 6/1944/1944 1919/1954/1954 1920/1955/1955
f 1920/1955/1955 1921/1956/1956 6/1944/1944
f 6/1944/1944 1921/1956/1956 1922/1957/1957
f 6/1944/1944 1922/1957/1957 1923/1958/1958
f 1923/1958/1958 1924/1959/1959 6/1944/1944
f 6/1944/1944 1924/1959/1959 1925/1960/1960
f 6/1944/1944 1925/1960/1960 1926/1961/1961
f 1926/1961/1961 1927/1962/1962 6/1944/1944
f 6/1944/1944 1927/1962/1962 1928/1963/1963
f 6/1944/1944 1928/1963/1963 1929/1964/1964
f 1929/1964/1964 1930/1965/1965 6/1944/1944
f 6/1944/1944 1930/1965/1965 1931/1966/1966
f 6/1944/1944 1931/1966/1966 1932/1967/1967
f 1932/1967/1967 1933/1968/1968 6/1944/1944
f 6/1944/1944 1933/1968/1968 1934/1969/1969
f 6/1944/1944 1934/1969/1969 1935/1970/1970
f 1935/1970/1970 1936/1971/1971 6/1944/1944
f 6/1944/1944 1936/1971/1971 1937/1972/1972
f 6/1944/1944 1937/1972/1972 1938/1973/1973
f 1938/1973/1973 1939/1974/1974 6/1944/1944
f 6/1944/1944 1939/1974/1974 1940/1975/1975
f 1941/1976/1976 1984/1977/1977 630/1978/1978
f 630/1978/1978 1984/1977/1977 1985/1979/1979
f 630/1978/1978 1985/1979/1979 1986/1980/1980
f 1942/1981/1981 1959/1982/1982 1941/1976/1976
f 1941/1976/1976 1959/1982/1982 1960/1983/1983
f 1941/1976/1976 1960/1983/1983 1961/1984/1984
f 1943/1985/1985 1957/1986/1986 1942/1981/1981
f 1942/1981/1981 1957/1986/1986 1958/1987/1987
f 1942/1981/1981 1958/1987/1987 1959/1982/1982
f 1944/1988/1988 1945/1989/1989 1943/1985/1985
f 1943/1985/1985 1945/1989/1989 1946/1990/1990
f 1943/1985/1985 1946/1990/1990 1947/1991/1991
f 1947/1991/1991 1948/1992/1992 1943/1985/1985
f 1943/1985/1985 1948/1992/1992 1949/1993/1993
f 1943/1985/1985 1949/1993/1993 1950/1994/1994
f 1950/1994/1994 1951/1995/1995 1943/1985/1985
f 1943/1985/1985 1951/1995/1995 1952/1996/1996
f 1943/1985/1985 1952/1996/1996 1953/1997/1997
f 1953/1997/1997 1954/1998/1998 1943/1985/1985
f 1943/1985/1985 1954/1998/1998 1956/1999/1999
f 1943/1985/1985 1956/1999/1999 1957/1986/1986
f 1954/1998/1998 1955/2000/2000 1956/1999/1999
f 1961/1984/1984 1962/2001/2001 1941/1976/1976
f 1941/1976/1976 1962/2001/2001 1963/2002/2002
f 1941/1976/1976 1963/2002/2002 1964/2003/2003
f 1964/2003/2003 1965/2004/2004 1941/1976/1976
f 1941/1976/1976 1965/2004/2004 1966/2005/2005
f 1941/1976/1976 1966/2005/2005 1967/2006/2006
f 1941/1976/1976 1967/2006/2006 1982/2007/2007
f 1982/2007/2007 1967/2006/2006 1968/2008/2008
f 1982/2007/2007 1968/2008/2008 1981/2009/2009
f 1981/2009/2009 1968/2008/2008 1969/2010/2010
f 1981/2009/2009 1969/2010/2010 1970/2011/2011
f 1970/2011/2011 1971/2012/2012 1981/2009/2009
f 1981/2009/2009 1971/2012/2012 1980/2013/2013
f 1980/2013/2013 1971/2012/2012 1972/2014/2014
f 1980/2013/2013 1972/2014/2014 1973/2015/2015
f 1980/2013/2013 1973/2015/2015 1979/2016/2016
f 1979/2016/2016 1973/2015/2015 1974/2017/2017
f 1979/2016/2016 1974/2017/2017 1975/2018/2018
f 1975/2018/2018 1976/2019/2019 1979/2016/2016
f 1979/2016/2016 1976/2019/2019 1977/2020/2020
f 1979/2016/2016 1977/2020/2020 1978/2021/2021
f 1982/2007/2007 1983/2022/2022 1941/1976/1976
f 1941/1976/1976 1983/2022/2022 1984/1977/1977
f 630/1978/1978 1986/1980/1980 6/2023/2023
f 6/2023/2023 1986/1980/1980 1987/2024/2024
f 6/2023/2023 1987/2024/2024 1988/2025/2025
f 1988/2025/2025 1989/2026/2026 6/2023/2023
f 6/2023/2023 1989/2026/2026 1990/2027/2027
f 6/2023/2023 1990/2027/2027 1991/2028/2028
f 1991/2028/2028 1992/2029/2029 6/2023/2023
f 6/2023/2023 1992/2029/2029 1993/2030/2030
f 6/2023/2023 1993/2030/2030 1994/2031/2031
f 1994/2031/2031 1995/2032/2032 6/2023/2023
f 6/2023/2023 1995/2032/2032 1996/2033/2033
f 6/2023/2023 1996/2033/2033 1997/2034/2034
f 1997/2034/2034 1998/2035/2035 6/2023/2023
f 6/2023/2023 1998/2035/2035 1999/2036/2036
f 6/2023/2023 1999/2036/2036 2000/2037/2037
f 2000/2037/2037 2001/2038/2038 6/2023/2023
f 6/2023/2023 2001/2038/2038 2002/2039/2039
f 6/2023/2023 2002/2039/2039 2003/2040/2040
f 2003/2040/2040 2004/2041/2041 6/2023/2023
f 6/2023/2023 2004/2041/2041 2005/2042/2042
f 6/2023/2023 2005/2042/2042 2006/2043/2043
f 2006/2043/2043 2007/2044/2044 6/2023/2023
f 6/2023/2023 2007/2044/2044 2008/2045/2045
f 6/2023/2023 2008/2045/2045 2009/2046/2046
f 2009/2046/2046 2010/2047/2047 6/2023/2023
f 6/2023/2023 2010/2047/2047 2011/2048/2048
f 6/2023/2023 2011/2048/2048 2012/2049/2049
f 2012/2049/2049 2013/2050/2050 6/2023/2023
f 6/2023/2023 2013/2050/2050 2014/2051/2051
f 6/2023/2023 2014/2051/2051 2015/2052/2052
f 2015/2052/2052 2016/2053/2053 6/2023/2023
f 6/2023/2023 2016/2053/2053 2017/2054/2054
f 2018/2055/2055 2061/2056/2056 786/2057/2057
f 786/2057/2057 2061/2056/2056 2062/2058/2058
f 786/2057/2057 2062/2058/2058 2063/2059/2059
f 2019/2060/2060 2036/2061/2061 2018/2055/2055
f 2018/2055/2055 2036/2061/2061 2037/2062/2062
f 2018/2055/2055 2037/2062/2062 2038/2063/2063
f 2020/2064/2064 2034/2065/2065 2019/2060/2060
f 2019/2060/2060 2034/2065/2065 2035/2066/2066
f 2019/2060/2060 2035/2066/2066 2036/2061/2061
f 2021/2067/2067 2022/2068/2068 2020/2064/2064
f 2020/2064/2064 2022/2068/2068 2023/2069/2069
f 2020/2064/2064 2023/2069/2069 2024/2070/2070
f 2024/2070/2070 2025/2071/2071 2020/2064/2064
f 2020/2064/2064 2025/2071/2071 2026/2072/2072
f 2020/2064/2064 2026/2072/2072 2027/2073/2073
f 2027/2073/2073 2028/2074/2074 2020/2064/2064
f 2020/2064/2064 2028/2074/2074 2029/2075/2075
f 2020/2064/2064 2029/2075/2075 2030/2076/2076
f 2030/2076/2076 2031/2077/2077 2020/2064/2064
f 2020/2064/2064 2031/2077/2077 2033/2078/2078
f 2020/2064/2064 2033/2078/2078 2034/2065/2065
f 2031/2077/2077 2032/2079/2079 2033/2078/2078
f 2038/2063/2063 2039/2080/2080 2018/2055/2055
f 2018/2055/2055 2039/2080/2080 2040/2081/2081
f 2018/2055/2055 2040/2081/2081 2041/2082/2082
f 2041/2082/2082 2042/2083/2083 2018/2055/2055
f 2018/2055/2055 2042/2083/2083 2043/2084/2084
f 2018/2055/2055 2043/2084/2084 2044/2085/2085
f 2018/2055/2055 2044/2085/2085 2059/2086/2086
f 2059/2086/2086 2044/2085/2085 2045/2087/2087
f 2059/2086/2086 2045/2087/2087 2058/2088/2088
f 2058/2088/2088 2045/2087/2087 2046/2089/2089
f 2058/2088/2088 2046/2089/2089 2047/2090/2090
f 2047/2090/2090 2048/2091/2091 2058/2088/2088
f 2058/2088/2088 2048/2091/2091 2057/2092/2092
f 2057/2092/2092 2048/2091/2091 2049/2093/2093
f 2057/2092/2092 2049/2093/2093 2050/2094/2094
f 2057/2092/2092 2050/2094/2094 2056/2095/2095
f 2056/2095/2095 2050/2094/2094 2051/2096/2096
f 2056/2095/2095 2051/2096/2096 2052/2097/2097
f 2052/2097/2097 2053/2098/2098 2056/2095/2095
f 2056/2095/2095 2053/2098/2098 2054/2099/2099
f 2056/2095/2095 2054/2099/2099 2055/2100/2100
f 2059/2086/2086 2060/2101/2101 2018/2055/2055
f 2018/2055/2055 2060/2101/2101 2061/2056/2056
f 786/2057/2057 2063/2059/2059 6/2102/2102
f 6/2102/2102 2063/2059/2059 2064/2103/2103
f 6/2102/2102 2064/2103/2103 2065/2104/2104
f 2065/2104/2104 2066/2105/2105 6/2102/2102
f 6/2102/2102 2066/2105/2105 2067/2106/2106
f 6/2102/2102 2067/2106/2106 2068/2107/2107
f 2068/2107/2107 2069/2108/2108 6/2102/2102
f 6/2102/2102 2069/2108/2108 2070/2109/2109
f 6/2102/2102 2070/2109/2109 2071/2110/2110
f 2071/2110/2110 2072/2111/2111 6/2102/2102
f 6/2102/2102 2072/2111/2111 2073/2112/2112
f 6/2102/2102 2073/2112/2112 2074/2113/2113
f 2074/2113/2113 2075/2114/2114 6/2102/2102
f 6/2102/2102 2075/2114/2114 2076/2115/2115
f 6/2102/2102 2076/2115/2115 2077/2116/2116
f 2077/2116/2116 2078/2117/2117 6/2102/2102
f 6/2102/2102 2078/2117/2117 2079/2118/2118
f 6/2102/2102 2079/2118/2118 2080/2119/2119
f 2080/2119/2119 2081/2120/2120 6/2102/2102
f 6/2102/2102 2081/2120/2120 2082/2121/2121
f 6/2102/2102 2082/2121/2121 2083/2122/2122
f 2083/2122/2122 2084/2123/2123 6/2102/2102
f 6/2102/2102 2084/2123/2123 2085/2124/2124
f 6/2102/2102 2085/2124/2124 2086/2125/2125
f 2086/2125/2125 2087/2126/2126 6/2102/2102
f 6/2102/2102 2087/2126/2126 2088/2127/2127
f 6/2102/2102 2088/2127/2127 2089/2128/2128
f 2089/2128/2128 2090/2129/2129 6/2102/2102
f 6/2102/2102 2090/2129/2129 2091/2130/2130
f 6/2102/2102 2091/2130/2130 2092/2131/2131
f 2092/2131/2131 2093/2132/2132 6/2102/2102
f 6/2102/2102 2093/2132/2132 2094/2133/2133
f 2095/2134/2134 2138/2135/2135 942/2136/2136
f 942/2136/2136 2138/2135/2135 2139/2137/2137
f 942/2136/2136 2139/2137/2137 2140/2138/2138
f 2096/2139/2139 2113/2140/2140 2095/2134/2134
f 2095/2134/2134 2113/2140/2140 2114/2141/2141
f 2095/2134/2134 2114/2141/2141 2115/2142/2142
f 2097/2143/2143 2111/2144/2144 2096/2139/2139
f 2096/2139/2139 2111/2144/2144 2112/2145/2145
f 2096/2139/2139 2112/2145/2145 2113/2140/2140
f 2098/2146/2146 2099/2147/2147 2097/2143/2143
f 2097/2143/2143 2099/2147/2147 2100/2148/2148
f 2097/2143/2143 2100/2148/2148 2101/2149/2149
f 2101/2149/2149 2102/2150/2150 2097/2143/2143
f 2097/2143/2143 2102/2150/2150 2103/2151/2151
f 2097/2143/2143 2103/2151/2151 2104/2152/2152
f 2104/2152/2152 2105/2153/2153 2097/2143/2143
f 2097/2143/2143 2105/2153/2153 2106/2154/2154
f 2097/2143/2143 2106/2154/2154 2107/2155/2155
f 2107/2155/2155 2108/2156/2156 2097/2143/2143
f 2097/2143/2143 2108/2156/2156 2110/2157/2157
f 2097/2143/2143 2110/2157/2157 2111/2144/2144
f 2108/2156/2156 2109/2158/2158 2110/2157/2157
f 2115/2142/2142 2116/2159/2159 2095/2134/2134
f 2095/2134/2134 2116/2159/2159 2117/2160/2160
f 2095/2134/2134 2117/2160/2160 2118/2161/2161
f 2118/2161/2161 2119/2162/2162 2095/2134/2134
f 2095/2134/2134 2119/2162/2162 2120/2163/2163
f 2095/2134/2134 2120/2163/2163 2121/2164/2164
f 2095/2134/2134 2121/2164/2164 2136/2165/2165
f 2136/2165/2165 2121/2164/2164 2122/2166/2166
f 2136/2165/2165 2122/2166/2166 2135/2167/2167
f 2135/2167/2167 2122/2166/2166 2123/2168/2168
f 2135/2167/2167 2123/2168/2168 2124/2169/2169
f 2124/2169/2169 2125/2170/2170 2135/2167/2167
f 2135/2167/2167 2125/2170/2170 2134/2171/2171
f 2134/2171/2171 2125/2170/2170 2126/2172/2172
f 2134/2171/2171 2126/2172/2172 2127/2173/2173
f 2134/2171/2171 2127/2173/2173 2133/2174/2174
f 2133/2174/2174 2127/2173/2173 2128/2175/2175
f 2133/2174/2174 2128/2175/2175 2129/2176/2176
f 2129/2176/2176 2130/2177/2177 2133/2174/2174
f 2133/2174/2174 2130/2177/2177 2131/2178/2178
f 2133/2174/2174 2131/2178/2178 2132/2179/2179
f 2136/2165/2165 2137/2180/2180 2095/2134/2134
f 2095/2134/2134 2137/2180/2180 2138/2135/2135
f 942/2136/2136 2140/2138/2138 6/2181/2181
f 6/2181/2181 2140/2138/2138 2141/2182/2182
f 6/2181/2181 2141/2182/2182 2142/2183/2183
f 2142/2183/2183 2143/2184/2184 6/2181/2181
f 6/2181/2181 2143/2184/2184 2144/2185/2185
f 6/2181/2181 2144/2185/2185 2145/2186/2186
f 2145/2186/2186 2146/2187/2187 6/2181/2181
f 6/2181/2181 2146/2187/2187 2147/2188/2188
f 6/2181/2181 2147/2188/2188 2148/2189/2189
f 2148/2189/2189 2149/2190/2190 6/2181/2181
f 6/2181/2181 2149/2190/2190 2150/2191/2191
f 6/2181/2181 2150/2191/2191 2151/2192/2192
f 2151/2192/2192 2152/2193/2193 6/2181/2181
f 6/2181/2181 2152/2193/2193 2153/2194/2194
f 6/2181/2181 2153/2194/2194 2154/2195/2195
f 2154/2195/2195 2155/2196/2196 6/2181/2181
f 6/2181/2181 2155/2196/2196 2156/2197/2197
f 6/2181/2181 2156/2197/2197 2157/2198/2198
f 2157/2198/2198 2158/2199/2199 6/2181/2181
f 6/2181/2181 2158/2199/2199 2159/2200/2200
f 6/2181/2181 2159/2200/2200 2160/2201/2201
f 2160/2201/2201 2161/2202/2202 6/2181/2181
f 6/2181/2181 2161/2202/2202 2162/2203/2203
f 6/2181/2181 2162/2203/2203 2163/2204/2204
f 2163/2204/2204 2164/2205/2205 6/2181/2181
f 6/2181/2181 2164/2205/2205 2165/2206/2206
f 6/2181/2181 2165/2206/2206 2166/2207/2207
f 2166/2207/2207 2167/2208/2208 6/2181/2181
f 6/2181/2181 2167/2208/2208 2168/2209/2209
f 6/2181/2181 2168/2209/2209 2169/2210/2210
f 2169/2210/2210 2170/2211/2211 6/2181/2181
f 6/2181/2181 2170/2211/2211 2171/2212/2212
f 2171/2213/2213 2172/2214/2214 6/2215/2215
f 6/2215/2215 2172/2214/2214 2173/2216/2216
f 2173/2216/2216 1021/2217/2217 6/2218/2218
f 865/2219/2219 6/2220/2220 2176/2221/2221
f 2174/2222/2222 2175/2223/2223 6/2224/2224
f 6/2224/2224 2175/2223/2223 2176/2221/2221
f 709/2225/2225 6/2226/2226 2178/2227/2227
f 1170/2228/2228 2177/2229/2229 6/2230/2230
f 6/2230/2230 2177/2229/2229 2178/2227/2227
f 2094/2231/2231 2179/2232/2232 6/2233/2233
f 6/2233/2233 2179/2232/2232 2180/2234/2234
f 2180/2234/2234 943/2235/2235 6/2236/2236
f 1247/2237/2237 2181/2238/2238 6/2239/2239
f 6/2239/2239 2181/2238/2238 2182/2240/2240
f 2182/2240/2240 2183/2241/2241 6/2242/2242
f 2017/2243/2243 2184/2244/2244 6/2245/2245
f 6/2245/2245 2184/2244/2244 2185/2246/2246
f 2185/2246/2246 787/2247/2247 6/2248/2248
f 475/2249/2249 6/2250/2250 2187/2251/2251
f 1324/2252/2252 2186/2253/2253 6/2254/2254
f 6/2254/2254 2186/2253/2253 2187/2251/2251
f 1940/2255/2255 2188/2256/2256 6/2257/2257
f 6/2257/2257 2188/2256/2256 2189/2258/2258
f 2189/2258/2258 631/2259/2259 6/2260/2260
f 397/2261/2261 6/2262/2262 2191/2263/2263
f 1401/2264/2264 2190/2265/2265 6/2266/2266
f 6/2266/2266 2190/2265/2265 2191/2263/2263
f 1863/2267/2267 2192/2268/2268 6/2269/2269
f 6/2269/2269 2192/2268/2268 2193/2270/2270
f 2193/2270/2270 553/2271/2271 6/2272/2272
f 85/2273/2273 6/2274/2274 2195/2275/2275
f 1555/2276/2276 2194/2277/2277 6/2278/2278
f 6/2278/2278 2194/2277/2277 2195/2275/2275
f 163/2279/2279 6/2280/2280 2197/2281/2281
f 1478/2282/2282 2196/2283/2283 6/2284/2284
f 6/2284/2284 2196/2283/2283 2197/2281/2281
f 1786/2285/2285 2198/2286/2286 6/2287/2287
f 6/2287/2287 2198/2286/2286 2199/2288/2288
f 2199/2288/2288 319/2289/2289 6/2290/2290
f 1632/2291/2291 2200/2292/2292 6/2293/2293
f 6/2293/2293 2200/2292/2292 2201/2294/2294
f 2201/2294/2294 7/2295/2295 6/2296/2296
f 2203/2297/2297 2487/2298/2298 2202/2299/2299
f 2202/2299/2299 2487/2298/2298 2483/2300/2300
f 2202/2299/2299 2483/2300/2300 2488/2301/2301
f 2488/2301/2301 2483/2300/2300 2484/2302/2302
f 2488/2301/2301 2484/2302/2302 2386/2303/2303
f 2386/2303/2303 2484/2302/2302 2670/2304/2304
f 2386/2303/2303 2670/2304/2304 2385/2305/2305
f 2385/2305/2305 2670/2304/2304 2485/2306/2306
f 2385/2305/2305 2485/2306/2306 2669/2307/2307
f 2669/2307/2307 2485/2306/2306 1636/2308/2308
f 2669/2307/2307 1636/2308/2308 2384/2309/2309
f 2384/2309/2309 1636/2308/2308 2668/2310/2310
f 2384/2309/2309 2668/2310/2310 2383/2311/2311
f 2383/2311/2311 2668/2310/2310 1635/2312/2312
f 2383/2311/2311 1635/2312/2312 2667/2313/2313
f 2667/2313/2313 1635/2312/2312 1634/2314/2314
f 2667/2313/2313 1634/2314/2314 2382/2315/2315
f 2382/2315/2315 1634/2314/2314 2666/2316/2316
f 2382/2315/2315 2666/2316/2316 2381/2317/2317
f 2381/2317/2317 2666/2316/2316 5/2318/2318
f 2381/2317/2317 5/2318/2318 2665/2319/2319
f 2665/2319/2319 5/2318/2318 4/2320/2320
f 2665/2319/2319 4/2320/2320 2380/2321/2321
f 2380/2321/2321 4/2320/2320 2664/2322/2322
f 2380/2321/2321 2664/2322/2322 2379/2323/2323
f 2379/2323/2323 2664/2322/2322 2/2324/2324
f 2379/2323/2323 2/2324/2324 2663/2325/2325
f 2663/2325/2325 2/2324/2324 1/2326/2326
f 2663/2325/2325 1/2326/2326 2378/2327/2327
f 2378/2327/2327 1/2326/2326 2662/2328/2328
f 2378/2327/2327 2662/2328/2328 2377/2329/2329
f 2377/2329/2329 2662/2328/2328 2387/2330/2330
f 2377/2329/2329 2387/2330/2330 2661/2331/2331
f 2661/2331/2331 2387/2330/2330 2388/2332/2332
f 2661/2331/2331 2388/2332/2332 2376/2333/2333
f 2376/2333/2333 2388/2332/2332 2660/2334/2334
f 2376/2333/2333 2660/2334/2334 2375/2335/2335
f 2375/2335/2335 2660/2334/2334 2389/2336/2336
f 2375/2335/2335 2389/2336/2336 2659/2337/2337
f 2659/2337/2337 2389/2336/2336 2390/2338/2338
f 2659/2337/2337 2390/2338/2338 2374/2339/2339
f 2374/2339/2339 2390/2338/2338 2658/2340/2340
f 2374/2339/2339 2658/2340/2340 2373/2341/2341
f 2373/2341/2341 2658/2340/2340 2391/2342/2342
f 2373/2341/2341 2391/2342/2342 2657/2343/2343
f 2657/2343/2343 2391/2342/2342 2392/2344/2344
f 2657/2343/2343 2392/2344/2344 2372/2345/2345
f 2372/2345/2345 2392/2344/2344 2656/2346/2346
f 2372/2345/2345 2656/2346/2346 2371/2347/2347
f 2371/2347/2347 2656/2346/2346 1559/2348/2348
f 2371/2347/2347 1559/2348/2348 2655/2349/2349
f 2655/2349/2349 1559/2348/2348 1558/2350/2350
f 2655/2349/2349 1558/2350/2350 1557/2351/2351
f 2204/2352/2352 2501/2353/2353 2203/2297/2297
f 2203/2297/2297 2501/2353/2353 2481/2354/2354
f 2203/2297/2297 2481/2354/2354 2487/2298/2298
f 2487/2298/2298 2481/2354/2354 2482/2355/2355
f 2487/2298/2298 2482/2355/2355 2483/2300/2300
f 2205/2356/2356 2502/2357/2357 2204/2352/2352
f 2204/2352/2352 2502/2357/2357 2480/2358/2358
f 2204/2352/2352 2480/2358/2358 2501/2353/2353
f 2501/2353/2353 2480/2358/2358 2481/2354/2354
f 2206/2359/2359 2503/2360/2360 2205/2356/2356
f 2205/2356/2356 2503/2360/2360 236/2361/2361
f 2205/2356/2356 236/2361/2361 2502/2357/2357
f 2502/2357/2357 236/2361/2361 2480/2358/2358
f 2207/2362/2362 2504/2363/2363 2206/2359/2359
f 2206/2359/2359 2504/2363/2363 237/2364/2364
f 2206/2359/2359 237/2364/2364 2503/2360/2360
f 2503/2360/2360 237/2364/2364 236/2361/2361
f 2208/2365/2365 2505/2366/2366 2207/2362/2362
f 2207/2362/2362 2505/2366/2366 238/2367/2367
f 2207/2362/2362 238/2367/2367 2504/2363/2363
f 2504/2363/2363 238/2367/2367 237/2364/2364
f 2209/2368/2368 2506/2369/2369 2208/2365/2365
f 2208/2365/2365 2506/2369/2369 240/2370/2370
f 2208/2365/2365 240/2370/2370 2505/2366/2366
f 2505/2366/2366 240/2370/2370 239/2371/2371
f 2505/2366/2366 239/2371/2371 238/2367/2367
f 2210/2372/2372 2507/2373/2373 2209/2368/2368
f 2209/2368/2368 2507/2373/2373 1710/2374/2374
f 2209/2368/2368 1710/2374/2374 2506/2369/2369
f 2506/2369/2369 1710/2374/2374 240/2370/2370
f 2211/2375/2375 2508/2376/2376 2210/2372/2372
f 2210/2372/2372 2508/2376/2376 1712/2377/2377
f 2210/2372/2372 1712/2377/2377 2507/2373/2373
f 2507/2373/2373 1712/2377/2377 1711/2378/2378
f 2507/2373/2373 1711/2378/2378 1710/2374/2374
f 2212/2379/2379 2509/2380/2380 2211/2375/2375
f 2211/2375/2375 2509/2380/2380 1713/2381/2381
f 2211/2375/2375 1713/2381/2381 2508/2376/2376
f 2508/2376/2376 1713/2381/2381 1712/2377/2377
f 2213/2382/2382 2510/2383/2383 2212/2379/2379
f 2212/2379/2379 2510/2383/2383 2479/2384/2384
f 2212/2379/2379 2479/2384/2384 2509/2380/2380
f 2509/2380/2380 2479/2384/2384 1713/2381/2381
f 2214/2385/2385 2511/2386/2386 2213/2382/2382
f 2213/2382/2382 2511/2386/2386 2478/2387/2387
f 2213/2382/2382 2478/2387/2387 2510/2383/2383
f 2510/2383/2383 2478/2387/2387 2479/2384/2384
f 2215/2388/2388 2512/2389/2389 2214/2385/2385
f 2214/2385/2385 2512/2389/2389 2477/2390/2390
f 2214/2385/2385 2477/2390/2390 2511/2386/2386
f 2511/2386/2386 2477/2390/2390 2478/2387/2387
f 2216/2391/2391 2513/2392/2392 2215/2388/2388
f 2215/2388/2388 2513/2392/2392 2476/2393/2393
f 2215/2388/2388 2476/2393/2393 2512/2389/2389
f 2512/2389/2389 2476/2393/2393 2477/2390/2390
f 2217/2394/2394 2514/2395/2395 2216/2391/2391
f 2216/2391/2391 2514/2395/2395 2475/2396/2396
f 2216/2391/2391 2475/2396/2396 2513/2392/2392
f 2513/2392/2392 2475/2396/2396 2476/2393/2393
f 2218/2397/2397 2515/2398/2398 2217/2394/2394
f 2217/2394/2394 2515/2398/2398 2474/2399/2399
f 2217/2394/2394 2474/2399/2399 2514/2395/2395
f 2514/2395/2395 2474/2399/2399 2475/2396/2396
f 2219/2400/2400 2516/2401/2401 2218/2397/2397
f 2218/2397/2397 2516/2401/2401 314/2402/2402
f 2218/2397/2397 314/2402/2402 2515/2398/2398
f 2515/2398/2398 314/2402/2402 2474/2399/2399
f 2220/2403/2403 2517/2404/2404 2219/2400/2400
f 2219/2400/2400 2517/2404/2404 316/2405/2405
f 2219/2400/2400 316/2405/2405 2516/2401/2401
f 2516/2401/2401 316/2405/2405 315/2406/2406
f 2516/2401/2401 315/2406/2406 314/2402/2402
f 2221/2407/2407 2489/2408/2408 2220/2403/2403
f 2220/2403/2403 2489/2408/2408 317/2409/2409
f 2220/2403/2403 317/2409/2409 2517/2404/2404
f 2517/2404/2404 317/2409/2409 316/2405/2405
f 2222/2410/2410 2518/2411/2411 2221/2407/2407
f 2221/2407/2407 2518/2411/2411 1787/2412/2412
f 2221/2407/2407 1787/2412/2412 2489/2408/2408
f 2489/2408/2408 1787/2412/2412 318/2413/2413
f 2489/2408/2408 318/2413/2413 317/2409/2409
f 2223/2414/2414 2519/2415/2415 2222/2410/2410
f 2222/2410/2410 2519/2415/2415 1788/2416/2416
f 2222/2410/2410 1788/2416/2416 2518/2411/2411
f 2518/2411/2411 1788/2416/2416 1787/2412/2412
f 2224/2417/2417 2520/2418/2418 2223/2414/2414
f 2223/2414/2414 2520/2418/2418 1790/2419/2419
f 2223/2414/2414 1790/2419/2419 2519/2415/2415
f 2519/2415/2415 1790/2419/2419 1789/2420/2420
f 2519/2415/2415 1789/2420/2420 1788/2416/2416
f 2225/2421/2421 2521/2422/2422 2224/2417/2417
f 2224/2417/2417 2521/2422/2422 2473/2423/2423
f 2224/2417/2417 2473/2423/2423 2520/2418/2418
f 2520/2418/2418 2473/2423/2423 1790/2419/2419
f 2226/2424/2424 2522/2425/2425 2225/2421/2421
f 2225/2421/2421 2522/2425/2425 2472/2426/2426
f 2225/2421/2421 2472/2426/2426 2521/2422/2422
f 2521/2422/2422 2472/2426/2426 2473/2423/2423
f 2227/2427/2427 2523/2428/2428 2226/2424/2424
f 2226/2424/2424 2523/2428/2428 2471/2429/2429
f 2226/2424/2424 2471/2429/2429 2522/2425/2425
f 2522/2425/2425 2471/2429/2429 2472/2426/2426
f 2228/2430/2430 2524/2431/2431 2227/2427/2427
f 2227/2427/2427 2524/2431/2431 2470/2432/2432
f 2227/2427/2427 2470/2432/2432 2523/2428/2428
f 2523/2428/2428 2470/2432/2432 2471/2429/2429
f 2229/2433/2433 2525/2434/2434 2228/2430/2430
f 2228/2430/2430 2525/2434/2434 2469/2435/2435
f 2228/2430/2430 2469/2435/2435 2524/2431/2431
f 2524/2431/2431 2469/2435/2435 2470/2432/2432
f 2230/2436/2436 2526/2437/2437 2229/2433/2433
f 2229/2433/2433 2526/2437/2437 2468/2438/2438
f 2229/2433/2433 2468/2438/2438 2525/2434/2434
f 2525/2434/2434 2468/2438/2438 2469/2435/2435
f 2231/2439/2439 2527/2440/2440 2230/2436/2436
f 2230/2436/2436 2527/2440/2440 548/2441/2441
f 2230/2436/2436 548/2441/2441 2526/2437/2437
f 2526/2437/2437 548/2441/2441 2468/2438/2438
f 2232/2442/2442 2528/2443/2443 2231/2439/2439
f 2231/2439/2439 2528/2443/2443 549/2444/2444
f 2231/2439/2439 549/2444/2444 2527/2440/2440
f 2527/2440/2440 549/2444/2444 548/2441/2441
f 2233/2445/2445 2529/2446/2446 2232/2442/2442
f 2232/2442/2442 2529/2446/2446 551/2447/2447
f 2232/2442/2442 551/2447/2447 2528/2443/2443
f 2528/2443/2443 551/2447/2447 550/2448/2448
f 2528/2443/2443 550/2448/2448 549/2444/2444
f 2234/2449/2449 2530/2450/2450 2233/2445/2445
f 2233/2445/2445 2530/2450/2450 552/2451/2451
f 2233/2445/2445 552/2451/2451 2529/2446/2446
f 2529/2446/2446 552/2451/2451 551/2447/2447
f 2235/2452/2452 2531/2453/2453 2234/2449/2449
f 2234/2449/2449 2531/2453/2453 1865/2454/2454
f 2234/2449/2449 1865/2454/2454 2530/2450/2450
f 2530/2450/2450 1865/2454/2454 1864/2455/2455
f 2530/2450/2450 1864/2455/2455 552/2451/2451
f 2236/2456/2456 2532/2457/2457 2235/2452/2452
f 2235/2452/2452 2532/2457/2457 1866/2458/2458
f 2235/2452/2452 1866/2458/2458 2531/2453/2453
f 2531/2453/2453 1866/2458/2458 1865/2454/2454
f 2237/2459/2459 2533/2460/2460 2236/2456/2456
f 2236/2456/2456 2533/2460/2460 1867/2461/2461
f 2236/2456/2456 1867/2461/2461 2532/2457/2457
f 2532/2457/2457 1867/2461/2461 1866/2458/2458
f 2238/2462/2462 2534/2463/2463 2237/2459/2459
f 2237/2459/2459 2534/2463/2463 2467/2464/2464
f 2237/2459/2459 2467/2464/2464 2533/2460/2460
f 2533/2460/2460 2467/2464/2464 1867/2461/2461
f 2239/2465/2465 2490/2466/2466 2238/2462/2462
f 2238/2462/2462 2490/2466/2466 2466/2467/2467
f 2238/2462/2462 2466/2467/2467 2534/2463/2463
f 2534/2463/2463 2466/2467/2467 2467/2464/2464
f 2240/2468/2468 2491/2469/2469 2239/2465/2465
f 2239/2465/2465 2491/2469/2469 2465/2470/2470
f 2239/2465/2465 2465/2470/2470 2490/2466/2466
f 2490/2466/2466 2465/2470/2470 2466/2467/2467
f 2241/2471/2471 2535/2472/2472 2240/2468/2468
f 2240/2468/2468 2535/2472/2472 2463/2473/2473
f 2240/2468/2468 2463/2473/2473 2491/2469/2469
f 2491/2469/2469 2463/2473/2473 2464/2474/2474
f 2491/2469/2469 2464/2474/2474 2465/2470/2470
f 2242/2475/2475 2536/2476/2476 2241/2471/2471
f 2241/2471/2471 2536/2476/2476 2462/2477/2477
f 2241/2471/2471 2462/2477/2477 2535/2472/2472
f 2535/2472/2472 2462/2477/2477 2463/2473/2473
f 2243/2478/2478 2537/2479/2479 2242/2475/2475
f 2242/2475/2475 2537/2479/2479 626/2480/2480
f 2242/2475/2475 626/2480/2480 2536/2476/2476
f 2536/2476/2476 626/2480/2480 2462/2477/2477
f 2244/2481/2481 2538/2482/2482 2243/2478/2478
f 2243/2478/2478 2538/2482/2482 627/2483/2483
f 2243/2478/2478 627/2483/2483 2537/2479/2479
f 2537/2479/2479 627/2483/2483 626/2480/2480
f 2245/2484/2484 2539/2485/2485 2244/2481/2481
f 2244/2481/2481 2539/2485/2485 628/2486/2486
f 2244/2481/2481 628/2486/2486 2538/2482/2482
f 2538/2482/2482 628/2486/2486 627/2483/2483
f 2246/2487/2487 2540/2488/2488 2245/2484/2484
f 2245/2484/2484 2540/2488/2488 630/2489/2489
f 2245/2484/2484 630/2489/2489 2539/2485/2485
f 2539/2485/2485 630/2489/2489 629/2490/2490
f 2539/2485/2485 629/2490/2490 628/2486/2486
f 2247/2491/2491 2541/2492/2492 2246/2487/2487
f 2246/2487/2487 2541/2492/2492 1941/2493/2493
f 2246/2487/2487 1941/2493/2493 2540/2488/2488
f 2540/2488/2488 1941/2493/2493 630/2489/2489
f 2248/2494/2494 2542/2495/2495 2247/2491/2491
f 2247/2491/2491 2542/2495/2495 1943/2496/2496
f 2247/2491/2491 1943/2496/2496 2541/2492/2492
f 2541/2492/2492 1943/2496/2496 1942/2497/2497
f 2541/2492/2492 1942/2497/2497 1941/2493/2493
f 2249/2498/2498 2543/2499/2499 2248/2494/2494
f 2248/2494/2494 2543/2499/2499 1944/2500/2500
f 2248/2494/2494 1944/2500/2500 2542/2495/2495
f 2542/2495/2495 1944/2500/2500 1943/2496/2496
f 2250/2501/2501 2544/2502/2502 2249/2498/2498
f 2249/2498/2498 2544/2502/2502 2461/2503/2503
f 2249/2498/2498 2461/2503/2503 2543/2499/2499
f 2543/2499/2499 2461/2503/2503 1944/2500/2500
f 2251/2504/2504 2545/2505/2505 2250/2501/2501
f 2250/2501/2501 2545/2505/2505 2460/2506/2506
f 2250/2501/2501 2460/2506/2506 2544/2502/2502
f 2544/2502/2502 2460/2506/2506 2461/2503/2503
f 2252/2507/2507 2546/2508/2508 2251/2504/2504
f 2251/2504/2504 2546/2508/2508 2459/2509/2509
f 2251/2504/2504 2459/2509/2509 2545/2505/2505
f 2545/2505/2505 2459/2509/2509 2460/2506/2506
f 2253/2510/2510 2547/2511/2511 2252/2507/2507
f 2252/2507/2507 2547/2511/2511 2458/2512/2512
f 2252/2507/2507 2458/2512/2512 2546/2508/2508
f 2546/2508/2508 2458/2512/2512 2459/2509/2509
f 2254/2513/2513 2548/2514/2514 2253/2510/2510
f 2253/2510/2510 2548/2514/2514 2457/2515/2515
f 2253/2510/2510 2457/2515/2515 2547/2511/2511
f 2547/2511/2511 2457/2515/2515 2458/2512/2512
f 2255/2516/2516 2549/2517/2517 2254/2513/2513
f 2254/2513/2513 2549/2517/2517 2456/2518/2518
f 2254/2513/2513 2456/2518/2518 2548/2514/2514
f 2548/2514/2514 2456/2518/2518 2457/2515/2515
f 2256/2519/2519 2550/2520/2520 2255/2516/2516
f 2255/2516/2516 2550/2520/2520 782/2521/2521
f 2255/2516/2516 782/2521/2521 2549/2517/2517
f 2549/2517/2517 782/2521/2521 2456/2518/2518
f 2257/2522/2522 2551/2523/2523 2256/2519/2519
f 2256/2519/2519 2551/2523/2523 784/2524/2524
f 2256/2519/2519 784/2524/2524 2550/2520/2520
f 2550/2520/2520 784/2524/2524 783/2525/2525
f 2550/2520/2520 783/2525/2525 782/2521/2521
f 2258/2526/2526 2492/2527/2527 2257/2522/2522
f 2257/2522/2522 2492/2527/2527 785/2528/2528
f 2257/2522/2522 785/2528/2528 2551/2523/2523
f 2551/2523/2523 785/2528/2528 784/2524/2524
f 2259/2529/2529 2552/2530/2530 2258/2526/2526
f 2258/2526/2526 2552/2530/2530 2018/2531/2531
f 2258/2526/2526 2018/2531/2531 2492/2527/2527
f 2492/2527/2527 2018/2531/2531 786/2532/2532
f 2492/2527/2527 786/2532/2532 785/2528/2528
f 2260/2533/2533 2553/2534/2534 2259/2529/2529
f 2259/2529/2529 2553/2534/2534 2019/2535/2535
f 2259/2529/2529 2019/2535/2535 2552/2530/2530
f 2552/2530/2530 2019/2535/2535 2018/2531/2531
f 2261/2536/2536 2554/2537/2537 2260/2533/2533
f 2260/2533/2533 2554/2537/2537 2021/2538/2538
f 2260/2533/2533 2021/2538/2538 2553/2534/2534
f 2553/2534/2534 2021/2538/2538 2020/2539/2539
f 2553/2534/2534 2020/2539/2539 2019/2535/2535
f 2262/2540/2540 2555/2541/2541 2261/2536/2536
f 2261/2536/2536 2555/2541/2541 2455/2542/2542
f 2261/2536/2536 2455/2542/2542 2554/2537/2537
f 2554/2537/2537 2455/2542/2542 2021/2538/2538
f 2263/2543/2543 2556/2544/2544 2262/2540/2540
f 2262/2540/2540 2556/2544/2544 2454/2545/2545
f 2262/2540/2540 2454/2545/2545 2555/2541/2541
f 2555/2541/2541 2454/2545/2545 2455/2542/2542
f 2264/2546/2546 2557/2547/2547 2263/2543/2543
f 2263/2543/2543 2557/2547/2547 2453/2548/2548
f 2263/2543/2543 2453/2548/2548 2556/2544/2544
f 2556/2544/2544 2453/2548/2548 2454/2545/2545
f 2265/2549/2549 2558/2550/2550 2264/2546/2546
f 2264/2546/2546 2558/2550/2550 2452/2551/2551
f 2264/2546/2546 2452/2551/2551 2557/2547/2547
f 2557/2547/2547 2452/2551/2551 2453/2548/2548
f 2266/2552/2552 2559/2553/2553 2265/2549/2549
f 2265/2549/2549 2559/2553/2553 2451/2554/2554
f 2265/2549/2549 2451/2554/2554 2558/2550/2550
f 2558/2550/2550 2451/2554/2554 2452/2551/2551
f 2267/2555/2555 2560/2556/2556 2266/2552/2552
f 2266/2552/2552 2560/2556/2556 2450/2557/2557
f 2266/2552/2552 2450/2557/2557 2559/2553/2553
f 2559/2553/2553 2450/2557/2557 2451/2554/2554
f 2268/2558/2558 2561/2559/2559 2267/2555/2555
f 2267/2555/2555 2561/2559/2559 938/2560/2560
f 2267/2555/2555 938/2560/2560 2560/2556/2556
f 2560/2556/2556 938/2560/2560 2450/2557/2557
f 2269/2561/2561 2562/2562/2562 2268/2558/2558
f 2268/2558/2558 2562/2562/2562 939/2563/2563
f 2268/2558/2558 939/2563/2563 2561/2559/2559
f 2561/2559/2559 939/2563/2563 938/2560/2560
f 2270/2564/2564 2563/2565/2565 2269/2561/2561
f 2269/2561/2561 2563/2565/2565 941/2566/2566
f 2269/2561/2561 941/2566/2566 2562/2562/2562
f 2562/2562/2562 941/2566/2566 940/2567/2567
f 2562/2562/2562 940/2567/2567 939/2563/2563
f 2271/2568/2568 2564/2569/2569 2270/2564/2564
f 2270/2564/2564 2564/2569/2569 942/2570/2570
f 2270/2564/2564 942/2570/2570 2563/2565/2565
f 2563/2565/2565 942/2570/2570 941/2566/2566
f 2272/2571/2571 2565/2572/2572 2271/2568/2568
f 2271/2568/2568 2565/2572/2572 2096/2573/2573
f 2271/2568/2568 2096/2573/2573 2564/2569/2569
f 2564/2569/2569 2096/2573/2573 2095/2574/2574
f 2564/2569/2569 2095/2574/2574 942/2570/2570
f 2273/2575/2575 2566/2576/2576 2272/2571/2571
f 2272/2571/2571 2566/2576/2576 2097/2577/2577
f 2272/2571/2571 2097/2577/2577 2565/2572/2572
f 2565/2572/2572 2097/2577/2577 2096/2573/2573
f 2274/2578/2578 2567/2579/2579 2273/2575/2575
f 2273/2575/2575 2567/2579/2579 2098/2580/2580
f 2273/2575/2575 2098/2580/2580 2566/2576/2576
f 2566/2576/2576 2098/2580/2580 2097/2577/2577
f 2275/2581/2581 2568/2582/2582 2274/2578/2578
f 2274/2578/2578 2568/2582/2582 2449/2583/2583
f 2274/2578/2578 2449/2583/2583 2567/2579/2579
f 2567/2579/2579 2449/2583/2583 2098/2580/2580
f 2276/2584/2584 2493/2585/2585 2275/2581/2581
f 2275/2581/2581 2493/2585/2585 2448/2586/2586
f 2275/2581/2581 2448/2586/2586 2568/2582/2582
f 2568/2582/2582 2448/2586/2586 2449/2583/2583
f 2277/2587/2587 2494/2588/2588 2276/2584/2584
f 2276/2584/2584 2494/2588/2588 2447/2589/2589
f 2276/2584/2584 2447/2589/2589 2493/2585/2585
f 2493/2585/2585 2447/2589/2589 2448/2586/2586
f 2278/2590/2590 2569/2591/2591 2277/2587/2587
f 2277/2587/2587 2569/2591/2591 2445/2592/2592
f 2277/2587/2587 2445/2592/2592 2494/2588/2588
f 2494/2588/2588 2445/2592/2592 2446/2593/2593
f 2494/2588/2588 2446/2593/2593 2447/2589/2589
f 2279/2594/2594 2570/2595/2595 2278/2590/2590
f 2278/2590/2590 2570/2595/2595 2444/2596/2596
f 2278/2590/2590 2444/2596/2596 2569/2591/2591
f 2569/2591/2591 2444/2596/2596 2445/2592/2592
f 2280/2597/2597 2571/2598/2598 2279/2594/2594
f 2279/2594/2594 2571/2598/2598 1016/2599/2599
f 2279/2594/2594 1016/2599/2599 2570/2595/2595
f 2570/2595/2595 1016/2599/2599 2444/2596/2596
f 2281/2600/2600 2572/2601/2601 2280/2597/2597
f 2280/2597/2597 2572/2601/2601 1017/2602/2602
f 2280/2597/2597 1017/2602/2602 2571/2598/2598
f 2571/2598/2598 1017/2602/2602 1016/2599/2599
f 2282/2603/2603 2573/2604/2604 2281/2600/2600
f 2281/2600/2600 2573/2604/2604 1018/2605/2605
f 2281/2600/2600 1018/2605/2605 2572/2601/2601
f 2572/2601/2601 1018/2605/2605 1017/2602/2602
f 2283/2606/2606 2574/2607/2607 2282/2603/2603
f 2282/2603/2603 2574/2607/2607 1020/2608/2608
f 2282/2603/2603 1020/2608/2608 2573/2604/2604
f 2573/2604/2604 1020/2608/2608 1019/2609/2609
f 2573/2604/2604 1019/2609/2609 1018/2605/2605
f 2284/2610/2610 2575/2611/2611 2283/2606/2606
f 2283/2606/2606 2575/2611/2611 1171/2612/2612
f 2283/2606/2606 1171/2612/2612 2574/2607/2607
f 2574/2607/2607 1171/2612/2612 1020/2608/2608
f 2285/2613/2613 2576/2614/2614 2284/2610/2610
f 2284/2610/2610 2576/2614/2614 1173/2615/2615
f 2284/2610/2610 1173/2615/2615 2575/2611/2611
f 2575/2611/2611 1173/2615/2615 1172/2616/2616
f 2575/2611/2611 1172/2616/2616 1171/2612/2612
f 2286/2617/2617 2577/2618/2618 2285/2613/2613
f 2285/2613/2613 2577/2618/2618 1174/2619/2619
f 2285/2613/2613 1174/2619/2619 2576/2614/2614
f 2576/2614/2614 1174/2619/2619 1173/2615/2615
f 2287/2620/2620 2578/2621/2621 2286/2617/2617
f 2286/2617/2617 2578/2621/2621 2443/2622/2622
f 2286/2617/2617 2443/2622/2622 2577/2618/2618
f 2577/2618/2618 2443/2622/2622 1174/2619/2619
f 2288/2623/2623 2579/2624/2624 2287/2620/2620
f 2287/2620/2620 2579/2624/2624 2442/2625/2625
f 2287/2620/2620 2442/2625/2625 2578/2621/2621
f 2578/2621/2621 2442/2625/2625 2443/2622/2622
f 2289/2626/2626 2580/2627/2627 2288/2623/2623
f 2288/2623/2623 2580/2627/2627 2441/2628/2628
f 2288/2623/2623 2441/2628/2628 2579/2624/2624
f 2579/2624/2624 2441/2628/2628 2442/2625/2625
f 2290/2629/2629 2581/2630/2630 2289/2626/2626
f 2289/2626/2626 2581/2630/2630 2440/2631/2631
f 2289/2626/2626 2440/2631/2631 2580/2627/2627
f 2580/2627/2627 2440/2631/2631 2441/2628/2628
f 2291/2632/2632 2582/2633/2633 2290/2629/2629
f 2290/2629/2629 2582/2633/2633 2439/2634/2634
f 2290/2629/2629 2439/2634/2634 2581/2630/2630
f 2581/2630/2630 2439/2634/2634 2440/2631/2631
f 2292/2635/2635 2583/2636/2636 2291/2632/2632
f 2291/2632/2632 2583/2636/2636 2438/2637/2637
f 2291/2632/2632 2438/2637/2637 2582/2633/2633
f 2582/2633/2633 2438/2637/2637 2439/2634/2634
f 2293/2638/2638 2584/2639/2639 2292/2635/2635
f 2292/2635/2635 2584/2639/2639 2437/2640/2640
f 2292/2635/2635 2437/2640/2640 2583/2636/2636
f 2583/2636/2636 2437/2640/2640 2438/2637/2637
f 2294/2641/2641 2585/2642/2642 2293/2638/2638
f 2293/2638/2638 2585/2642/2642 2435/2643/2643
f 2293/2638/2638 2435/2643/2643 2584/2639/2639
f 2584/2639/2639 2435/2643/2643 2436/2644/2644
f 2584/2639/2639 2436/2644/2644 2437/2640/2640
f 2295/2645/2645 2486/2646/2646 2294/2647/2641
f 2294/2641/2641 2486/2648/2646 2434/2649/2647
f 2294/2641/2641 2434/2649/2647 2585/2642/2642
f 2585/2642/2642 2434/2649/2647 2435/2643/2643
f 2296/2650/2648 2586/2651/2649 2295/2645/2645
f 2295/2645/2645 2586/2651/2649 2432/2652/2650
f 2295/2645/2645 2432/2652/2650 2486/2646/2646
f 2486/2646/2646 2432/2652/2650 2433/2653/2651
f 2486/2648/2646 2433/2654/2651 2434/2649/2647
f 2297/2655/2652 2587/2656/2653 2296/2650/2648
f 2296/2650/2648 2587/2656/2653 2431/2657/2654
f 2296/2650/2648 2431/2657/2654 2586/2651/2649
f 2586/2651/2649 2431/2657/2654 2432/2652/2650
f 2298/2658/2655 2588/2659/2656 2297/2655/2652
f 2297/2655/2652 2588/2659/2656 2429/2660/2657
f 2297/2655/2652 2429/2660/2657 2587/2656/2653
f 2587/2656/2653 2429/2660/2657 2430/2661/2658
f 2587/2656/2653 2430/2661/2658 2431/2657/2654
f 2299/2662/2659 2589/2663/2660 2298/2658/2655
f 2298/2658/2655 2589/2663/2660 2428/2664/2661
f 2298/2658/2655 2428/2664/2661 2588/2659/2656
f 2588/2659/2656 2428/2664/2661 2429/2660/2657
f 2300/2665/2662 2590/2666/2663 2299/2662/2659
f 2299/2662/2659 2590/2666/2663 2427/2667/2664
f 2299/2662/2659 2427/2667/2664 2589/2663/2660
f 2589/2663/2660 2427/2667/2664 2428/2664/2661
f 2301/2668/2665 2591/2669/2666 2300/2665/2662
f 2300/2665/2662 2591/2669/2666 2426/2670/2667
f 2300/2665/2662 2426/2670/2667 2590/2666/2663
f 2590/2666/2663 2426/2670/2667 2427/2667/2664
f 2302/2671/2668 2592/2672/2669 2301/2668/2665
f 2301/2668/2665 2592/2672/2669 2425/2673/2670
f 2301/2668/2665 2425/2673/2670 2591/2669/2666
f 2591/2669/2666 2425/2673/2670 2426/2670/2667
f 2303/2674/2671 2593/2675/2672 2302/2671/2668
f 2302/2671/2668 2593/2675/2672 2424/2676/2673
f 2302/2671/2668 2424/2676/2673 2592/2672/2669
f 2592/2672/2669 2424/2676/2673 2425/2673/2670
f 2304/2677/2674 2594/2678/2675 2303/2674/2671
f 2303/2674/2671 2594/2678/2675 2423/2679/2676
f 2303/2674/2671 2423/2679/2676 2593/2675/2672
f 2593/2675/2672 2423/2679/2676 2424/2676/2673
f 2305/2680/2677 2595/2681/2678 2304/2677/2674
f 2304/2677/2674 2595/2681/2678 860/2682/2679
f 2304/2677/2674 860/2682/2679 2594/2678/2675
f 2594/2678/2675 860/2682/2679 2423/2679/2676
f 2306/2683/2680 2596/2684/2681 2305/2680/2677
f 2305/2680/2677 2596/2684/2681 861/2685/2682
f 2305/2680/2677 861/2685/2682 2595/2681/2678
f 2595/2681/2678 861/2685/2682 860/2682/2679
f 2307/2686/2683 2597/2687/2684 2306/2683/2680
f 2306/2683/2680 2597/2687/2684 863/2688/2685
f 2306/2683/2680 863/2688/2685 2596/2684/2681
f 2596/2684/2681 863/2688/2685 862/2689/2686
f 2596/2684/2681 862/2689/2686 861/2685/2682
f 2308/2690/2687 2598/2691/2688 2307/2686/2683
f 2307/2686/2683 2598/2691/2688 864/2692/2689
f 2307/2686/2683 864/2692/2689 2597/2687/2684
f 2597/2687/2684 864/2692/2689 863/2688/2685
f 2309/2693/2690 2599/2694/2691 2308/2690/2687
f 2308/2690/2687 2599/2694/2691 1095/2695/2692
f 2308/2690/2687 1095/2695/2692 2598/2691/2688
f 2598/2691/2688 1095/2695/2692 1094/2696/2693
f 2598/2691/2688 1094/2696/2693 864/2692/2689
f 2310/2697/2694 2600/2698/2695 2309/2693/2690
f 2309/2693/2690 2600/2698/2695 1096/2699/2696
f 2309/2693/2690 1096/2699/2696 2599/2694/2691
f 2599/2694/2691 1096/2699/2696 1095/2695/2692
f 2311/2700/2697 2601/2701/2698 2310/2697/2694
f 2310/2697/2694 2601/2701/2698 1097/2702/2699
f 2310/2697/2694 1097/2702/2699 2600/2698/2695
f 2600/2698/2695 1097/2702/2699 1096/2699/2696
f 2312/2703/2700 2602/2704/2701 2311/2700/2697
f 2311/2700/2697 2602/2704/2701 2422/2705/2702
f 2311/2700/2697 2422/2705/2702 2601/2701/2698
f 2601/2701/2698 2422/2705/2702 1097/2702/2699
f 2313/2706/2703 2495/2707/2704 2312/2703/2700
f 2312/2703/2700 2495/2707/2704 2421/2708/2705
f 2312/2703/2700 2421/2708/2705 2602/2704/2701
f 2602/2704/2701 2421/2708/2705 2422/2705/2702
f 2314/2709/2706 2496/2710/2707 2313/2706/2703
f 2313/2706/2703 2496/2710/2707 2420/2711/2708
f 2313/2706/2703 2420/2711/2708 2495/2707/2704
f 2495/2707/2704 2420/2711/2708 2421/2708/2705
f 2315/2712/2709 2603/2713/2710 2314/2709/2706
f 2314/2709/2706 2603/2713/2710 2418/2714/2711
f 2314/2709/2706 2418/2714/2711 2496/2710/2707
f 2496/2710/2707 2418/2714/2711 2419/2715/2712
f 2496/2710/2707 2419/2715/2712 2420/2711/2708
f 2316/2716/2713 2604/2717/2714 2315/2712/2709
f 2315/2712/2709 2604/2717/2714 2417/2718/2715
f 2315/2712/2709 2417/2718/2715 2603/2713/2710
f 2603/2713/2710 2417/2718/2715 2418/2714/2711
f 2317/2719/2716 2605/2720/2717 2316/2716/2713
f 2316/2716/2713 2605/2720/2717 704/2721/2718
f 2316/2716/2713 704/2721/2718 2604/2717/2714
f 2604/2717/2714 704/2721/2718 2417/2718/2715
f 2318/2722/2719 2606/2723/2720 2317/2719/2716
f 2317/2719/2716 2606/2723/2720 705/2724/2721
f 2317/2719/2716 705/2724/2721 2605/2720/2717
f 2605/2720/2717 705/2724/2721 704/2721/2718
f 2319/2725/2722 2607/2726/2723 2318/2722/2719
f 2318/2722/2719 2607/2726/2723 706/2727/2724
f 2318/2722/2719 706/2727/2724 2606/2723/2720
f 2606/2723/2720 706/2727/2724 705/2724/2721
f 2320/2728/2725 2608/2729/2726 2319/2725/2722
f 2319/2725/2722 2608/2729/2726 708/2730/2727
f 2319/2725/2722 708/2730/2727 2607/2726/2723
f 2607/2726/2723 708/2730/2727 707/2731/2728
f 2607/2726/2723 707/2731/2728 706/2727/2724
f 2321/2732/2729 2609/2733/2730 2320/2728/2725
f 2320/2728/2725 2609/2733/2730 1248/2734/2731
f 2320/2728/2725 1248/2734/2731 2608/2729/2726
f 2608/2729/2726 1248/2734/2731 708/2730/2727
f 2322/2735/2732 2610/2736/2733 2321/2732/2729
f 2321/2732/2729 2610/2736/2733 1250/2737/2734
f 2321/2732/2729 1250/2737/2734 2609/2733/2730
f 2609/2733/2730 1250/2737/2734 1249/2738/2735
f 2609/2733/2730 1249/2738/2735 1248/2734/2731
f 2323/2739/2736 2611/2740/2737 2322/2735/2732
f 2322/2735/2732 2611/2740/2737 1251/2741/2738
f 2322/2735/2732 1251/2741/2738 2610/2736/2733
f 2610/2736/2733 1251/2741/2738 1250/2737/2734
f 2324/2742/2739 2612/2743/2740 2323/2739/2736
f 2323/2739/2736 2612/2743/2740 2416/2744/2741
f 2323/2739/2736 2416/2744/2741 2611/2740/2737
f 2611/2740/2737 2416/2744/2741 1251/2741/2738
f 2325/2745/2742 2613/2746/2743 2324/2742/2739
f 2324/2742/2739 2613/2746/2743 2415/2747/2744
f 2324/2742/2739 2415/2747/2744 2612/2743/2740
f 2612/2743/2740 2415/2747/2744 2416/2744/2741
f 2326/2748/2745 2614/2749/2746 2325/2745/2742
f 2325/2745/2742 2614/2749/2746 2414/2750/2747
f 2325/2745/2742 2414/2750/2747 2613/2746/2743
f 2613/2746/2743 2414/2750/2747 2415/2747/2744
f 2327/2751/2748 2615/2752/2749 2326/2748/2745
f 2326/2748/2745 2615/2752/2749 2413/2753/2750
f 2326/2748/2745 2413/2753/2750 2614/2749/2746
f 2614/2749/2746 2413/2753/2750 2414/2750/2747
f 2328/2754/2751 2616/2755/2752 2327/2751/2748
f 2327/2751/2748 2616/2755/2752 2412/2756/2753
f 2327/2751/2748 2412/2756/2753 2615/2752/2749
f 2615/2752/2749 2412/2756/2753 2413/2753/2750
f 2329/2757/2754 2617/2758/2755 2328/2754/2751
f 2328/2754/2751 2617/2758/2755 2411/2759/2756
f 2328/2754/2751 2411/2759/2756 2616/2755/2752
f 2616/2755/2752 2411/2759/2756 2412/2756/2753
f 2330/2760/2757 2618/2761/2758 2329/2757/2754
f 2329/2757/2754 2618/2761/2758 470/2762/2759
f 2329/2757/2754 470/2762/2759 2617/2758/2755
f 2617/2758/2755 470/2762/2759 2411/2759/2756
f 2331/2763/2760 2619/2764/2761 2330/2760/2757
f 2330/2760/2757 2619/2764/2761 472/2765/2762
f 2330/2760/2757 472/2765/2762 2618/2761/2758
f 2618/2761/2758 472/2765/2762 471/2766/2763
f 2618/2761/2758 471/2766/2763 470/2762/2759
f 2332/2767/2764 2497/2768/2765 2331/2763/2760
f 2331/2763/2760 2497/2768/2765 473/2769/2766
f 2331/2763/2760 473/2769/2766 2619/2764/2761
f 2619/2764/2761 473/2769/2766 472/2765/2762
f 2333/2770/2767 2620/2771/2768 2332/2767/2764
f 2332/2767/2764 2620/2771/2768 1325/2772/2769
f 2332/2767/2764 1325/2772/2769 2497/2768/2765
f 2497/2768/2765 1325/2772/2769 474/2773/2770
f 2497/2768/2765 474/2773/2770 473/2769/2766
f 2334/2774/2771 2621/2775/2772 2333/2770/2767
f 2333/2770/2767 2621/2775/2772 1326/2776/2773
f 2333/2770/2767 1326/2776/2773 2620/2771/2768
f 2620/2771/2768 1326/2776/2773 1325/2772/2769
f 2335/2777/2774 2622/2778/2775 2334/2774/2771
f 2334/2774/2771 2622/2778/2775 1328/2779/2776
f 2334/2774/2771 1328/2779/2776 2621/2775/2772
f 2621/2775/2772 1328/2779/2776 1327/2780/2777
f 2621/2775/2772 1327/2780/2777 1326/2776/2773
f 2336/2781/2778 2623/2782/2779 2335/2777/2774
f 2335/2777/2774 2623/2782/2779 2410/2783/2780
f 2335/2777/2774 2410/2783/2780 2622/2778/2775
f 2622/2778/2775 2410/2783/2780 1328/2779/2776
f 2337/2784/2781 2624/2785/2782 2336/2781/2778
f 2336/2781/2778 2624/2785/2782 2409/2786/2783
f 2336/2781/2778 2409/2786/2783 2623/2782/2779
f 2623/2782/2779 2409/2786/2783 2410/2783/2780
f 2338/2787/2784 2625/2788/2785 2337/2784/2781
f 2337/2784/2781 2625/2788/2785 2408/2789/2786
f 2337/2784/2781 2408/2789/2786 2624/2785/2782
f 2624/2785/2782 2408/2789/2786 2409/2786/2783
f 2339/2790/2787 2626/2791/2788 2338/2787/2784
f 2338/2787/2784 2626/2791/2788 2407/2792/2789
f 2338/2787/2784 2407/2792/2789 2625/2788/2785
f 2625/2788/2785 2407/2792/2789 2408/2789/2786
f 2340/2793/2790 2627/2794/2791 2339/2790/2787
f 2339/2790/2787 2627/2794/2791 2406/2795/2792
f 2339/2790/2787 2406/2795/2792 2626/2791/2788
f 2626/2791/2788 2406/2795/2792 2407/2792/2789
f 2341/2796/2793 2628/2797/2794 2340/2793/2790
f 2340/2793/2790 2628/2797/2794 2405/2798/2795
f 2340/2793/2790 2405/2798/2795 2627/2794/2791
f 2627/2794/2791 2405/2798/2795 2406/2795/2792
f 2342/2799/2796 2629/2800/2797 2341/2796/2793
f 2341/2796/2793 2629/2800/2797 392/2801/2798
f 2341/2796/2793 392/2801/2798 2628/2797/2794
f 2628/2797/2794 392/2801/2798 2405/2798/2795
f 2343/2802/2799 2630/2803/2800 2342/2799/2796
f 2342/2799/2796 2630/2803/2800 393/2804/2801
f 2342/2799/2796 393/2804/2801 2629/2800/2797
f 2629/2800/2797 393/2804/2801 392/2801/2798
f 2344/2805/2802 2631/2806/2803 2343/2802/2799
f 2343/2802/2799 2631/2806/2803 395/2807/2804
f 2343/2802/2799 395/2807/2804 2630/2803/2800
f 2630/2803/2800 395/2807/2804 394/2808/2805
f 2630/2803/2800 394/2808/2805 393/2804/2801
f 2345/2809/2806 2632/2810/2807 2344/2805/2802
f 2344/2805/2802 2632/2810/2807 396/2811/2808
f 2344/2805/2802 396/2811/2808 2631/2806/2803
f 2631/2806/2803 396/2811/2808 395/2807/2804
f 2346/2812/2809 2633/2813/2810 2345/2809/2806
f 2345/2809/2806 2633/2813/2810 1403/2814/2811
f 2345/2809/2806 1403/2814/2811 2632/2810/2807
f 2632/2810/2807 1403/2814/2811 1402/2815/2812
f 2632/2810/2807 1402/2815/2812 396/2811/2808
f 2347/2816/2813 2634/2817/2814 2346/2812/2809
f 2346/2812/2809 2634/2817/2814 1404/2818/2815
f 2346/2812/2809 1404/2818/2815 2633/2813/2810
f 2633/2813/2810 1404/2818/2815 1403/2814/2811
f 2348/2819/2816 2635/2820/2817 2347/2816/2813
f 2347/2816/2813 2635/2820/2817 1405/2821/2818
f 2347/2816/2813 1405/2821/2818 2634/2817/2814
f 2634/2817/2814 1405/2821/2818 1404/2818/2815
f 2349/2822/2819 2636/2823/2820 2348/2819/2816
f 2348/2819/2816 2636/2823/2820 2404/2824/2821
f 2348/2819/2816 2404/2824/2821 2635/2820/2817
f 2635/2820/2817 2404/2824/2821 1405/2821/2818
f 2350/2825/2822 2498/2826/2823 2349/2822/2819
f 2349/2822/2819 2498/2826/2823 2403/2827/2824
f 2349/2822/2819 2403/2827/2824 2636/2823/2820
f 2636/2823/2820 2403/2827/2824 2404/2824/2821
f 2351/2828/2825 2499/2829/2826 2350/2825/2822
f 2350/2825/2822 2499/2829/2826 2402/2830/2827
f 2350/2825/2822 2402/2830/2827 2498/2826/2823
f 2498/2826/2823 2402/2830/2827 2403/2827/2824
f 2352/2831/2828 2637/2832/2829 2351/2828/2825
f 2351/2828/2825 2637/2832/2829 2400/2833/2830
f 2351/2828/2825 2400/2833/2830 2499/2829/2826
f 2499/2829/2826 2400/2833/2830 2401/2834/2831
f 2499/2829/2826 2401/2834/2831 2402/2830/2827
f 2353/2835/2832 2638/2836/2833 2352/2831/2828
f 2352/2831/2828 2638/2836/2833 2399/2837/2834
f 2352/2831/2828 2399/2837/2834 2637/2832/2829
f 2637/2832/2829 2399/2837/2834 2400/2833/2830
f 2354/2838/2835 2639/2839/2836 2353/2835/2832
f 2353/2835/2832 2639/2839/2836 158/2840/2837
f 2353/2835/2832 158/2840/2837 2638/2836/2833
f 2638/2836/2833 158/2840/2837 2399/2837/2834
f 2355/2841/2838 2640/2842/2839 2354/2838/2835
f 2354/2838/2835 2640/2842/2839 159/2843/2840
f 2354/2838/2835 159/2843/2840 2639/2839/2836
f 2639/2839/2836 159/2843/2840 158/2840/2837
f 2356/2844/2841 2641/2845/2842 2355/2841/2838
f 2355/2841/2838 2641/2845/2842 160/2846/2843
f 2355/2841/2838 160/2846/2843 2640/2842/2839
f 2640/2842/2839 160/2846/2843 159/2843/2840
f 2357/2847/2844 2642/2848/2845 2356/2844/2841
f 2356/2844/2841 2642/2848/2845 162/2849/2846
f 2356/2844/2841 162/2849/2846 2641/2845/2842
f 2641/2845/2842 162/2849/2846 161/2850/2847
f 2641/2845/2842 161/2850/2847 160/2846/2843
f 2358/2851/2848 2643/2852/2849 2357/2847/2844
f 2357/2847/2844 2643/2852/2849 1479/2853/2850
f 2357/2847/2844 1479/2853/2850 2642/2848/2845
f 2642/2848/2845 1479/2853/2850 162/2849/2846
f 2359/2854/2851 2644/2855/2852 2358/2851/2848
f 2358/2851/2848 2644/2855/2852 1481/2856/2853
f 2358/2851/2848 1481/2856/2853 2643/2852/2849
f 2643/2852/2849 1481/2856/2853 1480/2857/2854
f 2643/2852/2849 1480/2857/2854 1479/2853/2850
f 2360/2858/2855 2645/2859/2856 2359/2854/2851
f 2359/2854/2851 2645/2859/2856 1482/2860/2857
f 2359/2854/2851 1482/2860/2857 2644/2855/2852
f 2644/2855/2852 1482/2860/2857 1481/2856/2853
f 2361/2861/2858 2646/2862/2859 2360/2858/2855
f 2360/2858/2855 2646/2862/2859 2398/2863/2860
f 2360/2858/2855 2398/2863/2860 2645/2859/2856
f 2645/2859/2856 2398/2863/2860 1482/2860/2857
f 2362/2864/2861 2647/2865/2862 2361/2861/2858
f 2361/2861/2858 2647/2865/2862 2397/2866/2863
f 2361/2861/2858 2397/2866/2863 2646/2862/2859
f 2646/2862/2859 2397/2866/2863 2398/2863/2860
f 2363/2867/2864 2648/2868/2865 2362/2864/2861
f 2362/2864/2861 2648/2868/2865 2396/2869/2866
f 2362/2864/2861 2396/2869/2866 2647/2865/2862
f 2647/2865/2862 2396/2869/2866 2397/2866/2863
f 2364/2870/2867 2649/2871/2868 2363/2867/2864
f 2363/2867/2864 2649/2871/2868 2395/2872/2869
f 2363/2867/2864 2395/2872/2869 2648/2868/2865
f 2648/2868/2865 2395/2872/2869 2396/2869/2866
f 2365/2873/2870 2650/2874/2871 2364/2870/2867
f 2364/2870/2867 2650/2874/2871 2394/2875/2872
f 2364/2870/2867 2394/2875/2872 2649/2871/2868
f 2649/2871/2868 2394/2875/2872 2395/2872/2869
f 2366/2876/2873 2651/2877/2874 2365/2873/2870
f 2365/2873/2870 2651/2877/2874 2393/2878/2875
f 2365/2873/2870 2393/2878/2875 2650/2874/2871
f 2650/2874/2871 2393/2878/2875 2394/2875/2872
f 2367/2879/2876 2652/2880/2877 2366/2876/2873
f 2366/2876/2873 2652/2880/2877 80/2881/2878
f 2366/2876/2873 80/2881/2878 2651/2877/2874
f 2651/2877/2874 80/2881/2878 2393/2878/2875
f 2368/2882/2879 2653/2883/2880 2367/2879/2876
f 2367/2879/2876 2653/2883/2880 82/2884/2881
f 2367/2879/2876 82/2884/2881 2652/2880/2877
f 2652/2880/2877 82/2884/2881 81/2885/2882
f 2652/2880/2877 81/2885/2882 80/2881/2878
f 2369/2886/2883 2500/2887/2884 2368/2882/2879
f 2368/2882/2879 2500/2887/2884 83/2888/2885
f 2368/2882/2879 83/2888/2885 2653/2883/2880
f 2653/2883/2880 83/2888/2885 82/2884/2881
f 2370/2889/2886 2654/2890/2887 2369/2886/2883
f 2369/2886/2883 2654/2890/2887 1556/2891/2888
f 2369/2886/2883 1556/2891/2888 2500/2887/2884
f 2500/2887/2884 1556/2891/2888 84/2892/2889
f 2500/2887/2884 84/2892/2889 83/2888/2885
f 2371/2347/2347 2655/2349/2349 2370/2889/2886
f 2370/2889/2886 2655/2349/2349 1557/2351/2351
f 2370/2889/2886 1557/2351/2351 2654/2890/2887
f 2654/2890/2887 1557/2351/2351 1556/2891/2888
f 2372/2345/2345 2373/2341/2341 2657/2343/2343
f 2374/2339/2339 2375/2335/2335 2659/2337/2337
f 2376/2333/2333 2377/2329/2329 2661/2331/2331
f 2378/2327/2327 2379/2323/2323 2663/2325/2325
f 2380/2321/2321 2381/2317/2317 2665/2319/2319
f 2382/2315/2315 2383/2311/2311 2667/2313/2313
f 2384/2309/2309 2385/2305/2305 2669/2307/2307
f 2386/2303/2303 2202/2299/2299 2488/2301/2301
f 1636/2308/2308 1635/2312/2312 2668/2310/2310
f 1634/2314/2314 1633/2893/2890 2666/2316/2316
f 2666/2316/2316 1633/2893/2890 5/2318/2318
f 4/2320/2320 3/2894/2891 2664/2322/2322
f 2664/2322/2322 3/2894/2891 2/2324/2324
f 1/2326/2326 2387/2330/2330 2662/2328/2328
f 2388/2332/2332 2389/2336/2336 2660/2334/2334
f 2390/2338/2338 2391/2342/2342 2658/2340/2340
f 2392/2344/2344 1559/2348/2348 2656/2346/2346
f 2484/2302/2302 2485/2306/2306 2670/2304/2304
f 2686/2895/2892 1185/2896/2893 2443/2897/2894
f 2443/2897/2894 1185/2896/2893 1184/2898/2895
f 2443/2897/2894 1184/2898/2895 1183/2899/2896
f 1183/2899/2896 1182/2900/2897 2443/2897/2894
f 2443/2897/2894 1182/2900/2897 1181/2901/2898
f 2443/2897/2894 1181/2901/2898 1180/2902/2899
f 1180/2902/2899 1179/2903/2900 2443/2897/2894
f 2443/2897/2894 1179/2903/2900 1178/2904/2901
f 2443/2897/2894 1178/2904/2901 1177/2905/2902
f 1177/2905/2902 1176/2906/2903 2443/2897/2894
f 2443/2897/2894 1176/2906/2903 1175/2907/2904
f 2443/2897/2894 1175/2907/2904 1174/2908/2905
f 2443/2897/2894 2442/2909/2906 2686/2895/2892
f 2686/2895/2892 2442/2909/2906 2685/2910/2907
f 2685/2910/2907 2442/2909/2906 2441/2911/2908
f 2685/2910/2907 2441/2911/2908 2684/2912/2909
f 2684/2912/2909 2441/2911/2908 2440/2913/2910
f 2684/2912/2909 2440/2913/2910 2683/2914/2911
f 2683/2914/2911 2440/2913/2910 2439/2915/2912
f 2683/2914/2911 2439/2915/2912 2682/2916/2913
f 2682/2916/2913 2439/2915/2912 2438/2917/2914
f 2682/2916/2913 2438/2917/2914 2681/2918/2915
f 2681/2918/2915 2438/2917/2914 2437/2919/2916
f 2681/2918/2915 2437/2919/2916 2672/2920/2917
f 2672/2920/2917 2437/2919/2916 2671/2921/2918
f 2672/2920/2917 2673/2922/2919 2681/2918/2915
f 2681/2918/2915 2673/2922/2919 2674/2923/2920
f 2681/2918/2915 2674/2923/2920 2675/2924/2921
f 2675/2924/2921 2676/2925/2922 2681/2918/2915
f 2681/2918/2915 2676/2925/2922 2677/2926/2923
f 2681/2918/2915 2677/2926/2923 2678/2927/2924
f 2678/2927/2924 2679/2928/2925 2681/2918/2915
f 2681/2918/2915 2679/2928/2925 2680/2929/2926
f 2691/2930/2927 2109/2931/2928 2449/2932/2929
f 2449/2932/2929 2109/2931/2928 2108/2933/2930
f 2449/2932/2929 2108/2933/2930 2107/2934/2931
f 2107/2934/2931 2106/2935/2932 2449/2932/2929
f 2449/2932/2929 2106/2935/2932 2105/2936/2933
f 2449/2932/2929 2105/2936/2933 2104/2937/2934
f 2104/2937/2934 2103/2938/2935 2449/2932/2929
f 2449/2932/2929 2103/2938/2935 2102/2939/2936
f 2449/2932/2929 2102/2939/2936 2101/2940/2937
f 2101/2940/2937 2100/2941/2938 2449/2932/2929
f 2449/2932/2929 2100/2941/2938 2099/2942/2939
f 2449/2932/2929 2099/2942/2939 2098/2943/2940
f 2449/2932/2929 2448/2944/2941 2691/2930/2927
f 2691/2930/2927 2448/2944/2941 2690/2945/2942
f 2690/2945/2942 2448/2944/2941 2447/2946/2943
f 2690/2945/2942 2447/2946/2943 2689/2947/2944
f 2689/2947/2944 2447/2946/2943 2446/2948/2945
f 2689/2947/2944 2446/2948/2945 2688/2949/2946
f 2688/2949/2946 2446/2948/2945 2445/2950/2947
f 2688/2949/2946 2445/2950/2947 2687/2951/2948
f 2687/2951/2948 2445/2950/2947 2444/2952/2949
f 2687/2951/2948 2444/2952/2949 1083/2953/2950
f 1083/2953/2950 2444/2952/2949 1016/2954/2951
f 1083/2953/2950 1016/2954/2951 1092/2955/2952
f 1092/2955/2952 1016/2954/2951 1093/2956/2953
f 1092/2955/2952 1091/2957/2954 1083/2953/2950
f 1083/2953/2950 1091/2957/2954 1090/2958/2955
f 1083/2953/2950 1090/2958/2955 1089/2959/2956
f 1089/2959/2956 1088/2960/2957 1083/2953/2950
f 1083/2953/2950 1088/2960/2957 1087/2961/2958
f 1083/2953/2950 1087/2961/2958 1086/2962/2959
f 1086/2962/2959 1085/2963/2960 1083/2953/2950
f 1083/2953/2950 1085/2963/2960 1084/2964/2961
f 937/2965/2962 936/2966/2963 860/2967/2964
f 860/2967/2964 936/2966/2963 927/2968/2965
f 860/2967/2964 927/2968/2965 2423/2969/2966
f 2423/2969/2966 927/2968/2965 2692/2970/2967
f 2423/2969/2966 2692/2970/2967 2424/2971/2968
f 2424/2971/2968 2692/2970/2967 2693/2972/2969
f 2424/2971/2968 2693/2972/2969 2425/2973/2970
f 2425/2973/2970 2693/2972/2969 2694/2974/2971
f 2425/2973/2970 2694/2974/2971 2426/2975/2972
f 2426/2975/2972 2694/2974/2971 2695/2976/2973
f 2426/2975/2972 2695/2976/2973 2427/2977/2974
f 2427/2977/2974 2695/2976/2973 2696/2978/2975
f 2427/2977/2974 2696/2978/2975 2428/2979/2976
f 2428/2979/2976 2696/2978/2975 2697/2980/2977
f 2428/2979/2976 2697/2980/2977 2698/2981/2978
f 936/2966/2963 935/2982/2979 927/2968/2965
f 927/2968/2965 935/2982/2979 934/2983/2980
f 927/2968/2965 934/2983/2980 933/2984/2981
f 933/2984/2981 932/2985/2982 927/2968/2965
f 927/2968/2965 932/2985/2982 931/2986/2983
f 927/2968/2965 931/2986/2983 930/2987/2984
f 930/2987/2984 929/2988/2985 927/2968/2965
f 927/2968/2965 929/2988/2985 928/2989/2986
f 2698/2981/2978 2699/2990/2987 2428/2979/2976
f 2428/2979/2976 2699/2990/2987 2700/2991/2988
f 2428/2979/2976 2700/2991/2988 2701/2992/2989
f 2701/2992/2989 2702/2993/2990 2428/2979/2976
f 2428/2979/2976 2702/2993/2990 2703/2994/2991
f 2428/2979/2976 2703/2994/2991 2704/2995/2992
f 2704/2995/2992 2705/2996/2993 2428/2979/2976
f 2428/2979/2976 2705/2996/2993 2706/2997/2994
f 2428/2979/2976 2706/2997/2994 2707/2998/2995
f 2707/2998/2995 2429/2999/2996 2428/2979/2976
f 781/3000/2997 780/3001/2998 704/3002/2999
f 704/3002/2999 780/3001/2998 771/3003/3000
f 704/3002/2999 771/3003/3000 2417/3004/3001
f 2417/3004/3001 771/3003/3000 2708/3005/3002
f 2417/3004/3001 2708/3005/3002 2418/3006/3003
f 2418/3006/3003 2708/3005/3002 2709/3007/3004
f 2418/3006/3003 2709/3007/3004 2419/3008/3005
f 2419/3008/3005 2709/3007/3004 2710/3009/3006
f 2419/3008/3005 2710/3009/3006 2420/3010/3007
f 2420/3010/3007 2710/3009/3006 2711/3011/3008
f 2420/3010/3007 2711/3011/3008 2421/3012/3009
f 2421/3012/3009 2711/3011/3008 2712/3013/3010
f 2421/3012/3009 2712/3013/3010 2422/3014/3011
f 2422/3014/3011 2712/3013/3010 1108/3015/3012
f 2422/3014/3011 1108/3015/3012 1107/3016/3013
f 780/3001/2998 779/3017/3014 771/3003/3000
f 771/3003/3000 779/3017/3014 778/3018/3015
f 771/3003/3000 778/3018/3015 777/3019/3016
f 777/3019/3016 776/3020/3017 771/3003/3000
f 771/3003/3000 776/3020/3017 775/3021/3018
f 771/3003/3000 775/3021/3018 774/3022/3019
f 774/3022/3019 773/3023/3020 771/3003/3000
f 771/3003/3000 773/3023/3020 772/3024/3021
f 1107/3016/3013 1106/3025/3022 2422/3014/3011
f 2422/3014/3011 1106/3025/3022 1105/3026/3023
f 2422/3014/3011 1105/3026/3023 1104/3027/3024
f 1104/3027/3024 1103/3028/3025 2422/3014/3011
f 2422/3014/3011 1103/3028/3025 1102/3029/3026
f 2422/3014/3011 1102/3029/3026 1101/3030/3027
f 1101/3030/3027 1100/3031/3028 2422/3014/3011
f 2422/3014/3011 1100/3031/3028 1099/3032/3029
f 2422/3014/3011 1099/3032/3029 1098/3033/3030
f 1098/3033/3030 1097/3034/3031 2422/3014/3011
f 2717/3035/3032 2032/3036/3033 2455/3037/3034
f 2455/3037/3034 2032/3036/3033 2031/3038/3035
f 2455/3037/3034 2031/3038/3035 2030/3039/3036
f 2030/3039/3036 2029/3040/3037 2455/3037/3034
f 2455/3037/3034 2029/3040/3037 2028/3041/3038
f 2455/3037/3034 2028/3041/3038 2027/3042/3039
f 2027/3042/3039 2026/3043/3040 2455/3037/3034
f 2455/3037/3034 2026/3043/3040 2025/3044/3041
f 2455/3037/3034 2025/3044/3041 2024/3045/3042
f 2024/3045/3042 2023/3046/3043 2455/3037/3034
f 2455/3037/3034 2023/3046/3043 2022/3047/3044
f 2455/3037/3034 2022/3047/3044 2021/3048/3045
f 2455/3037/3034 2454/3049/3046 2717/3035/3032
f 2717/3035/3032 2454/3049/3046 2716/3050/3047
f 2716/3050/3047 2454/3049/3046 2453/3051/3048
f 2716/3050/3047 2453/3051/3048 2715/3052/3049
f 2715/3052/3049 2453/3051/3048 2452/3053/3050
f 2715/3052/3049 2452/3053/3050 2714/3054/3051
f 2714/3054/3051 2452/3053/3050 2451/3055/3052
f 2714/3054/3051 2451/3055/3052 2713/3056/3053
f 2713/3056/3053 2451/3055/3052 2450/3057/3054
f 2713/3056/3053 2450/3057/3054 1005/3058/3055
f 1005/3058/3055 2450/3057/3054 938/3059/3056
f 1005/3058/3055 938/3059/3056 1014/3060/3057
f 1014/3060/3057 938/3059/3056 1015/3061/3058
f 1014/3060/3057 1013/3062/3059 1005/3058/3055
f 1005/3058/3055 1013/3062/3059 1012/3063/3060
f 1005/3058/3055 1012/3063/3060 1011/3064/3061
f 1011/3064/3061 1010/3065/3062 1005/3058/3055
f 1005/3058/3055 1010/3065/3062 1009/3066/3063
f 1005/3058/3055 1009/3066/3063 1008/3067/3064
f 1008/3067/3064 1007/3068/3065 1005/3058/3055
f 1005/3058/3055 1007/3068/3065 1006/3069/3066
f 2722/3070/3067 1955/3071/3068 2461/3072/3069
f 2461/3072/3069 1955/3071/3068 1954/3073/3070
f 2461/3072/3069 1954/3073/3070 1953/3074/3071
f 1953/3074/3071 1952/3075/3072 2461/3072/3069
f 2461/3072/3069 1952/3075/3072 1951/3076/3073
f 2461/3072/3069 1951/3076/3073 1950/3077/3074
f 1950/3077/3074 1949/3078/3075 2461/3072/3069
f 2461/3072/3069 1949/3078/3075 1948/3079/3076
f 2461/3072/3069 1948/3079/3076 1947/3080/3077
f 1947/3080/3077 1946/3081/3078 2461/3072/3069
f 2461/3072/3069 1946/3081/3078 1945/3082/3079
f 2461/3072/3069 1945/3082/3079 1944/3083/3080
f 2461/3072/3069 2460/3084/3081 2722/3070/3067
f 2722/3070/3067 2460/3084/3081 2721/3085/3082
f 2721/3085/3082 2460/3084/3081 2459/3086/3083
f 2721/3085/3082 2459/3086/3083 2720/3087/3084
f 2720/3087/3084 2459/3086/3083 2458/3088/3085
f 2720/3087/3084 2458/3088/3085 2719/3089/3086
f 2719/3089/3086 2458/3088/3085 2457/3090/3087
f 2719/3089/3086 2457/3090/3087 2718/3091/3088
f 2718/3091/3088 2457/3090/3087 2456/3092/3089
f 2718/3091/3088 2456/3092/3089 849/3093/3090
f 849/3093/3090 2456/3092/3089 782/3094/3091
f 849/3093/3090 782/3094/3091 858/3095/3092
f 858/3095/3092 782/3094/3091 859/3096/3093
f 858/3095/3092 857/3097/3094 849/3093/3090
f 849/3093/3090 857/3097/3094 856/3098/3095
f 849/3093/3090 856/3098/3095 855/3099/3096
f 855/3099/3096 854/3100/3097 849/3093/3090
f 849/3093/3090 854/3100/3097 853/3101/3098
f 849/3093/3090 853/3101/3098 852/3102/3099
f 852/3102/3099 851/3103/3100 849/3093/3090
f 849/3093/3090 851/3103/3100 850/3104/3101
f 547/3105/3102 546/3106/3103 470/3107/3104
f 470/3107/3104 546/3106/3103 537/3108/3105
f 470/3107/3104 537/3108/3105 2411/3109/3106
f 2411/3109/3106 537/3108/3105 2723/3110/3107
f 2411/3109/3106 2723/3110/3107 2412/3111/3108
f 2412/3111/3108 2723/3110/3107 2724/3112/3109
f 2412/3111/3108 2724/3112/3109 2413/3113/3110
f 2413/3113/3110 2724/3112/3109 2725/3114/3111
f 2413/3113/3110 2725/3114/3111 2414/3115/3112
f 2414/3115/3112 2725/3114/3111 2726/3116/3113
f 2414/3115/3112 2726/3116/3113 2415/3117/3114
f 2415/3117/3114 2726/3116/3113 2727/3118/3115
f 2415/3117/3114 2727/3118/3115 2416/3119/3116
f 2416/3119/3116 2727/3118/3115 1262/3120/3117
f 2416/3119/3116 1262/3120/3117 1261/3121/3118
f 546/3106/3103 545/3122/3119 537/3108/3105
f 537/3108/3105 545/3122/3119 544/3123/3120
f 537/3108/3105 544/3123/3120 543/3124/3121
f 543/3124/3121 542/3125/3122 537/3108/3105
f 537/3108/3105 542/3125/3122 541/3126/3123
f 537/3108/3105 541/3126/3123 540/3127/3124
f 540/3127/3124 539/3128/3125 537/3108/3105
f 537/3108/3105 539/3128/3125 538/3129/3126
f 1261/3121/3118 1260/3130/3127 2416/3119/3116
f 2416/3119/3116 1260/3130/3127 1259/3131/3128
f 2416/3119/3116 1259/3131/3128 1258/3132/3129
f 1258/3132/3129 1257/3133/3130 2416/3119/3116
f 2416/3119/3116 1257/3133/3130 1256/3134/3131
f 2416/3119/3116 1256/3134/3131 1255/3135/3132
f 1255/3135/3132 1254/3136/3133 2416/3119/3116
f 2416/3119/3116 1254/3136/3133 1253/3137/3134
f 2416/3119/3116 1253/3137/3134 1252/3138/3135
f 1252/3138/3135 1251/3139/3136 2416/3119/3116
f 2732/3140/3137 1878/3141/3138 2467/3142/3139
f 2467/3142/3139 1878/3141/3138 1877/3143/3140
f 2467/3142/3139 1877/3143/3140 1876/3144/3141
f 1876/3144/3141 1875/3145/3142 2467/3142/3139
f 2467/3142/3139 1875/3145/3142 1874/3146/3143
f 2467/3142/3139 1874/3146/3143 1873/3147/3144
f 1873/3147/3144 1872/3148/3145 2467/3142/3139
f 2467/3142/3139 1872/3148/3145 1871/3149/3146
f 2467/3142/3139 1871/3149/3146 1870/3150/3147
f 1870/3150/3147 1869/3151/3148 2467/3142/3139
f 2467/3142/3139 1869/3151/3148 1868/3152/3149
f 2467/3142/3139 1868/3152/3149 1867/3153/3150
f 2467/3142/3139 2466/3154/3151 2732/3140/3137
f 2732/3140/3137 2466/3154/3151 2731/3155/3152
f 2731/3155/3152 2466/3154/3151 2465/3156/3153
f 2731/3155/3152 2465/3156/3153 2730/3157/3154
f 2730/3157/3154 2465/3156/3153 2464/3158/3155
f 2730/3157/3154 2464/3158/3155 2729/3159/3156
f 2729/3159/3156 2464/3158/3155 2463/3160/3157
f 2729/3159/3156 2463/3160/3157 2728/3161/3158
f 2728/3161/3158 2463/3160/3157 2462/3162/3159
f 2728/3161/3158 2462/3162/3159 693/3163/3160
f 693/3163/3160 2462/3162/3159 626/3164/3161
f 693/3163/3160 626/3164/3161 702/3165/3162
f 702/3165/3162 626/3164/3161 703/3166/3163
f 702/3165/3162 701/3167/3164 693/3163/3160
f 693/3163/3160 701/3167/3164 700/3168/3165
f 693/3163/3160 700/3168/3165 699/3169/3166
f 699/3169/3166 698/3170/3167 693/3163/3160
f 693/3163/3160 698/3170/3167 697/3171/3168
f 693/3163/3160 697/3171/3168 696/3172/3169
f 696/3172/3169 695/3173/3170 693/3163/3160
f 693/3163/3160 695/3173/3170 694/3174/3171
f 469/3175/3172 468/3176/3173 392/3177/3174
f 392/3177/3174 468/3176/3173 459/3178/3175
f 392/3177/3174 459/3178/3175 2405/3179/3176
f 2405/3179/3176 459/3178/3175 2733/3180/3177
f 2405/3179/3176 2733/3180/3177 2406/3181/3178
f 2406/3181/3178 2733/3180/3177 2734/3182/3179
f 2406/3181/3178 2734/3182/3179 2407/3183/3180
f 2407/3183/3180 2734/3182/3179 2735/3184/3181
f 2407/3183/3180 2735/3184/3181 2408/3185/3182
f 2408/3185/3182 2735/3184/3181 2736/3186/3183
f 2408/3185/3182 2736/3186/3183 2409/3187/3184
f 2409/3187/3184 2736/3186/3183 2737/3188/3185
f 2409/3187/3184 2737/3188/3185 2410/3189/3186
f 2410/3189/3186 2737/3188/3185 1339/3190/3187
f 2410/3189/3186 1339/3190/3187 1338/3191/3188
f 468/3176/3173 467/3192/3189 459/3178/3175
f 459/3178/3175 467/3192/3189 466/3193/3190
f 459/3178/3175 466/3193/3190 465/3194/3191
f 465/3194/3191 464/3195/3192 459/3178/3175
f 459/3178/3175 464/3195/3192 463/3196/3193
f 459/3178/3175 463/3196/3193 462/3197/3194
f 462/3197/3194 461/3198/3195 459/3178/3175
f 459/3178/3175 461/3198/3195 460/3199/3196
f 1338/3191/3188 1337/3200/3197 2410/3189/3186
f 2410/3189/3186 1337/3200/3197 1336/3201/3198
f 2410/3189/3186 1336/3201/3198 1335/3202/3199
f 1335/3202/3199 1334/3203/3200 2410/3189/3186
f 2410/3189/3186 1334/3203/3200 1333/3204/3201
f 2410/3189/3186 1333/3204/3201 1332/3205/3202
f 1332/3205/3202 1331/3206/3203 2410/3189/3186
f 2410/3189/3186 1331/3206/3203 1330/3207/3204
f 2410/3189/3186 1330/3207/3204 1329/3208/3205
f 1329/3208/3205 1328/3209/3206 2410/3189/3186
f 2742/3210/3207 1801/3211/3208 2473/3212/3209
f 2473/3212/3209 1801/3211/3208 1800/3213/3210
f 2473/3212/3209 1800/3213/3210 1799/3214/3211
f 1799/3214/3211 1798/3215/3212 2473/3212/3209
f 2473/3212/3209 1798/3215/3212 1797/3216/3213
f 2473/3212/3209 1797/3216/3213 1796/3217/3214
f 1796/3217/3214 1795/3218/3215 2473/3212/3209
f 2473/3212/3209 1795/3218/3215 1794/3219/3216
f 2473/3212/3209 1794/3219/3216 1793/3220/3217
f 1793/3220/3217 1792/3221/3218 2473/3212/3209
f 2473/3212/3209 1792/3221/3218 1791/3222/3219
f 2473/3212/3209 1791/3222/3219 1790/3223/3220
f 2473/3212/3209 2472/3224/3221 2742/3210/3207
f 2742/3210/3207 2472/3224/3221 2741/3225/3222
f 2741/3225/3222 2472/3224/3221 2471/3226/3223
f 2741/3225/3222 2471/3226/3223 2740/3227/3224
f 2740/3227/3224 2471/3226/3223 2470/3228/3225
f 2740/3227/3224 2470/3228/3225 2739/3229/3226
f 2739/3229/3226 2470/3228/3225 2469/3230/3227
f 2739/3229/3226 2469/3230/3227 2738/3231/3228
f 2738/3231/3228 2469/3230/3227 2468/3232/3229
f 2738/3231/3228 2468/3232/3229 615/3233/3230
f 615/3233/3230 2468/3232/3229 548/3234/3231
f 615/3233/3230 548/3234/3231 624/3235/3232
f 624/3235/3232 548/3234/3231 625/3236/3233
f 624/3235/3232 623/3237/3234 615/3233/3230
f 615/3233/3230 623/3237/3234 622/3238/3235
f 615/3233/3230 622/3238/3235 621/3239/3236
f 621/3239/3236 620/3240/3237 615/3233/3230
f 615/3233/3230 620/3240/3237 619/3241/3238
f 615/3233/3230 619/3241/3238 618/3242/3239
f 618/3242/3239 617/3243/3240 615/3233/3230
f 615/3233/3230 617/3243/3240 616/3244/3241
f 157/3245/3242 156/3246/3243 80/3247/3244
f 80/3247/3244 156/3246/3243 147/3248/3245
f 80/3247/3244 147/3248/3245 2393/3249/3246
f 2393/3249/3246 147/3248/3245 2743/3250/3247
f 2393/3249/3246 2743/3250/3247 2394/3251/3248
f 2394/3251/3248 2743/3250/3247 2744/3252/3249
f 2394/3251/3248 2744/3252/3249 2395/3253/3250
f 2395/3253/3250 2744/3252/3249 2745/3254/3251
f 2395/3253/3250 2745/3254/3251 2396/3255/3252
f 2396/3255/3252 2745/3254/3251 2746/3256/3253
f 2396/3255/3252 2746/3256/3253 2397/3257/3254
f 2397/3257/3254 2746/3256/3253 2747/3258/3255
f 2397/3257/3254 2747/3258/3255 2398/3259/3256
f 2398/3259/3256 2747/3258/3255 1493/3260/3257
f 2398/3259/3256 1493/3260/3257 1492/3261/3258
f 156/3246/3243 155/3262/3259 147/3248/3245
f 147/3248/3245 155/3262/3259 154/3263/3260
f 147/3248/3245 154/3263/3260 153/3264/3261
f 153/3264/3261 152/3265/3262 147/3248/3245
f 147/3248/3245 152/3265/3262 151/3266/3263
f 147/3248/3245 151/3266/3263 150/3267/3264
f 150/3267/3264 149/3268/3265 147/3248/3245
f 147/3248/3245 149/3268/3265 148/3269/3266
f 1492/3261/3258 1491/3270/3267 2398/3259/3256
f 2398/3259/3256 1491/3270/3267 1490/3271/3268
f 2398/3259/3256 1490/3271/3268 1489/3272/3269
f 1489/3272/3269 1488/3273/3270 2398/3259/3256
f 2398/3259/3256 1488/3273/3270 1487/3274/3271
f 2398/3259/3256 1487/3274/3271 1486/3275/3272
f 1486/3275/3272 1485/3276/3273 2398/3259/3256
f 2398/3259/3256 1485/3276/3273 1484/3277/3274
f 2398/3259/3256 1484/3277/3274 1483/3278/3275
f 1483/3278/3275 1482/3279/3276 2398/3259/3256
f 235/3280/3277 234/3281/3278 158/3282/3279
f 158/3282/3279 234/3281/3278 225/3283/3280
f 158/3282/3279 225/3283/3280 2399/3284/3281
f 2399/3284/3281 225/3283/3280 2748/3285/3282
f 2399/3284/3281 2748/3285/3282 2400/3286/3283
f 2400/3286/3283 2748/3285/3282 2749/3287/3284
f 2400/3286/3283 2749/3287/3284 2401/3288/3285
f 2401/3288/3285 2749/3287/3284 2750/3289/3286
f 2401/3288/3285 2750/3289/3286 2402/3290/3287
f 2402/3290/3287 2750/3289/3286 2751/3291/3288
f 2402/3290/3287 2751/3291/3288 2403/3292/3289
f 2403/3292/3289 2751/3291/3288 2752/3293/3290
f 2403/3292/3289 2752/3293/3290 2404/3294/3291
f 2404/3294/3291 2752/3293/3290 1416/3295/3292
f 2404/3294/3291 1416/3295/3292 1415/3296/3293
f 234/3281/3278 233/3297/3294 225/3283/3280
f 225/3283/3280 233/3297/3294 232/3298/3295
f 225/3283/3280 232/3298/3295 231/3299/3296
f 231/3299/3296 230/3300/3297 225/3283/3280
f 225/3283/3280 230/3300/3297 229/3301/3298
f 225/3283/3280 229/3301/3298 228/3302/3299
f 228/3302/3299 227/3303/3300 225/3283/3280
f 225/3283/3280 227/3303/3300 226/3304/3301
f 1415/3296/3293 1414/3305/3302 2404/3294/3291
f 2404/3294/3291 1414/3305/3302 1413/3306/3303
f 2404/3294/3291 1413/3306/3303 1412/3307/3304
f 1412/3307/3304 1411/3308/3305 2404/3294/3291
f 2404/3294/3291 1411/3308/3305 1410/3309/3306
f 2404/3294/3291 1410/3309/3306 1409/3310/3307
f 1409/3310/3307 1408/3311/3308 2404/3294/3291
f 2404/3294/3291 1408/3311/3308 1407/3312/3309
f 2404/3294/3291 1407/3312/3309 1406/3313/3310
f 1406/3313/3310 1405/3314/3311 2404/3294/3291
f 2757/3315/3312 1724/3316/3313 2479/3317/3314
f 2479/3317/3314 1724/3316/3313 1723/3318/3315
f 2479/3317/3314 1723/3318/3315 1722/3319/3316
f 1722/3319/3316 1721/3320/3317 2479/3317/3314
f 2479/3317/3314 1721/3320/3317 1720/3321/3318
f 2479/3317/3314 1720/3321/3318 1719/3322/3319
f 1719/3322/3319 1718/3323/3320 2479/3317/3314
f 2479/3317/3314 1718/3323/3320 1717/3324/3321
f 2479/3317/3314 1717/3324/3321 1716/3325/3322
f 1716/3325/3322 1715/3326/3323 2479/3317/3314
f 2479/3317/3314 1715/3326/3323 1714/3327/3324
f 2479/3317/3314 1714/3327/3324 1713/3328/3325
f 2479/3317/3314 2478/3329/3326 2757/3315/3312
f 2757/3315/3312 2478/3329/3326 2756/3330/3327
f 2756/3330/3327 2478/3329/3326 2477/3331/3328
f 2756/3330/3327 2477/3331/3328 2755/3332/3329
f 2755/3332/3329 2477/3331/3328 2476/3333/3330
f 2755/3332/3329 2476/3333/3330 2754/3334/3331
f 2754/3334/3331 2476/3333/3330 2475/3335/3332
f 2754/3334/3331 2475/3335/3332 2753/3336/3333
f 2753/3336/3333 2475/3335/3332 2474/3337/3334
f 2753/3336/3333 2474/3337/3334 381/3338/3335
f 381/3338/3335 2474/3337/3334 314/3339/3336
f 381/3338/3335 314/3339/3336 390/3340/3337
f 390/3340/3337 314/3339/3336 391/3341/3338
f 390/3340/3337 389/3342/3339 381/3338/3335
f 381/3338/3335 389/3342/3339 388/3343/3340
f 381/3338/3335 388/3343/3340 387/3344/3341
f 387/3344/3341 386/3345/3342 381/3338/3335
f 381/3338/3335 386/3345/3342 385/3346/3343
f 381/3338/3335 385/3346/3343 384/3347/3344
f 384/3347/3344 383/3348/3345 381/3338/3335
f 381/3338/3335 383/3348/3345 382/3349/3346
f 2762/3350/3347 1570/3351/3348 2392/3352/3349
f 2392/3352/3349 1570/3351/3348 1569/3353/3350
f 2392/3352/3349 1569/3353/3350 1568/3354/3351
f 1568/3354/3351 1567/3355/3352 2392/3352/3349
f 2392/3352/3349 1567/3355/3352 1566/3356/3353
f 2392/3352/3349 1566/3356/3353 1565/3357/3354
f 1565/3357/3354 1564/3358/3355 2392/3352/3349
f 2392/3352/3349 1564/3358/3355 1563/3359/3356
f 2392/3352/3349 1563/3359/3356 1562/3360/3357
f 1562/3360/3357 1561/3361/3358 2392/3352/3349
f 2392/3352/3349 1561/3361/3358 1560/3362/3359
f 2392/3352/3349 1560/3362/3359 1559/3363/3360
f 2392/3352/3349 2391/3364/3361 2762/3350/3347
f 2762/3350/3347 2391/3364/3361 2761/3365/3362
f 2761/3365/3362 2391/3364/3361 2390/3366/3363
f 2761/3365/3362 2390/3366/3363 2760/3367/3364
f 2760/3367/3364 2390/3366/3363 2389/3368/3365
f 2760/3367/3364 2389/3368/3365 2759/3369/3366
f 2759/3369/3366 2389/3368/3365 2388/3370/3367
f 2759/3369/3366 2388/3370/3367 2758/3371/3368
f 2758/3371/3368 2388/3370/3367 2387/3372/3369
f 2758/3371/3368 2387/3372/3369 69/3373/3370
f 69/3373/3370 2387/3372/3369 1/3374/3371
f 69/3373/3370 1/3374/3371 78/3375/3372
f 78/3375/3372 1/3374/3371 79/3376/3373
f 78/3375/3372 77/3377/3374 69/3373/3370
f 69/3373/3370 77/3377/3374 76/3378/3375
f 69/3373/3370 76/3378/3375 75/3379/3376
f 75/3379/3376 74/3380/3377 69/3373/3370
f 69/3373/3370 74/3380/3377 73/3381/3378
f 69/3373/3370 73/3381/3378 72/3382/3379
f 72/3382/3379 71/3383/3380 69/3373/3370
f 69/3373/3370 71/3383/3380 70/3384/3381
f 1189/3385/3382 1188/3386/3383 2772/3387/3384
f 2772/3387/3384 1188/3386/3383 1187/3388/3385
f 2772/3387/3384 1187/3388/3385 1186/3389/3386
f 1186/3389/3386 1185/3390/3387 2772/3387/3384
f 2772/3387/3384 1185/3390/3387 2686/3391/3388
f 2772/3387/3384 2686/3391/3388 2771/3392/3389
f 2771/3392/3389 2686/3391/3388 2685/3393/3390
f 2771/3392/3389 2685/3393/3390 2770/3394/3391
f 2770/3394/3391 2685/3393/3390 2684/3395/3392
f 2770/3394/3391 2684/3395/3392 2769/3396/3393
f 2769/3396/3393 2684/3395/3392 2683/3397/3394
f 2769/3396/3393 2683/3397/3394 2768/3398/3395
f 2768/3398/3395 2683/3397/3394 2682/3399/3396
f 2768/3398/3395 2682/3399/3396 2767/3400/3397
f 2767/3400/3397 2682/3399/3396 2681/3401/3398
f 2767/3400/3397 2681/3401/3398 2763/3402/3399
f 2763/3402/3399 2764/3403/3400 2767/3400/3397
f 2767/3400/3397 2764/3403/3400 2765/3404/3401
f 2767/3400/3397 2765/3404/3401 2766/3405/3402
f 2113/3406/3403 2112/3407/3404 2778/3408/3405
f 2778/3408/3405 2112/3407/3404 2111/3409/3406
f 2778/3408/3405 2111/3409/3406 2110/3410/3407
f 2110/3410/3407 2109/3411/3408 2778/3408/3405
f 2778/3408/3405 2109/3411/3408 2691/3412/3409
f 2778/3408/3405 2691/3412/3409 2777/3413/3410
f 2777/3413/3410 2691/3412/3409 2690/3414/3411
f 2777/3413/3410 2690/3414/3411 2776/3415/3412
f 2776/3415/3412 2690/3414/3411 2689/3416/3413
f 2776/3415/3412 2689/3416/3413 2775/3417/3414
f 2775/3417/3414 2689/3416/3413 2688/3418/3415
f 2775/3417/3414 2688/3418/3415 2774/3419/3416
f 2774/3419/3416 2688/3418/3415 2687/3420/3417
f 2774/3419/3416 2687/3420/3417 2773/3421/3418
f 2773/3421/3418 2687/3420/3417 1083/3422/3419
f 2773/3421/3418 1083/3422/3419 1082/3423/3420
f 1082/3423/3420 1081/3424/3421 2773/3421/3418
f 2773/3421/3418 1081/3424/3421 1080/3425/3422
f 2773/3421/3418 1080/3425/3422 1079/3426/3423
f 2692/3427/3424 927/3428/3425 2779/3429/3426
f 2779/3429/3426 927/3428/3425 926/3430/3427
f 2779/3429/3426 926/3430/3427 925/3431/3428
f 925/3431/3428 924/3432/3429 2779/3429/3426
f 2779/3429/3426 924/3432/3429 923/3433/3430
f 2779/3429/3426 2780/3434/3431 2692/3427/3424
f 2692/3427/3424 2780/3434/3431 2693/3435/3432
f 2693/3435/3432 2780/3434/3431 2781/3436/3433
f 2693/3435/3432 2781/3436/3433 2694/3437/3434
f 2694/3437/3434 2781/3436/3433 2782/3438/3435
f 2694/3437/3434 2782/3438/3435 2695/3439/3436
f 2695/3439/3436 2782/3438/3435 2783/3440/3437
f 2695/3439/3436 2783/3440/3437 2696/3441/3438
f 2696/3441/3438 2783/3440/3437 2784/3442/3439
f 2696/3441/3438 2784/3442/3439 2697/3443/3440
f 2697/3443/3440 2784/3442/3439 2788/3444/3441
f 2788/3444/3441 2784/3442/3439 2787/3445/3442
f 2787/3445/3442 2784/3442/3439 2786/3446/3443
f 2786/3446/3443 2784/3442/3439 2785/3447/3444
f 2708/3448/3445 771/3449/3446 2789/3450/3447
f 2789/3450/3447 771/3449/3446 770/3451/3448
f 2789/3450/3447 770/3451/3448 769/3452/3449
f 769/3452/3449 768/3453/3450 2789/3450/3447
f 2789/3450/3447 768/3453/3450 767/3454/3451
f 2789/3450/3447 2790/3455/3452 2708/3448/3445
f 2708/3448/3445 2790/3455/3452 2709/3456/3453
f 2709/3456/3453 2790/3455/3452 2791/3457/3454
f 2709/3456/3453 2791/3457/3454 2710/3458/3455
f 2710/3458/3455 2791/3457/3454 2792/3459/3456
f 2710/3458/3455 2792/3459/3456 2711/3460/3457
f 2711/3460/3457 2792/3459/3456 2793/3461/3458
f 2711/3460/3457 2793/3461/3458 2712/3462/3459
f 2712/3462/3459 2793/3461/3458 2794/3463/3460
f 2712/3462/3459 2794/3463/3460 1108/3464/3461
f 1108/3464/3461 2794/3463/3460 1109/3465/3462
f 1109/3465/3462 2794/3463/3460 1110/3466/3463
f 1110/3466/3463 2794/3463/3460 1111/3467/3464
f 1111/3467/3464 2794/3463/3460 1112/3468/3465
f 2036/3469/3466 2035/3470/3467 2800/3471/3468
f 2800/3471/3468 2035/3470/3467 2034/3472/3469
f 2800/3471/3468 2034/3472/3469 2033/3473/3470
f 2033/3473/3470 2032/3474/3471 2800/3471/3468
f 2800/3471/3468 2032/3474/3471 2717/3475/3472
f 2800/3471/3468 2717/3475/3472 2799/3476/3473
f 2799/3476/3473 2717/3475/3472 2716/3477/3474
f 2799/3476/3473 2716/3477/3474 2798/3478/3475
f 2798/3478/3475 2716/3477/3474 2715/3479/3476
f 2798/3478/3475 2715/3479/3476 2797/3480/3477
f 2797/3480/3477 2715/3479/3476 2714/3481/3478
f 2797/3480/3477 2714/3481/3478 2796/3482/3479
f 2796/3482/3479 2714/3481/3478 2713/3483/3480
f 2796/3482/3479 2713/3483/3480 2795/3484/3481
f 2795/3484/3481 2713/3483/3480 1005/3485/3482
f 2795/3484/3481 1005/3485/3482 1004/3486/3483
f 1004/3486/3483 1003/3487/3484 2795/3484/3481
f 2795/3484/3481 1003/3487/3484 1002/3488/3485
f 2795/3484/3481 1002/3488/3485 1001/3489/3486
f 1959/3490/3487 1958/3491/3488 2806/3492/3489
f 2806/3492/3489 1958/3491/3488 1957/3493/3490
f 2806/3492/3489 1957/3493/3490 1956/3494/3491
f 1956/3494/3491 1955/3495/3492 2806/3492/3489
f 2806/3492/3489 1955/3495/3492 2722/3496/3493
f 2806/3492/3489 2722/3496/3493 2805/3497/3494
f 2805/3497/3494 2722/3496/3493 2721/3498/3495
f 2805/3497/3494 2721/3498/3495 2804/3499/3496
f 2804/3499/3496 2721/3498/3495 2720/3500/3497
f 2804/3499/3496 2720/3500/3497 2803/3501/3498
f 2803/3501/3498 2720/3500/3497 2719/3502/3499
f 2803/3501/3498 2719/3502/3499 2802/3503/3500
f 2802/3503/3500 2719/3502/3499 2718/3504/3501
f 2802/3503/3500 2718/3504/3501 2801/3505/3502
f 2801/3505/3502 2718/3504/3501 849/3506/3503
f 2801/3505/3502 849/3506/3503 848/3507/3504
f 848/3507/3504 847/3508/3505 2801/3505/3502
f 2801/3505/3502 847/3508/3505 846/3509/3506
f 2801/3505/3502 846/3509/3506 845/3510/3507
f 2723/3511/3508 537/3512/3509 2807/3513/3510
f 2807/3513/3510 537/3512/3509 536/3514/3511
f 2807/3513/3510 536/3514/3511 535/3515/3512
f 535/3515/3512 534/3516/3513 2807/3513/3510
f 2807/3513/3510 534/3516/3513 533/3517/3514
f 2807/3513/3510 2808/3518/3515 2723/3511/3508
f 2723/3511/3508 2808/3518/3515 2724/3519/3516
f 2724/3519/3516 2808/3518/3515 2809/3520/3517
f 2724/3519/3516 2809/3520/3517 2725/3521/3518
f 2725/3521/3518 2809/3520/3517 2810/3522/3519
f 2725/3521/3518 2810/3522/3519 2726/3523/3520
f 2726/3523/3520 2810/3522/3519 2811/3524/3521
f 2726/3523/3520 2811/3524/3521 2727/3525/3522
f 2727/3525/3522 2811/3524/3521 2812/3526/3523
f 2727/3525/3522 2812/3526/3523 1262/3527/3524
f 1262/3527/3524 2812/3526/3523 1263/3528/3525
f 1263/3528/3525 2812/3526/3523 1264/3529/3526
f 1264/3529/3526 2812/3526/3523 1265/3530/3527
f 1265/3530/3527 2812/3526/3523 1266/3531/3528
f 1882/3532/3529 1881/3533/3530 2818/3534/3531
f 2818/3534/3531 1881/3533/3530 1880/3535/3532
f 2818/3534/3531 1880/3535/3532 1879/3536/3533
f 1879/3536/3533 1878/3537/3534 2818/3534/3531
f 2818/3534/3531 1878/3537/3534 2732/3538/3535
f 2818/3534/3531 2732/3538/3535 2817/3539/3536
f 2817/3539/3536 2732/3538/3535 2731/3540/3537
f 2817/3539/3536 2731/3540/3537 2816/3541/3538
f 2816/3541/3538 2731/3540/3537 2730/3542/3539
f 2816/3541/3538 2730/3542/3539 2815/3543/3540
f 2815/3543/3540 2730/3542/3539 2729/3544/3541
f 2815/3543/3540 2729/3544/3541 2814/3545/3542
f 2814/3545/3542 2729/3544/3541 2728/3546/3543
f 2814/3545/3542 2728/3546/3543 2813/3547/3544
f 2813/3547/3544 2728/3546/3543 693/3548/3545
f 2813/3547/3544 693/3548/3545 692/3549/3546
f 692/3549/3546 691/3550/3547 2813/3547/3544
f 2813/3547/3544 691/3550/3547 690/3551/3548
f 2813/3547/3544 690/3551/3548 689/3552/3549
f 2733/3553/3550 459/3554/3551 2819/3555/3552
f 2819/3555/3552 459/3554/3551 458/3556/3553
f 2819/3555/3552 458/3556/3553 457/3557/3554
f 457/3557/3554 456/3558/3555 2819/3555/3552
f 2819/3555/3552 456/3558/3555 455/3559/3556
f 2819/3555/3552 2820/3560/3557 2733/3553/3550
f 2733/3553/3550 2820/3560/3557 2734/3561/3558
f 2734/3561/3558 2820/3560/3557 2821/3562/3559
f 2734/3561/3558 2821/3562/3559 2735/3563/3560
f 2735/3563/3560 2821/3562/3559 2822/3564/3561
f 2735/3563/3560 2822/3564/3561 2736/3565/3562
f 2736/3565/3562 2822/3564/3561 2823/3566/3563
f 2736/3565/3562 2823/3566/3563 2737/3567/3564
f 2737/3567/3564 2823/3566/3563 2824/3568/3565
f 2737/3567/3564 2824/3568/3565 1339/3569/3566
f 1339/3569/3566 2824/3568/3565 1340/3570/3567
f 1340/3570/3567 2824/3568/3565 1341/3571/3568
f 1341/3571/3568 2824/3568/3565 1342/3572/3569
f 1342/3572/3569 2824/3568/3565 1343/3573/3570
f 1805/3574/3571 1804/3575/3572 2830/3576/3573
f 2830/3576/3573 1804/3575/3572 1803/3577/3574
f 2830/3576/3573 1803/3577/3574 1802/3578/3575
f 1802/3578/3575 1801/3579/3576 2830/3576/3573
f 2830/3576/3573 1801/3579/3576 2742/3580/3577
f 2830/3576/3573 2742/3580/3577 2829/3581/3578
f 2829/3581/3578 2742/3580/3577 2741/3582/3579
f 2829/3581/3578 2741/3582/3579 2828/3583/3580
f 2828/3583/3580 2741/3582/3579 2740/3584/3581
f 2828/3583/3580 2740/3584/3581 2827/3585/3582
f 2827/3585/3582 2740/3584/3581 2739/3586/3583
f 2827/3585/3582 2739/3586/3583 2826/3587/3584
f 2826/3587/3584 2739/3586/3583 2738/3588/3585
f 2826/3587/3584 2738/3588/3585 2825/3589/3586
f 2825/3589/3586 2738/3588/3585 615/3590/3587
f 2825/3589/3586 615/3590/3587 614/3591/3588
f 614/3591/3588 613/3592/3589 2825/3589/3586
f 2825/3589/3586 613/3592/3589 612/3593/3590
f 2825/3589/3586 612/3593/3590 611/3594/3591
f 2743/3595/3592 147/3596/3593 2831/3597/3594
f 2831/3597/3594 147/3596/3593 146/3598/3595
f 2831/3597/3594 146/3598/3595 145/3599/3596
f 145/3599/3596 144/3600/3597 2831/3597/3594
f 2831/3597/3594 144/3600/3597 143/3601/3598
f 2831/3597/3594 2832/3602/3599 2743/3595/3592
f 2743/3595/3592 2832/3602/3599 2744/3603/3600
f 2744/3603/3600 2832/3602/3599 2833/3604/3601
f 2744/3603/3600 2833/3604/3601 2745/3605/3602
f 2745/3605/3602 2833/3604/3601 2834/3606/3603
f 2745/3605/3602 2834/3606/3603 2746/3607/3604
f 2746/3607/3604 2834/3606/3603 2835/3608/3605
f 2746/3607/3604 2835/3608/3605 2747/3609/3606
f 2747/3609/3606 2835/3608/3605 2836/3610/3607
f 2747/3609/3606 2836/3610/3607 1493/3611/3608
f 1493/3611/3608 2836/3610/3607 1494/3612/3609
f 1494/3612/3609 2836/3610/3607 1495/3613/3610
f 1495/3613/3610 2836/3610/3607 1496/3614/3611
f 1496/3614/3611 2836/3610/3607 1497/3615/3612
f 2748/3616/3613 225/3617/3614 2837/3618/3615
f 2837/3618/3615 225/3617/3614 224/3619/3616
f 2837/3618/3615 224/3619/3616 223/3620/3617
f 223/3620/3617 222/3621/3618 2837/3618/3615
f 2837/3618/3615 222/3621/3618 221/3622/3619
f 2837/3618/3615 2838/3623/3620 2748/3616/3613
f 2748/3616/3613 2838/3623/3620 2749/3624/3621
f 2749/3624/3621 2838/3623/3620 2839/3625/3622
f 2749/3624/3621 2839/3625/3622 2750/3626/3623
f 2750/3626/3623 2839/3625/3622 2840/3627/3624
f 2750/3626/3623 2840/3627/3624 2751/3628/3625
f 2751/3628/3625 2840/3627/3624 2841/3629/3626
f 2751/3628/3625 2841/3629/3626 2752/3630/3627
f 2752/3630/3627 2841/3629/3626 2842/3631/3628
f 2752/3630/3627 2842/3631/3628 1416/3632/3629
f 1416/3632/3629 2842/3631/3628 1417/3633/3630
f 1417/3633/3630 2842/3631/3628 1418/3634/3631
f 1418/3634/3631 2842/3631/3628 1419/3635/3632
f 1419/3635/3632 2842/3631/3628 1420/3636/3633
f 1728/3637/3634 1727/3638/3635 2848/3639/3636
f 2848/3639/3636 1727/3638/3635 1726/3640/3637
f 2848/3639/3636 1726/3640/3637 1725/3641/3638
f 1725/3641/3638 1724/3642/3639 2848/3639/3636
f 2848/3639/3636 1724/3642/3639 2757/3643/3640
f 2848/3639/3636 2757/3643/3640 2847/3644/3641
f 2847/3644/3641 2757/3643/3640 2756/3645/3642
f 2847/3644/3641 2756/3645/3642 2846/3646/3643
f 2846/3646/3643 2756/3645/3642 2755/3647/3644
f 2846/3646/3643 2755/3647/3644 2845/3648/3645
f 2845/3648/3645 2755/3647/3644 2754/3649/3646
f 2845/3648/3645 2754/3649/3646 2844/3650/3647
f 2844/3650/3647 2754/3649/3646 2753/3651/3648
f 2844/3650/3647 2753/3651/3648 2843/3652/3649
f 2843/3652/3649 2753/3651/3648 381/3653/3650
f 2843/3652/3649 381/3653/3650 380/3654/3651
f 380/3654/3651 379/3655/3652 2843/3652/3649
f 2843/3652/3649 379/3655/3652 378/3656/3653
f 2843/3652/3649 378/3656/3653 377/3657/3654
f 1574/3658/3655 1573/3659/3656 2854/3660/3657
f 2854/3660/3657 1573/3659/3656 1572/3661/3658
f 2854/3660/3657 1572/3661/3658 1571/3662/3659
f 1571/3662/3659 1570/3663/3660 2854/3660/3657
f 2854/3660/3657 1570/3663/3660 2762/3664/3661
f 2854/3660/3657 2762/3664/3661 2853/3665/3662
f 2853/3665/3662 2762/3664/3661 2761/3666/3663
f 2853/3665/3662 2761/3666/3663 2852/3667/3664
f 2852/3667/3664 2761/3666/3663 2760/3668/3665
f 2852/3667/3664 2760/3668/3665 2851/3669/3666
f 2851/3669/3666 2760/3668/3665 2759/3670/3667
f 2851/3669/3666 2759/3670/3667 2850/3671/3668
f 2850/3671/3668 2759/3670/3667 2758/3672/3669
f 2850/3671/3668 2758/3672/3669 2849/3673/3670
f 2849/3673/3670 2758/3672/3669 69/3674/3671
f 2849/3673/3670 69/3674/3671 68/3675/3672
f 68/3675/3672 67/3676/3673 2849/3673/3670
f 2849/3673/3670 67/3676/3673 66/3677/3674
f 2849/3673/3670 66/3677/3674 65/3678/3675
f 2170/3679/3676 2855/3680/3677 2171/3681/3678
f 2171/3681/3678 2855/3680/3677 2856/3682/3679
f 2171/3681/3678 2856/3682/3679 2172/3683/3680
f 2172/3683/3680 2856/3682/3679 2857/3684/3681
f 2172/3683/3680 2857/3684/3681 2173/3685/3682
f 2173/3685/3682 2857/3684/3681 2858/3686/3683
f 2173/3685/3682 2858/3686/3683 1021/3687/3684
f 1021/3687/3684 2858/3686/3683 2859/3688/3685
f 1021/3687/3684 2859/3688/3685 1022/3689/3686
f 1022/3689/3686 2859/3688/3685 1023/3690/3687
f 1023/3690/3687 2859/3688/3685 1024/3691/3688
f 1024/3691/3688 2859/3688/3685 1025/3692/3689
f 1025/3692/3689 2859/3688/3685 1026/3693/3690
f 1026/3693/3690 2859/3688/3685 1027/3694/3691
f 1027/3694/3691 2859/3688/3685 1028/3695/3692
f 1028/3695/3692 2859/3688/3685 1029/3696/3693
f 1029/3696/3693 2859/3688/3685 1030/3697/3694
f 1030/3697/3694 2859/3688/3685 1031/3698/3695
f 1031/3698/3695 2859/3688/3685 1032/3699/3696
f 1032/3699/3696 2859/3688/3685 1033/3700/3697
f 1033/3700/3697 2859/3688/3685 1052/3701/3698
f 1033/3700/3697 1052/3701/3698 1044/3702/3699
f 1044/3702/3699 1052/3701/3698 1045/3703/3700
f 1045/3703/3700 1052/3701/3698 1046/3704/3701
f 1046/3704/3701 1052/3701/3698 1047/3705/3702
f 1047/3705/3702 1052/3701/3698 1048/3706/3703
f 1048/3706/3703 1052/3701/3698 1049/3707/3704
f 1049/3707/3704 1052/3701/3698 1051/3708/3705
f 1049/3707/3704 1051/3708/3705 1050/3709/3706
f 2170/3679/3676 2169/3710/3707 2855/3680/3677
f 2855/3680/3677 2169/3710/3707 2168/3711/3708
f 2855/3680/3677 2168/3711/3708 2167/3712/3709
f 2167/3712/3709 2166/3713/3710 2855/3680/3677
f 2855/3680/3677 2166/3713/3710 2165/3714/3711
f 2855/3680/3677 2165/3714/3711 2164/3715/3712
f 2164/3715/3712 2163/3716/3713 2855/3680/3677
f 2855/3680/3677 2163/3716/3713 2162/3717/3714
f 2855/3680/3677 2162/3717/3714 2161/3718/3715
f 2161/3718/3715 2160/3719/3716 2855/3680/3677
f 2855/3680/3677 2160/3719/3716 2159/3720/3717
f 2855/3680/3677 2159/3720/3717 2158/3721/3718
f 2158/3721/3718 2157/3722/3719 2855/3680/3677
f 2855/3680/3677 2157/3722/3719 2156/3723/3720
f 2855/3680/3677 2156/3723/3720 2155/3724/3721
f 2155/3724/3721 2154/3725/3722 2855/3680/3677
f 2855/3680/3677 2154/3725/3722 2153/3726/3723
f 2855/3680/3677 2153/3726/3723 2152/3727/3724
f 2152/3727/3724 2151/3728/3725 2855/3680/3677
f 2855/3680/3677 2151/3728/3725 2150/3729/3726
f 2855/3680/3677 2150/3729/3726 2149/3730/3727
f 2149/3730/3727 2148/3731/3728 2855/3680/3677
f 2855/3680/3677 2148/3731/3728 2147/3732/3729
f 2855/3680/3677 2147/3732/3729 2146/3733/3730
f 2146/3733/3730 2145/3734/3731 2855/3680/3677
f 2855/3680/3677 2145/3734/3731 2144/3735/3732
f 2855/3680/3677 2144/3735/3732 2143/3736/3733
f 2143/3736/3733 2142/3737/3734 2855/3680/3677
f 2855/3680/3677 2142/3737/3734 2141/3738/3735
f 2855/3680/3677 2141/3738/3735 2140/3739/3736
f 1044/3702/3699 1043/3740/3737 1033/3700/3697
f 1033/3700/3697 1043/3740/3737 1042/3741/3738
f 1033/3700/3697 1042/3741/3738 1041/3742/3739
f 1041/3742/3739 1040/3743/3740 1033/3700/3697
f 1033/3700/3697 1040/3743/3740 1034/3744/3741
f 1034/3744/3741 1040/3743/3740 1035/3745/3742
f 1035/3745/3742 1040/3743/3740 1036/3746/3743
f 1036/3746/3743 1040/3743/3740 1037/3747/3744
f 1037/3747/3744 1040/3743/3740 1038/3748/3745
f 1038/3748/3745 1040/3743/3740 1039/3749/3746
f 895/3750/3747 893/3751/3748 896/3752/3749
f 896/3752/3749 893/3751/3748 892/3753/3750
f 896/3752/3749 892/3753/3750 891/3754/3751
f 895/3750/3747 894/3755/3752 893/3751/3748
f 891/3754/3751 890/3756/3753 896/3752/3749
f 896/3752/3749 890/3756/3753 889/3757/3754
f 896/3752/3749 889/3757/3754 888/3758/3755
f 896/3752/3749 888/3758/3755 877/3759/3756
f 877/3759/3756 888/3758/3755 887/3760/3757
f 877/3759/3756 887/3760/3757 886/3761/3758
f 886/3761/3758 885/3762/3759 877/3759/3756
f 877/3759/3756 885/3762/3759 884/3763/3760
f 877/3759/3756 884/3763/3760 878/3764/3761
f 878/3764/3761 884/3763/3760 879/3765/3762
f 879/3765/3762 884/3763/3760 880/3766/3763
f 880/3766/3763 884/3763/3760 881/3767/3764
f 881/3767/3764 884/3763/3760 882/3768/3765
f 882/3768/3765 884/3763/3760 883/3769/3766
f 896/3752/3749 877/3759/3756 2895/3770/3767
f 2895/3770/3767 877/3759/3756 876/3771/3768
f 2895/3770/3767 876/3771/3768 875/3772/3769
f 875/3772/3769 874/3773/3770 2895/3770/3767
f 2895/3770/3767 874/3773/3770 873/3774/3771
f 2895/3770/3767 873/3774/3771 872/3775/3772
f 872/3775/3772 871/3776/3773 2895/3770/3767
f 2895/3770/3767 871/3776/3773 870/3777/3774
f 2895/3770/3767 870/3777/3774 869/3778/3775
f 869/3778/3775 868/3779/3776 2895/3770/3767
f 2895/3770/3767 868/3779/3776 867/3780/3777
f 2895/3770/3767 867/3780/3777 866/3781/3778
f 866/3781/3778 865/3782/3779 2895/3770/3767
f 2895/3770/3767 865/3782/3779 2894/3783/3780
f 2894/3783/3780 865/3782/3779 2176/3784/3781
f 2894/3783/3780 2176/3784/3781 2893/3785/3782
f 2893/3785/3782 2176/3784/3781 2175/3786/3783
f 2893/3785/3782 2175/3786/3783 2892/3787/3784
f 2892/3787/3784 2175/3786/3783 2174/3788/3785
f 2892/3787/3784 2174/3788/3785 2891/3789/3786
f 2891/3789/3786 2174/3788/3785 2860/3790/3787
f 2891/3789/3786 2860/3790/3787 2861/3791/3788
f 2861/3791/3788 2862/3792/3789 2891/3789/3786
f 2891/3789/3786 2862/3792/3789 2863/3793/3790
f 2891/3789/3786 2863/3793/3790 2864/3794/3791
f 2864/3794/3791 2865/3795/3792 2891/3789/3786
f 2891/3789/3786 2865/3795/3792 2866/3796/3793
f 2891/3789/3786 2866/3796/3793 2867/3797/3794
f 2867/3797/3794 2868/3798/3795 2891/3789/3786
f 2891/3789/3786 2868/3798/3795 2869/3799/3796
f 2891/3789/3786 2869/3799/3796 2870/3800/3797
f 2870/3800/3797 2871/3801/3798 2891/3789/3786
f 2891/3789/3786 2871/3801/3798 2872/3802/3799
f 2891/3789/3786 2872/3802/3799 2873/3803/3800
f 2873/3803/3800 2874/3804/3801 2891/3789/3786
f 2891/3789/3786 2874/3804/3801 2875/3805/3802
f 2891/3789/3786 2875/3805/3802 2876/3806/3803
f 2876/3806/3803 2877/3807/3804 2891/3789/3786
f 2891/3789/3786 2877/3807/3804 2878/3808/3805
f 2891/3789/3786 2878/3808/3805 2879/3809/3806
f 2879/3809/3806 2880/3810/3807 2891/3789/3786
f 2891/3789/3786 2880/3810/3807 2881/3811/3808
f 2891/3789/3786 2881/3811/3808 2882/3812/3809
f 2882/3812/3809 2883/3813/3810 2891/3789/3786
f 2891/3789/3786 2883/3813/3810 2884/3814/3811
f 2891/3789/3786 2884/3814/3811 2885/3815/3812
f 2885/3815/3812 2886/3816/3813 2891/3789/3786
f 2891/3789/3786 2886/3816/3813 2887/3817/3814
f 2891/3789/3786 2887/3817/3814 2888/3818/3815
f 2888/3818/3815 2889/3819/3816 2891/3789/3786
f 2891/3789/3786 2889/3819/3816 2890/3820/3817
f 739/3821/3818 737/3822/3819 740/3823/3820
f 740/3823/3820 737/3822/3819 736/3824/3821
f 740/3823/3820 736/3824/3821 735/3825/3822
f 739/3821/3818 738/3826/3823 737/3822/3819
f 735/3825/3822 734/3827/3824 740/3823/3820
f 740/3823/3820 734/3827/3824 733/3828/3825
f 740/3823/3820 733/3828/3825 732/3829/3826
f 740/3823/3820 732/3829/3826 721/3830/3827
f 721/3830/3827 732/3829/3826 731/3831/3828
f 721/3830/3827 731/3831/3828 730/3832/3829
f 730/3832/3829 729/3833/3830 721/3830/3827
f 721/3830/3827 729/3833/3830 728/3834/3831
f 721/3830/3827 728/3834/3831 722/3835/3832
f 722/3835/3832 728/3834/3831 723/3836/3833
f 723/3836/3833 728/3834/3831 724/3837/3834
f 724/3837/3834 728/3834/3831 725/3838/3835
f 725/3838/3835 728/3834/3831 726/3839/3836
f 726/3839/3836 728/3834/3831 727/3840/3837
f 740/3823/3820 721/3830/3827 2900/3841/3838
f 2900/3841/3838 721/3830/3827 720/3842/3839
f 2900/3841/3838 720/3842/3839 719/3843/3840
f 719/3843/3840 718/3844/3841 2900/3841/3838
f 2900/3841/3838 718/3844/3841 717/3845/3842
f 2900/3841/3838 717/3845/3842 716/3846/3843
f 716/3846/3843 715/3847/3844 2900/3841/3838
f 2900/3841/3838 715/3847/3844 714/3848/3845
f 2900/3841/3838 714/3848/3845 713/3849/3846
f 713/3849/3846 712/3850/3847 2900/3841/3838
f 2900/3841/3838 712/3850/3847 711/3851/3848
f 2900/3841/3838 711/3851/3848 710/3852/3849
f 710/3852/3849 709/3853/3850 2900/3841/3838
f 2900/3841/3838 709/3853/3850 2899/3854/3851
f 2899/3854/3851 709/3853/3850 2178/3855/3852
f 2899/3854/3851 2178/3855/3852 2898/3856/3853
f 2898/3856/3853 2178/3855/3852 2177/3857/3854
f 2898/3856/3853 2177/3857/3854 2897/3858/3855
f 2897/3858/3855 2177/3857/3854 1170/3859/3856
f 2897/3858/3855 1170/3859/3856 2896/3860/3857
f 2896/3860/3857 1170/3859/3856 1169/3861/3858
f 2896/3860/3857 1169/3861/3858 1168/3862/3859
f 1168/3862/3859 1167/3863/3860 2896/3860/3857
f 2896/3860/3857 1167/3863/3860 1166/3864/3861
f 2896/3860/3857 1166/3864/3861 1165/3865/3862
f 1165/3865/3862 1164/3866/3863 2896/3860/3857
f 2896/3860/3857 1164/3866/3863 1163/3867/3864
f 2896/3860/3857 1163/3867/3864 1162/3868/3865
f 1162/3868/3865 1161/3869/3866 2896/3860/3857
f 2896/3860/3857 1161/3869/3866 1160/3870/3867
f 2896/3860/3857 1160/3870/3867 1159/3871/3868
f 1159/3871/3868 1158/3872/3869 2896/3860/3857
f 2896/3860/3857 1158/3872/3869 1157/3873/3870
f 2896/3860/3857 1157/3873/3870 1156/3874/3871
f 1156/3874/3871 1155/3875/3872 2896/3860/3857
f 2896/3860/3857 1155/3875/3872 1154/3876/3873
f 2896/3860/3857 1154/3876/3873 1153/3877/3874
f 1153/3877/3874 1152/3878/3875 2896/3860/3857
f 2896/3860/3857 1152/3878/3875 1151/3879/3876
f 2896/3860/3857 1151/3879/3876 1150/3880/3877
f 1150/3880/3877 1149/3881/3878 2896/3860/3857
f 2896/3860/3857 1149/3881/3878 1148/3882/3879
f 2896/3860/3857 1148/3882/3879 1147/3883/3880
f 1147/3883/3880 1146/3884/3881 2896/3860/3857
f 2896/3860/3857 1146/3884/3881 1145/3885/3882
f 2896/3860/3857 1145/3885/3882 1144/3886/3883
f 1144/3886/3883 1143/3887/3884 2896/3860/3857
f 2896/3860/3857 1143/3887/3884 1142/3888/3885
f 2896/3860/3857 1142/3888/3885 1141/3889/3886
f 1141/3889/3886 1140/3890/3887 2896/3860/3857
f 2896/3860/3857 1140/3890/3887 1139/3891/3888
f 2093/3892/3889 2901/3893/3890 2094/3894/3891
f 2094/3894/3891 2901/3893/3890 2902/3895/3892
f 2094/3894/3891 2902/3895/3892 2179/3896/3893
f 2179/3896/3893 2902/3895/3892 2903/3897/3894
f 2179/3896/3893 2903/3897/3894 2180/3898/3895
f 2180/3898/3895 2903/3897/3894 2904/3899/3896
f 2180/3898/3895 2904/3899/3896 943/3900/3897
f 943/3900/3897 2904/3899/3896 2905/3901/3898
f 943/3900/3897 2905/3901/3898 944/3902/3899
f 944/3902/3899 2905/3901/3898 945/3903/3900
f 945/3903/3900 2905/3901/3898 946/3904/3901
f 946/3904/3901 2905/3901/3898 947/3905/3902
f 947/3905/3902 2905/3901/3898 948/3906/3903
f 948/3906/3903 2905/3901/3898 949/3907/3904
f 949/3907/3904 2905/3901/3898 950/3908/3905
f 950/3908/3905 2905/3901/3898 951/3909/3906
f 951/3909/3906 2905/3901/3898 952/3910/3907
f 952/3910/3907 2905/3901/3898 953/3911/3908
f 953/3911/3908 2905/3901/3898 954/3912/3909
f 954/3912/3909 2905/3901/3898 955/3913/3910
f 955/3913/3910 2905/3901/3898 974/3914/3911
f 955/3913/3910 974/3914/3911 966/3915/3912
f 966/3915/3912 974/3914/3911 967/3916/3913
f 967/3916/3913 974/3914/3911 968/3917/3914
f 968/3917/3914 974/3914/3911 969/3918/3915
f 969/3918/3915 974/3914/3911 970/3919/3916
f 970/3919/3916 974/3914/3911 971/3920/3917
f 971/3920/3917 974/3914/3911 973/3921/3918
f 971/3920/3917 973/3921/3918 972/3922/3919
f 2093/3892/3889 2092/3923/3920 2901/3893/3890
f 2901/3893/3890 2092/3923/3920 2091/3924/3921
f 2901/3893/3890 2091/3924/3921 2090/3925/3922
f 2090/3925/3922 2089/3926/3923 2901/3893/3890
f 2901/3893/3890 2089/3926/3923 2088/3927/3924
f 2901/3893/3890 2088/3927/3924 2087/3928/3925
f 2087/3928/3925 2086/3929/3926 2901/3893/3890
f 2901/3893/3890 2086/3929/3926 2085/3930/3927
f 2901/3893/3890 2085/3930/3927 2084/3931/3928
f 2084/3931/3928 2083/3932/3929 2901/3893/3890
f 2901/3893/3890 2083/3932/3929 2082/3933/3930
f 2901/3893/3890 2082/3933/3930 2081/3934/3931
f 2081/3934/3931 2080/3935/3932 2901/3893/3890
f 2901/3893/3890 2080/3935/3932 2079/3936/3933
f 2901/3893/3890 2079/3936/3933 2078/3937/3934
f 2078/3937/3934 2077/3938/3935 2901/3893/3890
f 2901/3893/3890 2077/3938/3935 2076/3939/3936
f 2901/3893/3890 2076/3939/3936 2075/3940/3937
f 2075/3940/3937 2074/3941/3938 2901/3893/3890
f 2901/3893/3890 2074/3941/3938 2073/3942/3939
f 2901/3893/3890 2073/3942/3939 2072/3943/3940
f 2072/3943/3940 2071/3944/3941 2901/3893/3890
f 2901/3893/3890 2071/3944/3941 2070/3945/3942
f 2901/3893/3890 2070/3945/3942 2069/3946/3943
f 2069/3946/3943 2068/3947/3944 2901/3893/3890
f 2901/3893/3890 2068/3947/3944 2067/3948/3945
f 2901/3893/3890 2067/3948/3945 2066/3949/3946
f 2066/3949/3946 2065/3950/3947 2901/3893/3890
f 2901/3893/3890 2065/3950/3947 2064/3951/3948
f 2901/3893/3890 2064/3951/3948 2063/3952/3949
f 966/3915/3912 965/3953/3950 955/3913/3910
f 955/3913/3910 965/3953/3950 964/3954/3951
f 955/3913/3910 964/3954/3951 963/3955/3952
f 963/3955/3952 962/3956/3953 955/3913/3910
f 955/3913/3910 962/3956/3953 956/3957/3954
f 956/3957/3954 962/3956/3953 957/3958/3955
f 957/3958/3955 962/3956/3953 958/3959/3956
f 958/3959/3956 962/3956/3953 959/3960/3957
f 959/3960/3957 962/3956/3953 960/3961/3958
f 960/3961/3958 962/3956/3953 961/3962/3959
f 1246/3963/3960 2906/3964/3961 1247/3965/3962
f 1247/3965/3962 2906/3964/3961 2907/3966/3963
f 1247/3965/3962 2907/3966/3963 2181/3967/3964
f 2181/3967/3964 2907/3966/3963 2908/3968/3965
f 2181/3967/3964 2908/3968/3965 2182/3969/3966
f 2182/3969/3966 2908/3968/3965 2909/3970/3967
f 2182/3969/3966 2909/3970/3967 2183/3971/3968
f 2183/3971/3968 2909/3970/3967 2910/3972/3969
f 2183/3971/3968 2910/3972/3969 2941/3973/3970
f 2941/3973/3970 2910/3972/3969 2940/3974/3971
f 2940/3974/3971 2910/3972/3969 2939/3975/3972
f 2939/3975/3972 2910/3972/3969 2938/3976/3973
f 2938/3976/3973 2910/3972/3969 2937/3977/3974
f 2937/3977/3974 2910/3972/3969 2936/3978/3975
f 2936/3978/3975 2910/3972/3969 2935/3979/3976
f 2935/3979/3976 2910/3972/3969 2934/3980/3977
f 2934/3980/3977 2910/3972/3969 2933/3981/3978
f 2933/3981/3978 2910/3972/3969 2932/3982/3979
f 2932/3982/3979 2910/3972/3969 2931/3983/3980
f 2931/3983/3980 2910/3972/3969 2930/3984/3981
f 2930/3984/3981 2910/3972/3969 2911/3985/3982
f 2930/3984/3981 2911/3985/3982 2919/3986/3983
f 2919/3986/3983 2911/3985/3982 2918/3987/3984
f 2918/3987/3984 2911/3985/3982 2917/3988/3985
f 2917/3988/3985 2911/3985/3982 2916/3989/3986
f 2916/3989/3986 2911/3985/3982 2915/3990/3987
f 2915/3990/3987 2911/3985/3982 2914/3991/3988
f 2914/3991/3988 2911/3985/3982 2912/3992/3989
f 2914/3991/3988 2912/3992/3989 2913/3993/3990
f 1246/3963/3960 1245/3994/3991 2906/3964/3961
f 2906/3964/3961 1245/3994/3991 1244/3995/3992
f 2906/3964/3961 1244/3995/3992 1243/3996/3993
f 1243/3996/3993 1242/3997/3994 2906/3964/3961
f 2906/3964/3961 1242/3997/3994 1241/3998/3995
f 2906/3964/3961 1241/3998/3995 1240/3999/3996
f 1240/3999/3996 1239/4000/3997 2906/3964/3961
f 2906/3964/3961 1239/4000/3997 1238/4001/3998
f 2906/3964/3961 1238/4001/3998 1237/4002/3999
f 1237/4002/3999 1236/4003/4000 2906/3964/3961
f 2906/3964/3961 1236/4003/4000 1235/4004/4001
f 2906/3964/3961 1235/4004/4001 1234/4005/4002
f 1234/4005/4002 1233/4006/4003 2906/3964/3961
f 2906/3964/3961 1233/4006/4003 1232/4007/4004
f 2906/3964/3961 1232/4007/4004 1231/4008/4005
f 1231/4008/4005 1230/4009/4006 2906/3964/3961
f 2906/3964/3961 1230/4009/4006 1229/4010/4007
f 2906/3964/3961 1229/4010/4007 1228/4011/4008
f 1228/4011/4008 1227/4012/4009 2906/3964/3961
f 2906/3964/3961 1227/4012/4009 1226/4013/4010
f 2906/3964/3961 1226/4013/4010 1225/4014/4011
f 1225/4014/4011 1224/4015/4012 2906/3964/3961
f 2906/3964/3961 1224/4015/4012 1223/4016/4013
f 2906/3964/3961 1223/4016/4013 1222/4017/4014
f 1222/4017/4014 1221/4018/4015 2906/3964/3961
f 2906/3964/3961 1221/4018/4015 1220/4019/4016
f 2906/3964/3961 1220/4019/4016 1219/4020/4017
f 1219/4020/4017 1218/4021/4018 2906/3964/3961
f 2906/3964/3961 1218/4021/4018 1217/4022/4019
f 2906/3964/3961 1217/4022/4019 1216/4023/4020
f 2919/3986/3983 2920/4024/4021 2930/3984/3981
f 2930/3984/3981 2920/4024/4021 2921/4025/4022
f 2930/3984/3981 2921/4025/4022 2922/4026/4023
f 2922/4026/4023 2923/4027/4024 2930/3984/3981
f 2930/3984/3981 2923/4027/4024 2929/4028/4025
f 2929/4028/4025 2923/4027/4024 2928/4029/4026
f 2928/4029/4026 2923/4027/4024 2927/4030/4027
f 2927/4030/4027 2923/4027/4024 2926/4031/4028
f 2926/4031/4028 2923/4027/4024 2925/4032/4029
f 2925/4032/4029 2923/4027/4024 2924/4033/4030
f 2016/4034/4031 2942/4035/4032 2017/4036/4033
f 2017/4036/4033 2942/4035/4032 2943/4037/4034
f 2017/4036/4033 2943/4037/4034 2184/4038/4035
f 2184/4038/4035 2943/4037/4034 2944/4039/4036
f 2184/4038/4035 2944/4039/4036 2185/4040/4037
f 2185/4040/4037 2944/4039/4036 2945/4041/4038
f 2185/4040/4037 2945/4041/4038 787/4042/4039
f 787/4042/4039 2945/4041/4038 2946/4043/4040
f 787/4042/4039 2946/4043/4040 788/4044/4041
f 788/4044/4041 2946/4043/4040 789/4045/4042
f 789/4045/4042 2946/4043/4040 790/4046/4043
f 790/4046/4043 2946/4043/4040 791/4047/4044
f 791/4047/4044 2946/4043/4040 792/4048/4045
f 792/4048/4045 2946/4043/4040 793/4049/4046
f 793/4049/4046 2946/4043/4040 794/4050/4047
f 794/4050/4047 2946/4043/4040 795/4051/4048
f 795/4051/4048 2946/4043/4040 796/4052/4049
f 796/4052/4049 2946/4043/4040 797/4053/4050
f 797/4053/4050 2946/4043/4040 798/4054/4051
f 798/4054/4051 2946/4043/4040 799/4055/4052
f 799/4055/4052 2946/4043/4040 818/4056/4053
f 799/4055/4052 818/4056/4053 810/4057/4054
f 810/4057/4054 818/4056/4053 811/4058/4055
f 811/4058/4055 818/4056/4053 812/4059/4056
f 812/4059/4056 818/4056/4053 813/4060/4057
f 813/4060/4057 818/4056/4053 814/4061/4058
f 814/4061/4058 818/4056/4053 815/4062/4059
f 815/4062/4059 818/4056/4053 817/4063/4060
f 815/4062/4059 817/4063/4060 816/4064/4061
f 2016/4034/4031 2015/4065/4062 2942/4035/4032
f 2942/4035/4032 2015/4065/4062 2014/4066/4063
f 2942/4035/4032 2014/4066/4063 2013/4067/4064
f 2013/4067/4064 2012/4068/4065 2942/4035/4032
f 2942/4035/4032 2012/4068/4065 2011/4069/4066
f 2942/4035/4032 2011/4069/4066 2010/4070/4067
f 2010/4070/4067 2009/4071/4068 2942/4035/4032
f 2942/4035/4032 2009/4071/4068 2008/4072/4069
f 2942/4035/4032 2008/4072/4069 2007/4073/4070
f 2007/4073/4070 2006/4074/4071 2942/4035/4032
f 2942/4035/4032 2006/4074/4071 2005/4075/4072
f 2942/4035/4032 2005/4075/4072 2004/4076/4073
f 2004/4076/4073 2003/4077/4074 2942/4035/4032
f 2942/4035/4032 2003/4077/4074 2002/4078/4075
f 2942/4035/4032 2002/4078/4075 2001/4079/4076
f 2001/4079/4076 2000/4080/4077 2942/4035/4032
f 2942/4035/4032 2000/4080/4077 1999/4081/4078
f 2942/4035/4032 1999/4081/4078 1998/4082/4079
f 1998/4082/4079 1997/4083/4080 2942/4035/4032
f 2942/4035/4032 1997/4083/4080 1996/4084/4081
f 2942/4035/4032 1996/4084/4081 1995/4085/4082
f 1995/4085/4082 1994/4086/4083 2942/4035/4032
f 2942/4035/4032 1994/4086/4083 1993/4087/4084
f 2942/4035/4032 1993/4087/4084 1992/4088/4085
f 1992/4088/4085 1991/4089/4086 2942/4035/4032
f 2942/4035/4032 1991/4089/4086 1990/4090/4087
f 2942/4035/4032 1990/4090/4087 1989/4091/4088
f 1989/4091/4088 1988/4092/4089 2942/4035/4032
f 2942/4035/4032 1988/4092/4089 1987/4093/4090
f 2942/4035/4032 1987/4093/4090 1986/4094/4091
f 810/4057/4054 809/4095/4092 799/4055/4052
f 799/4055/4052 809/4095/4092 808/4096/4093
f 799/4055/4052 808/4096/4093 807/4097/4094
f 807/4097/4094 806/4098/4095 799/4055/4052
f 799/4055/4052 806/4098/4095 800/4099/4096
f 800/4099/4096 806/4098/4095 801/4100/4097
f 801/4100/4097 806/4098/4095 802/4101/4098
f 802/4101/4098 806/4098/4095 803/4102/4099
f 803/4102/4099 806/4098/4095 804/4103/4100
f 804/4103/4100 806/4098/4095 805/4104/4101
f 505/4105/4102 503/4106/4103 506/4107/4104
f 506/4107/4104 503/4106/4103 502/4108/4105
f 506/4107/4104 502/4108/4105 501/4109/4106
f 505/4105/4102 504/4110/4107 503/4106/4103
f 501/4109/4106 500/4111/4108 506/4107/4104
f 506/4107/4104 500/4111/4108 499/4112/4109
f 506/4107/4104 499/4112/4109 498/4113/4110
f 506/4107/4104 498/4113/4110 487/4114/4111
f 487/4114/4111 498/4113/4110 497/4115/4112
f 487/4114/4111 497/4115/4112 496/4116/4113
f 496/4116/4113 495/4117/4114 487/4114/4111
f 487/4114/4111 495/4117/4114 494/4118/4115
f 487/4114/4111 494/4118/4115 488/4119/4116
f 488/4119/4116 494/4118/4115 489/4120/4117
f 489/4120/4117 494/4118/4115 490/4121/4118
f 490/4121/4118 494/4118/4115 491/4122/4119
f 491/4122/4119 494/4118/4115 492/4123/4120
f 492/4123/4120 494/4118/4115 493/4124/4121
f 506/4107/4104 487/4114/4111 2951/4125/4122
f 2951/4125/4122 487/4114/4111 486/4126/4123
f 2951/4125/4122 486/4126/4123 485/4127/4124
f 485/4127/4124 484/4128/4125 2951/4125/4122
f 2951/4125/4122 484/4128/4125 483/4129/4126
f 2951/4125/4122 483/4129/4126 482/4130/4127
f 482/4130/4127 481/4131/4128 2951/4125/4122
f 2951/4125/4122 481/4131/4128 480/4132/4129
f 2951/4125/4122 480/4132/4129 479/4133/4130
f 479/4133/4130 478/4134/4131 2951/4125/4122
f 2951/4125/4122 478/4134/4131 477/4135/4132
f 2951/4125/4122 477/4135/4132 476/4136/4133
f 476/4136/4133 475/4137/4134 2951/4125/4122
f 2951/4125/4122 475/4137/4134 2950/4138/4135
f 2950/4138/4135 475/4137/4134 2187/4139/4136
f 2950/4138/4135 2187/4139/4136 2949/4140/4137
f 2949/4140/4137 2187/4139/4136 2186/4141/4138
f 2949/4140/4137 2186/4141/4138 2948/4142/4139
f 2948/4142/4139 2186/4141/4138 1324/4143/4140
f 2948/4142/4139 1324/4143/4140 2947/4144/4141
f 2947/4144/4141 1324/4143/4140 1323/4145/4142
f 2947/4144/4141 1323/4145/4142 1322/4146/4143
f 1322/4146/4143 1321/4147/4144 2947/4144/4141
f 2947/4144/4141 1321/4147/4144 1320/4148/4145
f 2947/4144/4141 1320/4148/4145 1319/4149/4146
f 1319/4149/4146 1318/4150/4147 2947/4144/4141
f 2947/4144/4141 1318/4150/4147 1317/4151/4148
f 2947/4144/4141 1317/4151/4148 1316/4152/4149
f 1316/4152/4149 1315/4153/4150 2947/4144/4141
f 2947/4144/4141 1315/4153/4150 1314/4154/4151
f 2947/4144/4141 1314/4154/4151 1313/4155/4152
f 1313/4155/4152 1312/4156/4153 2947/4144/4141
f 2947/4144/4141 1312/4156/4153 1311/4157/4154
f 2947/4144/4141 1311/4157/4154 1310/4158/4155
f 1310/4158/4155 1309/4159/4156 2947/4144/4141
f 2947/4144/4141 1309/4159/4156 1308/4160/4157
f 2947/4144/4141 1308/4160/4157 1307/4161/4158
f 1307/4161/4158 1306/4162/4159 2947/4144/4141
f 2947/4144/4141 1306/4162/4159 1305/4163/4160
f 2947/4144/4141 1305/4163/4160 1304/4164/4161
f 1304/4164/4161 1303/4165/4162 2947/4144/4141
f 2947/4144/4141 1303/4165/4162 1302/4166/4163
f 2947/4144/4141 1302/4166/4163 1301/4167/4164
f 1301/4167/4164 1300/4168/4165 2947/4144/4141
f 2947/4144/4141 1300/4168/4165 1299/4169/4166
f 2947/4144/4141 1299/4169/4166 1298/4170/4167
f 1298/4170/4167 1297/4171/4168 2947/4144/4141
f 2947/4144/4141 1297/4171/4168 1296/4172/4169
f 2947/4144/4141 1296/4172/4169 1295/4173/4170
f 1295/4173/4170 1294/4174/4171 2947/4144/4141
f 2947/4144/4141 1294/4174/4171 1293/4175/4172
f 1939/4176/4173 2952/4177/4174 1940/4178/4175
f 1940/4178/4175 2952/4177/4174 2953/4179/4176
f 1940/4178/4175 2953/4179/4176 2188/4180/4177
f 2188/4180/4177 2953/4179/4176 2954/4181/4178
f 2188/4180/4177 2954/4181/4178 2189/4182/4179
f 2189/4182/4179 2954/4181/4178 2955/4183/4180
f 2189/4182/4179 2955/4183/4180 631/4184/4181
f 631/4184/4181 2955/4183/4180 2956/4185/4182
f 631/4184/4181 2956/4185/4182 632/4186/4183
f 632/4186/4183 2956/4185/4182 633/4187/4184
f 633/4187/4184 2956/4185/4182 634/4188/4185
f 634/4188/4185 2956/4185/4182 635/4189/4186
f 635/4189/4186 2956/4185/4182 636/4190/4187
f 636/4190/4187 2956/4185/4182 637/4191/4188
f 637/4191/4188 2956/4185/4182 638/4192/4189
f 638/4192/4189 2956/4185/4182 639/4193/4190
f 639/4193/4190 2956/4185/4182 640/4194/4191
f 640/4194/4191 2956/4185/4182 641/4195/4192
f 641/4195/4192 2956/4185/4182 642/4196/4193
f 642/4196/4193 2956/4185/4182 643/4197/4194
f 643/4197/4194 2956/4185/4182 662/4198/4195
f 643/4197/4194 662/4198/4195 654/4199/4196
f 654/4199/4196 662/4198/4195 655/4200/4197
f 655/4200/4197 662/4198/4195 656/4201/4198
f 656/4201/4198 662/4198/4195 657/4202/4199
f 657/4202/4199 662/4198/4195 658/4203/4200
f 658/4203/4200 662/4198/4195 659/4204/4201
f 659/4204/4201 662/4198/4195 661/4205/4202
f 659/4204/4201 661/4205/4202 660/4206/4203
f 1939/4176/4173 1938/4207/4204 2952/4177/4174
f 2952/4177/4174 1938/4207/4204 1937/4208/4205
f 2952/4177/4174 1937/4208/4205 1936/4209/4206
f 1936/4209/4206 1935/4210/4207 2952/4177/4174
f 2952/4177/4174 1935/4210/4207 1934/4211/4208
f 2952/4177/4174 1934/4211/4208 1933/4212/4209
f 1933/4212/4209 1932/4213/4210 2952/4177/4174
f 2952/4177/4174 1932/4213/4210 1931/4214/4211
f 2952/4177/4174 1931/4214/4211 1930/4215/4212
f 1930/4215/4212 1929/4216/4213 2952/4177/4174
f 2952/4177/4174 1929/4216/4213 1928/4217/4214
f 2952/4177/4174 1928/4217/4214 1927/4218/4215
f 1927/4218/4215 1926/4219/4216 2952/4177/4174
f 2952/4177/4174 1926/4219/4216 1925/4220/4217
f 2952/4177/4174 1925/4220/4217 1924/4221/4218
f 1924/4221/4218 1923/4222/4219 2952/4177/4174
f 2952/4177/4174 1923/4222/4219 1922/4223/4220
f 2952/4177/4174 1922/4223/4220 1921/4224/4221
f 1921/4224/4221 1920/4225/4222 2952/4177/4174
f 2952/4177/4174 1920/4225/4222 1919/4226/4223
f 2952/4177/4174 1919/4226/4223 1918/4227/4224
f 1918/4227/4224 1917/4228/4225 2952/4177/4174
f 2952/4177/4174 1917/4228/4225 1916/4229/4226
f 2952/4177/4174 1916/4229/4226 1915/4230/4227
f 1915/4230/4227 1914/4231/4228 2952/4177/4174
f 2952/4177/4174 1914/4231/4228 1913/4232/4229
f 2952/4177/4174 1913/4232/4229 1912/4233/4230
f 1912/4233/4230 1911/4234/4231 2952/4177/4174
f 2952/4177/4174 1911/4234/4231 1910/4235/4232
f 2952/4177/4174 1910/4235/4232 1909/4236/4233
f 654/4199/4196 653/4237/4234 643/4197/4194
f 643/4197/4194 653/4237/4234 652/4238/4235
f 643/4197/4194 652/4238/4235 651/4239/4236
f 651/4239/4236 650/4240/4237 643/4197/4194
f 643/4197/4194 650/4240/4237 644/4241/4238
f 644/4241/4238 650/4240/4237 645/4242/4239
f 645/4242/4239 650/4240/4237 646/4243/4240
f 646/4243/4240 650/4240/4237 647/4244/4241
f 647/4244/4241 650/4240/4237 648/4245/4242
f 648/4245/4242 650/4240/4237 649/4246/4243
f 427/4247/4244 425/4248/4245 428/4249/4246
f 428/4249/4246 425/4248/4245 424/4250/4247
f 428/4249/4246 424/4250/4247 423/4251/4248
f 427/4247/4244 426/4252/4249 425/4248/4245
f 423/4251/4248 422/4253/4250 428/4249/4246
f 428/4249/4246 422/4253/4250 421/4254/4251
f 428/4249/4246 421/4254/4251 420/4255/4252
f 428/4249/4246 420/4255/4252 409/4256/4253
f 409/4256/4253 420/4255/4252 419/4257/4254
f 409/4256/4253 419/4257/4254 418/4258/4255
f 418/4258/4255 417/4259/4256 409/4256/4253
f 409/4256/4253 417/4259/4256 416/4260/4257
f 409/4256/4253 416/4260/4257 410/4261/4258
f 410/4261/4258 416/4260/4257 411/4262/4259
f 411/4262/4259 416/4260/4257 412/4263/4260
f 412/4263/4260 416/4260/4257 413/4264/4261
f 413/4264/4261 416/4260/4257 414/4265/4262
f 414/4265/4262 416/4260/4257 415/4266/4263
f 428/4249/4246 409/4256/4253 2961/4267/4264
f 2961/4267/4264 409/4256/4253 408/4268/4265
f 2961/4267/4264 408/4268/4265 407/4269/4266
f 407/4269/4266 406/4270/4267 2961/4267/4264
f 2961/4267/4264 406/4270/4267 405/4271/4268
f 2961/4267/4264 405/4271/4268 404/4272/4269
f 404/4272/4269 403/4273/4270 2961/4267/4264
f 2961/4267/4264 403/4273/4270 402/4274/4271
f 2961/4267/4264 402/4274/4271 401/4275/4272
f 401/4275/4272 400/4276/4273 2961/4267/4264
f 2961/4267/4264 400/4276/4273 399/4277/4274
f 2961/4267/4264 399/4277/4274 398/4278/4275
f 398/4278/4275 397/4279/4276 2961/4267/4264
f 2961/4267/4264 397/4279/4276 2960/4280/4277
f 2960/4280/4277 397/4279/4276 2191/4281/4278
f 2960/4280/4277 2191/4281/4278 2959/4282/4279
f 2959/4282/4279 2191/4281/4278 2190/4283/4280
f 2959/4282/4279 2190/4283/4280 2958/4284/4281
f 2958/4284/4281 2190/4283/4280 1401/4285/4282
f 2958/4284/4281 1401/4285/4282 2957/4286/4283
f 2957/4286/4283 1401/4285/4282 1400/4287/4284
f 2957/4286/4283 1400/4287/4284 1399/4288/4285
f 1399/4288/4285 1398/4289/4286 2957/4286/4283
f 2957/4286/4283 1398/4289/4286 1397/4290/4287
f 2957/4286/4283 1397/4290/4287 1396/4291/4288
f 1396/4291/4288 1395/4292/4289 2957/4286/4283
f 2957/4286/4283 1395/4292/4289 1394/4293/4290
f 2957/4286/4283 1394/4293/4290 1393/4294/4291
f 1393/4294/4291 1392/4295/4292 2957/4286/4283
f 2957/4286/4283 1392/4295/4292 1391/4296/4293
f 2957/4286/4283 1391/4296/4293 1390/4297/4294
f 1390/4297/4294 1389/4298/4295 2957/4286/4283
f 2957/4286/4283 1389/4298/4295 1388/4299/4296
f 2957/4286/4283 1388/4299/4296 1387/4300/4297
f 1387/4300/4297 1386/4301/4298 2957/4286/4283
f 2957/4286/4283 1386/4301/4298 1385/4302/4299
f 2957/4286/4283 1385/4302/4299 1384/4303/4300
f 1384/4303/4300 1383/4304/4301 2957/4286/4283
f 2957/4286/4283 1383/4304/4301 1382/4305/4302
f 2957/4286/4283 1382/4305/4302 1381/4306/4303
f 1381/4306/4303 1380/4307/4304 2957/4286/4283
f 2957/4286/4283 1380/4307/4304 1379/4308/4305
f 2957/4286/4283 1379/4308/4305 1378/4309/4306
f 1378/4309/4306 1377/4310/4307 2957/4286/4283
f 2957/4286/4283 1377/4310/4307 1376/4311/4308
f 2957/4286/4283 1376/4311/4308 1375/4312/4309
f 1375/4312/4309 1374/4313/4310 2957/4286/4283
f 2957/4286/4283 1374/4313/4310 1373/4314/4311
f 2957/4286/4283 1373/4314/4311 1372/4315/4312
f 1372/4315/4312 1371/4316/4313 2957/4286/4283
f 2957/4286/4283 1371/4316/4313 1370/4317/4314
f 1862/4318/4315 2962/4319/4316 1863/4320/4317
f 1863/4320/4317 2962/4319/4316 2963/4321/4318
f 1863/4320/4317 2963/4321/4318 2192/4322/4319
f 2192/4322/4319 2963/4321/4318 2964/4323/4320
f 2192/4322/4319 2964/4323/4320 2193/4324/4321
f 2193/4324/4321 2964/4323/4320 2965/4325/4322
f 2193/4324/4321 2965/4325/4322 553/4326/4323
f 553/4326/4323 2965/4325/4322 2966/4327/4324
f 553/4326/4323 2966/4327/4324 554/4328/4325
f 554/4328/4325 2966/4327/4324 555/4329/4326
f 555/4329/4326 2966/4327/4324 556/4330/4327
f 556/4330/4327 2966/4327/4324 557/4331/4328
f 557/4331/4328 2966/4327/4324 558/4332/4329
f 558/4332/4329 2966/4327/4324 559/4333/4330
f 559/4333/4330 2966/4327/4324 560/4334/4331
f 560/4334/4331 2966/4327/4324 561/4335/4332
f 561/4335/4332 2966/4327/4324 562/4336/4333
f 562/4336/4333 2966/4327/4324 563/4337/4334
f 563/4337/4334 2966/4327/4324 564/4338/4335
f 564/4338/4335 2966/4327/4324 565/4339/4336
f 565/4339/4336 2966/4327/4324 584/4340/4337
f 565/4339/4336 584/4340/4337 576/4341/4338
f 576/4341/4338 584/4340/4337 577/4342/4339
f 577/4342/4339 584/4340/4337 578/4343/4340
f 578/4343/4340 584/4340/4337 579/4344/4341
f 579/4344/4341 584/4340/4337 580/4345/4342
f 580/4345/4342 584/4340/4337 581/4346/4343
f 581/4346/4343 584/4340/4337 583/4347/4344
f 581/4346/4343 583/4347/4344 582/4348/4345
f 1862/4318/4315 1861/4349/4346 2962/4319/4316
f 2962/4319/4316 1861/4349/4346 1860/4350/4347
f 2962/4319/4316 1860/4350/4347 1859/4351/4348
f 1859/4351/4348 1858/4352/4349 2962/4319/4316
f 2962/4319/4316 1858/4352/4349 1857/4353/4350
f 2962/4319/4316 1857/4353/4350 1856/4354/4351
f 1856/4354/4351 1855/4355/4352 2962/4319/4316
f 2962/4319/4316 1855/4355/4352 1854/4356/4353
f 2962/4319/4316 1854/4356/4353 1853/4357/4354
f 1853/4357/4354 1852/4358/4355 2962/4319/4316
f 2962/4319/4316 1852/4358/4355 1851/4359/4356
f 2962/4319/4316 1851/4359/4356 1850/4360/4357
f 1850/4360/4357 1849/4361/4358 2962/4319/4316
f 2962/4319/4316 1849/4361/4358 1848/4362/4359
f 2962/4319/4316 1848/4362/4359 1847/4363/4360
f 1847/4363/4360 1846/4364/4361 2962/4319/4316
f 2962/4319/4316 1846/4364/4361 1845/4365/4362
f 2962/4319/4316 1845/4365/4362 1844/4366/4363
f 1844/4366/4363 1843/4367/4364 2962/4319/4316
f 2962/4319/4316 1843/4367/4364 1842/4368/4365
f 2962/4319/4316 1842/4368/4365 1841/4369/4366
f 1841/4369/4366 1840/4370/4367 2962/4319/4316
f 2962/4319/4316 1840/4370/4367 1839/4371/4368
f 2962/4319/4316 1839/4371/4368 1838/4372/4369
f 1838/4372/4369 1837/4373/4370 2962/4319/4316
f 2962/4319/4316 1837/4373/4370 1836/4374/4371
f 2962/4319/4316 1836/4374/4371 1835/4375/4372
f 1835/4375/4372 1834/4376/4373 2962/4319/4316
f 2962/4319/4316 1834/4376/4373 1833/4377/4374
f 2962/4319/4316 1833/4377/4374 1832/4378/4375
f 576/4341/4338 575/4379/4376 565/4339/4336
f 565/4339/4336 575/4379/4376 574/4380/4377
f 565/4339/4336 574/4380/4377 573/4381/4378
f 573/4381/4378 572/4382/4379 565/4339/4336
f 565/4339/4336 572/4382/4379 566/4383/4380
f 566/4383/4380 572/4382/4379 567/4384/4381
f 567/4384/4381 572/4382/4379 568/4385/4382
f 568/4385/4382 572/4382/4379 569/4386/4383
f 569/4386/4383 572/4382/4379 570/4387/4384
f 570/4387/4384 572/4382/4379 571/4388/4385
f 115/4389/4386 113/4390/4387 116/4391/4388
f 116/4391/4388 113/4390/4387 112/4392/4389
f 116/4391/4388 112/4392/4389 111/4393/4390
f 115/4389/4386 114/4394/4391 113/4390/4387
f 111/4393/4390 110/4395/4392 116/4391/4388
f 116/4391/4388 110/4395/4392 109/4396/4393
f 116/4391/4388 109/4396/4393 108/4397/4394
f 116/4391/4388 108/4397/4394 97/4398/4395
f 97/4398/4395 108/4397/4394 107/4399/4396
f 97/4398/4395 107/4399/4396 106/4400/4397
f 106/4400/4397 105/4401/4398 97/4398/4395
f 97/4398/4395 105/4401/4398 104/4402/4399
f 97/4398/4395 104/4402/4399 98/4403/4400
f 98/4403/4400 104/4402/4399 99/4404/4401
f 99/4404/4401 104/4402/4399 100/4405/4402
f 100/4405/4402 104/4402/4399 101/4406/4403
f 101/4406/4403 104/4402/4399 102/4407/4404
f 102/4407/4404 104/4402/4399 103/4408/4405
f 116/4391/4388 97/4398/4395 2971/4409/4406
f 2971/4409/4406 97/4398/4395 96/4410/4407
f 2971/4409/4406 96/4410/4407 95/4411/4408
f 95/4411/4408 94/4412/4409 2971/4409/4406
f 2971/4409/4406 94/4412/4409 93/4413/4410
f 2971/4409/4406 93/4413/4410 92/4414/4411
f 92/4414/4411 91/4415/4412 2971/4409/4406
f 2971/4409/4406 91/4415/4412 90/4416/4413
f 2971/4409/4406 90/4416/4413 89/4417/4414
f 89/4417/4414 88/4418/4415 2971/4409/4406
f 2971/4409/4406 88/4418/4415 87/4419/4416
f 2971/4409/4406 87/4419/4416 86/4420/4417
f 86/4420/4417 85/4421/4418 2971/4409/4406
f 2971/4409/4406 85/4421/4418 2970/4422/4419
f 2970/4422/4419 85/4421/4418 2195/4423/4420
f 2970/4422/4419 2195/4423/4420 2969/4424/4421
f 2969/4424/4421 2195/4423/4420 2194/4425/4422
f 2969/4424/4421 2194/4425/4422 2968/4426/4423
f 2968/4426/4423 2194/4425/4422 1555/4427/4424
f 2968/4426/4423 1555/4427/4424 2967/4428/4425
f 2967/4428/4425 1555/4427/4424 1554/4429/4426
f 2967/4428/4425 1554/4429/4426 1553/4430/4427
f 1553/4430/4427 1552/4431/4428 2967/4428/4425
f 2967/4428/4425 1552/4431/4428 1551/4432/4429
f 2967/4428/4425 1551/4432/4429 1550/4433/4430
f 1550/4433/4430 1549/4434/4431 2967/4428/4425
f 2967/4428/4425 1549/4434/4431 1548/4435/4432
f 2967/4428/4425 1548/4435/4432 1547/4436/4433
f 1547/4436/4433 1546/4437/4434 2967/4428/4425
f 2967/4428/4425 1546/4437/4434 1545/4438/4435
f 2967/4428/4425 1545/4438/4435 1544/4439/4436
f 1544/4439/4436 1543/4440/4437 2967/4428/4425
f 2967/4428/4425 1543/4440/4437 1542/4441/4438
f 2967/4428/4425 1542/4441/4438 1541/4442/4439
f 1541/4442/4439 1540/4443/4440 2967/4428/4425
f 2967/4428/4425 1540/4443/4440 1539/4444/4441
f 2967/4428/4425 1539/4444/4441 1538/4445/4442
f 1538/4445/4442 1537/4446/4443 2967/4428/4425
f 2967/4428/4425 1537/4446/4443 1536/4447/4444
f 2967/4428/4425 1536/4447/4444 1535/4448/4445
f 1535/4448/4445 1534/4449/4446 2967/4428/4425
f 2967/4428/4425 1534/4449/4446 1533/4450/4447
f 2967/4428/4425 1533/4450/4447 1532/4451/4448
f 1532/4451/4448 1531/4452/4449 2967/4428/4425
f 2967/4428/4425 1531/4452/4449 1530/4453/4450
f 2967/4428/4425 1530/4453/4450 1529/4454/4451
f 1529/4454/4451 1528/4455/4452 2967/4428/4425
f 2967/4428/4425 1528/4455/4452 1527/4456/4453
f 2967/4428/4425 1527/4456/4453 1526/4457/4454
f 1526/4457/4454 1525/4458/4455 2967/4428/4425
f 2967/4428/4425 1525/4458/4455 1524/4459/4456
f 193/4460/4457 191/4461/4458 194/4462/4459
f 194/4462/4459 191/4461/4458 190/4463/4460
f 194/4462/4459 190/4463/4460 189/4464/4461
f 193/4460/4457 192/4465/4462 191/4461/4458
f 189/4464/4461 188/4466/4463 194/4462/4459
f 194/4462/4459 188/4466/4463 187/4467/4464
f 194/4462/4459 187/4467/4464 186/4468/4465
f 194/4462/4459 186/4468/4465 175/4469/4466
f 175/4469/4466 186/4468/4465 185/4470/4467
f 175/4469/4466 185/4470/4467 184/4471/4468
f 184/4471/4468 183/4472/4469 175/4469/4466
f 175/4469/4466 183/4472/4469 182/4473/4470
f 175/4469/4466 182/4473/4470 176/4474/4471
f 176/4474/4471 182/4473/4470 177/4475/4472
f 177/4475/4472 182/4473/4470 178/4476/4473
f 178/4476/4473 182/4473/4470 179/4477/4474
f 179/4477/4474 182/4473/4470 180/4478/4475
f 180/4478/4475 182/4473/4470 181/4479/4476
f 194/4462/4459 175/4469/4466 2976/4480/4477
f 2976/4480/4477 175/4469/4466 174/4481/4478
f 2976/4480/4477 174/4481/4478 173/4482/4479
f 173/4482/4479 172/4483/4480 2976/4480/4477
f 2976/4480/4477 172/4483/4480 171/4484/4481
f 2976/4480/4477 171/4484/4481 170/4485/4482
f 170/4485/4482 169/4486/4483 2976/4480/4477
f 2976/4480/4477 169/4486/4483 168/4487/4484
f 2976/4480/4477 168/4487/4484 167/4488/4485
f 167/4488/4485 166/4489/4486 2976/4480/4477
f 2976/4480/4477 166/4489/4486 165/4490/4487
f 2976/4480/4477 165/4490/4487 164/4491/4488
f 164/4491/4488 163/4492/4489 2976/4480/4477
f 2976/4480/4477 163/4492/4489 2975/4493/4490
f 2975/4493/4490 163/4492/4489 2197/4494/4491
f 2975/4493/4490 2197/4494/4491 2974/4495/4492
f 2974/4495/4492 2197/4494/4491 2196/4496/4493
f 2974/4495/4492 2196/4496/4493 2973/4497/4494
f 2973/4497/4494 2196/4496/4493 1478/4498/4495
f 2973/4497/4494 1478/4498/4495 2972/4499/4496
f 2972/4499/4496 1478/4498/4495 1477/4500/4497
f 2972/4499/4496 1477/4500/4497 1476/4501/4498
f 1476/4501/4498 1475/4502/4499 2972/4499/4496
f 2972/4499/4496 1475/4502/4499 1474/4503/4500
f 2972/4499/4496 1474/4503/4500 1473/4504/4501
f 1473/4504/4501 1472/4505/4502 2972/4499/4496
f 2972/4499/4496 1472/4505/4502 1471/4506/4503
f 2972/4499/4496 1471/4506/4503 1470/4507/4504
f 1470/4507/4504 1469/4508/4505 2972/4499/4496
f 2972/4499/4496 1469/4508/4505 1468/4509/4506
f 2972/4499/4496 1468/4509/4506 1467/4510/4507
f 1467/4510/4507 1466/4511/4508 2972/4499/4496
f 2972/4499/4496 1466/4511/4508 1465/4512/4509
f 2972/4499/4496 1465/4512/4509 1464/4513/4510
f 1464/4513/4510 1463/4514/4511 2972/4499/4496
f 2972/4499/4496 1463/4514/4511 1462/4515/4512
f 2972/4499/4496 1462/4515/4512 1461/4516/4513
f 1461/4516/4513 1460/4517/4514 2972/4499/4496
f 2972/4499/4496 1460/4517/4514 1459/4518/4515
f 2972/4499/4496 1459/4518/4515 1458/4519/4516
f 1458/4519/4516 1457/4520/4517 2972/4499/4496
f 2972/4499/4496 1457/4520/4517 1456/4521/4518
f 2972/4499/4496 1456/4521/4518 1455/4522/4519
f 1455/4522/4519 1454/4523/4520 2972/4499/4496
f 2972/4499/4496 1454/4523/4520 1453/4524/4521
f 2972/4499/4496 1453/4524/4521 1452/4525/4522
f 1452/4525/4522 1451/4526/4523 2972/4499/4496
f 2972/4499/4496 1451/4526/4523 1450/4527/4524
f 2972/4499/4496 1450/4527/4524 1449/4528/4525
f 1449/4528/4525 1448/4529/4526 2972/4499/4496
f 2972/4499/4496 1448/4529/4526 1447/4530/4527
f 1785/4531/4528 2977/4532/4529 1786/4533/4530
f 1786/4533/4530 2977/4532/4529 2978/4534/4531
f 1786/4533/4530 2978/4534/4531 2198/4535/4532
f 2198/4535/4532 2978/4534/4531 2979/4536/4533
f 2198/4535/4532 2979/4536/4533 2199/4537/4534
f 2199/4537/4534 2979/4536/4533 2980/4538/4535
f 2199/4537/4534 2980/4538/4535 319/4539/4536
f 319/4539/4536 2980/4538/4535 2981/4540/4537
f 319/4539/4536 2981/4540/4537 320/4541/4538
f 320/4541/4538 2981/4540/4537 321/4542/4539
f 321/4542/4539 2981/4540/4537 322/4543/4540
f 322/4543/4540 2981/4540/4537 323/4544/4541
f 323/4544/4541 2981/4540/4537 324/4545/4542
f 324/4545/4542 2981/4540/4537 325/4546/4543
f 325/4546/4543 2981/4540/4537 326/4547/4544
f 326/4547/4544 2981/4540/4537 327/4548/4545
f 327/4548/4545 2981/4540/4537 328/4549/4546
f 328/4549/4546 2981/4540/4537 329/4550/4547
f 329/4550/4547 2981/4540/4537 330/4551/4548
f 330/4551/4548 2981/4540/4537 331/4552/4549
f 331/4552/4549 2981/4540/4537 350/4553/4550
f 331/4552/4549 350/4553/4550 342/4554/4551
f 342/4554/4551 350/4553/4550 343/4555/4552
f 343/4555/4552 350/4553/4550 344/4556/4553
f 344/4556/4553 350/4553/4550 345/4557/4554
f 345/4557/4554 350/4553/4550 346/4558/4555
f 346/4558/4555 350/4553/4550 347/4559/4556
f 347/4559/4556 350/4553/4550 349/4560/4557
f 347/4559/4556 349/4560/4557 348/4561/4558
f 1785/4531/4528 1784/4562/4559 2977/4532/4529
f 2977/4532/4529 1784/4562/4559 1783/4563/4560
f 2977/4532/4529 1783/4563/4560 1782/4564/4561
f 1782/4564/4561 1781/4565/4562 2977/4532/4529
f 2977/4532/4529 1781/4565/4562 1780/4566/4563
f 2977/4532/4529 1780/4566/4563 1779/4567/4564
f 1779/4567/4564 1778/4568/4565 2977/4532/4529
f 2977/4532/4529 1778/4568/4565 1777/4569/4566
f 2977/4532/4529 1777/4569/4566 1776/4570/4567
f 1776/4570/4567 1775/4571/4568 2977/4532/4529
f 2977/4532/4529 1775/4571/4568 1774/4572/4569
f 2977/4532/4529 1774/4572/4569 1773/4573/4570
f 1773/4573/4570 1772/4574/4571 2977/4532/4529
f 2977/4532/4529 1772/4574/4571 1771/4575/4572
f 2977/4532/4529 1771/4575/4572 1770/4576/4573
f 1770/4576/4573 1769/4577/4574 2977/4532/4529
f 2977/4532/4529 1769/4577/4574 1768/4578/4575
f 2977/4532/4529 1768/4578/4575 1767/4579/4576
f 1767/4579/4576 1766/4580/4577 2977/4532/4529
f 2977/4532/4529 1766/4580/4577 1765/4581/4578
f 2977/4532/4529 1765/4581/4578 1764/4582/4579
f 1764/4582/4579 1763/4583/4580 2977/4532/4529
f 2977/4532/4529 1763/4583/4580 1762/4584/4581
f 2977/4532/4529 1762/4584/4581 1761/4585/4582
f 1761/4585/4582 1760/4586/4583 2977/4532/4529
f 2977/4532/4529 1760/4586/4583 1759/4587/4584
f 2977/4532/4529 1759/4587/4584 1758/4588/4585
f 1758/4588/4585 1757/4589/4586 2977/4532/4529
f 2977/4532/4529 1757/4589/4586 1756/4590/4587
f 2977/4532/4529 1756/4590/4587 1755/4591/4588
f 342/4554/4551 341/4592/4589 331/4552/4549
f 331/4552/4549 341/4592/4589 340/4593/4590
f 331/4552/4549 340/4593/4590 339/4594/4591
f 339/4594/4591 338/4595/4592 331/4552/4549
f 331/4552/4549 338/4595/4592 332/4596/4593
f 332/4596/4593 338/4595/4592 333/4597/4594
f 333/4597/4594 338/4595/4592 334/4598/4595
f 334/4598/4595 338/4595/4592 335/4599/4596
f 335/4599/4596 338/4595/4592 336/4600/4597
f 336/4600/4597 338/4595/4592 337/4601/4598
f 1631/4602/4599 2982/4603/4600 1632/4604/4601
f 1632/4604/4601 2982/4603/4600 2983/4605/4602
f 1632/4604/4601 2983/4605/4602 2200/4606/4603
f 2200/4606/4603 2983/4605/4602 2984/4607/4604
f 2200/4606/4603 2984/4607/4604 2201/4608/4605
f 2201/4608/4605 2984/4607/4604 2985/4609/4606
f 2201/4608/4605 2985/4609/4606 7/4610/4607
f 7/4610/4607 2985/4609/4606 2986/4611/4608
f 7/4610/4607 2986/4611/4608 8/4612/4609
f 8/4612/4609 2986/4611/4608 9/4613/4610
f 9/4613/4610 2986/4611/4608 10/4614/4611
f 10/4614/4611 2986/4611/4608 11/4615/4612
f 11/4615/4612 2986/4611/4608 12/4616/4613
f 12/4616/4613 2986/4611/4608 13/4617/4614
f 13/4617/4614 2986/4611/4608 14/4618/4615
f 14/4618/4615 2986/4611/4608 15/4619/4616
f 15/4619/4616 2986/4611/4608 16/4620/4617
f 16/4620/4617 2986/4611/4608 17/4621/4618
f 17/4621/4618 2986/4611/4608 18/4622/4619
f 18/4622/4619 2986/4611/4608 19/4623/4620
f 19/4623/4620 2986/4611/4608 38/4624/4621
f 19/4623/4620 38/4624/4621 30/4625/4622
f 30/4625/4622 38/4624/4621 31/4626/4623
f 31/4626/4623 38/4624/4621 32/4627/4624
f 32/4627/4624 38/4624/4621 33/4628/4625
f 33/4628/4625 38/4624/4621 34/4629/4626
f 34/4629/4626 38/4624/4621 35/4630/4627
f 35/4630/4627 38/4624/4621 37/4631/4628
f 35/4630/4627 37/4631/4628 36/4632/4629
f 1631/4602/4599 1630/4633/4630 2982/4603/4600
f 2982/4603/4600 1630/4633/4630 1629/4634/4631
f 2982/4603/4600 1629/4634/4631 1628/4635/4632
f 1628/4635/4632 1627/4636/4633 2982/4603/4600
f 2982/4603/4600 1627/4636/4633 1626/4637/4634
f 2982/4603/4600 1626/4637/4634 1625/4638/4635
f 1625/4638/4635 1624/4639/4636 2982/4603/4600
f 2982/4603/4600 1624/4639/4636 1623/4640/4637
f 2982/4603/4600 1623/4640/4637 1622/4641/4638
f 1622/4641/4638 1621/4642/4639 2982/4603/4600
f 2982/4603/4600 1621/4642/4639 1620/4643/4640
f 2982/4603/4600 1620/4643/4640 1619/4644/4641
f 1619/4644/4641 1618/4645/4642 2982/4603/4600
f 2982/4603/4600 1618/4645/4642 1617/4646/4643
f 2982/4603/4600 1617/4646/4643 1616/4647/4644
f 1616/4647/4644 1615/4648/4645 2982/4603/4600
f 2982/4603/4600 1615/4648/4645 1614/4649/4646
f 2982/4603/4600 1614/4649/4646 1613/4650/4647
f 1613/4650/4647 1612/4651/4648 2982/4603/4600
f 2982/4603/4600 1612/4651/4648 1611/4652/4649
f 2982/4603/4600 1611/4652/4649 1610/4653/4650
f 1610/4653/4650 1609/4654/4651 2982/4603/4600
f 2982/4603/4600 1609/4654/4651 1608/4655/4652
f 2982/4603/4600 1608/4655/4652 1607/4656/4653
f 1607/4656/4653 1606/4657/4654 2982/4603/4600
f 2982/4603/4600 1606/4657/4654 1605/4658/4655
f 2982/4603/4600 1605/4658/4655 1604/4659/4656
f 1604/4659/4656 1603/4660/4657 2982/4603/4600
f 2982/4603/4600 1603/4660/4657 1602/4661/4658
f 2982/4603/4600 1602/4661/4658 1601/4662/4659
f 30/4625/4622 29/4663/4660 19/4623/4620
f 19/4623/4620 29/4663/4660 28/4664/4661
f 19/4623/4620 28/4664/4661 27/4665/4662
f 27/4665/4662 26/4666/4663 19/4623/4620
f 19/4623/4620 26/4666/4663 20/4667/4664
f 20/4667/4664 26/4666/4663 21/4668/4665
f 21/4668/4665 26/4666/4663 22/4669/4666
f 22/4669/4666 26/4666/4663 23/4670/4667
f 23/4670/4667 26/4666/4663 24/4671/4668
f 24/4671/4668 26/4666/4663 25/4672/4669
f 3009/4673/4670 1208/4674/4671 2772/4675/4672
f 2772/4675/4672 1208/4674/4671 1207/4676/4673
f 2772/4675/4672 1207/4676/4673 1206/4677/4674
f 1206/4677/4674 1205/4678/4675 2772/4675/4672
f 2772/4675/4672 1205/4678/4675 1204/4679/4676
f 2772/4675/4672 1204/4679/4676 1203/4680/4677
f 1203/4680/4677 1202/4681/4678 2772/4675/4672
f 2772/4675/4672 1202/4681/4678 1201/4682/4679
f 2772/4675/4672 1201/4682/4679 1200/4683/4680
f 1200/4683/4680 1199/4684/4681 2772/4675/4672
f 2772/4675/4672 1199/4684/4681 1198/4685/4682
f 2772/4675/4672 1198/4685/4682 1197/4686/4683
f 1197/4686/4683 1196/4687/4684 2772/4675/4672
f 2772/4675/4672 1196/4687/4684 1195/4688/4685
f 2772/4675/4672 1195/4688/4685 1194/4689/4686
f 1194/4689/4686 1193/4690/4687 2772/4675/4672
f 2772/4675/4672 1193/4690/4687 1192/4691/4688
f 2772/4675/4672 1192/4691/4688 1191/4692/4689
f 1191/4692/4689 1190/4693/4690 2772/4675/4672
f 2772/4675/4672 1190/4693/4690 1189/4694/4691
f 2772/4675/4672 2771/4695/4692 3009/4673/4670
f 3009/4673/4670 2771/4695/4692 3008/4696/4693
f 3008/4696/4693 2771/4695/4692 2770/4697/4694
f 3008/4696/4693 2770/4697/4694 2769/4698/4695
f 3008/4696/4693 2769/4698/4695 3007/4699/4696
f 3007/4699/4696 2769/4698/4695 2768/4700/4697
f 3007/4699/4696 2768/4700/4697 3006/4701/4698
f 3006/4701/4698 2768/4700/4697 2767/4702/4699
f 3006/4701/4698 2767/4702/4699 3005/4703/4700
f 3005/4703/4700 2767/4702/4699 3004/4704/4701
f 3004/4704/4701 2767/4702/4699 2766/4705/4702
f 3004/4704/4701 2766/4705/4702 3003/4706/4703
f 3003/4706/4703 2766/4705/4702 3002/4707/4704
f 3002/4707/4704 2766/4705/4702 3001/4708/4705
f 3001/4708/4705 2766/4705/4702 3000/4709/4706
f 3000/4709/4706 2766/4705/4702 2999/4710/4707
f 2999/4710/4707 2766/4705/4702 2998/4711/4708
f 2998/4711/4708 2766/4705/4702 2997/4712/4709
f 2997/4712/4709 2766/4705/4702 2996/4713/4710
f 2996/4713/4710 2766/4705/4702 2995/4714/4711
f 2995/4714/4711 2766/4705/4702 2994/4715/4712
f 2994/4715/4712 2766/4705/4702 2993/4716/4713
f 2993/4716/4713 2766/4705/4702 2992/4717/4714
f 2992/4717/4714 2766/4705/4702 2991/4718/4715
f 2991/4718/4715 2766/4705/4702 2990/4719/4716
f 2990/4719/4716 2766/4705/4702 2989/4720/4717
f 2989/4720/4717 2766/4705/4702 2987/4721/4718
f 2989/4720/4717 2987/4721/4718 2988/4722/4719
f 3013/4723/4720 2132/4724/4721 2778/4725/4722
f 2778/4725/4722 2132/4724/4721 2131/4726/4723
f 2778/4725/4722 2131/4726/4723 2130/4727/4724
f 2130/4727/4724 2129/4728/4725 2778/4725/4722
f 2778/4725/4722 2129/4728/4725 2128/4729/4726
f 2778/4725/4722 2128/4729/4726 2127/4730/4727
f 2127/4730/4727 2126/4731/4728 2778/4725/4722
f 2778/4725/4722 2126/4731/4728 2125/4732/4729
f 2778/4725/4722 2125/4732/4729 2124/4733/4730
f 2124/4733/4730 2123/4734/4731 2778/4725/4722
f 2778/4725/4722 2123/4734/4731 2122/4735/4732
f 2778/4725/4722 2122/4735/4732 2121/4736/4733
f 2121/4736/4733 2120/4737/4734 2778/4725/4722
f 2778/4725/4722 2120/4737/4734 2119/4738/4735
f 2778/4725/4722 2119/4738/4735 2118/4739/4736
f 2118/4739/4736 2117/4740/4737 2778/4725/4722
f 2778/4725/4722 2117/4740/4737 2116/4741/4738
f 2778/4725/4722 2116/4741/4738 2115/4742/4739
f 2115/4742/4739 2114/4743/4740 2778/4725/4722
f 2778/4725/4722 2114/4743/4740 2113/4744/4741
f 2778/4725/4722 2777/4745/4742 3013/4723/4720
f 3013/4723/4720 2777/4745/4742 3012/4746/4743
f 3012/4746/4743 2777/4745/4742 2776/4747/4744
f 3012/4746/4743 2776/4747/4744 2775/4748/4745
f 3012/4746/4743 2775/4748/4745 3011/4749/4746
f 3011/4749/4746 2775/4748/4745 2774/4750/4747
f 3011/4749/4746 2774/4750/4747 3010/4751/4748
f 3010/4751/4748 2774/4750/4747 2773/4752/4749
f 3010/4751/4748 2773/4752/4749 1060/4753/4750
f 1060/4753/4750 2773/4752/4749 1061/4754/4751
f 1061/4754/4751 2773/4752/4749 1079/4755/4752
f 1061/4754/4751 1079/4755/4752 1062/4756/4753
f 1062/4756/4753 1079/4755/4752 1063/4757/4754
f 1063/4757/4754 1079/4755/4752 1064/4758/4755
f 1064/4758/4755 1079/4755/4752 1065/4759/4756
f 1065/4759/4756 1079/4755/4752 1066/4760/4757
f 1066/4760/4757 1079/4755/4752 1067/4761/4758
f 1067/4761/4758 1079/4755/4752 1068/4762/4759
f 1068/4762/4759 1079/4755/4752 1069/4763/4760
f 1069/4763/4760 1079/4755/4752 1070/4764/4761
f 1070/4764/4761 1079/4755/4752 1071/4765/4762
f 1071/4765/4762 1079/4755/4752 1072/4766/4763
f 1072/4766/4763 1079/4755/4752 1073/4767/4764
f 1073/4767/4764 1079/4755/4752 1074/4768/4765
f 1074/4768/4765 1079/4755/4752 1075/4769/4766
f 1075/4769/4766 1079/4755/4752 1076/4770/4767
f 1076/4770/4767 1079/4755/4752 1078/4771/4768
f 1076/4770/4767 1078/4771/4768 1077/4772/4769
f 922/4773/4770 920/4774/4771 923/4775/4772
f 923/4775/4772 920/4774/4771 919/4776/4773
f 923/4775/4772 919/4776/4773 918/4777/4774
f 922/4773/4770 921/4778/4775 920/4774/4771
f 918/4777/4774 917/4779/4776 923/4775/4772
f 923/4775/4772 917/4779/4776 916/4780/4777
f 923/4775/4772 916/4780/4777 915/4781/4778
f 915/4781/4778 914/4782/4779 923/4775/4772
f 923/4775/4772 914/4782/4779 913/4783/4780
f 923/4775/4772 913/4783/4780 912/4784/4781
f 912/4784/4781 911/4785/4782 923/4775/4772
f 923/4775/4772 911/4785/4782 910/4786/4783
f 923/4775/4772 910/4786/4783 909/4787/4784
f 909/4787/4784 908/4788/4785 923/4775/4772
f 923/4775/4772 908/4788/4785 907/4789/4786
f 923/4775/4772 907/4789/4786 906/4790/4787
f 906/4790/4787 905/4791/4788 923/4775/4772
f 923/4775/4772 905/4791/4788 2779/4792/4789
f 2779/4792/4789 905/4791/4788 904/4793/4790
f 2779/4792/4789 904/4793/4790 3014/4794/4791
f 2779/4792/4789 3014/4794/4791 2780/4795/4792
f 2780/4795/4792 3014/4794/4791 3015/4796/4793
f 2780/4795/4792 3015/4796/4793 2781/4797/4794
f 2781/4797/4794 3015/4796/4793 3016/4798/4795
f 2781/4797/4794 3016/4798/4795 2782/4799/4796
f 2782/4799/4796 3016/4798/4795 2783/4800/4797
f 2783/4800/4797 3016/4798/4795 3017/4801/4798
f 2783/4800/4797 3017/4801/4798 2784/4802/4799
f 2784/4802/4799 3017/4801/4798 3018/4803/4800
f 2784/4802/4799 3018/4803/4800 3019/4804/4801
f 3019/4804/4801 3020/4805/4802 2784/4802/4799
f 2784/4802/4799 3020/4805/4802 3021/4806/4803
f 2784/4802/4799 3021/4806/4803 3022/4807/4804
f 3022/4807/4804 3023/4808/4805 2784/4802/4799
f 2784/4802/4799 3023/4808/4805 3024/4809/4806
f 2784/4802/4799 3024/4809/4806 3025/4810/4807
f 3025/4810/4807 3026/4811/4808 2784/4802/4799
f 2784/4802/4799 3026/4811/4808 3027/4812/4809
f 2784/4802/4799 3027/4812/4809 3028/4813/4810
f 3028/4813/4810 3029/4814/4811 2784/4802/4799
f 2784/4802/4799 3029/4814/4811 3030/4815/4812
f 2784/4802/4799 3030/4815/4812 3031/4816/4813
f 3031/4816/4813 3032/4817/4814 2784/4802/4799
f 2784/4802/4799 3032/4817/4814 3033/4818/4815
f 2784/4802/4799 3033/4818/4815 3034/4819/4816
f 3034/4819/4816 3035/4820/4817 2784/4802/4799
f 2784/4802/4799 3035/4820/4817 3036/4821/4818
f 2784/4802/4799 3036/4821/4818 2785/4822/4819
f 766/4823/4820 764/4824/4821 767/4825/4822
f 767/4825/4822 764/4824/4821 763/4826/4823
f 767/4825/4822 763/4826/4823 762/4827/4824
f 766/4823/4820 765/4828/4825 764/4824/4821
f 762/4827/4824 761/4829/4826 767/4825/4822
f 767/4825/4822 761/4829/4826 760/4830/4827
f 767/4825/4822 760/4830/4827 759/4831/4828
f 759/4831/4828 758/4832/4829 767/4825/4822
f 767/4825/4822 758/4832/4829 757/4833/4830
f 767/4825/4822 757/4833/4830 756/4834/4831
f 756/4834/4831 755/4835/4832 767/4825/4822
f 767/4825/4822 755/4835/4832 754/4836/4833
f 767/4825/4822 754/4836/4833 753/4837/4834
f 753/4837/4834 752/4838/4835 767/4825/4822
f 767/4825/4822 752/4838/4835 751/4839/4836
f 767/4825/4822 751/4839/4836 750/4840/4837
f 750/4840/4837 749/4841/4838 767/4825/4822
f 767/4825/4822 749/4841/4838 2789/4842/4839
f 2789/4842/4839 749/4841/4838 748/4843/4840
f 2789/4842/4839 748/4843/4840 3037/4844/4841
f 2789/4842/4839 3037/4844/4841 2790/4845/4842
f 2790/4845/4842 3037/4844/4841 3038/4846/4843
f 2790/4845/4842 3038/4846/4843 2791/4847/4844
f 2791/4847/4844 3038/4846/4843 3039/4848/4845
f 2791/4847/4844 3039/4848/4845 2792/4849/4846
f 2792/4849/4846 3039/4848/4845 2793/4850/4847
f 2793/4850/4847 3039/4848/4845 3040/4851/4848
f 2793/4850/4847 3040/4851/4848 2794/4852/4849
f 2794/4852/4849 3040/4851/4848 1131/4853/4850
f 2794/4852/4849 1131/4853/4850 1130/4854/4851
f 1130/4854/4851 1129/4855/4852 2794/4852/4849
f 2794/4852/4849 1129/4855/4852 1128/4856/4853
f 2794/4852/4849 1128/4856/4853 1127/4857/4854
f 1127/4857/4854 1126/4858/4855 2794/4852/4849
f 2794/4852/4849 1126/4858/4855 1125/4859/4856
f 2794/4852/4849 1125/4859/4856 1124/4860/4857
f 1124/4860/4857 1123/4861/4858 2794/4852/4849
f 2794/4852/4849 1123/4861/4858 1122/4862/4859
f 2794/4852/4849 1122/4862/4859 1121/4863/4860
f 1121/4863/4860 1120/4864/4861 2794/4852/4849
f 2794/4852/4849 1120/4864/4861 1119/4865/4862
f 2794/4852/4849 1119/4865/4862 1118/4866/4863
f 1118/4866/4863 1117/4867/4864 2794/4852/4849
f 2794/4852/4849 1117/4867/4864 1116/4868/4865
f 2794/4852/4849 1116/4868/4865 1115/4869/4866
f 1115/4869/4866 1114/4870/4867 2794/4852/4849
f 2794/4852/4849 1114/4870/4867 1113/4871/4868
f 2794/4852/4849 1113/4871/4868 1112/4872/4869
f 3044/4873/4870 2055/4874/4871 2800/4875/4872
f 2800/4875/4872 2055/4874/4871 2054/4876/4873
f 2800/4875/4872 2054/4876/4873 2053/4877/4874
f 2053/4877/4874 2052/4878/4875 2800/4875/4872
f 2800/4875/4872 2052/4878/4875 2051/4879/4876
f 2800/4875/4872 2051/4879/4876 2050/4880/4877
f 2050/4880/4877 2049/4881/4878 2800/4875/4872
f 2800/4875/4872 2049/4881/4878 2048/4882/4879
f 2800/4875/4872 2048/4882/4879 2047/4883/4880
f 2047/4883/4880 2046/4884/4881 2800/4875/4872
f 2800/4875/4872 2046/4884/4881 2045/4885/4882
f 2800/4875/4872 2045/4885/4882 2044/4886/4883
f 2044/4886/4883 2043/4887/4884 2800/4875/4872
f 2800/4875/4872 2043/4887/4884 2042/4888/4885
f 2800/4875/4872 2042/4888/4885 2041/4889/4886
f 2041/4889/4886 2040/4890/4887 2800/4875/4872
f 2800/4875/4872 2040/4890/4887 2039/4891/4888
f 2800/4875/4872 2039/4891/4888 2038/4892/4889
f 2038/4892/4889 2037/4893/4890 2800/4875/4872
f 2800/4875/4872 2037/4893/4890 2036/4894/4891
f 2800/4875/4872 2799/4895/4892 3044/4873/4870
f 3044/4873/4870 2799/4895/4892 3043/4896/4893
f 3043/4896/4893 2799/4895/4892 2798/4897/4894
f 3043/4896/4893 2798/4897/4894 2797/4898/4895
f 3043/4896/4893 2797/4898/4895 3042/4899/4896
f 3042/4899/4896 2797/4898/4895 2796/4900/4897
f 3042/4899/4896 2796/4900/4897 3041/4901/4898
f 3041/4901/4898 2796/4900/4897 2795/4902/4899
f 3041/4901/4898 2795/4902/4899 982/4903/4900
f 982/4903/4900 2795/4902/4899 983/4904/4901
f 983/4904/4901 2795/4902/4899 1001/4905/4902
f 983/4904/4901 1001/4905/4902 984/4906/4903
f 984/4906/4903 1001/4905/4902 985/4907/4904
f 985/4907/4904 1001/4905/4902 986/4908/4905
f 986/4908/4905 1001/4905/4902 987/4909/4906
f 987/4909/4906 1001/4905/4902 988/4910/4907
f 988/4910/4907 1001/4905/4902 989/4911/4908
f 989/4911/4908 1001/4905/4902 990/4912/4909
f 990/4912/4909 1001/4905/4902 991/4913/4910
f 991/4913/4910 1001/4905/4902 992/4914/4911
f 992/4914/4911 1001/4905/4902 993/4915/4912
f 993/4915/4912 1001/4905/4902 994/4916/4913
f 994/4916/4913 1001/4905/4902 995/4917/4914
f 995/4917/4914 1001/4905/4902 996/4918/4915
f 996/4918/4915 1001/4905/4902 997/4919/4916
f 997/4919/4916 1001/4905/4902 998/4920/4917
f 998/4920/4917 1001/4905/4902 1000/4921/4918
f 998/4920/4917 1000/4921/4918 999/4922/4919
f 3048/4923/4920 1978/4924/4921 2806/4925/4922
f 2806/4925/4922 1978/4924/4921 1977/4926/4923
f 2806/4925/4922 1977/4926/4923 1976/4927/4924
f 1976/4927/4924 1975/4928/4925 2806/4925/4922
f 2806/4925/4922 1975/4928/4925 1974/4929/4926
f 2806/4925/4922 1974/4929/4926 1973/4930/4927
f 1973/4930/4927 1972/4931/4928 2806/4925/4922
f 2806/4925/4922 1972/4931/4928 1971/4932/4929
f 2806/4925/4922 1971/4932/4929 1970/4933/4930
f 1970/4933/4930 1969/4934/4931 2806/4925/4922
f 2806/4925/4922 1969/4934/4931 1968/4935/4932
f 2806/4925/4922 1968/4935/4932 1967/4936/4933
f 1967/4936/4933 1966/4937/4934 2806/4925/4922
f 2806/4925/4922 1966/4937/4934 1965/4938/4935
f 2806/4925/4922 1965/4938/4935 1964/4939/4936
f 1964/4939/4936 1963/4940/4937 2806/4925/4922
f 2806/4925/4922 1963/4940/4937 1962/4941/4938
f 2806/4925/4922 1962/4941/4938 1961/4942/4939
f 1961/4942/4939 1960/4943/4940 2806/4925/4922
f 2806/4925/4922 1960/4943/4940 1959/4944/4941
f 2806/4925/4922 2805/4945/4942 3048/4923/4920
f 3048/4923/4920 2805/4945/4942 3047/4946/4943
f 3047/4946/4943 2805/4945/4942 2804/4947/4944
f 3047/4946/4943 2804/4947/4944 2803/4948/4945
f 3047/4946/4943 2803/4948/4945 3046/4949/4946
f 3046/4949/4946 2803/4948/4945 2802/4950/4947
f 3046/4949/4946 2802/4950/4947 3045/4951/4948
f 3045/4951/4948 2802/4950/4947 2801/4952/4949
f 3045/4951/4948 2801/4952/4949 826/4953/4950
f 826/4953/4950 2801/4952/4949 827/4954/4951
f 827/4954/4951 2801/4952/4949 845/4955/4952
f 827/4954/4951 845/4955/4952 828/4956/4953
f 828/4956/4953 845/4955/4952 829/4957/4954
f 829/4957/4954 845/4955/4952 830/4958/4955
f 830/4958/4955 845/4955/4952 831/4959/4956
f 831/4959/4956 845/4955/4952 832/4960/4957
f 832/4960/4957 845/4955/4952 833/4961/4958
f 833/4961/4958 845/4955/4952 834/4962/4959
f 834/4962/4959 845/4955/4952 835/4963/4960
f 835/4963/4960 845/4955/4952 836/4964/4961
f 836/4964/4961 845/4955/4952 837/4965/4962
f 837/4965/4962 845/4955/4952 838/4966/4963
f 838/4966/4963 845/4955/4952 839/4967/4964
f 839/4967/4964 845/4955/4952 840/4968/4965
f 840/4968/4965 845/4955/4952 841/4969/4966
f 841/4969/4966 845/4955/4952 842/4970/4967
f 842/4970/4967 845/4955/4952 844/4971/4968
f 842/4970/4967 844/4971/4968 843/4972/4969
f 532/4973/4970 530/4974/4971 533/4975/4972
f 533/4975/4972 530/4974/4971 529/4976/4973
f 533/4975/4972 529/4976/4973 528/4977/4974
f 532/4973/4970 531/4978/4975 530/4974/4971
f 528/4977/4974 527/4979/4976 533/4975/4972
f 533/4975/4972 527/4979/4976 526/4980/4977
f 533/4975/4972 526/4980/4977 525/4981/4978
f 525/4981/4978 524/4982/4979 533/4975/4972
f 533/4975/4972 524/4982/4979 523/4983/4980
f 533/4975/4972 523/4983/4980 522/4984/4981
f 522/4984/4981 521/4985/4982 533/4975/4972
f 533/4975/4972 521/4985/4982 520/4986/4983
f 533/4975/4972 520/4986/4983 519/4987/4984
f 519/4987/4984 518/4988/4985 533/4975/4972
f 533/4975/4972 518/4988/4985 517/4989/4986
f 533/4975/4972 517/4989/4986 516/4990/4987
f 516/4990/4987 515/4991/4988 533/4975/4972
f 533/4975/4972 515/4991/4988 2807/4992/4989
f 2807/4992/4989 515/4991/4988 514/4993/4990
f 2807/4992/4989 514/4993/4990 3049/4994/4991
f 2807/4992/4989 3049/4994/4991 2808/4995/4992
f 2808/4995/4992 3049/4994/4991 3050/4996/4993
f 2808/4995/4992 3050/4996/4993 2809/4997/4994
f 2809/4997/4994 3050/4996/4993 3051/4998/4995
f 2809/4997/4994 3051/4998/4995 2810/4999/4996
f 2810/4999/4996 3051/4998/4995 2811/5000/4997
f 2811/5000/4997 3051/4998/4995 3052/5001/4998
f 2811/5000/4997 3052/5001/4998 2812/5002/4999
f 2812/5002/4999 3052/5001/4998 1285/5003/5000
f 2812/5002/4999 1285/5003/5000 1284/5004/5001
f 1284/5004/5001 1283/5005/5002 2812/5002/4999
f 2812/5002/4999 1283/5005/5002 1282/5006/5003
f 2812/5002/4999 1282/5006/5003 1281/5007/5004
f 1281/5007/5004 1280/5008/5005 2812/5002/4999
f 2812/5002/4999 1280/5008/5005 1279/5009/5006
f 2812/5002/4999 1279/5009/5006 1278/5010/5007
f 1278/5010/5007 1277/5011/5008 2812/5002/4999
f 2812/5002/4999 1277/5011/5008 1276/5012/5009
f 2812/5002/4999 1276/5012/5009 1275/5013/5010
f 1275/5013/5010 1274/5014/5011 2812/5002/4999
f 2812/5002/4999 1274/5014/5011 1273/5015/5012
f 2812/5002/4999 1273/5015/5012 1272/5016/5013
f 1272/5016/5013 1271/5017/5014 2812/5002/4999
f 2812/5002/4999 1271/5017/5014 1270/5018/5015
f 2812/5002/4999 1270/5018/5015 1269/5019/5016
f 1269/5019/5016 1268/5020/5017 2812/5002/4999
f 2812/5002/4999 1268/5020/5017 1267/5021/5018
f 2812/5002/4999 1267/5021/5018 1266/5022/5019
f 3056/5023/5020 1901/5024/5021 2818/5025/5022
f 2818/5025/5022 1901/5024/5021 1900/5026/5023
f 2818/5025/5022 1900/5026/5023 1899/5027/5024
f 1899/5027/5024 1898/5028/5025 2818/5025/5022
f 2818/5025/5022 1898/5028/5025 1897/5029/5026
f 2818/5025/5022 1897/5029/5026 1896/5030/5027
f 1896/5030/5027 1895/5031/5028 2818/5025/5022
f 2818/5025/5022 1895/5031/5028 1894/5032/5029
f 2818/5025/5022 1894/5032/5029 1893/5033/5030
f 1893/5033/5030 1892/5034/5031 2818/5025/5022
f 2818/5025/5022 1892/5034/5031 1891/5035/5032
f 2818/5025/5022 1891/5035/5032 1890/5036/5033
f 1890/5036/5033 1889/5037/5034 2818/5025/5022
f 2818/5025/5022 1889/5037/5034 1888/5038/5035
f 2818/5025/5022 1888/5038/5035 1887/5039/5036
f 1887/5039/5036 1886/5040/5037 2818/5025/5022
f 2818/5025/5022 1886/5040/5037 1885/5041/5038
f 2818/5025/5022 1885/5041/5038 1884/5042/5039
f 1884/5042/5039 1883/5043/5040 2818/5025/5022
f 2818/5025/5022 1883/5043/5040 1882/5044/5041
f 2818/5025/5022 2817/5045/5042 3056/5023/5020
f 3056/5023/5020 2817/5045/5042 3055/5046/5043
f 3055/5046/5043 2817/5045/5042 2816/5047/5044
f 3055/5046/5043 2816/5047/5044 2815/5048/5045
f 3055/5046/5043 2815/5048/5045 3054/5049/5046
f 3054/5049/5046 2815/5048/5045 2814/5050/5047
f 3054/5049/5046 2814/5050/5047 3053/5051/5048
f 3053/5051/5048 2814/5050/5047 2813/5052/5049
f 3053/5051/5048 2813/5052/5049 670/5053/5050
f 670/5053/5050 2813/5052/5049 671/5054/5051
f 671/5054/5051 2813/5052/5049 689/5055/5052
f 671/5054/5051 689/5055/5052 672/5056/5053
f 672/5056/5053 689/5055/5052 673/5057/5054
f 673/5057/5054 689/5055/5052 674/5058/5055
f 674/5058/5055 689/5055/5052 675/5059/5056
f 675/5059/5056 689/5055/5052 676/5060/5057
f 676/5060/5057 689/5055/5052 677/5061/5058
f 677/5061/5058 689/5055/5052 678/5062/5059
f 678/5062/5059 689/5055/5052 679/5063/5060
f 679/5063/5060 689/5055/5052 680/5064/5061
f 680/5064/5061 689/5055/5052 681/5065/5062
f 681/5065/5062 689/5055/5052 682/5066/5063
f 682/5066/5063 689/5055/5052 683/5067/5064
f 683/5067/5064 689/5055/5052 684/5068/5065
f 684/5068/5065 689/5055/5052 685/5069/5066
f 685/5069/5066 689/5055/5052 686/5070/5067
f 686/5070/5067 689/5055/5052 688/5071/5068
f 686/5070/5067 688/5071/5068 687/5072/5069
f 454/5073/5070 452/5074/5071 455/5075/5072
f 455/5075/5072 452/5074/5071 451/5076/5073
f 455/5075/5072 451/5076/5073 450/5077/5074
f 454/5073/5070 453/5078/5075 452/5074/5071
f 450/5077/5074 449/5079/5076 455/5075/5072
f 455/5075/5072 449/5079/5076 448/5080/5077
f 455/5075/5072 448/5080/5077 447/5081/5078
f 447/5081/5078 446/5082/5079 455/5075/5072
f 455/5075/5072 446/5082/5079 445/5083/5080
f 455/5075/5072 445/5083/5080 444/5084/5081
f 444/5084/5081 443/5085/5082 455/5075/5072
f 455/5075/5072 443/5085/5082 442/5086/5083
f 455/5075/5072 442/5086/5083 441/5087/5084
f 441/5087/5084 440/5088/5085 455/5075/5072
f 455/5075/5072 440/5088/5085 439/5089/5086
f 455/5075/5072 439/5089/5086 438/5090/5087
f 438/5090/5087 437/5091/5088 455/5075/5072
f 455/5075/5072 437/5091/5088 2819/5092/5089
f 2819/5092/5089 437/5091/5088 436/5093/5090
f 2819/5092/5089 436/5093/5090 3057/5094/5091
f 2819/5092/5089 3057/5094/5091 2820/5095/5092
f 2820/5095/5092 3057/5094/5091 3058/5096/5093
f 2820/5095/5092 3058/5096/5093 2821/5097/5094
f 2821/5097/5094 3058/5096/5093 3059/5098/5095
f 2821/5097/5094 3059/5098/5095 2822/5099/5096
f 2822/5099/5096 3059/5098/5095 2823/5100/5097
f 2823/5100/5097 3059/5098/5095 3060/5101/5098
f 2823/5100/5097 3060/5101/5098 2824/5102/5099
f 2824/5102/5099 3060/5101/5098 1362/5103/5100
f 2824/5102/5099 1362/5103/5100 1361/5104/5101
f 1361/5104/5101 1360/5105/5102 2824/5102/5099
f 2824/5102/5099 1360/5105/5102 1359/5106/5103
f 2824/5102/5099 1359/5106/5103 1358/5107/5104
f 1358/5107/5104 1357/5108/5105 2824/5102/5099
f 2824/5102/5099 1357/5108/5105 1356/5109/5106
f 2824/5102/5099 1356/5109/5106 1355/5110/5107
f 1355/5110/5107 1354/5111/5108 2824/5102/5099
f 2824/5102/5099 1354/5111/5108 1353/5112/5109
f 2824/5102/5099 1353/5112/5109 1352/5113/5110
f 1352/5113/5110 1351/5114/5111 2824/5102/5099
f 2824/5102/5099 1351/5114/5111 1350/5115/5112
f 2824/5102/5099 1350/5115/5112 1349/5116/5113
f 1349/5116/5113 1348/5117/5114 2824/5102/5099
f 2824/5102/5099 1348/5117/5114 1347/5118/5115
f 2824/5102/5099 1347/5118/5115 1346/5119/5116
f 1346/5119/5116 1345/5120/5117 2824/5102/5099
f 2824/5102/5099 1345/5120/5117 1344/5121/5118
f 2824/5102/5099 1344/5121/5118 1343/5122/5119
f 3064/5123/5120 1824/5124/5121 2830/5125/5122
f 2830/5125/5122 1824/5124/5121 1823/5126/5123
f 2830/5125/5122 1823/5126/5123 1822/5127/5124
f 1822/5127/5124 1821/5128/5125 2830/5125/5122
f 2830/5125/5122 1821/5128/5125 1820/5129/5126
f 2830/5125/5122 1820/5129/5126 1819/5130/5127
f 1819/5130/5127 1818/5131/5128 2830/5125/5122
f 2830/5125/5122 1818/5131/5128 1817/5132/5129
f 2830/5125/5122 1817/5132/5129 1816/5133/5130
f 1816/5133/5130 1815/5134/5131 2830/5125/5122
f 2830/5125/5122 1815/5134/5131 1814/5135/5132
f 2830/5125/5122 1814/5135/5132 1813/5136/5133
f 1813/5136/5133 1812/5137/5134 2830/5125/5122
f 2830/5125/5122 1812/5137/5134 1811/5138/5135
f 2830/5125/5122 1811/5138/5135 1810/5139/5136
f 1810/5139/5136 1809/5140/5137 2830/5125/5122
f 2830/5125/5122 1809/5140/5137 1808/5141/5138
f 2830/5125/5122 1808/5141/5138 1807/5142/5139
f 1807/5142/5139 1806/5143/5140 2830/5125/5122
f 2830/5125/5122 1806/5143/5140 1805/5144/5141
f 2830/5125/5122 2829/5145/5142 3064/5123/5120
f 3064/5123/5120 2829/5145/5142 3063/5146/5143
f 3063/5146/5143 2829/5145/5142 2828/5147/5144
f 3063/5146/5143 2828/5147/5144 2827/5148/5145
f 3063/5146/5143 2827/5148/5145 3062/5149/5146
f 3062/5149/5146 2827/5148/5145 2826/5150/5147
f 3062/5149/5146 2826/5150/5147 3061/5151/5148
f 3061/5151/5148 2826/5150/5147 2825/5152/5149
f 3061/5151/5148 2825/5152/5149 592/5153/5150
f 592/5153/5150 2825/5152/5149 593/5154/5151
f 593/5154/5151 2825/5152/5149 611/5155/5152
f 593/5154/5151 611/5155/5152 594/5156/5153
f 594/5156/5153 611/5155/5152 595/5157/5154
f 595/5157/5154 611/5155/5152 596/5158/5155
f 596/5158/5155 611/5155/5152 597/5159/5156
f 597/5159/5156 611/5155/5152 598/5160/5157
f 598/5160/5157 611/5155/5152 599/5161/5158
f 599/5161/5158 611/5155/5152 600/5162/5159
f 600/5162/5159 611/5155/5152 601/5163/5160
f 601/5163/5160 611/5155/5152 602/5164/5161
f 602/5164/5161 611/5155/5152 603/5165/5162
f 603/5165/5162 611/5155/5152 604/5166/5163
f 604/5166/5163 611/5155/5152 605/5167/5164
f 605/5167/5164 611/5155/5152 606/5168/5165
f 606/5168/5165 611/5155/5152 607/5169/5166
f 607/5169/5166 611/5155/5152 608/5170/5167
f 608/5170/5167 611/5155/5152 610/5171/5168
f 608/5170/5167 610/5171/5168 609/5172/5169
f 142/5173/5170 140/5174/5171 143/5175/5172
f 143/5175/5172 140/5174/5171 139/5176/5173
f 143/5175/5172 139/5176/5173 138/5177/5174
f 142/5173/5170 141/5178/5175 140/5174/5171
f 138/5177/5174 137/5179/5176 143/5175/5172
f 143/5175/5172 137/5179/5176 136/5180/5177
f 143/5175/5172 136/5180/5177 135/5181/5178
f 135/5181/5178 134/5182/5179 143/5175/5172
f 143/5175/5172 134/5182/5179 133/5183/5180
f 143/5175/5172 133/5183/5180 132/5184/5181
f 132/5184/5181 131/5185/5182 143/5175/5172
f 143/5175/5172 131/5185/5182 130/5186/5183
f 143/5175/5172 130/5186/5183 129/5187/5184
f 129/5187/5184 128/5188/5185 143/5175/5172
f 143/5175/5172 128/5188/5185 127/5189/5186
f 143/5175/5172 127/5189/5186 126/5190/5187
f 126/5190/5187 125/5191/5188 143/5175/5172
f 143/5175/5172 125/5191/5188 2831/5192/5189
f 2831/5192/5189 125/5191/5188 124/5193/5190
f 2831/5192/5189 124/5193/5190 3065/5194/5191
f 2831/5192/5189 3065/5194/5191 2832/5195/5192
f 2832/5195/5192 3065/5194/5191 3066/5196/5193
f 2832/5195/5192 3066/5196/5193 2833/5197/5194
f 2833/5197/5194 3066/5196/5193 3067/5198/5195
f 2833/5197/5194 3067/5198/5195 2834/5199/5196
f 2834/5199/5196 3067/5198/5195 2835/5200/5197
f 2835/5200/5197 3067/5198/5195 3068/5201/5198
f 2835/5200/5197 3068/5201/5198 2836/5202/5199
f 2836/5202/5199 3068/5201/5198 1516/5203/5200
f 2836/5202/5199 1516/5203/5200 1515/5204/5201
f 1515/5204/5201 1514/5205/5202 2836/5202/5199
f 2836/5202/5199 1514/5205/5202 1513/5206/5203
f 2836/5202/5199 1513/5206/5203 1512/5207/5204
f 1512/5207/5204 1511/5208/5205 2836/5202/5199
f 2836/5202/5199 1511/5208/5205 1510/5209/5206
f 2836/5202/5199 1510/5209/5206 1509/5210/5207
f 1509/5210/5207 1508/5211/5208 2836/5202/5199
f 2836/5202/5199 1508/5211/5208 1507/5212/5209
f 2836/5202/5199 1507/5212/5209 1506/5213/5210
f 1506/5213/5210 1505/5214/5211 2836/5202/5199
f 2836/5202/5199 1505/5214/5211 1504/5215/5212
f 2836/5202/5199 1504/5215/5212 1503/5216/5213
f 1503/5216/5213 1502/5217/5214 2836/5202/5199
f 2836/5202/5199 1502/5217/5214 1501/5218/5215
f 2836/5202/5199 1501/5218/5215 1500/5219/5216
f 1500/5219/5216 1499/5220/5217 2836/5202/5199
f 2836/5202/5199 1499/5220/5217 1498/5221/5218
f 2836/5202/5199 1498/5221/5218 1497/5222/5219
f 220/5223/5220 218/5224/5221 221/5225/5222
f 221/5225/5222 218/5224/5221 217/5226/5223
f 221/5225/5222 217/5226/5223 216/5227/5224
f 220/5223/5220 219/5228/5225 218/5224/5221
f 216/5227/5224 215/5229/5226 221/5225/5222
f 221/5225/5222 215/5229/5226 214/5230/5227
f 221/5225/5222 214/5230/5227 213/5231/5228
f 213/5231/5228 212/5232/5229 221/5225/5222
f 221/5225/5222 212/5232/5229 211/5233/5230
f 221/5225/5222 211/5233/5230 210/5234/5231
f 210/5234/5231 209/5235/5232 221/5225/5222
f 221/5225/5222 209/5235/5232 208/5236/5233
f 221/5225/5222 208/5236/5233 207/5237/5234
f 207/5237/5234 206/5238/5235 221/5225/5222
f 221/5225/5222 206/5238/5235 205/5239/5236
f 221/5225/5222 205/5239/5236 204/5240/5237
f 204/5240/5237 203/5241/5238 221/5225/5222
f 221/5225/5222 203/5241/5238 2837/5242/5239
f 2837/5242/5239 203/5241/5238 202/5243/5240
f 2837/5242/5239 202/5243/5240 3069/5244/5241
f 2837/5242/5239 3069/5244/5241 2838/5245/5242
f 2838/5245/5242 3069/5244/5241 3070/5246/5243
f 2838/5245/5242 3070/5246/5243 2839/5247/5244
f 2839/5247/5244 3070/5246/5243 3071/5248/5245
f 2839/5247/5244 3071/5248/5245 2840/5249/5246
f 2840/5249/5246 3071/5248/5245 2841/5250/5247
f 2841/5250/5247 3071/5248/5245 3072/5251/5248
f 2841/5250/5247 3072/5251/5248 2842/5252/5249
f 2842/5252/5249 3072/5251/5248 1439/5253/5250
f 2842/5252/5249 1439/5253/5250 1438/5254/5251
f 1438/5254/5251 1437/5255/5252 2842/5252/5249
f 2842/5252/5249 1437/5255/5252 1436/5256/5253
f 2842/5252/5249 1436/5256/5253 1435/5257/5254
f 1435/5257/5254 1434/5258/5255 2842/5252/5249
f 2842/5252/5249 1434/5258/5255 1433/5259/5256
f 2842/5252/5249 1433/5259/5256 1432/5260/5257
f 1432/5260/5257 1431/5261/5258 2842/5252/5249
f 2842/5252/5249 1431/5261/5258 1430/5262/5259
f 2842/5252/5249 1430/5262/5259 1429/5263/5260
f 1429/5263/5260 1428/5264/5261 2842/5252/5249
f 2842/5252/5249 1428/5264/5261 1427/5265/5262
f 2842/5252/5249 1427/5265/5262 1426/5266/5263
f 1426/5266/5263 1425/5267/5264 2842/5252/5249
f 2842/5252/5249 1425/5267/5264 1424/5268/5265
f 2842/5252/5249 1424/5268/5265 1423/5269/5266
f 1423/5269/5266 1422/5270/5267 2842/5252/5249
f 2842/5252/5249 1422/5270/5267 1421/5271/5268
f 2842/5252/5249 1421/5271/5268 1420/5272/5269
f 3076/5273/5270 1747/5274/5271 2848/5275/5272
f 2848/5275/5272 1747/5274/5271 1746/5276/5273
f 2848/5275/5272 1746/5276/5273 1745/5277/5274
f 1745/5277/5274 1744/5278/5275 2848/5275/5272
f 2848/5275/5272 1744/5278/5275 1743/5279/5276
f 2848/5275/5272 1743/5279/5276 1742/5280/5277
f 1742/5280/5277 1741/5281/5278 2848/5275/5272
f 2848/5275/5272 1741/5281/5278 1740/5282/5279
f 2848/5275/5272 1740/5282/5279 1739/5283/5280
f 1739/5283/5280 1738/5284/5281 2848/5275/5272
f 2848/5275/5272 1738/5284/5281 1737/5285/5282
f 2848/5275/5272 1737/5285/5282 1736/5286/5283
f 1736/5286/5283 1735/5287/5284 2848/5275/5272
f 2848/5275/5272 1735/5287/5284 1734/5288/5285
f 2848/5275/5272 1734/5288/5285 1733/5289/5286
f 1733/5289/5286 1732/5290/5287 2848/5275/5272
f 2848/5275/5272 1732/5290/5287 1731/5291/5288
f 2848/5275/5272 1731/5291/5288 1730/5292/5289
f 1730/5292/5289 1729/5293/5290 2848/5275/5272
f 2848/5275/5272 1729/5293/5290 1728/5294/5291
f 2848/5275/5272 2847/5295/5292 3076/5273/5270
f 3076/5273/5270 2847/5295/5292 3075/5296/5293
f 3075/5296/5293 2847/5295/5292 2846/5297/5294
f 3075/5296/5293 2846/5297/5294 2845/5298/5295
f 3075/5296/5293 2845/5298/5295 3074/5299/5296
f 3074/5299/5296 2845/5298/5295 2844/5300/5297
f 3074/5299/5296 2844/5300/5297 3073/5301/5298
f 3073/5301/5298 2844/5300/5297 2843/5302/5299
f 3073/5301/5298 2843/5302/5299 358/5303/5300
f 358/5303/5300 2843/5302/5299 359/5304/5301
f 359/5304/5301 2843/5302/5299 377/5305/5302
f 359/5304/5301 377/5305/5302 360/5306/5303
f 360/5306/5303 377/5305/5302 361/5307/5304
f 361/5307/5304 377/5305/5302 362/5308/5305
f 362/5308/5305 377/5305/5302 363/5309/5306
f 363/5309/5306 377/5305/5302 364/5310/5307
f 364/5310/5307 377/5305/5302 365/5311/5308
f 365/5311/5308 377/5305/5302 366/5312/5309
f 366/5312/5309 377/5305/5302 367/5313/5310
f 367/5313/5310 377/5305/5302 368/5314/5311
f 368/5314/5311 377/5305/5302 369/5315/5312
f 369/5315/5312 377/5305/5302 370/5316/5313
f 370/5316/5313 377/5305/5302 371/5317/5314
f 371/5317/5314 377/5305/5302 372/5318/5315
f 372/5318/5315 377/5305/5302 373/5319/5316
f 373/5319/5316 377/5305/5302 374/5320/5317
f 374/5320/5317 377/5305/5302 376/5321/5318
f 374/5320/5317 376/5321/5318 375/5322/5319
f 3080/5323/5320 1593/5324/5321 2854/5325/5322
f 2854/5325/5322 1593/5324/5321 1592/5326/5323
f 2854/5325/5322 1592/5326/5323 1591/5327/5324
f 1591/5327/5324 1590/5328/5325 2854/5325/5322
f 2854/5325/5322 1590/5328/5325 1589/5329/5326
f 2854/5325/5322 1589/5329/5326 1588/5330/5327
f 1588/5330/5327 1587/5331/5328 2854/5325/5322
f 2854/5325/5322 1587/5331/5328 1586/5332/5329
f 2854/5325/5322 1586/5332/5329 1585/5333/5330
f 1585/5333/5330 1584/5334/5331 2854/5325/5322
f 2854/5325/5322 1584/5334/5331 1583/5335/5332
f 2854/5325/5322 1583/5335/5332 1582/5336/5333
f 1582/5336/5333 1581/5337/5334 2854/5325/5322
f 2854/5325/5322 1581/5337/5334 1580/5338/5335
f 2854/5325/5322 1580/5338/5335 1579/5339/5336
f 1579/5339/5336 1578/5340/5337 2854/5325/5322
f 2854/5325/5322 1578/5340/5337 1577/5341/5338
f 2854/5325/5322 1577/5341/5338 1576/5342/5339
f 1576/5342/5339 1575/5343/5340 2854/5325/5322
f 2854/5325/5322 1575/5343/5340 1574/5344/5341
f 2854/5325/5322 2853/5345/5342 3080/5323/5320
f 3080/5323/5320 2853/5345/5342 3079/5346/5343
f 3079/5346/5343 2853/5345/5342 2852/5347/5344
f 3079/5346/5343 2852/5347/5344 2851/5348/5345
f 3079/5346/5343 2851/5348/5345 3078/5349/5346
f 3078/5349/5346 2851/5348/5345 2850/5350/5347
f 3078/5349/5346 2850/5350/5347 3077/5351/5348
f 3077/5351/5348 2850/5350/5347 2849/5352/5349
f 3077/5351/5348 2849/5352/5349 46/5353/5350
f 46/5353/5350 2849/5352/5349 47/5354/5351
f 47/5354/5351 2849/5352/5349 65/5355/5352
f 47/5354/5351 65/5355/5352 48/5356/5353
f 48/5356/5353 65/5355/5352 49/5357/5354
f 49/5357/5354 65/5355/5352 50/5358/5355
f 50/5358/5355 65/5355/5352 51/5359/5356
f 51/5359/5356 65/5355/5352 52/5360/5357
f 52/5360/5357 65/5355/5352 53/5361/5358
f 53/5361/5358 65/5355/5352 54/5362/5359
f 54/5362/5359 65/5355/5352 55/5363/5360
f 55/5363/5360 65/5355/5352 56/5364/5361
f 56/5364/5361 65/5355/5352 57/5365/5362
f 57/5365/5362 65/5355/5352 58/5366/5363
f 58/5366/5363 65/5355/5352 59/5367/5364
f 59/5367/5364 65/5355/5352 60/5368/5365
f 60/5368/5365 65/5355/5352 61/5369/5366
f 61/5369/5366 65/5355/5352 62/5370/5367
f 62/5370/5367 65/5355/5352 64/5371/5368
f 62/5370/5367 64/5371/5368 63/5372/5369
f 3014/5373/5370 904/5374/5371 2895/5375/5372
f 2895/5375/5372 904/5374/5371 903/5376/5373
f 2895/5375/5372 903/5376/5373 902/5377/5374
f 902/5377/5374 901/5378/5375 2895/5375/5372
f 2895/5375/5372 901/5378/5375 900/5379/5376
f 2895/5375/5372 900/5379/5376 899/5380/5377
f 899/5380/5377 898/5381/5378 2895/5375/5372
f 2895/5375/5372 898/5381/5378 897/5382/5379
f 2895/5375/5372 897/5382/5379 896/5383/5380
f 2895/5375/5372 2894/5384/5381 3014/5373/5370
f 3014/5373/5370 2894/5384/5381 3015/5385/5382
f 3015/5385/5382 2894/5384/5381 2893/5386/5383
f 3015/5385/5382 2893/5386/5383 3016/5387/5384
f 3016/5387/5384 2893/5386/5383 2892/5388/5385
f 3016/5387/5384 2892/5388/5385 3017/5389/5386
f 3017/5389/5386 2892/5388/5385 2891/5390/5387
f 3017/5389/5386 2891/5390/5387 3018/5391/5388
f 3018/5391/5388 2891/5390/5387 3087/5392/5389
f 3087/5392/5389 2891/5390/5387 3086/5393/5390
f 3086/5393/5390 2891/5390/5387 3085/5394/5391
f 3085/5394/5391 2891/5390/5387 3084/5395/5392
f 3084/5395/5392 2891/5390/5387 3083/5396/5393
f 3083/5396/5393 2891/5390/5387 3082/5397/5394
f 3082/5397/5394 2891/5390/5387 3081/5398/5395
f 3081/5398/5395 2891/5390/5387 2890/5399/5396
f 3037/5400/5397 748/5401/5398 2900/5402/5399
f 2900/5402/5399 748/5401/5398 747/5403/5400
f 2900/5402/5399 747/5403/5400 746/5404/5401
f 746/5404/5401 745/5405/5402 2900/5402/5399
f 2900/5402/5399 745/5405/5402 744/5406/5403
f 2900/5402/5399 744/5406/5403 743/5407/5404
f 743/5407/5404 742/5408/5405 2900/5402/5399
f 2900/5402/5399 742/5408/5405 741/5409/5406
f 2900/5402/5399 741/5409/5406 740/5410/5407
f 2900/5402/5399 2899/5411/5408 3037/5400/5397
f 3037/5400/5397 2899/5411/5408 3038/5412/5409
f 3038/5412/5409 2899/5411/5408 2898/5413/5410
f 3038/5412/5409 2898/5413/5410 3039/5414/5411
f 3039/5414/5411 2898/5413/5410 2897/5415/5412
f 3039/5414/5411 2897/5415/5412 3040/5416/5413
f 3040/5416/5413 2897/5415/5412 2896/5417/5414
f 3040/5416/5413 2896/5417/5414 1131/5418/5415
f 1131/5418/5415 2896/5417/5414 1132/5419/5416
f 1132/5419/5416 2896/5417/5414 1133/5420/5417
f 1133/5420/5417 2896/5417/5414 1134/5421/5418
f 1134/5421/5418 2896/5417/5414 1135/5422/5419
f 1135/5422/5419 2896/5417/5414 1136/5423/5420
f 1136/5423/5420 2896/5417/5414 1137/5424/5421
f 1137/5424/5421 2896/5417/5414 1138/5425/5422
f 1138/5425/5422 2896/5417/5414 1139/5426/5423
f 2140/5427/5424 2139/5428/5425 2855/5429/5426
f 2855/5429/5426 2139/5428/5425 2138/5430/5427
f 2855/5429/5426 2138/5430/5427 2137/5431/5428
f 2137/5431/5428 2136/5432/5429 2855/5429/5426
f 2855/5429/5426 2136/5432/5429 2135/5433/5430
f 2855/5429/5426 2135/5433/5430 2134/5434/5431
f 2134/5434/5431 2133/5435/5432 2855/5429/5426
f 2855/5429/5426 2133/5435/5432 2132/5436/5433
f 2855/5429/5426 2132/5436/5433 3013/5437/5434
f 2855/5429/5426 3013/5437/5434 2856/5438/5435
f 2856/5438/5435 3013/5437/5434 3012/5439/5436
f 2856/5438/5435 3012/5439/5436 2857/5440/5437
f 2857/5440/5437 3012/5439/5436 3011/5441/5438
f 2857/5440/5437 3011/5441/5438 2858/5442/5439
f 2858/5442/5439 3011/5441/5438 3010/5443/5440
f 2858/5442/5439 3010/5443/5440 2859/5444/5441
f 2859/5444/5441 3010/5443/5440 1060/5445/5442
f 2859/5444/5441 1060/5445/5442 1059/5446/5443
f 1059/5446/5443 1058/5447/5444 2859/5444/5441
f 2859/5444/5441 1058/5447/5444 1057/5448/5445
f 2859/5444/5441 1057/5448/5445 1056/5449/5446
f 1056/5449/5446 1055/5450/5447 2859/5444/5441
f 2859/5444/5441 1055/5450/5447 1054/5451/5448
f 2859/5444/5441 1054/5451/5448 1053/5452/5449
f 1053/5452/5449 1052/5453/5450 2859/5444/5441
f 1216/5454/5451 1215/5455/5452 2906/5456/5453
f 2906/5456/5453 1215/5455/5452 1214/5457/5454
f 2906/5456/5453 1214/5457/5454 1213/5458/5455
f 1213/5458/5455 1212/5459/5456 2906/5456/5453
f 2906/5456/5453 1212/5459/5456 1211/5460/5457
f 2906/5456/5453 1211/5460/5457 1210/5461/5458
f 1210/5461/5458 1209/5462/5459 2906/5456/5453
f 2906/5456/5453 1209/5462/5459 1208/5463/5460
f 2906/5456/5453 1208/5463/5460 3009/5464/5461
f 2906/5456/5453 3009/5464/5461 2907/5465/5462
f 2907/5465/5462 3009/5464/5461 3008/5466/5463
f 2907/5465/5462 3008/5466/5463 2908/5467/5464
f 2908/5467/5464 3008/5466/5463 3007/5468/5465
f 2908/5467/5464 3007/5468/5465 2909/5469/5466
f 2909/5469/5466 3007/5468/5465 3006/5470/5467
f 2909/5469/5466 3006/5470/5467 2910/5471/5468
f 2910/5471/5468 3006/5470/5467 3005/5472/5469
f 2910/5471/5468 3005/5472/5469 3088/5473/5470
f 3088/5473/5470 3089/5474/5471 2910/5471/5468
f 2910/5471/5468 3089/5474/5471 3090/5475/5472
f 2910/5471/5468 3090/5475/5472 3091/5476/5473
f 3091/5476/5473 3092/5477/5474 2910/5471/5468
f 2910/5471/5468 3092/5477/5474 3093/5478/5475
f 2910/5471/5468 3093/5478/5475 3094/5479/5476
f 3094/5479/5476 2911/5480/5477 2910/5471/5468
f 2063/5481/5478 2062/5482/5479 2901/5483/5480
f 2901/5483/5480 2062/5482/5479 2061/5484/5481
f 2901/5483/5480 2061/5484/5481 2060/5485/5482
f 2060/5485/5482 2059/5486/5483 2901/5483/5480
f 2901/5483/5480 2059/5486/5483 2058/5487/5484
f 2901/5483/5480 2058/5487/5484 2057/5488/5485
f 2057/5488/5485 2056/5489/5486 2901/5483/5480
f 2901/5483/5480 2056/5489/5486 2055/5490/5487
f 2901/5483/5480 2055/5490/5487 3044/5491/5488
f 2901/5483/5480 3044/5491/5488 2902/5492/5489
f 2902/5492/5489 3044/5491/5488 3043/5493/5490
f 2902/5492/5489 3043/5493/5490 2903/5494/5491
f 2903/5494/5491 3043/5493/5490 3042/5495/5492
f 2903/5494/5491 3042/5495/5492 2904/5496/5493
f 2904/5496/5493 3042/5495/5492 3041/5497/5494
f 2904/5496/5493 3041/5497/5494 2905/5498/5495
f 2905/5498/5495 3041/5497/5494 982/5499/5496
f 2905/5498/5495 982/5499/5496 981/5500/5497
f 981/5500/5497 980/5501/5498 2905/5498/5495
f 2905/5498/5495 980/5501/5498 979/5502/5499
f 2905/5498/5495 979/5502/5499 978/5503/5500
f 978/5503/5500 977/5504/5501 2905/5498/5495
f 2905/5498/5495 977/5504/5501 976/5505/5502
f 2905/5498/5495 976/5505/5502 975/5506/5503
f 975/5506/5503 974/5507/5504 2905/5498/5495
f 1986/5508/5505 1985/5509/5506 2942/5510/5507
f 2942/5510/5507 1985/5509/5506 1984/5511/5508
f 2942/5510/5507 1984/5511/5508 1983/5512/5509
f 1983/5512/5509 1982/5513/5510 2942/5510/5507
f 2942/5510/5507 1982/5513/5510 1981/5514/5511
f 2942/5510/5507 1981/5514/5511 1980/5515/5512
f 1980/5515/5512 1979/5516/5513 2942/5510/5507
f 2942/5510/5507 1979/5516/5513 1978/5517/5514
f 2942/5510/5507 1978/5517/5514 3048/5518/5515
f 2942/5510/5507 3048/5518/5515 2943/5519/5516
f 2943/5519/5516 3048/5518/5515 3047/5520/5517
f 2943/5519/5516 3047/5520/5517 2944/5521/5518
f 2944/5521/5518 3047/5520/5517 3046/5522/5519
f 2944/5521/5518 3046/5522/5519 2945/5523/5520
f 2945/5523/5520 3046/5522/5519 3045/5524/5521
f 2945/5523/5520 3045/5524/5521 2946/5525/5522
f 2946/5525/5522 3045/5524/5521 826/5526/5523
f 2946/5525/5522 826/5526/5523 825/5527/5524
f 825/5527/5524 824/5528/5525 2946/5525/5522
f 2946/5525/5522 824/5528/5525 823/5529/5526
f 2946/5525/5522 823/5529/5526 822/5530/5527
f 822/5530/5527 821/5531/5528 2946/5525/5522
f 2946/5525/5522 821/5531/5528 820/5532/5529
f 2946/5525/5522 820/5532/5529 819/5533/5530
f 819/5533/5530 818/5534/5531 2946/5525/5522
f 3049/5535/5532 514/5536/5533 2951/5537/5534
f 2951/5537/5534 514/5536/5533 513/5538/5535
f 2951/5537/5534 513/5538/5535 512/5539/5536
f 512/5539/5536 511/5540/5537 2951/5537/5534
f 2951/5537/5534 511/5540/5537 510/5541/5538
f 2951/5537/5534 510/5541/5538 509/5542/5539
f 509/5542/5539 508/5543/5540 2951/5537/5534
f 2951/5537/5534 508/5543/5540 507/5544/5541
f 2951/5537/5534 507/5544/5541 506/5545/5542
f 2951/5537/5534 2950/5546/5543 3049/5535/5532
f 3049/5535/5532 2950/5546/5543 3050/5547/5544
f 3050/5547/5544 2950/5546/5543 2949/5548/5545
f 3050/5547/5544 2949/5548/5545 3051/5549/5546
f 3051/5549/5546 2949/5548/5545 2948/5550/5547
f 3051/5549/5546 2948/5550/5547 3052/5551/5548
f 3052/5551/5548 2948/5550/5547 2947/5552/5549
f 3052/5551/5548 2947/5552/5549 1285/5553/5550
f 1285/5553/5550 2947/5552/5549 1286/5554/5551
f 1286/5554/5551 2947/5552/5549 1287/5555/5552
f 1287/5555/5552 2947/5552/5549 1288/5556/5553
f 1288/5556/5553 2947/5552/5549 1289/5557/5554
f 1289/5557/5554 2947/5552/5549 1290/5558/5555
f 1290/5558/5555 2947/5552/5549 1291/5559/5556
f 1291/5559/5556 2947/5552/5549 1292/5560/5557
f 1292/5560/5557 2947/5552/5549 1293/5561/5558
f 1909/5562/5559 1908/5563/5560 2952/5564/5561
f 2952/5564/5561 1908/5563/5560 1907/5565/5562
f 2952/5564/5561 1907/5565/5562 1906/5566/5563
f 1906/5566/5563 1905/5567/5564 2952/5564/5561
f 2952/5564/5561 1905/5567/5564 1904/5568/5565
f 2952/5564/5561 1904/5568/5565 1903/5569/5566
f 1903/5569/5566 1902/5570/5567 2952/5564/5561
f 2952/5564/5561 1902/5570/5567 1901/5571/5568
f 2952/5564/5561 1901/5571/5568 3056/5572/5569
f 2952/5564/5561 3056/5572/5569 2953/5573/5570
f 2953/5573/5570 3056/5572/5569 3055/5574/5571
f 2953/5573/5570 3055/5574/5571 2954/5575/5572
f 2954/5575/5572 3055/5574/5571 3054/5576/5573
f 2954/5575/5572 3054/5576/5573 2955/5577/5574
f 2955/5577/5574 3054/5576/5573 3053/5578/5575
f 2955/5577/5574 3053/5578/5575 2956/5579/5576
f 2956/5579/5576 3053/5578/5575 670/5580/5577
f 2956/5579/5576 670/5580/5577 669/5581/5578
f 669/5581/5578 668/5582/5579 2956/5579/5576
f 2956/5579/5576 668/5582/5579 667/5583/5580
f 2956/5579/5576 667/5583/5580 666/5584/5581
f 666/5584/5581 665/5585/5582 2956/5579/5576
f 2956/5579/5576 665/5585/5582 664/5586/5583
f 2956/5579/5576 664/5586/5583 663/5587/5584
f 663/5587/5584 662/5588/5585 2956/5579/5576
f 3057/5589/5586 436/5590/5587 2961/5591/5588
f 2961/5591/5588 436/5590/5587 435/5592/5589
f 2961/5591/5588 435/5592/5589 434/5593/5590
f 434/5593/5590 433/5594/5591 2961/5591/5588
f 2961/5591/5588 433/5594/5591 432/5595/5592
f 2961/5591/5588 432/5595/5592 431/5596/5593
f 431/5596/5593 430/5597/5594 2961/5591/5588
f 2961/5591/5588 430/5597/5594 429/5598/5595
f 2961/5591/5588 429/5598/5595 428/5599/5596
f 2961/5591/5588 2960/5600/5597 3057/5589/5586
f 3057/5589/5586 2960/5600/5597 3058/5601/5598
f 3058/5601/5598 2960/5600/5597 2959/5602/5599
f 3058/5601/5598 2959/5602/5599 3059/5603/5600
f 3059/5603/5600 2959/5602/5599 2958/5604/5601
f 3059/5603/5600 2958/5604/5601 3060/5605/5602
f 3060/5605/5602 2958/5604/5601 2957/5606/5603
f 3060/5605/5602 2957/5606/5603 1362/5607/5604
f 1362/5607/5604 2957/5606/5603 1363/5608/5605
f 1363/5608/5605 2957/5606/5603 1364/5609/5606
f 1364/5609/5606 2957/5606/5603 1365/5610/5607
f 1365/5610/5607 2957/5606/5603 1366/5611/5608
f 1366/5611/5608 2957/5606/5603 1367/5612/5609
f 1367/5612/5609 2957/5606/5603 1368/5613/5610
f 1368/5613/5610 2957/5606/5603 1369/5614/5611
f 1369/5614/5611 2957/5606/5603 1370/5615/5612
f 1832/5616/5613 1831/5617/5614 2962/5618/5615
f 2962/5618/5615 1831/5617/5614 1830/5619/5616
f 2962/5618/5615 1830/5619/5616 1829/5620/5617
f 1829/5620/5617 1828/5621/5618 2962/5618/5615
f 2962/5618/5615 1828/5621/5618 1827/5622/5619
f 2962/5618/5615 1827/5622/5619 1826/5623/5620
f 1826/5623/5620 1825/5624/5621 2962/5618/5615
f 2962/5618/5615 1825/5624/5621 1824/5625/5622
f 2962/5618/5615 1824/5625/5622 3064/5626/5623
f 2962/5618/5615 3064/5626/5623 2963/5627/5624
f 2963/5627/5624 3064/5626/5623 3063/5628/5625
f 2963/5627/5624 3063/5628/5625 2964/5629/5626
f 2964/5629/5626 3063/5628/5625 3062/5630/5627
f 2964/5629/5626 3062/5630/5627 2965/5631/5628
f 2965/5631/5628 3062/5630/5627 3061/5632/5629
f 2965/5631/5628 3061/5632/5629 2966/5633/5630
f 2966/5633/5630 3061/5632/5629 592/5634/5631
f 2966/5633/5630 592/5634/5631 591/5635/5632
f 591/5635/5632 590/5636/5633 2966/5633/5630
f 2966/5633/5630 590/5636/5633 589/5637/5634
f 2966/5633/5630 589/5637/5634 588/5638/5635
f 588/5638/5635 587/5639/5636 2966/5633/5630
f 2966/5633/5630 587/5639/5636 586/5640/5637
f 2966/5633/5630 586/5640/5637 585/5641/5638
f 585/5641/5638 584/5642/5639 2966/5633/5630
f 3065/5643/5640 124/5644/5641 2971/5645/5642
f 2971/5645/5642 124/5644/5641 123/5646/5643
f 2971/5645/5642 123/5646/5643 122/5647/5644
f 122/5647/5644 121/5648/5645 2971/5645/5642
f 2971/5645/5642 121/5648/5645 120/5649/5646
f 2971/5645/5642 120/5649/5646 119/5650/5647
f 119/5650/5647 118/5651/5648 2971/5645/5642
f 2971/5645/5642 118/5651/5648 117/5652/5649
f 2971/5645/5642 117/5652/5649 116/5653/5650
f 2971/5645/5642 2970/5654/5651 3065/5643/5640
f 3065/5643/5640 2970/5654/5651 3066/5655/5652
f 3066/5655/5652 2970/5654/5651 2969/5656/5653
f 3066/5655/5652 2969/5656/5653 3067/5657/5654
f 3067/5657/5654 2969/5656/5653 2968/5658/5655
f 3067/5657/5654 2968/5658/5655 3068/5659/5656
f 3068/5659/5656 2968/5658/5655 2967/5660/5657
f 3068/5659/5656 2967/5660/5657 1516/5661/5658
f 1516/5661/5658 2967/5660/5657 1517/5662/5659
f 1517/5662/5659 2967/5660/5657 1518/5663/5660
f 1518/5663/5660 2967/5660/5657 1519/5664/5661
f 1519/5664/5661 2967/5660/5657 1520/5665/5662
f 1520/5665/5662 2967/5660/5657 1521/5666/5663
f 1521/5666/5663 2967/5660/5657 1522/5667/5664
f 1522/5667/5664 2967/5660/5657 1523/5668/5665
f 1523/5668/5665 2967/5660/5657 1524/5669/5666
f 3069/5670/5667 202/5671/5668 2976/5672/5669
f 2976/5672/5669 202/5671/5668 201/5673/5670
f 2976/5672/5669 201/5673/5670 200/5674/5671
f 200/5674/5671 199/5675/5672 2976/5672/5669
f 2976/5672/5669 199/5675/5672 198/5676/5673
f 2976/5672/5669 198/5676/5673 197/5677/5674
f 197/5677/5674 196/5678/5675 2976/5672/5669
f 2976/5672/5669 196/5678/5675 195/5679/5676
f 2976/5672/5669 195/5679/5676 194/5680/5677
f 2976/5672/5669 2975/5681/5678 3069/5670/5667
f 3069/5670/5667 2975/5681/5678 3070/5682/5679
f 3070/5682/5679 2975/5681/5678 2974/5683/5680
f 3070/5682/5679 2974/5683/5680 3071/5684/5681
f 3071/5684/5681 2974/5683/5680 2973/5685/5682
f 3071/5684/5681 2973/5685/5682 3072/5686/5683
f 3072/5686/5683 2973/5685/5682 2972/5687/5684
f 3072/5686/5683 2972/5687/5684 1439/5688/5685
f 1439/5688/5685 2972/5687/5684 1440/5689/5686
f 1440/5689/5686 2972/5687/5684 1441/5690/5687
f 1441/5690/5687 2972/5687/5684 1442/5691/5688
f 1442/5691/5688 2972/5687/5684 1443/5692/5689
f 1443/5692/5689 2972/5687/5684 1444/5693/5690
f 1444/5693/5690 2972/5687/5684 1445/5694/5691
f 1445/5694/5691 2972/5687/5684 1446/5695/5692
f 1446/5695/5692 2972/5687/5684 1447/5696/5693
f 1755/5697/5694 1754/5698/5695 2977/5699/5696
f 2977/5699/5696 1754/5698/5695 1753/5700/5697
f 2977/5699/5696 1753/5700/5697 1752/5701/5698
f 1752/5701/5698 1751/5702/5699 2977/5699/5696
f 2977/5699/5696 1751/5702/5699 1750/5703/5700
f 2977/5699/5696 1750/5703/5700 1749/5704/5701
f 1749/5704/5701 1748/5705/5702 2977/5699/5696
f 2977/5699/5696 1748/5705/5702 1747/5706/5703
f 2977/5699/5696 1747/5706/5703 3076/5707/5704
f 2977/5699/5696 3076/5707/5704 2978/5708/5705
f 2978/5708/5705 3076/5707/5704 3075/5709/5706
f 2978/5708/5705 3075/5709/5706 2979/5710/5707
f 2979/5710/5707 3075/5709/5706 3074/5711/5708
f 2979/5710/5707 3074/5711/5708 2980/5712/5709
f 2980/5712/5709 3074/5711/5708 3073/5713/5710
f 2980/5712/5709 3073/5713/5710 2981/5714/5711
f 2981/5714/5711 3073/5713/5710 358/5715/5712
f 2981/5714/5711 358/5715/5712 357/5716/5713
f 357/5716/5713 356/5717/5714 2981/5714/5711
f 2981/5714/5711 356/5717/5714 355/5718/5715
f 2981/5714/5711 355/5718/5715 354/5719/5716
f 354/5719/5716 353/5720/5717 2981/5714/5711
f 2981/5714/5711 353/5720/5717 352/5721/5718
f 2981/5714/5711 352/5721/5718 351/5722/5719
f 351/5722/5719 350/5723/5720 2981/5714/5711
f 1601/5724/5721 1600/5725/5722 2982/5726/5723
f 2982/5726/5723 1600/5725/5722 1599/5727/5724
f 2982/5726/5723 1599/5727/5724 1598/5728/5725
f 1598/5728/5725 1597/5729/5726 2982/5726/5723
f 2982/5726/5723 1597/5729/5726 1596/5730/5727
f 2982/5726/5723 1596/5730/5727 1595/5731/5728
f 1595/5731/5728 1594/5732/5729 2982/5726/5723
f 2982/5726/5723 1594/5732/5729 1593/5733/5730
f 2982/5726/5723 1593/5733/5730 3080/5734/5731
f 2982/5726/5723 3080/5734/5731 2983/5735/5732
f 2983/5735/5732 3080/5734/5731 3079/5736/5733
f 2983/5735/5732 3079/5736/5733 2984/5737/5734
f 2984/5737/5734 3079/5736/5733 3078/5738/5735
f 2984/5737/5734 3078/5738/5735 2985/5739/5736
f 2985/5739/5736 3078/5738/5735 3077/5740/5737
f 2985/5739/5736 3077/5740/5737 2986/5741/5738
f 2986/5741/5738 3077/5740/5737 46/5742/5739
f 2986/5741/5738 46/5742/5739 45/5743/5740
f 45/5743/5740 44/5744/5741 2986/5741/5738
f 2986/5741/5738 44/5744/5741 43/5745/5742
f 2986/5741/5738 43/5745/5742 42/5746/5743
f 42/5746/5743 41/5747/5744 2986/5741/5738
f 2986/5741/5738 41/5747/5744 40/5748/5745
f 2986/5741/5738 40/5748/5745 39/5749/5746
f 39/5749/5746 38/5750/5747 2986/5741/5738
f 2174/5751/5748 6/5752/5749 2860/5753/5750
f 2860/5753/5750 6/5752/5749 2861/5754/5751
f 2861/5754/5751 6/5752/5749 2862/5755/5752
f 2862/5755/5752 6/5752/5749 2863/5756/5753
f 2863/5756/5753 6/5752/5749 2864/5757/5754
f 2864/5757/5754 6/5752/5749 2865/5758/5755
f 2865/5758/5755 6/5752/5749 2866/5759/5756
f 2866/5759/5756 6/5752/5749 2867/5760/5757
f 2867/5760/5757 6/5752/5749 2868/5761/5758
f 2868/5761/5758 6/5752/5749 2869/5762/5759
f 2869/5762/5759 6/5752/5749 2870/5763/5760
f 2870/5763/5760 6/5752/5749 2871/5764/5761
f 2871/5764/5761 6/5752/5749 2872/5765/5762
f 2872/5765/5762 6/5752/5749 2873/5766/5763
f 2873/5766/5763 6/5752/5749 2874/5767/5764
f 2874/5767/5764 6/5752/5749 2875/5768/5765
f 2875/5768/5765 6/5752/5749 2876/5769/5766
f 2876/5769/5766 6/5752/5749 2877/5770/5767
f 2877/5770/5767 6/5752/5749 2878/5771/5768
f 2878/5771/5768 6/5752/5749 2879/5772/5769
f 2879/5772/5769 6/5752/5749 2880/5773/5770
f 2880/5773/5770 6/5752/5749 2881/5774/5771
f 2881/5774/5771 6/5752/5749 2882/5775/5772
f 2882/5775/5772 6/5752/5749 2883/5776/5773
f 2883/5776/5773 6/5752/5749 2884/5777/5774
f 2884/5777/5774 6/5752/5749 2885/5778/5775
f 2885/5778/5775 6/5752/5749 2886/5779/5776
f 2886/5779/5776 6/5752/5749 2887/5780/5777
f 2887/5780/5777 6/5752/5749 2888/5781/5778
f 2888/5781/5778 6/5752/5749 2889/5782/5779
f 2889/5782/5779 6/5752/5749 2890/5783/5780
f 2890/5783/5780 6/5752/5749 2433/5784/5781
f 2890/5783/5780 2433/5784/5781 3081/5785/5782
f 3081/5785/5782 2433/5784/5781 3082/5786/5783
f 3082/5786/5783 2433/5784/5781 2432/5787/5784
f 3082/5786/5783 2432/5787/5784 3083/5788/5785
f 3083/5788/5785 2432/5787/5784 3084/5789/5786
f 3084/5789/5786 2432/5787/5784 3029/5790/5787
f 3084/5789/5786 3029/5790/5787 3028/5791/5788
f 2431/5792/5789 2785/5793/5790 2432/5787/5784
f 2432/5787/5784 2785/5793/5790 3036/5794/5791
f 2432/5787/5784 3036/5794/5791 3035/5795/5792
f 2430/5796/5793 2787/5797/5794 2431/5792/5789
f 2431/5792/5789 2787/5797/5794 2786/5798/5795
f 2431/5792/5789 2786/5798/5795 2785/5793/5790
f 2429/5799/5796 2707/5800/5797 2430/5796/5793
f 2430/5796/5793 2707/5800/5797 2706/5801/5798
f 2430/5796/5793 2706/5801/5798 2705/5802/5799
f 2705/5802/5799 2704/5803/5800 2430/5796/5793
f 2430/5796/5793 2704/5803/5800 2703/5804/5801
f 2430/5796/5793 2703/5804/5801 2702/5805/5802
f 2702/5805/5802 2701/5806/5803 2430/5796/5793
f 2430/5796/5793 2701/5806/5803 2700/5807/5804
f 2430/5796/5793 2700/5807/5804 2699/5808/5805
f 2699/5808/5805 2698/5809/5806 2430/5796/5793
f 2430/5796/5793 2698/5809/5806 2788/5810/5807
f 2430/5796/5793 2788/5810/5807 2787/5797/5794
f 2698/5809/5806 2697/5811/5808 2788/5810/5807
f 3035/5795/5792 3034/5812/5809 2432/5787/5784
f 2432/5787/5784 3034/5812/5809 3033/5813/5810
f 2432/5787/5784 3033/5813/5810 3032/5814/5811
f 3032/5814/5811 3031/5815/5812 2432/5787/5784
f 2432/5787/5784 3031/5815/5812 3030/5816/5813
f 2432/5787/5784 3030/5816/5813 3029/5790/5787
f 3084/5789/5786 3028/5791/5788 3085/5817/5814
f 3085/5817/5814 3028/5791/5788 3027/5818/5815
f 3085/5817/5814 3027/5818/5815 3026/5819/5816
f 3026/5819/5816 3025/5820/5817 3085/5817/5814
f 3085/5817/5814 3025/5820/5817 3086/5821/5818
f 3086/5821/5818 3025/5820/5817 3024/5822/5819
f 3086/5821/5818 3024/5822/5819 3023/5823/5820
f 3086/5821/5818 3023/5823/5820 3087/5824/5821
f 3087/5824/5821 3023/5823/5820 3022/5825/5822
f 3087/5824/5821 3022/5825/5822 3021/5826/5823
f 3021/5826/5823 3020/5827/5824 3087/5824/5821
f 3087/5824/5821 3020/5827/5824 3019/5828/5825
f 3087/5824/5821 3019/5828/5825 3018/5829/5826
f 2183/5830/5827 2941/5831/5828 6/5832/5829
f 6/5832/5829 2941/5831/5828 2940/5833/5830
f 6/5832/5829 2940/5833/5830 2939/5834/5831
f 2939/5834/5831 2938/5835/5832 6/5832/5829
f 6/5832/5829 2938/5835/5832 2937/5836/5833
f 6/5832/5829 2937/5836/5833 2936/5837/5834
f 2936/5837/5834 2935/5838/5835 6/5832/5829
f 6/5832/5829 2935/5838/5835 2934/5839/5836
f 6/5832/5829 2934/5839/5836 2933/5840/5837
f 2933/5840/5837 2932/5841/5838 6/5832/5829
f 6/5832/5829 2932/5841/5838 2931/5842/5839
f 6/5832/5829 2931/5842/5839 2930/5843/5840
f 2930/5843/5840 2929/5844/5841 6/5832/5829
f 6/5832/5829 2929/5844/5841 2928/5845/5842
f 6/5832/5829 2928/5845/5842 2927/5846/5843
f 2927/5846/5843 2926/5847/5844 6/5832/5829
f 6/5832/5829 2926/5847/5844 2925/5848/5845
f 6/5832/5829 2925/5848/5845 2924/5849/5846
f 2924/5849/5846 2923/5850/5847 6/5832/5829
f 6/5832/5829 2923/5850/5847 2922/5851/5848
f 6/5832/5829 2922/5851/5848 2921/5852/5849
f 2921/5852/5849 2920/5853/5850 6/5832/5829
f 6/5832/5829 2920/5853/5850 2919/5854/5851
f 6/5832/5829 2919/5854/5851 2918/5855/5852
f 2918/5855/5852 2917/5856/5853 6/5832/5829
f 6/5832/5829 2917/5856/5853 2916/5857/5854
f 6/5832/5829 2916/5857/5854 2915/5858/5855
f 2915/5858/5855 2914/5859/5856 6/5832/5829
f 6/5832/5829 2914/5859/5856 2913/5860/5857
f 6/5832/5829 2913/5860/5857 2912/5861/5858
f 2912/5861/5858 2911/5862/5859 6/5832/5829
f 6/5832/5829 2911/5862/5859 2433/5863/5860
f 2433/5863/5860 2911/5862/5859 3094/5864/5861
f 2433/5863/5860 3094/5864/5861 3093/5865/5862
f 2433/5863/5860 3093/5865/5862 2434/5866/5863
f 2434/5866/5863 3093/5865/5862 3092/5867/5864
f 2434/5866/5863 3092/5867/5864 3091/5868/5865
f 3090/5869/5866 2995/5870/5867 3091/5868/5865
f 3091/5868/5865 2995/5870/5867 2994/5871/5868
f 3091/5868/5865 2994/5871/5868 2434/5866/5863
f 2434/5866/5863 2994/5871/5868 2993/5872/5869
f 2434/5866/5863 2993/5872/5869 2992/5873/5870
f 3089/5874/5871 2998/5875/5872 3090/5869/5866
f 3090/5869/5866 2998/5875/5872 2997/5876/5873
f 3090/5869/5866 2997/5876/5873 2996/5877/5874
f 3088/5878/5875 3000/5879/5876 3089/5874/5871
f 3089/5874/5871 3000/5879/5876 2999/5880/5877
f 3089/5874/5871 2999/5880/5877 2998/5875/5872
f 3005/5881/5878 3004/5882/5879 3088/5878/5875
f 3088/5878/5875 3004/5882/5879 3003/5883/5880
f 3088/5878/5875 3003/5883/5880 3002/5884/5881
f 3002/5884/5881 3001/5885/5882 3088/5878/5875
f 3088/5878/5875 3001/5885/5882 3000/5879/5876
f 2996/5877/5874 2995/5870/5867 3090/5869/5866
f 2992/5873/5870 2991/5886/5883 2434/5866/5863
f 2434/5866/5863 2991/5886/5883 2990/5887/5884
f 2434/5866/5863 2990/5887/5884 2989/5888/5885
f 2989/5888/5885 2988/5889/5886 2434/5866/5863
f 2434/5866/5863 2988/5889/5886 2987/5890/5887
f 2434/5866/5863 2987/5890/5887 2766/5891/5888
f 2434/5866/5863 2766/5891/5888 2435/5892/5889
f 2435/5892/5889 2766/5891/5888 2765/5893/5890
f 2435/5892/5889 2765/5893/5890 2764/5894/5891
f 2435/5892/5889 2764/5894/5891 2436/5895/5892
f 2436/5895/5892 2764/5894/5891 2763/5896/5893
f 2436/5895/5892 2763/5896/5893 2680/5897/5894
f 2680/5897/5894 2763/5896/5893 2681/5898/5895
f 2680/5897/5894 2679/5899/5896 2436/5895/5892
f 2436/5895/5892 2679/5899/5896 2678/5900/5897
f 2436/5895/5892 2678/5900/5897 2677/5901/5898
f 2677/5901/5898 2676/5902/5899 2436/5895/5892
f 2436/5895/5892 2676/5902/5899 2675/5903/5900
f 2436/5895/5892 2675/5903/5900 2674/5904/5901
f 2674/5904/5901 2673/5905/5902 2436/5895/5892
f 2436/5895/5892 2673/5905/5902 2672/5906/5903
f 2436/5895/5892 2672/5906/5903 2671/5907/5904
f 2671/5907/5904 2437/5908/5905 2436/5895/5892
f 1678/5909/5906 1677/5910/5907 3103/5911/5908
f 3103/5911/5908 1677/5910/5907 1676/5912/5909
f 3103/5911/5908 1676/5912/5909 1675/5913/5910
f 1675/5913/5910 1674/5914/5911 3103/5911/5908
f 3103/5911/5908 1674/5914/5911 1673/5915/5912
f 3103/5911/5908 1673/5915/5912 1672/5916/5913
f 1672/5916/5913 1671/5917/5914 3103/5911/5908
f 3103/5911/5908 1671/5917/5914 1670/5918/5915
f 3103/5911/5908 1670/5918/5915 3095/5919/5916
f 3103/5911/5908 3095/5919/5916 3102/5920/5917
f 3102/5920/5917 3095/5919/5916 3096/5921/5918
f 3102/5920/5917 3096/5921/5918 3101/5922/5919
f 3101/5922/5919 3096/5921/5918 3097/5923/5920
f 3101/5922/5919 3097/5923/5920 3100/5924/5921
f 3100/5924/5921 3097/5923/5920 3098/5925/5922
f 3100/5924/5921 3098/5925/5922 3099/5926/5923
f 3099/5926/5923 3098/5925/5922 280/5927/5924
f 3099/5926/5923 280/5927/5924 279/5928/5925
f 279/5928/5925 278/5929/5926 3099/5926/5923
f 3099/5926/5923 278/5929/5926 277/5930/5927
f 3099/5926/5923 277/5930/5927 276/5931/5928
f 276/5931/5928 275/5932/5929 3099/5926/5923
f 3099/5926/5923 275/5932/5929 274/5933/5930
f 3099/5926/5923 274/5933/5930 273/5934/5931
f 273/5934/5931 272/5935/5932 3099/5926/5923
f 3095/5936/5933 1670/5937/5934 3104/5938/5935
f 3104/5938/5935 1670/5937/5934 1669/5939/5936
f 3104/5938/5935 1669/5939/5936 1668/5940/5937
f 1668/5940/5937 1667/5941/5938 3104/5938/5935
f 3104/5938/5935 1667/5941/5938 1666/5942/5939
f 3104/5938/5935 1666/5942/5939 1665/5943/5940
f 1665/5943/5940 1664/5944/5941 3104/5938/5935
f 3104/5938/5935 1664/5944/5941 1663/5945/5942
f 3104/5938/5935 1663/5945/5942 1662/5946/5943
f 1662/5946/5943 1661/5947/5944 3104/5938/5935
f 3104/5938/5935 1661/5947/5944 1660/5948/5945
f 3104/5938/5935 1660/5948/5945 1659/5949/5946
f 1659/5949/5946 1658/5950/5947 3104/5938/5935
f 3104/5938/5935 1658/5950/5947 1657/5951/5948
f 3104/5938/5935 1657/5951/5948 1656/5952/5949
f 1656/5952/5949 1655/5953/5950 3104/5938/5935
f 3104/5938/5935 1655/5953/5950 1654/5954/5951
f 3104/5938/5935 1654/5954/5951 1653/5955/5952
f 1653/5955/5952 1652/5956/5953 3104/5938/5935
f 3104/5938/5935 1652/5956/5953 1651/5957/5954
f 3104/5938/5935 3105/5958/5955 3095/5936/5933
f 3095/5936/5933 3105/5958/5955 3096/5959/5956
f 3096/5959/5956 3105/5958/5955 3106/5960/5957
f 3096/5959/5956 3106/5960/5957 3107/5961/5958
f 3096/5959/5956 3107/5961/5958 3097/5962/5959
f 3097/5962/5959 3107/5961/5958 3108/5963/5960
f 3097/5962/5959 3108/5963/5960 3098/5964/5961
f 3098/5964/5961 3108/5963/5960 3109/5965/5962
f 3098/5964/5961 3109/5965/5962 280/5966/5963
f 280/5966/5963 3109/5965/5962 281/5967/5964
f 281/5967/5964 3109/5965/5962 299/5968/5965
f 281/5967/5964 299/5968/5965 282/5969/5966
f 282/5969/5966 299/5968/5965 283/5970/5967
f 283/5970/5967 299/5968/5965 284/5971/5968
f 284/5971/5968 299/5968/5965 285/5972/5969
f 285/5972/5969 299/5968/5965 286/5973/5970
f 286/5973/5970 299/5968/5965 287/5974/5971
f 287/5974/5971 299/5968/5965 288/5975/5972
f 288/5975/5972 299/5968/5965 289/5976/5973
f 289/5976/5973 299/5968/5965 290/5977/5974
f 290/5977/5974 299/5968/5965 291/5978/5975
f 291/5978/5975 299/5968/5965 292/5979/5976
f 292/5979/5976 299/5968/5965 293/5980/5977
f 293/5980/5977 299/5968/5965 294/5981/5978
f 294/5981/5978 299/5968/5965 295/5982/5979
f 295/5982/5979 299/5968/5965 296/5983/5980
f 296/5983/5980 299/5968/5965 298/5984/5981
f 296/5983/5980 298/5984/5981 297/5985/5982
f 3114/5986/5983 1647/5987/5984 2485/5988/5985
f 2485/5988/5985 1647/5987/5984 1646/5989/5986
f 2485/5988/5985 1646/5989/5986 1645/5990/5987
f 1645/5990/5987 1644/5991/5988 2485/5988/5985
f 2485/5988/5985 1644/5991/5988 1643/5992/5989
f 2485/5988/5985 1643/5992/5989 1642/5993/5990
f 1642/5993/5990 1641/5994/5991 2485/5988/5985
f 2485/5988/5985 1641/5994/5991 1640/5995/5992
f 2485/5988/5985 1640/5995/5992 1639/5996/5993
f 1639/5996/5993 1638/5997/5994 2485/5988/5985
f 2485/5988/5985 1638/5997/5994 1637/5998/5995
f 2485/5988/5985 1637/5998/5995 1636/5999/5996
f 2485/5988/5985 2484/6000/5997 3114/5986/5983
f 3114/5986/5983 2484/6000/5997 3113/6001/5998
f 3113/6001/5998 2484/6000/5997 2483/6002/5999
f 3113/6001/5998 2483/6002/5999 3112/6003/6000
f 3112/6003/6000 2483/6002/5999 2482/6004/6001
f 3112/6003/6000 2482/6004/6001 3111/6005/6002
f 3111/6005/6002 2482/6004/6001 2481/6006/6003
f 3111/6005/6002 2481/6006/6003 3110/6007/6004
f 3110/6007/6004 2481/6006/6003 2480/6008/6005
f 3110/6007/6004 2480/6008/6005 303/6009/6006
f 303/6009/6006 2480/6008/6005 236/6010/6007
f 303/6009/6006 236/6010/6007 312/6011/6008
f 312/6011/6008 236/6010/6007 313/6012/6009
f 312/6011/6008 311/6013/6010 303/6009/6006
f 303/6009/6006 311/6013/6010 310/6014/6011
f 303/6009/6006 310/6014/6011 309/6015/6012
f 309/6015/6012 308/6016/6013 303/6009/6006
f 303/6009/6006 308/6016/6013 307/6017/6014
f 303/6009/6006 307/6017/6014 306/6018/6015
f 306/6018/6015 305/6019/6016 303/6009/6006
f 303/6009/6006 305/6019/6016 304/6020/6017
f 1651/6021/6018 1650/6022/6019 3104/6023/6020
f 3104/6023/6020 1650/6022/6019 1649/6024/6021
f 3104/6023/6020 1649/6024/6021 1648/6025/6022
f 1648/6025/6022 1647/6026/6023 3104/6023/6020
f 3104/6023/6020 1647/6026/6023 3114/6027/6024
f 3104/6023/6020 3114/6027/6024 3105/6028/6025
f 3105/6028/6025 3114/6027/6024 3113/6029/6026
f 3105/6028/6025 3113/6029/6026 3106/6030/6027
f 3106/6030/6027 3113/6029/6026 3112/6031/6028
f 3106/6030/6027 3112/6031/6028 3107/6032/6029
f 3107/6032/6029 3112/6031/6028 3111/6033/6030
f 3107/6032/6029 3111/6033/6030 3108/6034/6031
f 3108/6034/6031 3111/6033/6030 3110/6035/6032
f 3108/6034/6031 3110/6035/6032 3109/6036/6033
f 3109/6036/6033 3110/6035/6032 303/6037/6034
f 3109/6036/6033 303/6037/6034 302/6038/6035
f 302/6038/6035 301/6039/6036 3109/6036/6033
f 3109/6036/6033 301/6039/6036 300/6040/6037
f 3109/6036/6033 300/6040/6037 299/6041/6038
f 1709/6042/6039 3115/6043/6040 6/6044/6041
f 6/6044/6041 3115/6043/6040 3116/6045/6042
f 3116/6045/6042 241/6046/6043 6/6047/6044
f 1708/6048/6045 3103/6049/6046 1709/6050/6047
f 1709/6050/6047 3103/6049/6046 3102/6051/6048
f 1709/6050/6047 3102/6051/6048 3115/6052/6049
f 3115/6052/6049 3102/6051/6048 3101/6053/6050
f 3115/6052/6049 3101/6053/6050 3116/6054/6051
f 3116/6054/6051 3101/6053/6050 3100/6055/6052
f 3116/6054/6051 3100/6055/6052 241/6056/6053
f 241/6056/6053 3100/6055/6052 3099/6057/6054
f 241/6056/6053 3099/6057/6054 242/6058/6055
f 242/6058/6055 3099/6057/6054 243/6059/6056
f 243/6059/6056 3099/6057/6054 244/6060/6057
f 244/6060/6057 3099/6057/6054 245/6061/6058
f 245/6061/6058 3099/6057/6054 246/6062/6059
f 246/6062/6059 3099/6057/6054 247/6063/6060
f 247/6063/6060 3099/6057/6054 248/6064/6061
f 248/6064/6061 3099/6057/6054 249/6065/6062
f 249/6065/6062 3099/6057/6054 250/6066/6063
f 250/6066/6063 3099/6057/6054 251/6067/6064
f 251/6067/6064 3099/6057/6054 252/6068/6065
f 252/6068/6065 3099/6057/6054 253/6069/6066
f 253/6069/6066 3099/6057/6054 272/6070/6067
f 253/6069/6066 272/6070/6067 264/6071/6068
f 264/6071/6068 272/6070/6067 265/6072/6069
f 265/6072/6069 272/6070/6067 266/6073/6070
f 266/6073/6070 272/6070/6067 267/6074/6071
f 267/6074/6071 272/6070/6067 268/6075/6072
f 268/6075/6072 272/6070/6067 269/6076/6073
f 269/6076/6073 272/6070/6067 271/6077/6074
f 269/6076/6073 271/6077/6074 270/6078/6075
f 1708/6048/6045 1707/6079/6076 3103/6049/6046
f 3103/6049/6046 1707/6079/6076 1706/6080/6077
f 3103/6049/6046 1706/6080/6077 1705/6081/6078
f 1705/6081/6078 1704/6082/6079 3103/6049/6046
f 3103/6049/6046 1704/6082/6079 1703/6083/6080
f 3103/6049/6046 1703/6083/6080 1702/6084/6081
f 1702/6084/6081 1701/6085/6082 3103/6049/6046
f 3103/6049/6046 1701/6085/6082 1700/6086/6083
f 3103/6049/6046 1700/6086/6083 1699/6087/6084
f 1699/6087/6084 1698/6088/6085 3103/6049/6046
f 3103/6049/6046 1698/6088/6085 1697/6089/6086
f 3103/6049/6046 1697/6089/6086 1696/6090/6087
f 1696/6090/6087 1695/6091/6088 3103/6049/6046
f 3103/6049/6046 1695/6091/6088 1694/6092/6089
f 3103/6049/6046 1694/6092/6089 1693/6093/6090
f 1693/6093/6090 1692/6094/6091 3103/6049/6046
f 3103/6049/6046 1692/6094/6091 1691/6095/6092
f 3103/6049/6046 1691/6095/6092 1690/6096/6093
f 1690/6096/6093 1689/6097/6094 3103/6049/6046
f 3103/6049/6046 1689/6097/6094 1688/6098/6095
f 3103/6049/6046 1688/6098/6095 1687/6099/6096
f 1687/6099/6096 1686/6100/6097 3103/6049/6046
f 3103/6049/6046 1686/6100/6097 1685/6101/6098
f 3103/6049/6046 1685/6101/6098 1684/6102/6099
f 1684/6102/6099 1683/6103/6100 3103/6049/6046
f 3103/6049/6046 1683/6103/6100 1682/6104/6101
f 3103/6049/6046 1682/6104/6101 1681/6105/6102
f 1681/6105/6102 1680/6106/6103 3103/6049/6046
f 3103/6049/6046 1680/6106/6103 1679/6107/6104
f 3103/6049/6046 1679/6107/6104 1678/6108/6105
f 264/6071/6068 263/6109/6106 253/6069/6066
f 253/6069/6066 263/6109/6106 262/6110/6107
f 253/6069/6066 262/6110/6107 261/6111/6108
f 261/6111/6108 260/6112/6109 253/6069/6066
f 253/6069/6066 260/6112/6109 254/6113/6110
f 254/6113/6110 260/6112/6109 255/6114/6111
f 255/6114/6111 260/6112/6109 256/6115/6112
f 256/6115/6112 260/6112/6109 257/6116/6113
f 257/6116/6113 260/6112/6109 258/6117/6114
f 258/6117/6114 260/6112/6109 259/6118/6115
f 2202/6119/6116 2386/6120/6117 2203/6121/6118
f 2203/6121/6118 2386/6120/6117 2204/6122/6119
f 2204/6122/6119 2386/6120/6117 2385/6123/6120
f 2204/6122/6119 2385/6123/6120 2205/6124/6121
f 2205/6124/6121 2385/6123/6120 2384/6125/6122
f 2205/6124/6121 2384/6125/6122 2206/6126/6123
f 2206/6126/6123 2384/6125/6122 2383/6127/6124
f 2206/6126/6123 2383/6127/6124 2207/6128/6125
f 2207/6128/6125 2383/6127/6124 2382/6129/6126
f 2207/6128/6125 2382/6129/6126 2208/6130/6127
f 2208/6130/6127 2382/6129/6126 2381/6131/6128
f 2208/6130/6127 2381/6131/6128 2209/6132/6129
f 2209/6132/6129 2381/6131/6128 2380/6133/6130
f 2209/6132/6129 2380/6133/6130 2210/6134/6131
f 2210/6134/6131 2380/6133/6130 2379/6135/6132
f 2210/6134/6131 2379/6135/6132 2211/6136/6133
f 2211/6136/6133 2379/6135/6132 2378/6137/6134
f 2211/6136/6133 2378/6137/6134 2212/6138/6135
f 2212/6138/6135 2378/6137/6134 2377/6139/6136
f 2212/6138/6135 2377/6139/6136 2213/6140/6137
f 2213/6140/6137 2377/6139/6136 2376/6141/6138
f 2213/6140/6137 2376/6141/6138 2214/6142/6139
f 2214/6142/6139 2376/6141/6138 2375/6143/6140
f 2214/6142/6139 2375/6143/6140 2215/6144/6141
f 2215/6144/6141 2375/6143/6140 2374/6145/6142
f 2215/6144/6141 2374/6145/6142 2216/6146/6143
f 2216/6146/6143 2374/6145/6142 2373/6147/6144
f 2216/6146/6143 2373/6147/6144 2217/6148/6145
f 2217/6148/6145 2373/6147/6144 2372/6149/6146
f 2217/6148/6145 2372/6149/6146 2218/6150/6147
f 2218/6150/6147 2372/6149/6146 2371/6151/6148
f 2218/6150/6147 2371/6151/6148 2219/6152/6149
f 2219/6152/6149 2371/6151/6148 2370/6153/6150
f 2219/6152/6149 2370/6153/6150 2220/6154/6151
f 2220/6154/6151 2370/6153/6150 2369/6155/6152
f 2220/6154/6151 2369/6155/6152 2221/6156/6153
f 2221/6156/6153 2369/6155/6152 2368/6157/6154
f 2221/6156/6153 2368/6157/6154 2222/6158/6155
f 2222/6158/6155 2368/6157/6154 2367/6159/6156
f 2222/6158/6155 2367/6159/6156 2223/6160/6157
f 2223/6160/6157 2367/6159/6156 2366/6161/6158
f 2223/6160/6157 2366/6161/6158 2224/6162/6159
f 2224/6162/6159 2366/6161/6158 2365/6163/6160
f 2224/6162/6159 2365/6163/6160 2225/6164/6161
f 2225/6164/6161 2365/6163/6160 2364/6165/6162
f 2225/6164/6161 2364/6165/6162 2226/6166/6163
f 2226/6166/6163 2364/6165/6162 2363/6167/6164
f 2226/6166/6163 2363/6167/6164 2227/6168/6165
f 2227/6168/6165 2363/6167/6164 2362/6169/6166
f 2227/6168/6165 2362/6169/6166 2228/6170/6167
f 2228/6170/6167 2362/6169/6166 2361/6171/6168
f 2228/6170/6167 2361/6171/6168 2229/6172/6169
f 2229/6172/6169 2361/6171/6168 2360/6173/6170
f 2229/6172/6169 2360/6173/6170 2230/6174/6171
f 2230/6174/6171 2360/6173/6170 2359/6175/6172
f 2230/6174/6171 2359/6175/6172 2231/6176/6173
f 2231/6176/6173 2359/6175/6172 2358/6177/6174
f 2231/6176/6173 2358/6177/6174 2232/6178/6175
f 2232/6178/6175 2358/6177/6174 2357/6179/6176
f 2232/6178/6175 2357/6179/6176 2233/6180/6177
f 2233/6180/6177 2357/6179/6176 2356/6181/6178
f 2233/6180/6177 2356/6181/6178 2234/6182/6179
f 2234/6182/6179 2356/6181/6178 2355/6183/6180
f 2234/6182/6179 2355/6183/6180 2235/6184/6181
f 2235/6184/6181 2355/6183/6180 2354/6185/6182
f 2235/6184/6181 2354/6185/6182 2236/6186/6183
f 2236/6186/6183 2354/6185/6182 2353/6187/6184
f 2236/6186/6183 2353/6187/6184 2237/6188/6185
f 2237/6188/6185 2353/6187/6184 2352/6189/6186
f 2237/6188/6185 2352/6189/6186 2238/6190/6187
f 2238/6190/6187 2352/6189/6186 2351/6191/6188
f 2238/6190/6187 2351/6191/6188 2239/6192/6189
f 2239/6192/6189 2351/6191/6188 2350/6193/6190
f 2239/6192/6189 2350/6193/6190 2240/6194/6191
f 2240/6194/6191 2350/6193/6190 2349/6195/6192
f 2240/6194/6191 2349/6195/6192 2241/6196/6193
f 2241/6196/6193 2349/6195/6192 2348/6197/6194
f 2241/6196/6193 2348/6197/6194 2242/6198/6195
f 2242/6198/6195 2348/6197/6194 2347/6199/6196
f 2242/6198/6195 2347/6199/6196 2243/6200/6197
f 2243/6200/6197 2347/6199/6196 2346/6201/6198
f 2243/6200/6197 2346/6201/6198 2244/6202/6199
f 2244/6202/6199 2346/6201/6198 2345/6203/6200
f 2244/6202/6199 2345/6203/6200 2245/6204/6201
f 2245/6204/6201 2345/6203/6200 2344/6205/6202
f 2245/6204/6201 2344/6205/6202 2246/6206/6203
f 2246/6206/6203 2344/6205/6202 2343/6207/6204
f 2246/6206/6203 2343/6207/6204 2247/6208/6205
f 2247/6208/6205 2343/6207/6204 2342/6209/6206
f 2247/6208/6205 2342/6209/6206 2248/6210/6207
f 2248/6210/6207 2342/6209/6206 2341/6211/6208
f 2248/6210/6207 2341/6211/6208 2249/6212/6209
f 2249/6212/6209 2341/6211/6208 2340/6213/6210
f 2249/6212/6209 2340/6213/6210 2250/6214/6211
f 2250/6214/6211 2340/6213/6210 2339/6215/6212
f 2250/6214/6211 2339/6215/6212 2251/6216/6213
f 2251/6216/6213 2339/6215/6212 2338/6217/6214
f 2251/6216/6213 2338/6217/6214 2252/6218/6215
f 2252/6218/6215 2338/6217/6214 2337/6219/6216
f 2252/6218/6215 2337/6219/6216 2253/6220/6217
f 2253/6220/6217 2337/6219/6216 2336/6221/6218
f 2253/6220/6217 2336/6221/6218 2254/6222/6219
f 2254/6222/6219 2336/6221/6218 2335/6223/6220
f 2254/6222/6219 2335/6223/6220 2255/6224/6221
f 2255/6224/6221 2335/6223/6220 2334/6225/6222
f 2255/6224/6221 2334/6225/6222 2256/6226/6223
f 2256/6226/6223 2334/6225/6222 2333/6227/6224
f 2256/6226/6223 2333/6227/6224 2257/6228/6225
f 2257/6228/6225 2333/6227/6224 2332/6229/6226
f 2257/6228/6225 2332/6229/6226 2258/6230/6227
f 2258/6230/6227 2332/6229/6226 2331/6231/6228
f 2258/6230/6227 2331/6231/6228 2259/6232/6229
f 2259/6232/6229 2331/6231/6228 2330/6233/6230
f 2259/6232/6229 2330/6233/6230 2260/6234/6231
f 2260/6234/6231 2330/6233/6230 2329/6235/6232
f 2260/6234/6231 2329/6235/6232 2261/6236/6233
f 2261/6236/6233 2329/6235/6232 2328/6237/6234
f 2261/6236/6233 2328/6237/6234 2262/6238/6235
f 2262/6238/6235 2328/6237/6234 2327/6239/6236
f 2262/6238/6235 2327/6239/6236 2263/6240/6237
f 2263/6240/6237 2327/6239/6236 2326/6241/6238
f 2263/6240/6237 2326/6241/6238 2264/6242/6239
f 2264/6242/6239 2326/6241/6238 2325/6243/6240
f 2264/6242/6239 2325/6243/6240 2265/6244/6241
f 2265/6244/6241 2325/6243/6240 2324/6245/6242
f 2265/6244/6241 2324/6245/6242 2266/6246/6243
f 2266/6246/6243 2324/6245/6242 2323/6247/6244
f 2266/6246/6243 2323/6247/6244 2267/6248/6245
f 2267/6248/6245 2323/6247/6244 2322/6249/6246
f 2267/6248/6245 2322/6249/6246 2268/6250/6247
f 2268/6250/6247 2322/6249/6246 2321/6251/6248
f 2268/6250/6247 2321/6251/6248 2269/6252/6249
f 2269/6252/6249 2321/6251/6248 2320/6253/6250
f 2269/6252/6249 2320/6253/6250 2270/6254/6251
f 2270/6254/6251 2320/6253/6250 2319/6255/6252
f 2270/6254/6251 2319/6255/6252 2271/6256/6253
f 2271/6256/6253 2319/6255/6252 2318/6257/6254
f 2271/6256/6253 2318/6257/6254 2272/6258/6255
f 2272/6258/6255 2318/6257/6254 2317/6259/6256
f 2272/6258/6255 2317/6259/6256 2273/6260/6257
f 2273/6260/6257 2317/6259/6256 2316/6261/6258
f 2273/6260/6257 2316/6261/6258 2274/6262/6259
f 2274/6262/6259 2316/6261/6258 2315/6263/6260
f 2274/6262/6259 2315/6263/6260 2275/6264/6261
f 2275/6264/6261 2315/6263/6260 2314/6265/6262
f 2275/6264/6261 2314/6265/6262 2276/6266/6263
f 2276/6266/6263 2314/6265/6262 2313/6267/6264
f 2276/6266/6263 2313/6267/6264 2277/6268/6265
f 2277/6268/6265 2313/6267/6264 2312/6269/6266
f 2277/6268/6265 2312/6269/6266 2278/6270/6267
f 2278/6270/6267 2312/6269/6266 2311/6271/6268
f 2278/6270/6267 2311/6271/6268 2279/6272/6269
f 2279/6272/6269 2311/6271/6268 2310/6273/6270
f 2279/6272/6269 2310/6273/6270 2280/6274/6271
f 2280/6274/6271 2310/6273/6270 2309/6275/6272
f 2280/6274/6271 2309/6275/6272 2281/6276/6273
f 2281/6276/6273 2309/6275/6272 2308/6277/6274
f 2281/6276/6273 2308/6277/6274 2282/6278/6275
f 2282/6278/6275 2308/6277/6274 2307/6279/6276
f 2282/6278/6275 2307/6279/6276 2283/6280/6277
f 2283/6280/6277 2307/6279/6276 2306/6281/6278
f 2283/6280/6277 2306/6281/6278 2284/6282/6279
f 2284/6282/6279 2306/6281/6278 2305/6283/6280
f 2284/6282/6279 2305/6283/6280 2285/6284/6281
f 2285/6284/6281 2305/6283/6280 2304/6285/6282
f 2285/6284/6281 2304/6285/6282 2286/6286/6283
f 2286/6286/6283 2304/6285/6282 2303/6287/6284
f 2286/6286/6283 2303/6287/6284 2287/6288/6285
f 2287/6288/6285 2303/6287/6284 2302/6289/6286
f 2287/6288/6285 2302/6289/6286 2288/6290/6287
f 2288/6290/6287 2302/6289/6286 2301/6291/6288
f 2288/6290/6287 2301/6291/6288 2289/6292/6289
f 2289/6292/6289 2301/6291/6288 2300/6293/6290
f 2289/6292/6289 2300/6293/6290 2290/6294/6291
f 2290/6294/6291 2300/6293/6290 2299/6295/6292
f 2290/6294/6291 2299/6295/6292 2291/6296/6293
f 2291/6296/6293 2299/6295/6292 2298/6297/6294
f 2291/6296/6293 2298/6297/6294 2292/6298/6295
f 2292/6298/6295 2298/6297/6294 2297/6299/6296
f 2292/6298/6295 2297/6299/6296 2293/6300/6297
f 2293/6300/6297 2297/6299/6296 2296/6301/6298
f 2293/6300/6297 2296/6301/6298 2294/6302/6299
f 2294/6302/6299 2296/6301/6298 2295/6303/6300

# 3116 vertices
# 6303 texture params
# 6300 normals
# 6228 facets

# 1 groups
